ciclo_id,matriz_id,especie,data_inicio,data_fim,status,parto_data,tentativas
C-OV-M-00000-00,OV-M-00000,ovino,2023-08-16,2023-08-16,concluido_sucesso,2024-01-13,1
C-OV-M-00000-01,OV-M-00000,ovino,2024-03-17,2024-03-17,concluido_sucesso,2024-08-14,1
C-OV-M-00000-02,OV-M-00000,ovino,2024-11-09,2024-11-09,concluido_sucesso,2025-04-08,1
C-OV-M-00000-03,OV-M-00000,ovino,2025-07-27,2025-08-16,concluido_sucesso,2026-01-13,2
C-OV-M-00000-04,OV-M-00000,ovino,2026-04-11,2026-04-11,concluido_sucesso,2026-09-08,1
C-OV-M-00001-00,OV-M-00001,ovino,2023-10-25,2023-10-25,concluido_sucesso,2024-03-23,1
C-OV-M-00001-01,OV-M-00001,ovino,2024-05-23,2024-05-23,concluido_sucesso,2024-10-20,1
C-OV-M-00001-02,OV-M-00001,ovino,2024-12-29,2025-02-08,concluido_sucesso,2025-07-08,3
C-OV-M-00001-03,OV-M-00001,ovino,2025-10-17,2025-10-17,concluido_sucesso,2026-03-16,1
C-OV-M-00002-00,OV-M-00002,ovino,2023-07-05,2023-08-10,concluido_falha,,3
C-OV-M-00002-01,OV-M-00002,ovino,2023-09-09,2023-09-09,concluido_sucesso,2024-02-06,1
C-OV-M-00002-02,OV-M-00002,ovino,2024-04-28,2024-05-16,concluido_sucesso,2024-10-13,2
C-OV-M-00003-00,OV-M-00003,ovino,2023-10-19,2023-11-05,concluido_sucesso,2024-04-03,2
C-OV-M-00003-01,OV-M-00003,ovino,2024-06-14,2024-07-22,concluido_falha,,3
C-OV-M-00003-02,OV-M-00003,ovino,2024-09-01,2024-09-01,concluido_sucesso,2025-01-29,1
C-OV-M-00003-03,OV-M-00003,ovino,2025-04-09,2025-04-09,concluido_sucesso,2025-09-06,1
C-OV-M-00004-00,OV-M-00004,ovino,2023-03-09,2023-03-09,concluido_sucesso,2023-08-06,1
C-OV-M-00004-01,OV-M-00004,ovino,2023-12-02,2023-12-02,concluido_sucesso,2024-04-30,1
C-OV-M-00004-02,OV-M-00004,ovino,2024-07-15,2024-07-15,concluido_sucesso,2024-12-12,1
C-OV-M-00004-03,OV-M-00004,ovino,2025-03-31,2025-03-31,concluido_sucesso,2025-08-28,1
C-OV-M-00004-04,OV-M-00004,ovino,2025-11-02,2025-11-02,concluido_sucesso,2026-04-01,1
C-OV-M-00005-00,OV-M-00005,ovino,2023-02-14,2023-02-14,concluido_sucesso,2023-07-14,1
C-OV-M-00005-01,OV-M-00005,ovino,2023-10-22,2023-10-22,concluido_sucesso,2024-03-20,1
C-OV-M-00005-02,OV-M-00005,ovino,2024-06-29,2024-08-03,concluido_sucesso,2024-12-31,3
C-OV-M-00005-03,OV-M-00005,ovino,2025-03-20,2025-03-20,concluido_sucesso,2025-08-17,1
C-OV-M-00006-00,OV-M-00006,ovino,2023-01-09,2023-01-09,concluido_sucesso,2023-06-08,1
C-OV-M-00006-01,OV-M-00006,ovino,2023-09-30,2023-09-30,concluido_sucesso,2024-02-27,1
C-OV-M-00006-02,OV-M-00006,ovino,2024-05-06,2024-05-06,concluido_sucesso,2024-10-03,1
C-OV-M-00006-03,OV-M-00006,ovino,2025-01-29,2025-03-04,concluido_sucesso,2025-08-01,3
C-OV-M-00007-00,OV-M-00007,ovino,2023-06-20,2023-06-20,concluido_sucesso,2023-11-17,1
C-OV-M-00007-01,OV-M-00007,ovino,2024-02-05,2024-02-22,concluido_sucesso,2024-07-21,2
C-OV-M-00007-02,OV-M-00007,ovino,2024-10-24,2024-10-24,concluido_sucesso,2025-03-23,1
C-OV-M-00008-00,OV-M-00008,ovino,2023-08-31,2023-08-31,concluido_sucesso,2024-01-28,1
C-OV-M-00008-01,OV-M-00008,ovino,2024-04-17,2024-05-07,concluido_sucesso,2024-10-04,2
C-OV-M-00008-02,OV-M-00008,ovino,2025-01-07,2025-01-24,concluido_sucesso,2025-06-23,2
C-OV-M-00009-00,OV-M-00009,ovino,2023-01-15,2023-01-15,concluido_sucesso,2023-06-14,1
C-OV-M-00009-01,OV-M-00009,ovino,2023-09-07,2023-10-12,concluido_falha,,3
C-OV-M-00009-02,OV-M-00009,ovino,2023-12-12,2023-12-12,concluido_sucesso,2024-05-10,1
C-OV-M-00009-03,OV-M-00009,ovino,2024-09-02,2024-09-02,concluido_sucesso,2025-01-30,1
C-OV-M-00009-04,OV-M-00009,ovino,2025-04-18,2025-04-18,concluido_sucesso,2025-09-15,1
C-OV-M-00010-00,OV-M-00010,ovino,2023-08-06,2023-09-13,concluido_sucesso,2024-02-10,3
C-OV-M-00010-01,OV-M-00010,ovino,2024-04-26,2024-04-26,concluido_sucesso,2024-09-23,1
C-OV-M-00010-02,OV-M-00010,ovino,2025-01-20,2025-01-20,concluido_sucesso,2025-06-19,1
C-OV-M-00010-03,OV-M-00010,ovino,2025-10-07,2025-10-07,concluido_sucesso,2026-03-06,1
C-OV-M-00011-00,OV-M-00011,ovino,2023-09-27,2023-09-27,concluido_sucesso,2024-02-24,1
C-OV-M-00011-01,OV-M-00011,ovino,2024-06-19,2024-06-19,concluido_sucesso,2024-11-16,1
C-OV-M-00011-02,OV-M-00011,ovino,2025-01-23,2025-02-10,concluido_sucesso,2025-07-10,2
C-OV-M-00011-03,OV-M-00011,ovino,2025-10-07,2025-10-07,concluido_sucesso,2026-03-06,1
C-OV-M-00012-00,OV-M-00012,ovino,2023-09-28,2023-11-06,concluido_falha,,3
C-OV-M-00012-01,OV-M-00012,ovino,2023-12-29,2024-02-11,concluido_falha,,3
C-OV-M-00012-02,OV-M-00012,ovino,2024-04-14,2024-05-23,concluido_falha,,3
C-OV-M-00012-03,OV-M-00012,ovino,2024-07-23,2024-08-11,concluido_sucesso,2025-01-08,2
C-OV-M-00012-04,OV-M-00012,ovino,2025-03-19,2025-03-19,concluido_sucesso,2025-08-16,1
C-OV-M-00012-05,OV-M-00012,ovino,2025-10-25,2025-11-12,concluido_sucesso,2026-04-11,2
C-OV-M-00013-00,OV-M-00013,ovino,2023-05-31,2023-05-31,concluido_sucesso,2023-10-28,1
C-OV-M-00013-01,OV-M-00013,ovino,2024-02-13,2024-02-13,concluido_sucesso,2024-07-12,1
C-OV-M-00013-02,OV-M-00013,ovino,2024-10-14,2024-10-14,concluido_sucesso,2025-03-13,1
C-OV-M-00013-03,OV-M-00013,ovino,2025-06-01,2025-06-01,concluido_sucesso,2025-10-29,1
C-OV-M-00013-04,OV-M-00013,ovino,2026-01-03,2026-01-25,concluido_sucesso,2026-06-24,2
C-OV-M-00014-00,OV-M-00014,ovino,2023-08-25,2023-10-02,concluido_falha,,3
C-OV-M-00014-01,OV-M-00014,ovino,2023-11-13,2023-11-13,concluido_sucesso,2024-04-11,1
C-OV-M-00014-02,OV-M-00014,ovino,2024-07-26,2024-07-26,concluido_sucesso,2024-12-23,1
C-OV-M-00014-03,OV-M-00014,ovino,2025-03-11,2025-04-19,concluido_sucesso,2025-09-16,3
C-OV-M-00014-04,OV-M-00014,ovino,2026-01-02,2026-01-02,concluido_sucesso,2026-06-01,1
C-OV-M-00015-00,OV-M-00015,ovino,2023-06-07,2023-06-07,concluido_sucesso,2023-11-04,1
C-OV-M-00015-01,OV-M-00015,ovino,2024-01-30,2024-01-30,concluido_sucesso,2024-06-28,1
C-OV-M-00015-02,OV-M-00015,ovino,2024-09-22,2024-09-22,concluido_sucesso,2025-02-19,1
C-OV-M-00015-03,OV-M-00015,ovino,2025-05-14,2025-06-23,concluido_falha,,3
C-OV-M-00015-04,OV-M-00015,ovino,2025-07-25,2025-08-11,concluido_sucesso,2026-01-08,2
C-OV-M-00015-05,OV-M-00015,ovino,2026-03-16,2026-04-01,concluido_sucesso,2026-08-29,2
C-OV-M-00016-00,OV-M-00016,ovino,2023-05-09,2023-05-09,concluido_sucesso,2023-10-06,1
C-OV-M-00016-01,OV-M-00016,ovino,2024-01-08,2024-01-08,concluido_sucesso,2024-06-06,1
C-OV-M-00016-02,OV-M-00016,ovino,2024-10-02,2024-10-02,concluido_sucesso,2025-03-01,1
C-OV-M-00016-03,OV-M-00016,ovino,2025-06-06,2025-06-06,concluido_sucesso,2025-11-03,1
C-OV-M-00016-04,OV-M-00016,ovino,2026-02-03,2026-02-03,concluido_sucesso,2026-07-03,1
C-OV-M-00017-00,OV-M-00017,ovino,2023-04-15,2023-04-15,concluido_sucesso,2023-09-12,1
C-OV-M-00017-01,OV-M-00017,ovino,2023-11-30,2024-01-04,concluido_falha,,3
C-OV-M-00017-02,OV-M-00017,ovino,2024-02-21,2024-03-30,concluido_falha,,3
C-OV-M-00017-03,OV-M-00017,ovino,2024-05-03,2024-05-24,concluido_sucesso,2024-10-21,2
C-OV-M-00017-04,OV-M-00017,ovino,2025-02-07,2025-02-07,concluido_sucesso,2025-07-07,1
C-OV-M-00017-05,OV-M-00017,ovino,2025-10-30,2025-10-30,concluido_sucesso,2026-03-29,1
C-OV-M-00018-00,OV-M-00018,ovino,2023-09-26,2023-09-26,concluido_sucesso,2024-02-23,1
C-OV-M-00018-01,OV-M-00018,ovino,2024-05-07,2024-06-17,concluido_falha,,3
C-OV-M-00018-02,OV-M-00018,ovino,2024-07-29,2024-07-29,concluido_sucesso,2024-12-26,1
C-OV-M-00018-03,OV-M-00018,ovino,2025-03-10,2025-03-10,concluido_sucesso,2025-08-07,1
C-OV-M-00018-04,OV-M-00018,ovino,2025-12-03,2025-12-24,concluido_sucesso,2026-05-23,2
C-OV-M-00019-00,OV-M-00019,ovino,2023-03-29,2023-05-07,concluido_sucesso,2023-10-04,3
C-OV-M-00019-01,OV-M-00019,ovino,2023-12-26,2024-01-13,concluido_sucesso,2024-06-11,2
C-OV-M-00019-02,OV-M-00019,ovino,2024-10-01,2024-11-05,concluido_falha,,3
C-OV-M-00019-03,OV-M-00019,ovino,2024-12-31,2024-12-31,concluido_sucesso,2025-05-30,1
C-OV-M-00019-04,OV-M-00019,ovino,2025-09-19,2025-09-19,concluido_sucesso,2026-02-16,1
C-OV-M-00020-00,OV-M-00020,ovino,2023-01-05,2023-01-05,concluido_sucesso,2023-06-04,1
C-OV-M-00020-01,OV-M-00020,ovino,2023-09-17,2023-09-17,concluido_sucesso,2024-02-14,1
C-OV-M-00020-02,OV-M-00020,ovino,2024-04-23,2024-04-23,concluido_sucesso,2024-09-20,1
C-OV-M-00020-03,OV-M-00020,ovino,2024-12-09,2024-12-09,concluido_sucesso,2025-05-08,1
C-OV-M-00020-04,OV-M-00020,ovino,2025-08-18,2025-09-03,concluido_sucesso,2026-01-31,2
C-OV-M-00021-00,OV-M-00021,ovino,2023-08-03,2023-09-09,concluido_sucesso,2024-02-06,3
C-OV-M-00021-01,OV-M-00021,ovino,2024-04-21,2024-05-07,concluido_sucesso,2024-10-04,2
C-OV-M-00021-02,OV-M-00021,ovino,2025-01-20,2025-01-20,concluido_sucesso,2025-06-19,1
C-OV-M-00021-03,OV-M-00021,ovino,2025-10-01,2025-11-05,concluido_sucesso,2026-04-04,3
C-OV-M-00022-00,OV-M-00022,ovino,2023-05-07,2023-05-07,concluido_sucesso,2023-10-04,1
C-OV-M-00022-01,OV-M-00022,ovino,2024-01-21,2024-01-21,concluido_sucesso,2024-06-19,1
C-OV-M-00022-02,OV-M-00022,ovino,2024-08-29,2024-08-29,concluido_sucesso,2025-01-26,1
C-OV-M-00022-03,OV-M-00022,ovino,2025-05-13,2025-05-13,concluido_sucesso,2025-10-10,1
C-OV-M-00022-04,OV-M-00022,ovino,2026-01-07,2026-01-07,concluido_sucesso,2026-06-06,1
C-OV-M-00023-00,OV-M-00023,ovino,2023-04-07,2023-04-07,concluido_sucesso,2023-09-04,1
C-OV-M-00023-01,OV-M-00023,ovino,2023-12-26,2023-12-26,concluido_sucesso,2024-05-24,1
C-OV-M-00023-02,OV-M-00023,ovino,2024-08-05,2024-08-05,concluido_sucesso,2025-01-02,1
C-OV-M-00023-03,OV-M-00023,ovino,2025-04-10,2025-04-10,concluido_sucesso,2025-09-07,1
C-OV-M-00023-04,OV-M-00023,ovino,2025-12-16,2025-12-16,concluido_sucesso,2026-05-15,1
C-OV-M-00024-00,OV-M-00024,ovino,2023-05-19,2023-06-28,concluido_falha,,3
C-OV-M-00024-01,OV-M-00024,ovino,2023-08-07,2023-08-07,concluido_sucesso,2024-01-04,1
C-OV-M-00024-02,OV-M-00024,ovino,2024-04-05,2024-05-16,concluido_falha,,3
C-OV-M-00024-03,OV-M-00024,ovino,2024-06-17,2024-07-27,concluido_falha,,3
C-OV-M-00024-04,OV-M-00024,ovino,2024-09-01,2024-10-14,concluido_falha,,3
C-OV-M-00024-05,OV-M-00024,ovino,2024-11-18,2024-12-28,concluido_falha,,3
C-OV-M-00025-00,OV-M-00025,ovino,2023-09-12,2023-09-12,concluido_sucesso,2024-02-09,1
C-OV-M-00025-01,OV-M-00025,ovino,2024-05-03,2024-05-23,concluido_sucesso,2024-10-20,2
C-OV-M-00025-02,OV-M-00025,ovino,2025-02-10,2025-02-10,concluido_sucesso,2025-07-10,1
C-OV-M-00025-03,OV-M-00025,ovino,2025-10-17,2025-10-17,concluido_sucesso,2026-03-16,1
C-OV-M-00026-00,OV-M-00026,ovino,2023-06-12,2023-07-14,concluido_sucesso,2023-12-11,3
C-OV-M-00026-01,OV-M-00026,ovino,2024-02-12,2024-02-12,concluido_sucesso,2024-07-11,1
C-OV-M-00026-02,OV-M-00026,ovino,2024-10-31,2024-10-31,concluido_sucesso,2025-03-30,1
C-OV-M-00026-03,OV-M-00026,ovino,2025-07-05,2025-08-14,concluido_falha,,3
C-OV-M-00026-04,OV-M-00026,ovino,2025-10-07,2025-10-07,concluido_sucesso,2026-03-06,1
C-OV-M-00027-00,OV-M-00027,ovino,2023-05-02,2023-05-02,concluido_sucesso,2023-09-29,1
C-OV-M-00028-00,OV-M-00028,ovino,2023-04-11,2023-04-11,concluido_sucesso,2023-09-08,1
C-OV-M-00028-01,OV-M-00028,ovino,2024-01-03,2024-02-14,concluido_falha,,3
C-OV-M-00028-02,OV-M-00028,ovino,2024-03-21,2024-04-11,concluido_sucesso,2024-09-08,2
C-OV-M-00028-03,OV-M-00028,ovino,2024-12-19,2025-01-26,concluido_falha,,3
C-OV-M-00028-04,OV-M-00028,ovino,2025-03-16,2025-04-25,concluido_falha,,3
C-OV-M-00028-05,OV-M-00028,ovino,2025-06-27,2025-08-07,concluido_falha,,3
C-OV-M-00029-00,OV-M-00029,ovino,2023-03-15,2023-04-03,concluido_sucesso,2023-08-31,2
C-OV-M-00029-01,OV-M-00029,ovino,2023-12-23,2024-01-11,concluido_sucesso,2024-06-09,2
C-OV-M-00029-02,OV-M-00029,ovino,2024-09-22,2024-10-30,concluido_falha,,3
C-OV-M-00029-03,OV-M-00029,ovino,2024-11-29,2024-11-29,concluido_sucesso,2025-04-28,1
C-OV-M-00029-04,OV-M-00029,ovino,2025-07-14,2025-07-14,concluido_sucesso,2025-12-11,1
C-OV-M-00029-05,OV-M-00029,ovino,2026-03-07,2026-03-28,concluido_sucesso,2026-08-25,2
C-OV-M-00030-00,OV-M-00030,ovino,2023-06-22,2023-07-25,concluido_falha,,3
C-OV-M-00030-01,OV-M-00030,ovino,2023-09-17,2023-10-24,concluido_falha,,3
C-OV-M-00030-02,OV-M-00030,ovino,2023-12-23,2024-01-24,concluido_falha,,3
C-OV-M-00030-03,OV-M-00030,ovino,2024-03-14,2024-04-17,concluido_falha,,3
C-OV-M-00030-04,OV-M-00030,ovino,2024-06-17,2024-07-25,concluido_falha,,3
C-OV-M-00030-05,OV-M-00030,ovino,2024-09-29,2024-09-29,concluido_sucesso,2025-02-26,1
C-OV-M-00031-00,OV-M-00031,ovino,2023-08-18,2023-08-18,concluido_sucesso,2024-01-15,1
C-OV-M-00031-01,OV-M-00031,ovino,2024-04-01,2024-04-01,concluido_sucesso,2024-08-29,1
C-OV-M-00031-02,OV-M-00031,ovino,2024-12-05,2024-12-05,concluido_sucesso,2025-05-04,1
C-OV-M-00031-03,OV-M-00031,ovino,2025-07-16,2025-07-16,concluido_sucesso,2025-12-13,1
C-OV-M-00032-00,OV-M-00032,ovino,2023-01-16,2023-02-04,concluido_sucesso,2023-07-04,2
C-OV-M-00032-01,OV-M-00032,ovino,2023-09-12,2023-09-12,concluido_sucesso,2024-02-09,1
C-OV-M-00032-02,OV-M-00032,ovino,2024-05-22,2024-05-22,concluido_sucesso,2024-10-19,1
C-OV-M-00032-03,OV-M-00032,ovino,2025-02-02,2025-02-02,concluido_sucesso,2025-07-02,1
C-OV-M-00033-00,OV-M-00033,ovino,2023-06-17,2023-06-17,concluido_sucesso,2023-11-14,1
C-OV-M-00033-01,OV-M-00033,ovino,2024-03-12,2024-04-02,concluido_sucesso,2024-08-30,2
C-OV-M-00033-02,OV-M-00033,ovino,2024-11-16,2024-12-05,concluido_sucesso,2025-05-04,2
C-OV-M-00033-03,OV-M-00033,ovino,2025-07-27,2025-08-17,concluido_sucesso,2026-01-14,2
C-OV-M-00033-04,OV-M-00033,ovino,2026-03-30,2026-04-16,concluido_sucesso,2026-09-13,2
C-OV-M-00034-00,OV-M-00034,ovino,2023-09-10,2023-09-30,concluido_sucesso,2024-02-27,2
C-OV-M-00034-01,OV-M-00034,ovino,2024-05-23,2024-06-08,concluido_sucesso,2024-11-05,2
C-OV-M-00034-02,OV-M-00034,ovino,2025-01-28,2025-02-19,concluido_sucesso,2025-07-19,2
C-OV-M-00035-00,OV-M-00035,ovino,2023-01-27,2023-02-18,concluido_sucesso,2023-07-18,2
C-OV-M-00035-01,OV-M-00035,ovino,2023-10-21,2023-10-21,concluido_sucesso,2024-03-19,1
C-OV-M-00035-02,OV-M-00035,ovino,2024-06-03,2024-06-03,concluido_sucesso,2024-10-31,1
C-OV-M-00035-03,OV-M-00035,ovino,2025-01-27,2025-01-27,concluido_sucesso,2025-06-26,1
C-OV-M-00035-04,OV-M-00035,ovino,2025-10-15,2025-10-15,concluido_sucesso,2026-03-14,1
C-OV-M-00036-00,OV-M-00036,ovino,2023-07-02,2023-07-02,concluido_sucesso,2023-11-29,1
C-OV-M-00036-01,OV-M-00036,ovino,2024-02-09,2024-02-09,concluido_sucesso,2024-07-08,1
C-OV-M-00036-02,OV-M-00036,ovino,2024-10-13,2024-11-04,concluido_sucesso,2025-04-03,2
C-OV-M-00036-03,OV-M-00036,ovino,2025-06-10,2025-06-28,concluido_sucesso,2025-11-25,2
C-OV-M-00036-04,OV-M-00036,ovino,2026-03-21,2026-04-12,concluido_sucesso,2026-09-09,2
C-OV-M-00037-00,OV-M-00037,ovino,2023-04-25,2023-05-30,concluido_falha,,3
C-OV-M-00037-01,OV-M-00037,ovino,2023-07-05,2023-07-26,concluido_sucesso,2023-12-23,2
C-OV-M-00037-02,OV-M-00037,ovino,2024-03-02,2024-04-11,concluido_sucesso,2024-09-08,3
C-OV-M-00038-00,OV-M-00038,ovino,2023-01-26,2023-01-26,concluido_sucesso,2023-06-25,1
C-OV-M-00038-01,OV-M-00038,ovino,2023-09-14,2023-10-06,concluido_sucesso,2024-03-04,2
C-OV-M-00038-02,OV-M-00038,ovino,2024-05-10,2024-05-10,concluido_sucesso,2024-10-07,1
C-OV-M-00039-00,OV-M-00039,ovino,2023-05-26,2023-06-11,concluido_sucesso,2023-11-08,2
C-OV-M-00039-01,OV-M-00039,ovino,2024-03-05,2024-03-05,concluido_sucesso,2024-08-02,1
C-OV-M-00039-02,OV-M-00039,ovino,2024-10-24,2024-10-24,concluido_sucesso,2025-03-23,1
C-OV-M-00040-00,OV-M-00040,ovino,2023-09-05,2023-09-05,concluido_sucesso,2024-02-02,1
C-OV-M-00040-01,OV-M-00040,ovino,2024-04-07,2024-05-15,concluido_falha,,3
C-OV-M-00041-00,OV-M-00041,ovino,2023-02-26,2023-02-26,concluido_sucesso,2023-07-26,1
C-OV-M-00041-01,OV-M-00041,ovino,2023-10-23,2023-10-23,concluido_sucesso,2024-03-21,1
C-OV-M-00041-02,OV-M-00041,ovino,2024-07-09,2024-07-09,concluido_sucesso,2024-12-06,1
C-OV-M-00041-03,OV-M-00041,ovino,2025-02-17,2025-03-09,concluido_sucesso,2025-08-06,2
C-OV-M-00041-04,OV-M-00041,ovino,2025-10-14,2025-10-14,concluido_sucesso,2026-03-13,1
C-OV-M-00042-00,OV-M-00042,ovino,2023-04-09,2023-04-09,concluido_sucesso,2023-09-06,1
C-OV-M-00042-01,OV-M-00042,ovino,2023-11-23,2023-12-15,concluido_sucesso,2024-05-13,2
C-OV-M-00043-00,OV-M-00043,ovino,2023-08-01,2023-08-01,concluido_sucesso,2023-12-29,1
C-OV-M-00043-01,OV-M-00043,ovino,2024-03-11,2024-03-11,concluido_sucesso,2024-08-08,1
C-OV-M-00043-02,OV-M-00043,ovino,2024-11-17,2024-11-17,concluido_sucesso,2025-04-16,1
C-OV-M-00043-03,OV-M-00043,ovino,2025-06-16,2025-06-16,concluido_sucesso,2025-11-13,1
C-OV-M-00043-04,OV-M-00043,ovino,2026-01-29,2026-01-29,concluido_sucesso,2026-06-28,1
C-OV-M-00044-00,OV-M-00044,ovino,2023-07-04,2023-08-13,concluido_sucesso,2024-01-10,3
C-OV-M-00044-01,OV-M-00044,ovino,2024-03-11,2024-04-02,concluido_sucesso,2024-08-30,2
C-OV-M-00044-02,OV-M-00044,ovino,2024-11-27,2025-01-02,concluido_falha,,3
C-OV-M-00044-03,OV-M-00044,ovino,2025-02-20,2025-02-20,concluido_sucesso,2025-07-20,1
C-OV-M-00044-04,OV-M-00044,ovino,2025-10-19,2025-11-20,concluido_falha,,3
C-OV-M-00044-05,OV-M-00044,ovino,2025-12-29,2025-12-29,concluido_sucesso,2026-05-28,1
C-OV-M-00045-00,OV-M-00045,ovino,2023-02-27,2023-02-27,concluido_sucesso,2023-07-27,1
C-OV-M-00045-01,OV-M-00045,ovino,2023-11-04,2023-11-04,concluido_sucesso,2024-04-02,1
C-OV-M-00045-02,OV-M-00045,ovino,2024-06-02,2024-07-09,concluido_sucesso,2024-12-06,3
C-OV-M-00045-03,OV-M-00045,ovino,2025-03-13,2025-04-02,concluido_sucesso,2025-08-30,2
C-OV-M-00045-04,OV-M-00045,ovino,2025-12-06,2025-12-06,concluido_sucesso,2026-05-05,1
C-OV-M-00046-00,OV-M-00046,ovino,2023-09-26,2023-09-26,concluido_sucesso,2024-02-23,1
C-OV-M-00046-01,OV-M-00046,ovino,2024-05-07,2024-05-26,concluido_sucesso,2024-10-23,2
C-OV-M-00046-02,OV-M-00046,ovino,2025-01-04,2025-02-13,concluido_falha,,3
C-OV-M-00046-03,OV-M-00046,ovino,2025-03-19,2025-03-19,concluido_sucesso,2025-08-16,1
C-OV-M-00046-04,OV-M-00046,ovino,2025-12-01,2025-12-01,concluido_sucesso,2026-04-30,1
C-OV-M-00047-00,OV-M-00047,ovino,2023-05-17,2023-05-17,concluido_sucesso,2023-10-14,1
C-OV-M-00047-01,OV-M-00047,ovino,2024-01-17,2024-01-17,concluido_sucesso,2024-06-15,1
C-OV-M-00047-02,OV-M-00047,ovino,2024-08-18,2024-08-18,concluido_sucesso,2025-01-15,1
C-OV-M-00047-03,OV-M-00047,ovino,2025-04-10,2025-04-10,concluido_sucesso,2025-09-07,1
C-OV-M-00048-00,OV-M-00048,ovino,2023-07-18,2023-07-18,concluido_sucesso,2023-12-15,1
C-OV-M-00048-01,OV-M-00048,ovino,2024-02-20,2024-02-20,concluido_sucesso,2024-07-19,1
C-OV-M-00048-02,OV-M-00048,ovino,2024-11-08,2024-11-08,concluido_sucesso,2025-04-07,1
C-OV-M-00048-03,OV-M-00048,ovino,2025-07-06,2025-07-06,concluido_sucesso,2025-12-03,1
C-OV-M-00048-04,OV-M-00048,ovino,2026-02-17,2026-02-17,concluido_sucesso,2026-07-17,1
C-OV-M-00049-00,OV-M-00049,ovino,2023-03-08,2023-03-08,concluido_sucesso,2023-08-05,1
C-OV-M-00049-01,OV-M-00049,ovino,2023-11-11,2023-11-11,concluido_sucesso,2024-04-09,1
C-OV-M-00049-02,OV-M-00049,ovino,2024-07-16,2024-07-16,concluido_sucesso,2024-12-13,1
C-OV-M-00049-03,OV-M-00049,ovino,2025-03-28,2025-05-03,concluido_sucesso,2025-09-30,3
C-OV-M-00050-00,OV-M-00050,ovino,2023-10-23,2023-10-23,concluido_sucesso,2024-03-21,1
C-OV-M-00050-01,OV-M-00050,ovino,2024-06-05,2024-07-10,concluido_falha,,3
C-OV-M-00050-02,OV-M-00050,ovino,2024-08-22,2024-09-13,concluido_sucesso,2025-02-10,2
C-OV-M-00050-03,OV-M-00050,ovino,2025-06-02,2025-06-02,concluido_sucesso,2025-10-30,1
C-OV-M-00050-04,OV-M-00050,ovino,2026-02-19,2026-02-19,concluido_sucesso,2026-07-19,1
C-OV-M-00051-00,OV-M-00051,ovino,2023-02-15,2023-03-09,concluido_sucesso,2023-08-06,2
C-OV-M-00051-01,OV-M-00051,ovino,2023-10-10,2023-11-18,concluido_falha,,3
C-OV-M-00051-02,OV-M-00051,ovino,2024-01-03,2024-01-03,concluido_sucesso,2024-06-01,1
C-OV-M-00051-03,OV-M-00051,ovino,2024-08-09,2024-08-09,concluido_sucesso,2025-01-06,1
C-OV-M-00051-04,OV-M-00051,ovino,2025-04-12,2025-04-12,concluido_sucesso,2025-09-09,1
C-OV-M-00051-05,OV-M-00051,ovino,2025-11-12,2025-12-01,concluido_sucesso,2026-04-30,2
C-OV-M-00052-00,OV-M-00052,ovino,2023-10-01,2023-10-01,concluido_sucesso,2024-02-28,1
C-OV-M-00052-01,OV-M-00052,ovino,2024-06-13,2024-06-13,concluido_sucesso,2024-11-10,1
C-OV-M-00052-02,OV-M-00052,ovino,2025-01-16,2025-02-19,concluido_falha,,3
C-OV-M-00052-03,OV-M-00052,ovino,2025-04-08,2025-04-24,concluido_sucesso,2025-09-21,2
C-OV-M-00053-00,OV-M-00053,ovino,2023-09-05,2023-10-10,concluido_sucesso,2024-03-08,3
C-OV-M-00053-01,OV-M-00053,ovino,2024-06-13,2024-06-13,concluido_sucesso,2024-11-10,1
C-OV-M-00053-02,OV-M-00053,ovino,2025-02-26,2025-02-26,concluido_sucesso,2025-07-26,1
C-OV-M-00053-03,OV-M-00053,ovino,2025-11-21,2025-11-21,concluido_sucesso,2026-04-20,1
C-OV-M-00054-00,OV-M-00054,ovino,2023-07-02,2023-07-02,concluido_sucesso,2023-11-29,1
C-OV-M-00054-01,OV-M-00054,ovino,2024-03-06,2024-03-26,concluido_sucesso,2024-08-23,2
C-OV-M-00054-02,OV-M-00054,ovino,2024-11-13,2024-11-13,concluido_sucesso,2025-04-12,1
C-OV-M-00054-03,OV-M-00054,ovino,2025-06-11,2025-06-11,concluido_sucesso,2025-11-08,1
C-OV-M-00054-04,OV-M-00054,ovino,2026-03-04,2026-03-04,concluido_sucesso,2026-08-01,1
C-OV-M-00055-00,OV-M-00055,ovino,2023-03-02,2023-04-04,concluido_sucesso,2023-09-01,3
C-OV-M-00055-01,OV-M-00055,ovino,2023-12-22,2024-01-23,concluido_falha,,3
C-OV-M-00055-02,OV-M-00055,ovino,2024-03-14,2024-04-03,concluido_sucesso,2024-08-31,2
C-OV-M-00055-03,OV-M-00055,ovino,2024-11-01,2024-11-19,concluido_sucesso,2025-04-18,2
C-OV-M-00055-04,OV-M-00055,ovino,2025-07-21,2025-08-23,concluido_falha,,3
C-OV-M-00055-05,OV-M-00055,ovino,2025-10-12,2025-10-28,concluido_sucesso,2026-03-27,2
C-OV-M-00056-00,OV-M-00056,ovino,2023-01-25,2023-01-25,concluido_sucesso,2023-06-24,1
C-OV-M-00056-01,OV-M-00056,ovino,2023-09-08,2023-09-25,concluido_sucesso,2024-02-22,2
C-OV-M-00056-02,OV-M-00056,ovino,2024-04-27,2024-04-27,concluido_sucesso,2024-09-24,1
C-OV-M-00056-03,OV-M-00056,ovino,2025-01-10,2025-01-10,concluido_sucesso,2025-06-09,1
C-OV-M-00056-04,OV-M-00056,ovino,2025-09-20,2025-09-20,concluido_sucesso,2026-02-17,1
C-OV-M-00057-00,OV-M-00057,ovino,2023-02-11,2023-03-05,concluido_sucesso,2023-08-02,2
C-OV-M-00057-01,OV-M-00057,ovino,2023-11-21,2023-12-29,concluido_falha,,3
C-OV-M-00057-02,OV-M-00057,ovino,2024-02-26,2024-03-16,concluido_sucesso,2024-08-13,2
C-OV-M-00058-00,OV-M-00058,ovino,2023-05-24,2023-05-24,concluido_sucesso,2023-10-21,1
C-OV-M-00058-01,OV-M-00058,ovino,2023-12-25,2024-02-03,concluido_sucesso,2024-07-02,3
C-OV-M-00058-02,OV-M-00058,ovino,2024-09-01,2024-10-07,concluido_falha,,3
C-OV-M-00059-00,OV-M-00059,ovino,2023-07-09,2023-07-09,concluido_sucesso,2023-12-06,1
C-OV-M-00059-01,OV-M-00059,ovino,2024-03-15,2024-03-15,concluido_sucesso,2024-08-12,1
C-OV-M-00059-02,OV-M-00059,ovino,2024-10-19,2024-10-19,concluido_sucesso,2025-03-18,1
C-OV-M-00059-03,OV-M-00059,ovino,2025-06-09,2025-06-09,concluido_sucesso,2025-11-06,1
C-OV-M-00059-04,OV-M-00059,ovino,2026-01-28,2026-01-28,concluido_sucesso,2026-06-27,1
C-OV-M-00060-00,OV-M-00060,ovino,2023-05-18,2023-06-26,concluido_falha,,3
C-OV-M-00060-01,OV-M-00060,ovino,2023-08-21,2023-09-28,concluido_falha,,3
C-OV-M-00060-02,OV-M-00060,ovino,2023-11-28,2024-01-05,concluido_falha,,3
C-OV-M-00060-03,OV-M-00060,ovino,2024-02-25,2024-02-25,concluido_sucesso,2024-07-24,1
C-OV-M-00060-04,OV-M-00060,ovino,2024-11-11,2024-12-13,concluido_falha,,3
C-OV-M-00060-05,OV-M-00060,ovino,2025-02-16,2025-02-16,concluido_sucesso,2025-07-16,1
C-OV-M-00061-00,OV-M-00061,ovino,2023-03-31,2023-04-20,concluido_sucesso,2023-09-17,2
C-OV-M-00061-01,OV-M-00061,ovino,2023-12-15,2023-12-15,concluido_sucesso,2024-05-13,1
C-OV-M-00061-02,OV-M-00061,ovino,2024-07-21,2024-07-21,concluido_sucesso,2024-12-18,1
C-OV-M-00062-00,OV-M-00062,ovino,2023-01-01,2023-01-01,concluido_sucesso,2023-05-31,1
C-OV-M-00062-01,OV-M-00062,ovino,2023-08-19,2023-09-06,concluido_sucesso,2024-02-03,2
C-OV-M-00062-02,OV-M-00062,ovino,2024-04-17,2024-05-22,concluido_sucesso,2024-10-19,3
C-OV-M-00062-03,OV-M-00062,ovino,2025-01-08,2025-01-08,concluido_sucesso,2025-06-07,1
C-OV-M-00062-04,OV-M-00062,ovino,2025-10-02,2025-10-02,concluido_sucesso,2026-03-01,1
C-OV-M-00063-00,OV-M-00063,ovino,2023-03-01,2023-03-01,concluido_sucesso,2023-07-29,1
C-OV-M-00063-01,OV-M-00063,ovino,2023-11-18,2023-12-20,concluido_falha,,3
C-OV-M-00063-02,OV-M-00063,ovino,2024-02-08,2024-03-14,concluido_falha,,3
C-OV-M-00063-03,OV-M-00063,ovino,2024-04-20,2024-05-30,concluido_falha,,3
C-OV-M-00063-04,OV-M-00063,ovino,2024-07-08,2024-07-08,concluido_sucesso,2024-12-05,1
C-OV-M-00063-05,OV-M-00063,ovino,2025-03-17,2025-03-17,concluido_sucesso,2025-08-14,1
C-OV-M-00064-00,OV-M-00064,ovino,2023-05-01,2023-05-01,concluido_sucesso,2023-09-28,1
C-OV-M-00064-01,OV-M-00064,ovino,2023-11-27,2023-11-27,concluido_sucesso,2024-04-25,1
C-OV-M-00064-02,OV-M-00064,ovino,2024-08-10,2024-08-10,concluido_sucesso,2025-01-07,1
C-OV-M-00064-03,OV-M-00064,ovino,2025-03-30,2025-03-30,concluido_sucesso,2025-08-27,1
C-OV-M-00065-00,OV-M-00065,ovino,2023-01-22,2023-01-22,concluido_sucesso,2023-06-21,1
C-OV-M-00065-01,OV-M-00065,ovino,2023-09-24,2023-09-24,concluido_sucesso,2024-02-21,1
C-OV-M-00065-02,OV-M-00065,ovino,2024-05-19,2024-05-19,concluido_sucesso,2024-10-16,1
C-OV-M-00065-03,OV-M-00065,ovino,2025-02-06,2025-02-06,concluido_sucesso,2025-07-06,1
C-OV-M-00065-04,OV-M-00065,ovino,2025-10-07,2025-10-27,concluido_sucesso,2026-03-26,2
C-OV-M-00066-00,OV-M-00066,ovino,2023-05-05,2023-05-05,concluido_sucesso,2023-10-02,1
C-OV-M-00066-01,OV-M-00066,ovino,2024-01-29,2024-03-10,concluido_falha,,3
C-OV-M-00066-02,OV-M-00066,ovino,2024-04-21,2024-04-21,concluido_sucesso,2024-09-18,1
C-OV-M-00066-03,OV-M-00066,ovino,2024-11-23,2024-12-30,concluido_falha,,3
C-OV-M-00066-04,OV-M-00066,ovino,2025-01-30,2025-01-30,concluido_sucesso,2025-06-29,1
C-OV-M-00066-05,OV-M-00066,ovino,2025-09-28,2025-11-05,concluido_falha,,3
C-OV-M-00067-00,OV-M-00067,ovino,2023-08-24,2023-10-02,concluido_falha,,3
C-OV-M-00067-01,OV-M-00067,ovino,2023-11-03,2023-12-06,concluido_falha,,3
C-OV-M-00067-02,OV-M-00067,ovino,2024-01-16,2024-01-16,concluido_sucesso,2024-06-14,1
C-OV-M-00067-03,OV-M-00067,ovino,2024-09-17,2024-09-17,concluido_sucesso,2025-02-14,1
C-OV-M-00067-04,OV-M-00067,ovino,2025-06-10,2025-06-10,concluido_sucesso,2025-11-07,1
C-OV-M-00067-05,OV-M-00067,ovino,2026-02-02,2026-03-12,concluido_falha,,3
C-OV-M-00068-00,OV-M-00068,ovino,2023-01-09,2023-02-14,concluido_sucesso,2023-07-14,3
C-OV-M-00068-01,OV-M-00068,ovino,2023-10-01,2023-10-18,concluido_sucesso,2024-03-16,2
C-OV-M-00068-02,OV-M-00068,ovino,2024-06-30,2024-06-30,concluido_sucesso,2024-11-27,1
C-OV-M-00068-03,OV-M-00068,ovino,2025-03-13,2025-03-13,concluido_sucesso,2025-08-10,1
C-OV-M-00068-04,OV-M-00068,ovino,2025-10-22,2025-11-10,concluido_sucesso,2026-04-09,2
C-OV-M-00069-00,OV-M-00069,ovino,2023-08-14,2023-08-30,concluido_sucesso,2024-01-27,2
C-OV-M-00069-01,OV-M-00069,ovino,2024-04-25,2024-05-13,concluido_sucesso,2024-10-10,2
C-OV-M-00069-02,OV-M-00069,ovino,2025-01-30,2025-01-30,concluido_sucesso,2025-06-29,1
C-OV-M-00069-03,OV-M-00069,ovino,2025-09-14,2025-10-22,concluido_falha,,3
C-OV-M-00069-04,OV-M-00069,ovino,2025-12-18,2026-01-20,concluido_sucesso,2026-06-19,3
C-OV-M-00070-00,OV-M-00070,ovino,2023-08-24,2023-08-24,concluido_sucesso,2024-01-21,1
C-OV-M-00070-01,OV-M-00070,ovino,2024-03-28,2024-04-16,concluido_sucesso,2024-09-13,2
C-OV-M-00070-02,OV-M-00070,ovino,2025-01-05,2025-01-05,concluido_sucesso,2025-06-04,1
C-OV-M-00070-03,OV-M-00070,ovino,2025-09-18,2025-09-18,concluido_sucesso,2026-02-15,1
C-OV-M-00070-04,OV-M-00070,ovino,2026-04-29,2026-04-29,concluido_sucesso,2026-09-26,1
C-OV-M-00071-00,OV-M-00071,ovino,2023-07-07,2023-07-07,concluido_sucesso,2023-12-04,1
C-OV-M-00071-01,OV-M-00071,ovino,2024-02-29,2024-02-29,concluido_sucesso,2024-07-28,1
C-OV-M-00071-02,OV-M-00071,ovino,2024-10-02,2024-10-02,concluido_sucesso,2025-03-01,1
C-OV-M-00071-03,OV-M-00071,ovino,2025-06-05,2025-06-21,concluido_sucesso,2025-11-18,2
C-OV-M-00071-04,OV-M-00071,ovino,2026-03-16,2026-03-16,concluido_sucesso,2026-08-13,1
C-OV-M-00072-00,OV-M-00072,ovino,2023-10-27,2023-12-03,concluido_falha,,3
C-OV-M-00072-01,OV-M-00072,ovino,2024-02-08,2024-02-26,concluido_sucesso,2024-07-25,2
C-OV-M-00072-02,OV-M-00072,ovino,2024-09-23,2024-11-01,concluido_falha,,3
C-OV-M-00072-03,OV-M-00072,ovino,2025-01-03,2025-01-20,concluido_sucesso,2025-06-19,2
C-OV-M-00072-04,OV-M-00072,ovino,2025-09-26,2025-09-26,concluido_sucesso,2026-02-23,1
C-OV-M-00073-00,OV-M-00073,ovino,2023-01-14,2023-01-14,concluido_sucesso,2023-06-13,1
C-OV-M-00073-01,OV-M-00073,ovino,2023-09-29,2023-11-06,concluido_sucesso,2024-04-04,3
C-OV-M-00073-02,OV-M-00073,ovino,2024-06-22,2024-07-11,concluido_sucesso,2024-12-08,2
C-OV-M-00073-03,OV-M-00073,ovino,2025-03-05,2025-03-22,concluido_sucesso,2025-08-19,2
C-OV-M-00074-00,OV-M-00074,ovino,2023-02-07,2023-03-23,concluido_falha,,3
C-OV-M-00074-01,OV-M-00074,ovino,2023-04-27,2023-04-27,concluido_sucesso,2023-09-24,1
C-OV-M-00074-02,OV-M-00074,ovino,2024-01-01,2024-01-01,concluido_sucesso,2024-05-30,1
C-OV-M-00074-03,OV-M-00074,ovino,2024-08-25,2024-08-25,concluido_sucesso,2025-01-22,1
C-OV-M-00074-04,OV-M-00074,ovino,2025-05-04,2025-05-04,concluido_sucesso,2025-10-01,1
C-OV-M-00074-05,OV-M-00074,ovino,2026-01-06,2026-01-06,concluido_sucesso,2026-06-05,1
C-OV-M-00075-00,OV-M-00075,ovino,2023-02-06,2023-03-19,concluido_sucesso,2023-08-16,3
C-OV-M-00075-01,OV-M-00075,ovino,2023-11-15,2023-11-15,concluido_sucesso,2024-04-13,1
C-OV-M-00075-02,OV-M-00075,ovino,2024-06-20,2024-06-20,concluido_sucesso,2024-11-17,1
C-OV-M-00075-03,OV-M-00075,ovino,2025-01-16,2025-01-16,concluido_sucesso,2025-06-15,1
C-OV-M-00075-04,OV-M-00075,ovino,2025-09-15,2025-09-15,concluido_sucesso,2026-02-12,1
C-OV-M-00076-00,OV-M-00076,ovino,2023-10-14,2023-11-05,concluido_sucesso,2024-04-03,2
C-OV-M-00076-01,OV-M-00076,ovino,2024-07-24,2024-07-24,concluido_sucesso,2024-12-21,1
C-OV-M-00076-02,OV-M-00076,ovino,2025-03-21,2025-03-21,concluido_sucesso,2025-08-18,1
C-OV-M-00076-03,OV-M-00076,ovino,2025-12-01,2025-12-01,concluido_sucesso,2026-04-30,1
C-OV-M-00077-00,OV-M-00077,ovino,2023-02-23,2023-02-23,concluido_sucesso,2023-07-23,1
C-OV-M-00077-01,OV-M-00077,ovino,2023-10-29,2023-10-29,concluido_sucesso,2024-03-27,1
C-OV-M-00078-00,OV-M-00078,ovino,2023-03-01,2023-04-05,concluido_sucesso,2023-09-02,3
C-OV-M-00078-01,OV-M-00078,ovino,2023-12-10,2023-12-10,concluido_sucesso,2024-05-08,1
C-OV-M-00078-02,OV-M-00078,ovino,2024-07-18,2024-08-06,concluido_sucesso,2025-01-03,2
C-OV-M-00079-00,OV-M-00079,ovino,2023-06-30,2023-07-21,concluido_sucesso,2023-12-18,2
C-OV-M-00079-01,OV-M-00079,ovino,2024-03-29,2024-03-29,concluido_sucesso,2024-08-26,1
C-OV-M-00080-00,OV-M-00080,ovino,2023-09-11,2023-09-11,concluido_sucesso,2024-02-08,1
C-OV-M-00080-01,OV-M-00080,ovino,2024-05-06,2024-05-06,concluido_sucesso,2024-10-03,1
C-OV-M-00080-02,OV-M-00080,ovino,2025-01-06,2025-02-17,concluido_falha,,3
C-OV-M-00080-03,OV-M-00080,ovino,2025-04-17,2025-04-17,concluido_sucesso,2025-09-14,1
C-OV-M-00080-04,OV-M-00080,ovino,2025-11-29,2026-01-06,concluido_falha,,3
C-OV-M-00081-00,OV-M-00081,ovino,2023-03-20,2023-03-20,concluido_sucesso,2023-08-17,1
C-OV-M-00081-01,OV-M-00081,ovino,2023-10-27,2023-12-07,concluido_falha,,3
C-OV-M-00081-02,OV-M-00081,ovino,2024-02-08,2024-02-08,concluido_sucesso,2024-07-07,1
C-OV-M-00081-03,OV-M-00081,ovino,2024-10-11,2024-10-11,concluido_sucesso,2025-03-10,1
C-OV-M-00081-04,OV-M-00081,ovino,2025-05-26,2025-06-30,concluido_falha,,3
C-OV-M-00081-05,OV-M-00081,ovino,2025-08-19,2025-09-28,concluido_sucesso,2026-02-25,3
C-OV-M-00082-00,OV-M-00082,ovino,2023-05-13,2023-06-04,concluido_sucesso,2023-11-01,2
C-OV-M-00082-01,OV-M-00082,ovino,2024-01-15,2024-01-15,concluido_sucesso,2024-06-13,1
C-OV-M-00082-02,OV-M-00082,ovino,2024-09-29,2024-09-29,concluido_sucesso,2025-02-26,1
C-OV-M-00083-00,OV-M-00083,ovino,2023-03-02,2023-04-08,concluido_falha,,3
C-OV-M-00083-01,OV-M-00083,ovino,2023-05-09,2023-05-09,concluido_sucesso,2023-10-06,1
C-OV-M-00083-02,OV-M-00083,ovino,2023-12-27,2024-02-06,concluido_falha,,3
C-OV-M-00083-03,OV-M-00083,ovino,2024-03-13,2024-04-26,concluido_falha,,3
C-OV-M-00083-04,OV-M-00083,ovino,2024-05-30,2024-07-08,concluido_falha,,3
C-OV-M-00084-00,OV-M-00084,ovino,2023-09-14,2023-10-22,concluido_falha,,3
C-OV-M-00084-01,OV-M-00084,ovino,2023-12-24,2023-12-24,concluido_sucesso,2024-05-22,1
C-OV-M-00084-02,OV-M-00084,ovino,2024-08-05,2024-09-12,concluido_sucesso,2025-02-09,3
C-OV-M-00084-03,OV-M-00084,ovino,2025-04-10,2025-04-10,concluido_sucesso,2025-09-07,1
C-OV-M-00084-04,OV-M-00084,ovino,2025-11-23,2025-11-23,concluido_sucesso,2026-04-22,1
C-OV-M-00085-00,OV-M-00085,ovino,2023-06-19,2023-07-09,concluido_sucesso,2023-12-06,2
C-OV-M-00085-01,OV-M-00085,ovino,2024-03-15,2024-03-15,concluido_sucesso,2024-08-12,1
C-OV-M-00085-02,OV-M-00085,ovino,2024-11-10,2024-11-10,concluido_sucesso,2025-04-09,1
C-OV-M-00085-03,OV-M-00085,ovino,2025-06-15,2025-06-15,concluido_sucesso,2025-11-12,1
C-OV-M-00085-04,OV-M-00085,ovino,2026-01-24,2026-03-02,concluido_sucesso,2026-07-30,3
C-OV-M-00086-00,OV-M-00086,ovino,2023-03-22,2023-04-27,concluido_sucesso,2023-09-24,3
C-OV-M-00086-01,OV-M-00086,ovino,2023-11-30,2023-11-30,concluido_sucesso,2024-04-28,1
C-OV-M-00086-02,OV-M-00086,ovino,2024-08-16,2024-08-16,concluido_sucesso,2025-01-13,1
C-OV-M-00086-03,OV-M-00086,ovino,2025-04-24,2025-04-24,concluido_sucesso,2025-09-21,1
C-OV-M-00087-00,OV-M-00087,ovino,2023-09-19,2023-09-19,concluido_sucesso,2024-02-16,1
C-OV-M-00087-01,OV-M-00087,ovino,2024-06-09,2024-06-09,concluido_sucesso,2024-11-06,1
C-OV-M-00087-02,OV-M-00087,ovino,2025-02-03,2025-02-03,concluido_sucesso,2025-07-03,1
C-OV-M-00087-03,OV-M-00087,ovino,2025-09-10,2025-09-10,concluido_sucesso,2026-02-07,1
C-OV-M-00087-04,OV-M-00087,ovino,2026-04-30,2026-04-30,concluido_sucesso,2026-09-27,1
C-OV-M-00088-00,OV-M-00088,ovino,2023-05-19,2023-05-19,concluido_sucesso,2023-10-16,1
C-OV-M-00088-01,OV-M-00088,ovino,2024-01-29,2024-01-29,concluido_sucesso,2024-06-27,1
C-OV-M-00088-02,OV-M-00088,ovino,2024-09-23,2024-09-23,concluido_sucesso,2025-02-20,1
C-OV-M-00089-00,OV-M-00089,ovino,2023-05-24,2023-05-24,concluido_sucesso,2023-10-21,1
C-OV-M-00089-01,OV-M-00089,ovino,2024-01-17,2024-01-17,concluido_sucesso,2024-06-15,1
C-OV-M-00089-02,OV-M-00089,ovino,2024-10-09,2024-10-09,concluido_sucesso,2025-03-08,1
C-OV-M-00089-03,OV-M-00089,ovino,2025-06-06,2025-06-06,concluido_sucesso,2025-11-03,1
C-OV-M-00089-04,OV-M-00089,ovino,2026-02-26,2026-02-26,concluido_sucesso,2026-07-26,1
C-OV-M-00090-00,OV-M-00090,ovino,2023-08-23,2023-08-23,concluido_sucesso,2024-01-20,1
C-OV-M-00090-01,OV-M-00090,ovino,2024-05-16,2024-05-16,concluido_sucesso,2024-10-13,1
C-OV-M-00090-02,OV-M-00090,ovino,2025-01-17,2025-02-24,concluido_falha,,3
C-OV-M-00090-03,OV-M-00090,ovino,2025-03-26,2025-05-05,concluido_falha,,3
C-OV-M-00090-04,OV-M-00090,ovino,2025-06-25,2025-08-03,concluido_falha,,3
C-OV-M-00090-05,OV-M-00090,ovino,2025-09-23,2025-10-30,concluido_falha,,3
C-OV-M-00091-00,OV-M-00091,ovino,2023-05-23,2023-05-23,concluido_sucesso,2023-10-20,1
C-OV-M-00091-01,OV-M-00091,ovino,2024-01-29,2024-01-29,concluido_sucesso,2024-06-27,1
C-OV-M-00091-02,OV-M-00091,ovino,2024-10-18,2024-11-22,concluido_falha,,3
C-OV-M-00091-03,OV-M-00091,ovino,2024-12-24,2025-01-11,concluido_sucesso,2025-06-10,2
C-OV-M-00091-04,OV-M-00091,ovino,2025-09-11,2025-09-11,concluido_sucesso,2026-02-08,1
C-OV-M-00092-00,OV-M-00092,ovino,2023-07-25,2023-07-25,concluido_sucesso,2023-12-22,1
C-OV-M-00092-01,OV-M-00092,ovino,2024-02-25,2024-03-16,concluido_sucesso,2024-08-13,2
C-OV-M-00092-02,OV-M-00092,ovino,2024-12-05,2024-12-05,concluido_sucesso,2025-05-04,1
C-OV-M-00092-03,OV-M-00092,ovino,2025-07-15,2025-08-27,concluido_falha,,3
C-OV-M-00092-04,OV-M-00092,ovino,2025-10-20,2025-11-30,concluido_falha,,3
C-OV-M-00092-05,OV-M-00092,ovino,2026-01-10,2026-02-11,concluido_falha,,3
C-OV-M-00093-00,OV-M-00093,ovino,2023-09-16,2023-10-26,concluido_falha,,3
C-OV-M-00093-01,OV-M-00093,ovino,2023-12-30,2024-02-07,concluido_falha,,3
C-OV-M-00093-02,OV-M-00093,ovino,2024-04-06,2024-05-17,concluido_falha,,3
C-OV-M-00093-03,OV-M-00093,ovino,2024-07-10,2024-08-12,concluido_falha,,3
C-OV-M-00093-04,OV-M-00093,ovino,2024-09-23,2024-10-11,concluido_sucesso,2025-03-10,2
C-OV-M-00093-05,OV-M-00093,ovino,2025-07-04,2025-07-23,concluido_sucesso,2025-12-20,2
C-OV-M-00094-00,OV-M-00094,ovino,2023-07-08,2023-07-08,concluido_sucesso,2023-12-05,1
C-OV-M-00094-01,OV-M-00094,ovino,2024-02-09,2024-03-17,concluido_falha,,3
C-OV-M-00094-02,OV-M-00094,ovino,2024-05-17,2024-05-17,concluido_sucesso,2024-10-14,1
C-OV-M-00094-03,OV-M-00094,ovino,2025-01-11,2025-01-11,concluido_sucesso,2025-06-10,1
C-OV-M-00094-04,OV-M-00094,ovino,2025-09-27,2025-09-27,concluido_sucesso,2026-02-24,1
C-OV-M-00095-00,OV-M-00095,ovino,2023-07-10,2023-07-10,concluido_sucesso,2023-12-07,1
C-OV-M-00095-01,OV-M-00095,ovino,2024-02-10,2024-03-16,concluido_sucesso,2024-08-13,3
C-OV-M-00095-02,OV-M-00095,ovino,2024-12-07,2024-12-07,concluido_sucesso,2025-05-06,1
C-OV-M-00095-03,OV-M-00095,ovino,2025-08-25,2025-10-06,concluido_sucesso,2026-03-05,3
C-OV-M-00096-00,OV-M-00096,ovino,2023-02-24,2023-02-24,concluido_sucesso,2023-07-24,1
C-OV-M-00096-01,OV-M-00096,ovino,2023-09-26,2023-09-26,concluido_sucesso,2024-02-23,1
C-OV-M-00096-02,OV-M-00096,ovino,2024-06-15,2024-07-06,concluido_sucesso,2024-12-03,2
C-OV-M-00096-03,OV-M-00096,ovino,2025-03-13,2025-03-13,concluido_sucesso,2025-08-10,1
C-OV-M-00096-04,OV-M-00096,ovino,2025-11-29,2025-11-29,concluido_sucesso,2026-04-28,1
C-OV-M-00097-00,OV-M-00097,ovino,2023-04-17,2023-05-26,concluido_falha,,3
C-OV-M-00097-01,OV-M-00097,ovino,2023-07-21,2023-08-27,concluido_falha,,3
C-OV-M-00097-02,OV-M-00097,ovino,2023-10-02,2023-11-06,concluido_falha,,3
C-OV-M-00098-00,OV-M-00098,ovino,2023-08-10,2023-08-26,concluido_sucesso,2024-01-23,2
C-OV-M-00098-01,OV-M-00098,ovino,2024-04-10,2024-04-10,concluido_sucesso,2024-09-07,1
C-OV-M-00098-02,OV-M-00098,ovino,2024-12-18,2025-01-27,concluido_falha,,3
C-OV-M-00098-03,OV-M-00098,ovino,2025-03-29,2025-03-29,concluido_sucesso,2025-08-26,1
C-OV-M-00098-04,OV-M-00098,ovino,2025-11-07,2025-11-07,concluido_sucesso,2026-04-06,1
C-OV-M-00099-00,OV-M-00099,ovino,2023-05-26,2023-05-26,concluido_sucesso,2023-10-23,1
C-OV-M-00099-01,OV-M-00099,ovino,2024-01-05,2024-01-05,concluido_sucesso,2024-06-03,1
C-OV-M-00099-02,OV-M-00099,ovino,2024-09-14,2024-09-14,concluido_sucesso,2025-02-11,1
C-OV-M-00099-03,OV-M-00099,ovino,2025-06-10,2025-06-10,concluido_sucesso,2025-11-07,1
C-OV-M-00099-04,OV-M-00099,ovino,2026-02-09,2026-02-09,concluido_sucesso,2026-07-09,1
C-OV-M-00100-00,OV-M-00100,ovino,2023-01-01,2023-01-01,concluido_sucesso,2023-05-31,1
C-OV-M-00100-01,OV-M-00100,ovino,2023-09-07,2023-09-23,concluido_sucesso,2024-02-20,2
C-OV-M-00100-02,OV-M-00100,ovino,2024-05-25,2024-05-25,concluido_sucesso,2024-10-22,1
C-OV-M-00100-03,OV-M-00100,ovino,2025-01-04,2025-01-24,concluido_sucesso,2025-06-23,2
C-OV-M-00100-04,OV-M-00100,ovino,2025-09-01,2025-09-01,concluido_sucesso,2026-01-29,1
C-OV-M-00100-05,OV-M-00100,ovino,2026-04-14,2026-04-14,concluido_sucesso,2026-09-11,1
C-OV-M-00101-00,OV-M-00101,ovino,2023-04-18,2023-04-18,concluido_sucesso,2023-09-15,1
C-OV-M-00101-01,OV-M-00101,ovino,2023-12-07,2023-12-29,concluido_sucesso,2024-05-27,2
C-OV-M-00101-02,OV-M-00101,ovino,2024-08-10,2024-08-26,concluido_sucesso,2025-01-23,2
C-OV-M-00101-03,OV-M-00101,ovino,2025-05-02,2025-05-02,concluido_sucesso,2025-09-29,1
C-OV-M-00101-04,OV-M-00101,ovino,2025-11-29,2025-11-29,concluido_sucesso,2026-04-28,1
C-OV-M-00102-00,OV-M-00102,ovino,2023-08-22,2023-08-22,concluido_sucesso,2024-01-19,1
C-OV-M-00102-01,OV-M-00102,ovino,2024-03-20,2024-03-20,concluido_sucesso,2024-08-17,1
C-OV-M-00102-02,OV-M-00102,ovino,2024-11-24,2024-11-24,concluido_sucesso,2025-04-23,1
C-OV-M-00102-03,OV-M-00102,ovino,2025-06-23,2025-07-29,concluido_falha,,3
C-OV-M-00102-04,OV-M-00102,ovino,2025-09-10,2025-09-10,concluido_sucesso,2026-02-07,1
C-OV-M-00103-00,OV-M-00103,ovino,2023-01-10,2023-01-10,concluido_sucesso,2023-06-09,1
C-OV-M-00103-01,OV-M-00103,ovino,2023-08-25,2023-08-25,concluido_sucesso,2024-01-22,1
C-OV-M-00103-02,OV-M-00103,ovino,2024-04-12,2024-04-12,concluido_sucesso,2024-09-09,1
C-OV-M-00103-03,OV-M-00103,ovino,2024-12-25,2024-12-25,concluido_sucesso,2025-05-24,1
C-OV-M-00103-04,OV-M-00103,ovino,2025-08-03,2025-08-03,concluido_sucesso,2025-12-31,1
C-OV-M-00103-05,OV-M-00103,ovino,2026-03-26,2026-03-26,concluido_sucesso,2026-08-23,1
C-OV-M-00104-00,OV-M-00104,ovino,2023-07-15,2023-08-06,concluido_sucesso,2024-01-03,2
C-OV-M-00104-01,OV-M-00104,ovino,2024-03-15,2024-03-15,concluido_sucesso,2024-08-12,1
C-OV-M-00104-02,OV-M-00104,ovino,2024-10-24,2024-10-24,concluido_sucesso,2025-03-23,1
C-OV-M-00104-03,OV-M-00104,ovino,2025-05-26,2025-06-14,concluido_sucesso,2025-11-11,2
C-OV-M-00105-00,OV-M-00105,ovino,2023-03-21,2023-04-11,concluido_sucesso,2023-09-08,2
C-OV-M-00105-01,OV-M-00105,ovino,2023-12-19,2024-01-24,concluido_falha,,3
C-OV-M-00105-02,OV-M-00105,ovino,2024-02-27,2024-02-27,concluido_sucesso,2024-07-26,1
C-OV-M-00105-03,OV-M-00105,ovino,2024-11-21,2024-12-11,concluido_sucesso,2025-05-10,2
C-OV-M-00105-04,OV-M-00105,ovino,2025-07-10,2025-08-15,concluido_sucesso,2026-01-12,3
C-OV-M-00106-00,OV-M-00106,ovino,2023-10-13,2023-11-17,concluido_sucesso,2024-04-15,3
C-OV-M-00106-01,OV-M-00106,ovino,2024-07-18,2024-08-04,concluido_sucesso,2025-01-01,2
C-OV-M-00106-02,OV-M-00106,ovino,2025-03-26,2025-05-05,concluido_falha,,3
C-OV-M-00106-03,OV-M-00106,ovino,2025-06-24,2025-07-10,concluido_sucesso,2025-12-07,2
C-OV-M-00106-04,OV-M-00106,ovino,2026-03-12,2026-04-14,concluido_sucesso,2026-09-11,3
C-OV-M-00107-00,OV-M-00107,ovino,2023-03-22,2023-03-22,concluido_sucesso,2023-08-19,1
C-OV-M-00107-01,OV-M-00107,ovino,2023-11-11,2023-11-11,concluido_sucesso,2024-04-09,1
C-OV-M-00108-00,OV-M-00108,ovino,2023-08-10,2023-09-17,concluido_falha,,3
C-OV-M-00108-01,OV-M-00108,ovino,2023-11-01,2023-12-08,concluido_falha,,3
C-OV-M-00108-02,OV-M-00108,ovino,2024-02-15,2024-03-22,concluido_falha,,3
C-OV-M-00108-03,OV-M-00108,ovino,2024-04-29,2024-06-10,concluido_falha,,3
C-OV-M-00108-04,OV-M-00108,ovino,2024-07-28,2024-09-04,concluido_falha,,3
C-OV-M-00108-05,OV-M-00108,ovino,2024-10-18,2024-11-24,concluido_falha,,3
C-OV-M-00109-00,OV-M-00109,ovino,2023-09-07,2023-09-23,concluido_sucesso,2024-02-20,2
C-OV-M-00109-01,OV-M-00109,ovino,2024-06-05,2024-06-05,concluido_sucesso,2024-11-02,1
C-OV-M-00109-02,OV-M-00109,ovino,2025-02-01,2025-02-01,concluido_sucesso,2025-07-01,1
C-OV-M-00109-03,OV-M-00109,ovino,2025-09-20,2025-09-20,concluido_sucesso,2026-02-17,1
C-OV-M-00110-00,OV-M-00110,ovino,2023-07-26,2023-07-26,concluido_sucesso,2023-12-23,1
C-OV-M-00110-01,OV-M-00110,ovino,2024-03-23,2024-04-13,concluido_sucesso,2024-09-10,2
C-OV-M-00110-02,OV-M-00110,ovino,2024-12-20,2025-01-09,concluido_sucesso,2025-06-08,2
C-OV-M-00110-03,OV-M-00110,ovino,2025-09-07,2025-09-23,concluido_sucesso,2026-02-20,2
C-OV-M-00111-00,OV-M-00111,ovino,2023-03-19,2023-03-19,concluido_sucesso,2023-08-16,1
C-OV-M-00111-01,OV-M-00111,ovino,2023-11-24,2023-11-24,concluido_sucesso,2024-04-22,1
C-OV-M-00111-02,OV-M-00111,ovino,2024-08-02,2024-08-23,concluido_sucesso,2025-01-20,2
C-OV-M-00111-03,OV-M-00111,ovino,2025-05-10,2025-05-10,concluido_sucesso,2025-10-07,1
C-OV-M-00111-04,OV-M-00111,ovino,2026-02-02,2026-02-02,concluido_sucesso,2026-07-02,1
C-OV-M-00112-00,OV-M-00112,ovino,2023-08-13,2023-08-13,concluido_sucesso,2024-01-10,1
C-OV-M-00112-01,OV-M-00112,ovino,2024-04-03,2024-04-19,concluido_sucesso,2024-09-16,2
C-OV-M-00112-02,OV-M-00112,ovino,2024-12-23,2024-12-23,concluido_sucesso,2025-05-22,1
C-OV-M-00112-03,OV-M-00112,ovino,2025-08-01,2025-08-01,concluido_sucesso,2025-12-29,1
C-OV-M-00112-04,OV-M-00112,ovino,2026-04-01,2026-04-01,concluido_sucesso,2026-08-29,1
C-OV-M-00113-00,OV-M-00113,ovino,2023-04-22,2023-04-22,concluido_sucesso,2023-09-19,1
C-OV-M-00113-01,OV-M-00113,ovino,2023-12-25,2023-12-25,concluido_sucesso,2024-05-23,1
C-OV-M-00113-02,OV-M-00113,ovino,2024-09-12,2024-09-12,concluido_sucesso,2025-02-09,1
C-OV-M-00113-03,OV-M-00113,ovino,2025-04-13,2025-04-13,concluido_sucesso,2025-09-10,1
C-OV-M-00113-04,OV-M-00113,ovino,2025-11-09,2025-11-26,concluido_sucesso,2026-04-25,2
C-OV-M-00114-00,OV-M-00114,ovino,2023-09-17,2023-09-17,concluido_sucesso,2024-02-14,1
C-OV-M-00114-01,OV-M-00114,ovino,2024-05-22,2024-06-09,concluido_sucesso,2024-11-06,2
C-OV-M-00114-02,OV-M-00114,ovino,2025-01-12,2025-01-12,concluido_sucesso,2025-06-11,1
C-OV-M-00114-03,OV-M-00114,ovino,2025-08-16,2025-08-16,concluido_sucesso,2026-01-13,1
C-OV-M-00114-04,OV-M-00114,ovino,2026-04-23,2026-04-23,concluido_sucesso,2026-09-20,1
C-OV-M-00115-00,OV-M-00115,ovino,2023-04-08,2023-04-08,concluido_sucesso,2023-09-05,1
C-OV-M-00115-01,OV-M-00115,ovino,2023-12-16,2024-01-05,concluido_sucesso,2024-06-03,2
C-OV-M-00115-02,OV-M-00115,ovino,2024-08-07,2024-08-07,concluido_sucesso,2025-01-04,1
C-OV-M-00115-03,OV-M-00115,ovino,2025-03-19,2025-04-07,concluido_sucesso,2025-09-04,2
C-OV-M-00116-00,OV-M-00116,ovino,2023-02-16,2023-02-16,concluido_sucesso,2023-07-16,1
C-OV-M-00116-01,OV-M-00116,ovino,2023-10-22,2023-10-22,concluido_sucesso,2024-03-20,1
C-OV-M-00116-02,OV-M-00116,ovino,2024-06-21,2024-06-21,concluido_sucesso,2024-11-18,1
C-OV-M-00116-03,OV-M-00116,ovino,2025-03-01,2025-03-01,concluido_sucesso,2025-07-29,1
C-OV-M-00116-04,OV-M-00116,ovino,2025-10-28,2025-11-17,concluido_sucesso,2026-04-16,2
C-OV-M-00117-00,OV-M-00117,ovino,2023-07-08,2023-08-12,concluido_sucesso,2024-01-09,3
C-OV-M-00117-01,OV-M-00117,ovino,2024-04-22,2024-04-22,concluido_sucesso,2024-09-19,1
C-OV-M-00117-02,OV-M-00117,ovino,2024-12-05,2024-12-05,concluido_sucesso,2025-05-04,1
C-OV-M-00117-03,OV-M-00117,ovino,2025-07-28,2025-08-15,concluido_sucesso,2026-01-12,2
C-OV-M-00117-04,OV-M-00117,ovino,2026-04-05,2026-04-24,concluido_sucesso,2026-09-21,2
C-OV-M-00118-00,OV-M-00118,ovino,2023-07-05,2023-07-05,concluido_sucesso,2023-12-02,1
C-OV-M-00118-01,OV-M-00118,ovino,2024-03-29,2024-03-29,concluido_sucesso,2024-08-26,1
C-OV-M-00118-02,OV-M-00118,ovino,2024-12-17,2025-01-03,concluido_sucesso,2025-06-02,2
C-OV-M-00118-03,OV-M-00118,ovino,2025-08-16,2025-09-25,concluido_falha,,3
C-OV-M-00118-04,OV-M-00118,ovino,2025-11-16,2025-12-24,concluido_falha,,3
C-OV-M-00118-05,OV-M-00118,ovino,2026-02-15,2026-03-31,concluido_falha,,3
C-OV-M-00119-00,OV-M-00119,ovino,2023-03-19,2023-03-19,concluido_sucesso,2023-08-16,1
C-OV-M-00119-01,OV-M-00119,ovino,2023-10-25,2023-11-29,concluido_falha,,3
C-OV-M-00119-02,OV-M-00119,ovino,2023-12-30,2023-12-30,concluido_sucesso,2024-05-28,1
C-OV-M-00120-00,OV-M-00120,ovino,2023-05-28,2023-07-07,concluido_falha,,3
C-OV-M-00120-01,OV-M-00120,ovino,2023-09-14,2023-09-14,concluido_sucesso,2024-02-11,1
C-OV-M-00120-02,OV-M-00120,ovino,2024-05-28,2024-07-05,concluido_sucesso,2024-12-02,3
C-OV-M-00120-03,OV-M-00120,ovino,2025-03-13,2025-03-13,concluido_sucesso,2025-08-10,1
C-OV-M-00120-04,OV-M-00120,ovino,2025-10-31,2025-12-10,concluido_falha,,3
C-OV-M-00120-05,OV-M-00120,ovino,2026-02-04,2026-02-04,concluido_sucesso,2026-07-04,1
C-OV-M-00121-00,OV-M-00121,ovino,2023-05-10,2023-06-16,concluido_falha,,3
C-OV-M-00121-01,OV-M-00121,ovino,2023-07-17,2023-08-26,concluido_falha,,3
C-OV-M-00121-02,OV-M-00121,ovino,2023-10-25,2023-11-30,concluido_falha,,3
C-OV-M-00121-03,OV-M-00121,ovino,2024-01-07,2024-01-07,concluido_sucesso,2024-06-05,1
C-OV-M-00121-04,OV-M-00121,ovino,2024-09-03,2024-09-03,concluido_sucesso,2025-01-31,1
C-OV-M-00121-05,OV-M-00121,ovino,2025-04-10,2025-04-10,concluido_sucesso,2025-09-07,1
C-OV-M-00122-00,OV-M-00122,ovino,2023-08-12,2023-08-12,concluido_sucesso,2024-01-09,1
C-OV-M-00122-01,OV-M-00122,ovino,2024-04-04,2024-04-04,concluido_sucesso,2024-09-01,1
C-OV-M-00122-02,OV-M-00122,ovino,2024-12-11,2024-12-11,concluido_sucesso,2025-05-10,1
C-OV-M-00122-03,OV-M-00122,ovino,2025-08-31,2025-08-31,concluido_sucesso,2026-01-28,1
C-OV-M-00123-00,OV-M-00123,ovino,2023-05-23,2023-05-23,concluido_sucesso,2023-10-20,1
C-OV-M-00123-01,OV-M-00123,ovino,2024-02-07,2024-02-07,concluido_sucesso,2024-07-06,1
C-OV-M-00123-02,OV-M-00123,ovino,2024-10-08,2024-10-08,concluido_sucesso,2025-03-07,1
C-OV-M-00123-03,OV-M-00123,ovino,2025-05-15,2025-05-15,concluido_sucesso,2025-10-12,1
C-OV-M-00123-04,OV-M-00123,ovino,2026-02-07,2026-02-07,concluido_sucesso,2026-07-07,1
C-OV-M-00124-00,OV-M-00124,ovino,2023-10-04,2023-10-04,concluido_sucesso,2024-03-02,1
C-OV-M-00124-01,OV-M-00124,ovino,2024-05-28,2024-07-05,concluido_sucesso,2024-12-02,3
C-OV-M-00124-02,OV-M-00124,ovino,2025-03-03,2025-03-23,concluido_sucesso,2025-08-20,2
C-OV-M-00124-03,OV-M-00124,ovino,2025-11-26,2025-12-15,concluido_sucesso,2026-05-14,2
C-OV-M-00125-00,OV-M-00125,ovino,2023-01-08,2023-02-09,concluido_falha,,3
C-OV-M-00125-01,OV-M-00125,ovino,2023-03-22,2023-03-22,concluido_sucesso,2023-08-19,1
C-OV-M-00125-02,OV-M-00125,ovino,2023-11-07,2023-11-26,concluido_sucesso,2024-04-24,2
C-OV-M-00125-03,OV-M-00125,ovino,2024-06-23,2024-07-31,concluido_falha,,3
C-OV-M-00125-04,OV-M-00125,ovino,2024-10-04,2024-11-13,concluido_falha,,3
C-OV-M-00125-05,OV-M-00125,ovino,2025-01-19,2025-02-24,concluido_falha,,3
C-OV-M-00126-00,OV-M-00126,ovino,2023-03-21,2023-03-21,concluido_sucesso,2023-08-18,1
C-OV-M-00126-01,OV-M-00126,ovino,2023-10-19,2023-10-19,concluido_sucesso,2024-03-17,1
C-OV-M-00126-02,OV-M-00126,ovino,2024-05-25,2024-05-25,concluido_sucesso,2024-10-22,1
C-OV-M-00126-03,OV-M-00126,ovino,2024-12-24,2025-02-02,concluido_falha,,3
C-OV-M-00126-04,OV-M-00126,ovino,2025-03-12,2025-04-21,concluido_falha,,3
C-OV-M-00126-05,OV-M-00126,ovino,2025-06-22,2025-07-30,concluido_falha,,3
C-OV-M-00127-00,OV-M-00127,ovino,2023-03-01,2023-03-01,concluido_sucesso,2023-07-29,1
C-OV-M-00127-01,OV-M-00127,ovino,2023-11-05,2023-11-23,concluido_sucesso,2024-04-21,2
C-OV-M-00127-02,OV-M-00127,ovino,2024-08-15,2024-09-24,concluido_falha,,3
C-OV-M-00127-03,OV-M-00127,ovino,2024-10-28,2024-12-07,concluido_falha,,3
C-OV-M-00128-00,OV-M-00128,ovino,2023-01-27,2023-03-11,concluido_falha,,3
C-OV-M-00128-01,OV-M-00128,ovino,2023-04-30,2023-06-12,concluido_falha,,3
C-OV-M-00128-02,OV-M-00128,ovino,2023-07-19,2023-07-19,concluido_sucesso,2023-12-16,1
C-OV-M-00128-03,OV-M-00128,ovino,2024-04-10,2024-05-12,concluido_falha,,3
C-OV-M-00128-04,OV-M-00128,ovino,2024-07-04,2024-08-11,concluido_falha,,3
C-OV-M-00128-05,OV-M-00128,ovino,2024-09-25,2024-09-25,concluido_sucesso,2025-02-22,1
C-OV-M-00129-00,OV-M-00129,ovino,2023-02-12,2023-03-01,concluido_sucesso,2023-07-29,2
C-OV-M-00129-01,OV-M-00129,ovino,2023-11-14,2023-11-14,concluido_sucesso,2024-04-12,1
C-OV-M-00129-02,OV-M-00129,ovino,2024-07-29,2024-07-29,concluido_sucesso,2024-12-26,1
C-OV-M-00130-00,OV-M-00130,ovino,2023-09-26,2023-09-26,concluido_sucesso,2024-02-23,1
C-OV-M-00130-01,OV-M-00130,ovino,2024-05-02,2024-05-02,concluido_sucesso,2024-09-29,1
C-OV-M-00130-02,OV-M-00130,ovino,2025-01-11,2025-02-19,concluido_falha,,3
C-OV-M-00130-03,OV-M-00130,ovino,2025-04-29,2025-04-29,concluido_sucesso,2025-09-26,1
C-OV-M-00130-04,OV-M-00130,ovino,2025-12-04,2025-12-25,concluido_sucesso,2026-05-24,2
C-OV-M-00131-00,OV-M-00131,ovino,2023-07-08,2023-08-16,concluido_falha,,3
C-OV-M-00131-01,OV-M-00131,ovino,2023-09-17,2023-09-17,concluido_sucesso,2024-02-14,1
C-OV-M-00131-02,OV-M-00131,ovino,2024-04-14,2024-05-06,concluido_sucesso,2024-10-03,2
C-OV-M-00131-03,OV-M-00131,ovino,2024-12-06,2024-12-27,concluido_sucesso,2025-05-26,2
C-OV-M-00132-00,OV-M-00132,ovino,2023-09-25,2023-09-25,concluido_sucesso,2024-02-22,1
C-OV-M-00132-01,OV-M-00132,ovino,2024-06-14,2024-07-24,concluido_falha,,3
C-OV-M-00132-02,OV-M-00132,ovino,2024-09-13,2024-09-13,concluido_sucesso,2025-02-10,1
C-OV-M-00133-00,OV-M-00133,ovino,2023-09-22,2023-10-09,concluido_sucesso,2024-03-07,2
C-OV-M-00133-01,OV-M-00133,ovino,2024-06-26,2024-06-26,concluido_sucesso,2024-11-23,1
C-OV-M-00133-02,OV-M-00133,ovino,2025-02-24,2025-02-24,concluido_sucesso,2025-07-24,1
C-OV-M-00134-00,OV-M-00134,ovino,2023-07-18,2023-07-18,concluido_sucesso,2023-12-15,1
C-OV-M-00134-01,OV-M-00134,ovino,2024-04-06,2024-04-06,concluido_sucesso,2024-09-03,1
C-OV-M-00134-02,OV-M-00134,ovino,2024-11-23,2024-11-23,concluido_sucesso,2025-04-22,1
C-OV-M-00134-03,OV-M-00134,ovino,2025-07-24,2025-07-24,concluido_sucesso,2025-12-21,1
C-OV-M-00134-04,OV-M-00134,ovino,2026-03-14,2026-03-14,concluido_sucesso,2026-08-11,1
C-OV-M-00135-00,OV-M-00135,ovino,2023-06-13,2023-06-13,concluido_sucesso,2023-11-10,1
C-OV-M-00135-01,OV-M-00135,ovino,2024-02-26,2024-03-14,concluido_sucesso,2024-08-11,2
C-OV-M-00135-02,OV-M-00135,ovino,2024-10-25,2024-10-25,concluido_sucesso,2025-03-24,1
C-OV-M-00135-03,OV-M-00135,ovino,2025-06-02,2025-06-23,concluido_sucesso,2025-11-20,2
C-OV-M-00135-04,OV-M-00135,ovino,2026-02-04,2026-02-26,concluido_sucesso,2026-07-26,2
C-OV-M-00136-00,OV-M-00136,ovino,2023-04-24,2023-04-24,concluido_sucesso,2023-09-21,1
C-OV-M-00136-01,OV-M-00136,ovino,2023-12-28,2023-12-28,concluido_sucesso,2024-05-26,1
C-OV-M-00136-02,OV-M-00136,ovino,2024-09-08,2024-09-08,concluido_sucesso,2025-02-05,1
C-OV-M-00136-03,OV-M-00136,ovino,2025-04-20,2025-04-20,concluido_sucesso,2025-09-17,1
C-OV-M-00136-04,OV-M-00136,ovino,2025-11-26,2026-01-03,concluido_sucesso,2026-06-02,3
C-OV-M-00137-00,OV-M-00137,ovino,2023-06-30,2023-06-30,concluido_sucesso,2023-11-27,1
C-OV-M-00137-01,OV-M-00137,ovino,2024-02-10,2024-02-10,concluido_sucesso,2024-07-09,1
C-OV-M-00137-02,OV-M-00137,ovino,2024-10-30,2024-10-30,concluido_sucesso,2025-03-29,1
C-OV-M-00138-00,OV-M-00138,ovino,2023-02-26,2023-02-26,concluido_sucesso,2023-07-26,1
C-OV-M-00138-01,OV-M-00138,ovino,2023-11-01,2023-11-21,concluido_sucesso,2024-04-19,2
C-OV-M-00138-02,OV-M-00138,ovino,2024-08-12,2024-09-23,concluido_falha,,3
C-OV-M-00139-00,OV-M-00139,ovino,2023-09-08,2023-09-08,concluido_sucesso,2024-02-05,1
C-OV-M-00139-01,OV-M-00139,ovino,2024-04-09,2024-04-29,concluido_sucesso,2024-09-26,2
C-OV-M-00139-02,OV-M-00139,ovino,2025-01-22,2025-01-22,concluido_sucesso,2025-06-21,1
C-OV-M-00139-03,OV-M-00139,ovino,2025-09-13,2025-10-17,concluido_sucesso,2026-03-16,3
C-OV-M-00140-00,OV-M-00140,ovino,2023-01-14,2023-01-14,concluido_sucesso,2023-06-13,1
C-OV-M-00140-01,OV-M-00140,ovino,2023-09-28,2023-09-28,concluido_sucesso,2024-02-25,1
C-OV-M-00140-02,OV-M-00140,ovino,2024-05-26,2024-05-26,concluido_sucesso,2024-10-23,1
C-OV-M-00140-03,OV-M-00140,ovino,2025-02-03,2025-02-20,concluido_sucesso,2025-07-20,2
C-OV-M-00141-00,OV-M-00141,ovino,2023-03-19,2023-03-19,concluido_sucesso,2023-08-16,1
C-OV-M-00141-01,OV-M-00141,ovino,2023-12-07,2023-12-07,concluido_sucesso,2024-05-05,1
C-OV-M-00141-02,OV-M-00141,ovino,2024-07-26,2024-07-26,concluido_sucesso,2024-12-23,1
C-OV-M-00141-03,OV-M-00141,ovino,2025-04-04,2025-04-04,concluido_sucesso,2025-09-01,1
C-OV-M-00141-04,OV-M-00141,ovino,2025-12-11,2025-12-27,concluido_sucesso,2026-05-26,2
C-OV-M-00142-00,OV-M-00142,ovino,2023-02-13,2023-02-13,concluido_sucesso,2023-07-13,1
C-OV-M-00142-01,OV-M-00142,ovino,2023-09-30,2023-10-18,concluido_sucesso,2024-03-16,2
C-OV-M-00142-02,OV-M-00142,ovino,2024-07-07,2024-07-26,concluido_sucesso,2024-12-23,2
C-OV-M-00142-03,OV-M-00142,ovino,2025-04-04,2025-04-04,concluido_sucesso,2025-09-01,1
C-OV-M-00142-04,OV-M-00142,ovino,2025-11-28,2025-12-19,concluido_sucesso,2026-05-18,2
C-OV-M-00143-00,OV-M-00143,ovino,2023-08-05,2023-08-05,concluido_sucesso,2024-01-02,1
C-OV-M-00143-01,OV-M-00143,ovino,2024-03-13,2024-04-18,concluido_falha,,3
C-OV-M-00143-02,OV-M-00143,ovino,2024-05-26,2024-07-05,concluido_falha,,3
C-OV-M-00143-03,OV-M-00143,ovino,2024-08-26,2024-10-03,concluido_falha,,3
C-OV-M-00144-00,OV-M-00144,ovino,2023-01-11,2023-02-20,concluido_falha,,3
C-OV-M-00144-01,OV-M-00144,ovino,2023-03-28,2023-03-28,concluido_sucesso,2023-08-25,1
C-OV-M-00144-02,OV-M-00144,ovino,2023-10-29,2023-12-03,concluido_falha,,3
C-OV-M-00144-03,OV-M-00144,ovino,2024-01-30,2024-03-03,concluido_falha,,3
C-OV-M-00145-00,OV-M-00145,ovino,2023-03-13,2023-03-30,concluido_sucesso,2023-08-27,2
C-OV-M-00145-01,OV-M-00145,ovino,2023-12-02,2023-12-19,concluido_sucesso,2024-05-17,2
C-OV-M-00145-02,OV-M-00145,ovino,2024-08-15,2024-08-15,concluido_sucesso,2025-01-12,1
C-OV-M-00145-03,OV-M-00145,ovino,2025-03-14,2025-04-21,concluido_sucesso,2025-09-18,3
C-OV-M-00145-04,OV-M-00145,ovino,2025-12-09,2026-01-18,concluido_sucesso,2026-06-17,3
C-OV-M-00146-00,OV-M-00146,ovino,2023-08-29,2023-10-10,concluido_sucesso,2024-03-08,3
C-OV-M-00146-01,OV-M-00146,ovino,2024-06-27,2024-06-27,concluido_sucesso,2024-11-24,1
C-OV-M-00146-02,OV-M-00146,ovino,2025-02-28,2025-02-28,concluido_sucesso,2025-07-28,1
C-OV-M-00146-03,OV-M-00146,ovino,2025-10-10,2025-10-10,concluido_sucesso,2026-03-09,1
C-OV-M-00147-00,OV-M-00147,ovino,2023-10-24,2023-10-24,concluido_sucesso,2024-03-22,1
C-OV-M-00147-01,OV-M-00147,ovino,2024-07-08,2024-07-08,concluido_sucesso,2024-12-05,1
C-OV-M-00147-02,OV-M-00147,ovino,2025-02-14,2025-02-14,concluido_sucesso,2025-07-14,1
C-OV-M-00147-03,OV-M-00147,ovino,2025-09-15,2025-10-20,concluido_falha,,3
C-OV-M-00147-04,OV-M-00147,ovino,2025-11-24,2025-11-24,concluido_sucesso,2026-04-23,1
C-OV-M-00148-00,OV-M-00148,ovino,2023-03-01,2023-03-01,concluido_sucesso,2023-07-29,1
C-OV-M-00148-01,OV-M-00148,ovino,2023-10-18,2023-10-18,concluido_sucesso,2024-03-16,1
C-OV-M-00148-02,OV-M-00148,ovino,2024-07-12,2024-07-31,concluido_sucesso,2024-12-28,2
C-OV-M-00148-03,OV-M-00148,ovino,2025-04-01,2025-04-01,concluido_sucesso,2025-08-29,1
C-OV-M-00148-04,OV-M-00148,ovino,2025-11-01,2025-12-12,concluido_sucesso,2026-05-11,3
C-OV-M-00149-00,OV-M-00149,ovino,2023-08-15,2023-08-15,concluido_sucesso,2024-01-12,1
C-OV-M-00149-01,OV-M-00149,ovino,2024-04-10,2024-05-14,concluido_sucesso,2024-10-11,3
C-OV-M-00149-02,OV-M-00149,ovino,2025-01-26,2025-01-26,concluido_sucesso,2025-06-25,1
C-OV-M-00149-03,OV-M-00149,ovino,2025-09-26,2025-09-26,concluido_sucesso,2026-02-23,1
C-OV-M-00150-00,OV-M-00150,ovino,2023-07-26,2023-07-26,concluido_sucesso,2023-12-23,1
C-OV-M-00150-01,OV-M-00150,ovino,2024-03-19,2024-03-19,concluido_sucesso,2024-08-16,1
C-OV-M-00150-02,OV-M-00150,ovino,2024-10-23,2024-11-11,concluido_sucesso,2025-04-10,2
C-OV-M-00150-03,OV-M-00150,ovino,2025-06-17,2025-07-24,concluido_falha,,3
C-OV-M-00151-00,OV-M-00151,ovino,2023-02-24,2023-02-24,concluido_sucesso,2023-07-24,1
C-OV-M-00151-01,OV-M-00151,ovino,2023-11-05,2023-11-05,concluido_sucesso,2024-04-03,1
C-OV-M-00151-02,OV-M-00151,ovino,2024-06-21,2024-07-09,concluido_sucesso,2024-12-06,2
C-OV-M-00151-03,OV-M-00151,ovino,2025-03-19,2025-03-19,concluido_sucesso,2025-08-16,1
C-OV-M-00152-00,OV-M-00152,ovino,2023-04-01,2023-04-01,concluido_sucesso,2023-08-29,1
C-OV-M-00152-01,OV-M-00152,ovino,2023-11-06,2023-11-23,concluido_sucesso,2024-04-21,2
C-OV-M-00152-02,OV-M-00152,ovino,2024-08-03,2024-08-03,concluido_sucesso,2024-12-31,1
C-OV-M-00152-03,OV-M-00152,ovino,2025-03-19,2025-04-23,concluido_sucesso,2025-09-20,3
C-OV-M-00152-04,OV-M-00152,ovino,2025-11-30,2025-11-30,concluido_sucesso,2026-04-29,1
C-OV-M-00153-00,OV-M-00153,ovino,2023-02-22,2023-02-22,concluido_sucesso,2023-07-22,1
C-OV-M-00153-01,OV-M-00153,ovino,2023-10-17,2023-10-17,concluido_sucesso,2024-03-15,1
C-OV-M-00153-02,OV-M-00153,ovino,2024-06-27,2024-06-27,concluido_sucesso,2024-11-24,1
C-OV-M-00153-03,OV-M-00153,ovino,2025-03-04,2025-04-16,concluido_sucesso,2025-09-13,3
C-OV-M-00153-04,OV-M-00153,ovino,2025-11-21,2025-11-21,concluido_sucesso,2026-04-20,1
C-OV-M-00154-00,OV-M-00154,ovino,2023-09-11,2023-09-11,concluido_sucesso,2024-02-08,1
C-OV-M-00154-01,OV-M-00154,ovino,2024-05-10,2024-05-27,concluido_sucesso,2024-10-24,2
C-OV-M-00154-02,OV-M-00154,ovino,2025-01-08,2025-01-27,concluido_sucesso,2025-06-26,2
C-OV-M-00154-03,OV-M-00154,ovino,2025-09-22,2025-09-22,concluido_sucesso,2026-02-19,1
C-OV-M-00155-00,OV-M-00155,ovino,2023-05-28,2023-05-28,concluido_sucesso,2023-10-25,1
C-OV-M-00155-01,OV-M-00155,ovino,2023-12-30,2023-12-30,concluido_sucesso,2024-05-28,1
C-OV-M-00155-02,OV-M-00155,ovino,2024-09-11,2024-09-29,concluido_sucesso,2025-02-26,2
C-OV-M-00155-03,OV-M-00155,ovino,2025-06-15,2025-06-15,concluido_sucesso,2025-11-12,1
C-OV-M-00155-04,OV-M-00155,ovino,2026-02-27,2026-02-27,concluido_sucesso,2026-07-27,1
C-OV-M-00156-00,OV-M-00156,ovino,2023-08-12,2023-09-02,concluido_sucesso,2024-01-30,2
C-OV-M-00156-01,OV-M-00156,ovino,2024-04-14,2024-05-25,concluido_falha,,3
C-OV-M-00156-02,OV-M-00156,ovino,2024-06-25,2024-06-25,concluido_sucesso,2024-11-22,1
C-OV-M-00157-00,OV-M-00157,ovino,2023-10-25,2023-12-02,concluido_falha,,3
C-OV-M-00157-01,OV-M-00157,ovino,2024-01-09,2024-02-14,concluido_sucesso,2024-07-13,3
C-OV-M-00157-02,OV-M-00157,ovino,2024-11-08,2024-11-08,concluido_sucesso,2025-04-07,1
C-OV-M-00157-03,OV-M-00157,ovino,2025-07-18,2025-07-18,concluido_sucesso,2025-12-15,1
C-OV-M-00157-04,OV-M-00157,ovino,2026-03-14,2026-03-14,concluido_sucesso,2026-08-11,1
C-OV-M-00158-00,OV-M-00158,ovino,2023-04-11,2023-05-02,concluido_sucesso,2023-09-29,2
C-OV-M-00158-01,OV-M-00158,ovino,2023-12-31,2023-12-31,concluido_sucesso,2024-05-29,1
C-OV-M-00159-00,OV-M-00159,ovino,2023-06-21,2023-07-27,concluido_falha,,3
C-OV-M-00159-01,OV-M-00159,ovino,2023-09-30,2023-11-12,concluido_sucesso,2024-04-10,3
C-OV-M-00159-02,OV-M-00159,ovino,2024-07-18,2024-07-18,concluido_sucesso,2024-12-15,1
C-OV-M-00159-03,OV-M-00159,ovino,2025-04-03,2025-04-03,concluido_sucesso,2025-08-31,1
C-OV-M-00159-04,OV-M-00159,ovino,2025-12-10,2025-12-10,concluido_sucesso,2026-05-09,1
C-OV-M-00160-00,OV-M-00160,ovino,2023-04-04,2023-04-04,concluido_sucesso,2023-09-01,1
C-OV-M-00160-01,OV-M-00160,ovino,2023-12-21,2023-12-21,concluido_sucesso,2024-05-19,1
C-OV-M-00160-02,OV-M-00160,ovino,2024-07-28,2024-07-28,concluido_sucesso,2024-12-25,1
C-OV-M-00160-03,OV-M-00160,ovino,2025-02-25,2025-04-08,concluido_sucesso,2025-09-05,3
C-OV-M-00160-04,OV-M-00160,ovino,2025-12-26,2025-12-26,concluido_sucesso,2026-05-25,1
C-OV-M-00161-00,OV-M-00161,ovino,2023-05-05,2023-05-05,concluido_sucesso,2023-10-02,1
C-OV-M-00161-01,OV-M-00161,ovino,2023-12-06,2023-12-06,concluido_sucesso,2024-05-04,1
C-OV-M-00161-02,OV-M-00161,ovino,2024-08-19,2024-08-19,concluido_sucesso,2025-01-16,1
C-OV-M-00161-03,OV-M-00161,ovino,2025-04-19,2025-04-19,concluido_sucesso,2025-09-16,1
C-OV-M-00161-04,OV-M-00161,ovino,2025-11-30,2026-01-08,concluido_sucesso,2026-06-07,3
C-OV-M-00162-00,OV-M-00162,ovino,2023-02-07,2023-02-07,concluido_sucesso,2023-07-07,1
C-OV-M-00162-01,OV-M-00162,ovino,2023-10-03,2023-10-25,concluido_sucesso,2024-03-23,2
C-OV-M-00162-02,OV-M-00162,ovino,2024-07-12,2024-07-12,concluido_sucesso,2024-12-09,1
C-OV-M-00162-03,OV-M-00162,ovino,2025-03-19,2025-04-20,concluido_sucesso,2025-09-17,3
C-OV-M-00162-04,OV-M-00162,ovino,2025-12-08,2026-01-11,concluido_sucesso,2026-06-10,3
C-OV-M-00163-00,OV-M-00163,ovino,2023-01-26,2023-03-09,concluido_falha,,3
C-OV-M-00163-01,OV-M-00163,ovino,2023-05-16,2023-05-16,concluido_sucesso,2023-10-13,1
C-OV-M-00164-00,OV-M-00164,ovino,2023-09-14,2023-09-30,concluido_sucesso,2024-02-27,2
C-OV-M-00164-01,OV-M-00164,ovino,2024-06-06,2024-06-06,concluido_sucesso,2024-11-03,1
C-OV-M-00164-02,OV-M-00164,ovino,2025-02-14,2025-02-14,concluido_sucesso,2025-07-14,1
C-OV-M-00164-03,OV-M-00164,ovino,2025-10-05,2025-11-12,concluido_falha,,3
C-OV-M-00164-04,OV-M-00164,ovino,2026-01-14,2026-02-03,concluido_sucesso,2026-07-03,2
C-OV-M-00165-00,OV-M-00165,ovino,2023-10-20,2023-12-02,concluido_falha,,3
C-OV-M-00165-01,OV-M-00165,ovino,2024-01-17,2024-01-17,concluido_sucesso,2024-06-15,1
C-OV-M-00165-02,OV-M-00165,ovino,2024-09-28,2024-09-28,concluido_sucesso,2025-02-25,1
C-OV-M-00165-03,OV-M-00165,ovino,2025-05-22,2025-05-22,concluido_sucesso,2025-10-19,1
C-OV-M-00165-04,OV-M-00165,ovino,2026-01-17,2026-01-17,concluido_sucesso,2026-06-16,1
C-OV-M-00166-00,OV-M-00166,ovino,2023-05-18,2023-05-18,concluido_sucesso,2023-10-15,1
C-OV-M-00166-01,OV-M-00166,ovino,2023-12-27,2023-12-27,concluido_sucesso,2024-05-25,1
C-OV-M-00166-02,OV-M-00166,ovino,2024-08-14,2024-09-04,concluido_sucesso,2025-02-01,2
C-OV-M-00166-03,OV-M-00166,ovino,2025-05-25,2025-05-25,concluido_sucesso,2025-10-22,1
C-OV-M-00167-00,OV-M-00167,ovino,2023-06-28,2023-08-03,concluido_falha,,3
C-OV-M-00167-01,OV-M-00167,ovino,2023-09-17,2023-09-17,concluido_sucesso,2024-02-14,1
C-OV-M-00167-02,OV-M-00167,ovino,2024-06-07,2024-06-07,concluido_sucesso,2024-11-04,1
C-OV-M-00167-03,OV-M-00167,ovino,2025-01-22,2025-02-12,concluido_sucesso,2025-07-12,2
C-OV-M-00167-04,OV-M-00167,ovino,2025-09-15,2025-10-07,concluido_sucesso,2026-03-06,2
C-OV-M-00168-00,OV-M-00168,ovino,2023-09-18,2023-09-18,concluido_sucesso,2024-02-15,1
C-OV-M-00168-01,OV-M-00168,ovino,2024-05-03,2024-05-03,concluido_sucesso,2024-09-30,1
C-OV-M-00168-02,OV-M-00168,ovino,2025-01-02,2025-01-24,concluido_sucesso,2025-06-23,2
C-OV-M-00168-03,OV-M-00168,ovino,2025-09-13,2025-10-01,concluido_sucesso,2026-02-28,2
C-OV-M-00169-00,OV-M-00169,ovino,2023-10-21,2023-11-29,concluido_falha,,3
C-OV-M-00169-01,OV-M-00169,ovino,2024-01-23,2024-02-27,concluido_falha,,3
C-OV-M-00169-02,OV-M-00169,ovino,2024-04-19,2024-04-19,concluido_sucesso,2024-09-16,1
C-OV-M-00169-03,OV-M-00169,ovino,2025-01-03,2025-01-03,concluido_sucesso,2025-06-02,1
C-OV-M-00169-04,OV-M-00169,ovino,2025-09-19,2025-09-19,concluido_sucesso,2026-02-16,1
C-OV-M-00170-00,OV-M-00170,ovino,2023-02-14,2023-03-04,concluido_sucesso,2023-08-01,2
C-OV-M-00170-01,OV-M-00170,ovino,2023-10-22,2023-11-25,concluido_falha,,3
C-OV-M-00170-02,OV-M-00170,ovino,2024-01-13,2024-02-19,concluido_falha,,3
C-OV-M-00170-03,OV-M-00170,ovino,2024-04-21,2024-05-27,concluido_falha,,3
C-OV-M-00170-04,OV-M-00170,ovino,2024-07-19,2024-08-24,concluido_falha,,3
C-OV-M-00170-05,OV-M-00170,ovino,2024-09-29,2024-09-29,concluido_sucesso,2025-02-26,1
C-OV-M-00171-00,OV-M-00171,ovino,2023-04-29,2023-06-12,concluido_falha,,3
C-OV-M-00171-01,OV-M-00171,ovino,2023-07-31,2023-07-31,concluido_sucesso,2023-12-28,1
C-OV-M-00171-02,OV-M-00171,ovino,2024-03-24,2024-04-30,concluido_falha,,3
C-OV-M-00171-03,OV-M-00171,ovino,2024-05-30,2024-07-09,concluido_sucesso,2024-12-06,3
C-OV-M-00171-04,OV-M-00171,ovino,2025-03-16,2025-03-16,concluido_sucesso,2025-08-13,1
C-OV-M-00171-05,OV-M-00171,ovino,2025-11-15,2025-12-22,concluido_falha,,3
C-OV-M-00172-00,OV-M-00172,ovino,2023-10-26,2023-10-26,concluido_sucesso,2024-03-24,1
C-OV-M-00172-01,OV-M-00172,ovino,2024-06-04,2024-06-04,concluido_sucesso,2024-11-01,1
C-OV-M-00172-02,OV-M-00172,ovino,2025-01-08,2025-01-28,concluido_sucesso,2025-06-27,2
C-OV-M-00172-03,OV-M-00172,ovino,2025-10-08,2025-10-08,concluido_sucesso,2026-03-07,1
C-OV-M-00173-00,OV-M-00173,ovino,2023-09-29,2023-10-31,concluido_falha,,3
C-OV-M-00173-01,OV-M-00173,ovino,2023-12-16,2024-01-05,concluido_sucesso,2024-06-03,2
C-OV-M-00173-02,OV-M-00173,ovino,2024-09-24,2024-10-15,concluido_sucesso,2025-03-14,2
C-OV-M-00173-03,OV-M-00173,ovino,2025-07-06,2025-07-06,concluido_sucesso,2025-12-03,1
C-OV-M-00173-04,OV-M-00173,ovino,2026-03-23,2026-03-23,concluido_sucesso,2026-08-20,1
C-OV-M-00174-00,OV-M-00174,ovino,2023-02-16,2023-02-16,concluido_sucesso,2023-07-16,1
C-OV-M-00174-01,OV-M-00174,ovino,2023-09-23,2023-09-23,concluido_sucesso,2024-02-20,1
C-OV-M-00174-02,OV-M-00174,ovino,2024-05-08,2024-05-28,concluido_sucesso,2024-10-25,2
C-OV-M-00174-03,OV-M-00174,ovino,2025-01-17,2025-01-17,concluido_sucesso,2025-06-16,1
C-OV-M-00174-04,OV-M-00174,ovino,2025-09-11,2025-09-11,concluido_sucesso,2026-02-08,1
C-OV-M-00175-00,OV-M-00175,ovino,2023-07-12,2023-07-12,concluido_sucesso,2023-12-09,1
C-OV-M-00175-01,OV-M-00175,ovino,2024-03-08,2024-03-24,concluido_sucesso,2024-08-21,2
C-OV-M-00175-02,OV-M-00175,ovino,2024-10-28,2024-10-28,concluido_sucesso,2025-03-27,1
C-OV-M-00175-03,OV-M-00175,ovino,2025-06-26,2025-06-26,concluido_sucesso,2025-11-23,1
C-OV-M-00175-04,OV-M-00175,ovino,2026-03-01,2026-03-01,concluido_sucesso,2026-07-29,1
C-OV-M-00176-00,OV-M-00176,ovino,2023-07-11,2023-07-11,concluido_sucesso,2023-12-08,1
C-OV-M-00177-00,OV-M-00177,ovino,2023-09-10,2023-09-10,concluido_sucesso,2024-02-07,1
C-OV-M-00177-01,OV-M-00177,ovino,2024-05-06,2024-05-06,concluido_sucesso,2024-10-03,1
C-OV-M-00177-02,OV-M-00177,ovino,2025-01-03,2025-01-03,concluido_sucesso,2025-06-02,1
C-OV-M-00178-00,OV-M-00178,ovino,2023-09-11,2023-09-11,concluido_sucesso,2024-02-08,1
C-OV-M-00178-01,OV-M-00178,ovino,2024-05-08,2024-05-08,concluido_sucesso,2024-10-05,1
C-OV-M-00178-02,OV-M-00178,ovino,2025-01-26,2025-01-26,concluido_sucesso,2025-06-25,1
C-OV-M-00178-03,OV-M-00178,ovino,2025-08-30,2025-10-09,concluido_sucesso,2026-03-08,3
C-OV-M-00179-00,OV-M-00179,ovino,2023-05-16,2023-05-16,concluido_sucesso,2023-10-13,1
C-OV-M-00179-01,OV-M-00179,ovino,2023-12-16,2024-01-21,concluido_sucesso,2024-06-19,3
C-OV-M-00179-02,OV-M-00179,ovino,2024-09-22,2024-09-22,concluido_sucesso,2025-02-19,1
C-OV-M-00179-03,OV-M-00179,ovino,2025-05-01,2025-05-01,concluido_sucesso,2025-09-28,1
C-OV-M-00179-04,OV-M-00179,ovino,2025-12-13,2026-01-19,concluido_falha,,3
C-OV-M-00180-00,OV-M-00180,ovino,2023-08-15,2023-09-19,concluido_sucesso,2024-02-16,3
C-OV-M-00180-01,OV-M-00180,ovino,2024-06-10,2024-06-10,concluido_sucesso,2024-11-07,1
C-OV-M-00180-02,OV-M-00180,ovino,2025-01-31,2025-03-10,concluido_falha,,3
C-OV-M-00180-03,OV-M-00180,ovino,2025-05-05,2025-05-05,concluido_sucesso,2025-10-02,1
C-OV-M-00180-04,OV-M-00180,ovino,2026-01-17,2026-02-28,concluido_falha,,3
C-OV-M-00181-00,OV-M-00181,ovino,2023-01-20,2023-02-06,concluido_sucesso,2023-07-06,2
C-OV-M-00181-01,OV-M-00181,ovino,2023-09-30,2023-10-18,concluido_sucesso,2024-03-16,2
C-OV-M-00181-02,OV-M-00181,ovino,2024-07-01,2024-08-11,concluido_sucesso,2025-01-08,3
C-OV-M-00181-03,OV-M-00181,ovino,2025-05-02,2025-05-02,concluido_sucesso,2025-09-29,1
C-OV-M-00181-04,OV-M-00181,ovino,2026-01-03,2026-02-13,concluido_falha,,3
C-OV-M-00181-05,OV-M-00181,ovino,2026-03-25,2026-04-15,concluido_falha,,2
C-OV-M-00182-00,OV-M-00182,ovino,2023-08-13,2023-08-13,concluido_sucesso,2024-01-10,1
C-OV-M-00182-01,OV-M-00182,ovino,2024-03-22,2024-04-12,concluido_sucesso,2024-09-09,2
C-OV-M-00182-02,OV-M-00182,ovino,2024-11-11,2024-12-14,concluido_sucesso,2025-05-13,3
C-OV-M-00182-03,OV-M-00182,ovino,2025-09-03,2025-09-25,concluido_sucesso,2026-02-22,2
C-OV-M-00183-00,OV-M-00183,ovino,2023-08-10,2023-08-10,concluido_sucesso,2024-01-07,1
C-OV-M-00183-01,OV-M-00183,ovino,2024-04-15,2024-05-24,concluido_falha,,3
C-OV-M-00183-02,OV-M-00183,ovino,2024-07-23,2024-09-02,concluido_falha,,3
C-OV-M-00183-03,OV-M-00183,ovino,2024-10-12,2024-11-18,concluido_falha,,3
C-OV-M-00183-04,OV-M-00183,ovino,2024-12-23,2025-02-04,concluido_falha,,3
C-OV-M-00183-05,OV-M-00183,ovino,2025-04-01,2025-05-08,concluido_falha,,3
C-OV-M-00184-00,OV-M-00184,ovino,2023-01-06,2023-01-06,concluido_sucesso,2023-06-05,1
C-OV-M-00184-01,OV-M-00184,ovino,2023-09-25,2023-09-25,concluido_sucesso,2024-02-22,1
C-OV-M-00184-02,OV-M-00184,ovino,2024-05-21,2024-06-12,concluido_sucesso,2024-11-09,2
C-OV-M-00184-03,OV-M-00184,ovino,2025-01-30,2025-01-30,concluido_sucesso,2025-06-29,1
C-OV-M-00184-04,OV-M-00184,ovino,2025-09-06,2025-09-27,concluido_sucesso,2026-02-24,2
C-OV-M-00185-00,OV-M-00185,ovino,2023-08-15,2023-09-24,concluido_falha,,3
C-OV-M-00185-01,OV-M-00185,ovino,2023-11-18,2023-12-25,concluido_sucesso,2024-05-23,3
C-OV-M-00185-02,OV-M-00185,ovino,2024-08-10,2024-09-18,concluido_falha,,3
C-OV-M-00186-00,OV-M-00186,ovino,2023-02-02,2023-02-02,concluido_sucesso,2023-07-02,1
C-OV-M-00186-01,OV-M-00186,ovino,2023-10-29,2023-10-29,concluido_sucesso,2024-03-27,1
C-OV-M-00186-02,OV-M-00186,ovino,2024-06-16,2024-06-16,concluido_sucesso,2024-11-13,1
C-OV-M-00186-03,OV-M-00186,ovino,2025-02-20,2025-02-20,concluido_sucesso,2025-07-20,1
C-OV-M-00186-04,OV-M-00186,ovino,2025-10-26,2025-10-26,concluido_sucesso,2026-03-25,1
C-OV-M-00187-00,OV-M-00187,ovino,2023-06-23,2023-07-31,concluido_sucesso,2023-12-28,3
C-OV-M-00187-01,OV-M-00187,ovino,2024-04-09,2024-04-09,concluido_sucesso,2024-09-06,1
C-OV-M-00187-02,OV-M-00187,ovino,2024-12-26,2024-12-26,concluido_sucesso,2025-05-25,1
C-OV-M-00187-03,OV-M-00187,ovino,2025-08-29,2025-08-29,concluido_sucesso,2026-01-26,1
C-OV-M-00187-04,OV-M-00187,ovino,2026-03-27,2026-03-27,concluido_sucesso,2026-08-24,1
C-OV-M-00188-00,OV-M-00188,ovino,2023-08-26,2023-09-16,concluido_sucesso,2024-02-13,2
C-OV-M-00188-01,OV-M-00188,ovino,2024-05-21,2024-05-21,concluido_sucesso,2024-10-18,1
C-OV-M-00188-02,OV-M-00188,ovino,2025-02-06,2025-02-27,concluido_sucesso,2025-07-27,2
C-OV-M-00188-03,OV-M-00188,ovino,2025-10-22,2025-10-22,concluido_sucesso,2026-03-21,1
C-OV-M-00189-00,OV-M-00189,ovino,2023-02-09,2023-03-02,concluido_sucesso,2023-07-30,2
C-OV-M-00189-01,OV-M-00189,ovino,2023-10-02,2023-11-05,concluido_falha,,3
C-OV-M-00189-02,OV-M-00189,ovino,2023-12-19,2024-01-24,concluido_falha,,3
C-OV-M-00190-00,OV-M-00190,ovino,2023-02-19,2023-02-19,concluido_sucesso,2023-07-19,1
C-OV-M-00190-01,OV-M-00190,ovino,2023-10-13,2023-10-13,concluido_sucesso,2024-03-11,1
C-OV-M-00190-02,OV-M-00190,ovino,2024-05-30,2024-05-30,concluido_sucesso,2024-10-27,1
C-OV-M-00190-03,OV-M-00190,ovino,2025-02-10,2025-03-17,concluido_falha,,3
C-OV-M-00190-04,OV-M-00190,ovino,2025-04-24,2025-05-11,concluido_sucesso,2025-10-08,2
C-OV-M-00191-00,OV-M-00191,ovino,2023-04-26,2023-04-26,concluido_sucesso,2023-09-23,1
C-OV-M-00191-01,OV-M-00191,ovino,2024-01-01,2024-01-01,concluido_sucesso,2024-05-30,1
C-OV-M-00191-02,OV-M-00191,ovino,2024-08-27,2024-09-15,concluido_sucesso,2025-02-12,2
C-OV-M-00191-03,OV-M-00191,ovino,2025-06-11,2025-07-19,concluido_falha,,3
C-OV-M-00192-00,OV-M-00192,ovino,2023-01-07,2023-02-14,concluido_falha,,3
C-OV-M-00192-01,OV-M-00192,ovino,2023-04-23,2023-05-14,concluido_sucesso,2023-10-11,2
C-OV-M-00192-02,OV-M-00192,ovino,2024-01-23,2024-03-04,concluido_sucesso,2024-08-01,3
C-OV-M-00192-03,OV-M-00192,ovino,2024-10-07,2024-10-07,concluido_sucesso,2025-03-06,1
C-OV-M-00193-00,OV-M-00193,ovino,2023-08-31,2023-08-31,concluido_sucesso,2024-01-28,1
C-OV-M-00193-01,OV-M-00193,ovino,2024-04-11,2024-05-18,concluido_sucesso,2024-10-15,3
C-OV-M-00193-02,OV-M-00193,ovino,2025-02-09,2025-02-09,concluido_sucesso,2025-07-09,1
C-OV-M-00193-03,OV-M-00193,ovino,2025-10-01,2025-10-21,concluido_sucesso,2026-03-20,2
C-OV-M-00194-00,OV-M-00194,ovino,2023-01-05,2023-01-05,concluido_sucesso,2023-06-04,1
C-OV-M-00194-01,OV-M-00194,ovino,2023-09-22,2023-10-10,concluido_sucesso,2024-03-08,2
C-OV-M-00194-02,OV-M-00194,ovino,2024-05-17,2024-05-17,concluido_sucesso,2024-10-14,1
C-OV-M-00195-00,OV-M-00195,ovino,2023-10-13,2023-10-13,concluido_sucesso,2024-03-11,1
C-OV-M-00195-01,OV-M-00195,ovino,2024-06-08,2024-06-08,concluido_sucesso,2024-11-05,1
C-OV-M-00195-02,OV-M-00195,ovino,2025-03-01,2025-03-01,concluido_sucesso,2025-07-29,1
C-OV-M-00195-03,OV-M-00195,ovino,2025-11-16,2025-12-02,concluido_sucesso,2026-05-01,2
C-OV-M-00196-00,OV-M-00196,ovino,2023-07-15,2023-08-04,concluido_sucesso,2024-01-01,2
C-OV-M-00196-01,OV-M-00196,ovino,2024-03-15,2024-03-15,concluido_sucesso,2024-08-12,1
C-OV-M-00196-02,OV-M-00196,ovino,2024-11-29,2024-11-29,concluido_sucesso,2025-04-28,1
C-OV-M-00196-03,OV-M-00196,ovino,2025-08-22,2025-08-22,concluido_sucesso,2026-01-19,1
C-OV-M-00196-04,OV-M-00196,ovino,2026-04-07,2026-04-26,concluido_sucesso,2026-09-23,2
C-OV-M-00197-00,OV-M-00197,ovino,2023-05-30,2023-05-30,concluido_sucesso,2023-10-27,1
C-OV-M-00197-01,OV-M-00197,ovino,2024-01-23,2024-01-23,concluido_sucesso,2024-06-21,1
C-OV-M-00197-02,OV-M-00197,ovino,2024-09-13,2024-09-13,concluido_sucesso,2025-02-10,1
C-OV-M-00197-03,OV-M-00197,ovino,2025-05-12,2025-05-12,concluido_sucesso,2025-10-09,1
C-OV-M-00197-04,OV-M-00197,ovino,2025-12-21,2026-01-10,concluido_sucesso,2026-06-09,2
C-OV-M-00198-00,OV-M-00198,ovino,2023-08-22,2023-08-22,concluido_sucesso,2024-01-19,1
C-OV-M-00198-01,OV-M-00198,ovino,2024-05-16,2024-05-16,concluido_sucesso,2024-10-13,1
C-OV-M-00198-02,OV-M-00198,ovino,2024-12-29,2025-01-19,concluido_sucesso,2025-06-18,2
C-OV-M-00198-03,OV-M-00198,ovino,2025-10-15,2025-11-01,concluido_sucesso,2026-03-31,2
C-OV-M-00199-00,OV-M-00199,ovino,2023-07-12,2023-08-03,concluido_sucesso,2023-12-31,2
C-OV-M-00199-01,OV-M-00199,ovino,2024-03-19,2024-04-05,concluido_sucesso,2024-09-02,2
C-OV-M-00199-02,OV-M-00199,ovino,2024-12-20,2024-12-20,concluido_sucesso,2025-05-19,1
C-OV-M-00199-03,OV-M-00199,ovino,2025-08-06,2025-08-06,concluido_sucesso,2026-01-03,1
C-OV-M-00200-00,OV-M-00200,ovino,2023-08-29,2023-09-17,concluido_sucesso,2024-02-14,2
C-OV-M-00200-01,OV-M-00200,ovino,2024-05-13,2024-05-29,concluido_sucesso,2024-10-26,2
C-OV-M-00200-02,OV-M-00200,ovino,2025-01-03,2025-02-13,concluido_sucesso,2025-07-13,3
C-OV-M-00200-03,OV-M-00200,ovino,2025-09-15,2025-10-24,concluido_sucesso,2026-03-23,3
C-OV-M-00201-00,OV-M-00201,ovino,2023-07-21,2023-07-21,concluido_sucesso,2023-12-18,1
C-OV-M-00201-01,OV-M-00201,ovino,2024-03-20,2024-03-20,concluido_sucesso,2024-08-17,1
C-OV-M-00201-02,OV-M-00201,ovino,2024-11-08,2024-12-18,concluido_falha,,3
C-OV-M-00201-03,OV-M-00201,ovino,2025-02-08,2025-03-15,concluido_sucesso,2025-08-12,3
C-OV-M-00201-04,OV-M-00201,ovino,2025-10-15,2025-11-18,concluido_falha,,3
C-OV-M-00201-05,OV-M-00201,ovino,2026-01-23,2026-01-23,concluido_sucesso,2026-06-22,1
C-OV-M-00202-00,OV-M-00202,ovino,2023-04-09,2023-04-09,concluido_sucesso,2023-09-06,1
C-OV-M-00202-01,OV-M-00202,ovino,2023-11-22,2023-12-08,concluido_sucesso,2024-05-06,2
C-OV-M-00202-02,OV-M-00202,ovino,2024-07-08,2024-07-08,concluido_sucesso,2024-12-05,1
C-OV-M-00202-03,OV-M-00202,ovino,2025-03-30,2025-03-30,concluido_sucesso,2025-08-27,1
C-OV-M-00202-04,OV-M-00202,ovino,2025-12-22,2025-12-22,concluido_sucesso,2026-05-21,1
C-OV-M-00203-00,OV-M-00203,ovino,2023-07-19,2023-07-19,concluido_sucesso,2023-12-16,1
C-OV-M-00203-01,OV-M-00203,ovino,2024-02-21,2024-03-31,concluido_sucesso,2024-08-28,3
C-OV-M-00203-02,OV-M-00203,ovino,2024-12-02,2024-12-02,concluido_sucesso,2025-05-01,1
C-OV-M-00203-03,OV-M-00203,ovino,2025-07-25,2025-08-13,concluido_sucesso,2026-01-10,2
C-OV-M-00203-04,OV-M-00203,ovino,2026-04-30,2026-04-30,concluido_sucesso,2026-09-27,1
C-OV-M-00204-00,OV-M-00204,ovino,2023-01-08,2023-01-08,concluido_sucesso,2023-06-07,1
C-OV-M-00204-01,OV-M-00204,ovino,2023-09-16,2023-10-03,concluido_sucesso,2024-03-01,2
C-OV-M-00204-02,OV-M-00204,ovino,2024-06-18,2024-06-18,concluido_sucesso,2024-11-15,1
C-OV-M-00204-03,OV-M-00204,ovino,2025-02-05,2025-03-17,concluido_sucesso,2025-08-14,3
C-OV-M-00204-04,OV-M-00204,ovino,2025-11-28,2026-01-03,concluido_sucesso,2026-06-02,3
C-OV-M-00205-00,OV-M-00205,ovino,2023-10-12,2023-10-12,concluido_sucesso,2024-03-10,1
C-OV-M-00205-01,OV-M-00205,ovino,2024-05-21,2024-06-11,concluido_sucesso,2024-11-08,2
C-OV-M-00205-02,OV-M-00205,ovino,2025-01-26,2025-01-26,concluido_sucesso,2025-06-25,1
C-OV-M-00205-03,OV-M-00205,ovino,2025-08-24,2025-08-24,concluido_sucesso,2026-01-21,1
C-OV-M-00205-04,OV-M-00205,ovino,2026-04-20,2026-04-20,concluido_sucesso,2026-09-17,1
C-OV-M-00206-00,OV-M-00206,ovino,2023-01-01,2023-01-01,concluido_sucesso,2023-05-31,1
C-OV-M-00206-01,OV-M-00206,ovino,2023-09-07,2023-09-07,concluido_sucesso,2024-02-04,1
C-OV-M-00206-02,OV-M-00206,ovino,2024-05-07,2024-05-07,concluido_sucesso,2024-10-04,1
C-OV-M-00206-03,OV-M-00206,ovino,2024-12-07,2024-12-07,concluido_sucesso,2025-05-06,1
C-OV-M-00206-04,OV-M-00206,ovino,2025-07-11,2025-08-15,concluido_falha,,3
C-OV-M-00206-05,OV-M-00206,ovino,2025-10-22,2025-11-13,concluido_sucesso,2026-04-12,2
C-OV-M-00207-00,OV-M-00207,ovino,2023-03-13,2023-04-02,concluido_sucesso,2023-08-30,2
C-OV-M-00207-01,OV-M-00207,ovino,2023-12-12,2024-01-20,concluido_falha,,3
C-OV-M-00207-02,OV-M-00207,ovino,2024-03-09,2024-03-09,concluido_sucesso,2024-08-06,1
C-OV-M-00208-00,OV-M-00208,ovino,2023-07-29,2023-08-17,concluido_sucesso,2024-01-14,2
C-OV-M-00209-00,OV-M-00209,ovino,2023-03-07,2023-03-07,concluido_sucesso,2023-08-04,1
C-OV-M-00209-01,OV-M-00209,ovino,2023-11-16,2023-12-27,concluido_falha,,3
C-OV-M-00209-02,OV-M-00209,ovino,2024-03-05,2024-03-05,concluido_sucesso,2024-08-02,1
C-OV-M-00209-03,OV-M-00209,ovino,2024-11-10,2024-11-10,concluido_sucesso,2025-04-09,1
C-OV-M-00209-04,OV-M-00209,ovino,2025-07-13,2025-07-13,concluido_sucesso,2025-12-10,1
C-OV-M-00209-05,OV-M-00209,ovino,2026-03-01,2026-03-01,concluido_sucesso,2026-07-29,1
C-OV-M-00210-00,OV-M-00210,ovino,2023-01-08,2023-01-28,concluido_sucesso,2023-06-27,2
C-OV-M-00210-01,OV-M-00210,ovino,2023-10-18,2023-10-18,concluido_sucesso,2024-03-16,1
C-OV-M-00210-02,OV-M-00210,ovino,2024-06-26,2024-08-04,concluido_falha,,3
C-OV-M-00210-03,OV-M-00210,ovino,2024-09-13,2024-10-04,concluido_sucesso,2025-03-03,2
C-OV-M-00210-04,OV-M-00210,ovino,2025-05-16,2025-06-06,concluido_sucesso,2025-11-03,2
C-OV-M-00210-05,OV-M-00210,ovino,2026-02-25,2026-02-25,concluido_sucesso,2026-07-25,1
C-OV-M-00211-00,OV-M-00211,ovino,2023-06-09,2023-06-25,concluido_sucesso,2023-11-22,2
C-OV-M-00211-01,OV-M-00211,ovino,2024-02-09,2024-02-09,concluido_sucesso,2024-07-08,1
C-OV-M-00211-02,OV-M-00211,ovino,2024-10-22,2024-11-29,concluido_sucesso,2025-04-28,3
C-OV-M-00211-03,OV-M-00211,ovino,2025-08-22,2025-08-22,concluido_sucesso,2026-01-19,1
C-OV-M-00212-00,OV-M-00212,ovino,2023-07-13,2023-07-13,concluido_sucesso,2023-12-10,1
C-OV-M-00212-01,OV-M-00212,ovino,2024-03-05,2024-03-05,concluido_sucesso,2024-08-02,1
C-OV-M-00212-02,OV-M-00212,ovino,2024-11-20,2024-11-20,concluido_sucesso,2025-04-19,1
C-OV-M-00213-00,OV-M-00213,ovino,2023-03-12,2023-03-12,concluido_sucesso,2023-08-09,1
C-OV-M-00213-01,OV-M-00213,ovino,2023-11-10,2023-11-30,concluido_sucesso,2024-04-28,2
C-OV-M-00213-02,OV-M-00213,ovino,2024-06-28,2024-06-28,concluido_sucesso,2024-11-25,1
C-OV-M-00213-03,OV-M-00213,ovino,2025-02-05,2025-03-16,concluido_falha,,3
C-OV-M-00213-04,OV-M-00213,ovino,2025-05-09,2025-05-26,concluido_sucesso,2025-10-23,2
C-OV-M-00213-05,OV-M-00213,ovino,2026-02-13,2026-02-13,concluido_sucesso,2026-07-13,1
C-OV-M-00214-00,OV-M-00214,ovino,2023-10-08,2023-10-26,concluido_sucesso,2024-03-24,2
C-OV-M-00214-01,OV-M-00214,ovino,2024-07-13,2024-07-30,concluido_sucesso,2024-12-27,2
C-OV-M-00214-02,OV-M-00214,ovino,2025-04-12,2025-05-24,concluido_falha,,3
C-OV-M-00214-03,OV-M-00214,ovino,2025-07-28,2025-09-05,concluido_falha,,3
C-OV-M-00214-04,OV-M-00214,ovino,2025-10-16,2025-11-20,concluido_falha,,3
C-OV-M-00214-05,OV-M-00214,ovino,2026-01-24,2026-03-07,concluido_falha,,3
C-OV-M-00215-00,OV-M-00215,ovino,2023-10-10,2023-10-26,concluido_sucesso,2024-03-24,2
C-OV-M-00215-01,OV-M-00215,ovino,2024-07-01,2024-07-21,concluido_sucesso,2024-12-18,2
C-OV-M-00215-02,OV-M-00215,ovino,2025-03-14,2025-04-05,concluido_sucesso,2025-09-02,2
C-OV-M-00215-03,OV-M-00215,ovino,2025-11-16,2025-11-16,concluido_sucesso,2026-04-15,1
C-OV-M-00216-00,OV-M-00216,ovino,2023-07-26,2023-08-11,concluido_sucesso,2024-01-08,2
C-OV-M-00216-01,OV-M-00216,ovino,2024-04-09,2024-05-14,concluido_falha,,3
C-OV-M-00216-02,OV-M-00216,ovino,2024-06-19,2024-06-19,concluido_sucesso,2024-11-16,1
C-OV-M-00216-03,OV-M-00216,ovino,2025-02-25,2025-03-14,concluido_sucesso,2025-08-11,2
C-OV-M-00216-04,OV-M-00216,ovino,2025-10-25,2025-10-25,concluido_sucesso,2026-03-24,1
C-OV-M-00217-00,OV-M-00217,ovino,2023-10-07,2023-10-07,concluido_sucesso,2024-03-05,1
C-OV-M-00217-01,OV-M-00217,ovino,2024-06-10,2024-06-10,concluido_sucesso,2024-11-07,1
C-OV-M-00217-02,OV-M-00217,ovino,2025-02-04,2025-02-04,concluido_sucesso,2025-07-04,1
C-OV-M-00217-03,OV-M-00217,ovino,2025-09-29,2025-09-29,concluido_sucesso,2026-02-26,1
C-OV-M-00218-00,OV-M-00218,ovino,2023-04-08,2023-04-08,concluido_sucesso,2023-09-05,1
C-OV-M-00218-01,OV-M-00218,ovino,2023-12-18,2024-01-22,concluido_falha,,3
C-OV-M-00218-02,OV-M-00218,ovino,2024-03-02,2024-03-02,concluido_sucesso,2024-07-30,1
C-OV-M-00218-03,OV-M-00218,ovino,2024-10-14,2024-11-20,concluido_sucesso,2025-04-19,3
C-OV-M-00219-00,OV-M-00219,ovino,2023-04-27,2023-04-27,concluido_sucesso,2023-09-24,1
C-OV-M-00219-01,OV-M-00219,ovino,2023-11-28,2023-11-28,concluido_sucesso,2024-04-26,1
C-OV-M-00219-02,OV-M-00219,ovino,2024-07-14,2024-08-20,concluido_falha,,3
C-OV-M-00220-00,OV-M-00220,ovino,2023-09-06,2023-09-26,concluido_sucesso,2024-02-23,2
C-OV-M-00221-00,OV-M-00221,ovino,2023-08-09,2023-09-21,concluido_falha,,3
C-OV-M-00221-01,OV-M-00221,ovino,2023-11-12,2023-12-20,concluido_falha,,3
C-OV-M-00221-02,OV-M-00221,ovino,2024-02-10,2024-02-28,concluido_sucesso,2024-07-27,2
C-OV-M-00221-03,OV-M-00221,ovino,2024-10-23,2024-11-30,concluido_falha,,3
C-OV-M-00221-04,OV-M-00221,ovino,2025-01-16,2025-02-02,concluido_sucesso,2025-07-02,2
C-OV-M-00222-00,OV-M-00222,ovino,2023-07-22,2023-08-08,concluido_sucesso,2024-01-05,2
C-OV-M-00222-01,OV-M-00222,ovino,2024-04-05,2024-04-05,concluido_sucesso,2024-09-02,1
C-OV-M-00222-02,OV-M-00222,ovino,2024-12-28,2024-12-28,concluido_sucesso,2025-05-27,1
C-OV-M-00222-03,OV-M-00222,ovino,2025-09-01,2025-09-01,concluido_sucesso,2026-01-29,1
C-OV-M-00223-00,OV-M-00223,ovino,2023-09-17,2023-10-07,concluido_sucesso,2024-03-05,2
C-OV-M-00223-01,OV-M-00223,ovino,2024-06-07,2024-07-10,concluido_sucesso,2024-12-07,3
C-OV-M-00223-02,OV-M-00223,ovino,2025-03-24,2025-04-14,concluido_sucesso,2025-09-11,2
C-OV-M-00223-03,OV-M-00223,ovino,2025-12-04,2025-12-04,concluido_sucesso,2026-05-03,1
C-OV-M-00224-00,OV-M-00224,ovino,2023-04-22,2023-04-22,concluido_sucesso,2023-09-19,1
C-OV-M-00224-01,OV-M-00224,ovino,2023-12-12,2023-12-12,concluido_sucesso,2024-05-10,1
C-OV-M-00224-02,OV-M-00224,ovino,2024-09-06,2024-09-27,concluido_sucesso,2025-02-24,2
C-OV-M-00224-03,OV-M-00224,ovino,2025-06-01,2025-06-01,concluido_sucesso,2025-10-29,1
C-OV-M-00224-04,OV-M-00224,ovino,2026-02-09,2026-02-09,concluido_sucesso,2026-07-09,1
C-OV-M-00225-00,OV-M-00225,ovino,2023-06-20,2023-07-22,concluido_falha,,3
C-OV-M-00225-01,OV-M-00225,ovino,2023-09-25,2023-11-06,concluido_falha,,3
C-OV-M-00225-02,OV-M-00225,ovino,2023-12-25,2024-01-30,concluido_falha,,3
C-OV-M-00225-03,OV-M-00225,ovino,2024-03-07,2024-04-17,concluido_falha,,3
C-OV-M-00225-04,OV-M-00225,ovino,2024-05-21,2024-06-27,concluido_falha,,3
C-OV-M-00225-05,OV-M-00225,ovino,2024-08-09,2024-09-13,concluido_falha,,3
C-OV-M-00226-00,OV-M-00226,ovino,2023-03-30,2023-03-30,concluido_sucesso,2023-08-27,1
C-OV-M-00226-01,OV-M-00226,ovino,2023-12-01,2023-12-01,concluido_sucesso,2024-04-29,1
C-OV-M-00226-02,OV-M-00226,ovino,2024-07-18,2024-07-18,concluido_sucesso,2024-12-15,1
C-OV-M-00226-03,OV-M-00226,ovino,2025-02-20,2025-02-20,concluido_sucesso,2025-07-20,1
C-OV-M-00226-04,OV-M-00226,ovino,2025-11-12,2025-11-12,concluido_sucesso,2026-04-11,1
C-OV-M-00227-00,OV-M-00227,ovino,2023-09-15,2023-09-15,concluido_sucesso,2024-02-12,1
C-OV-M-00227-01,OV-M-00227,ovino,2024-05-31,2024-05-31,concluido_sucesso,2024-10-28,1
C-OV-M-00227-02,OV-M-00227,ovino,2024-12-30,2024-12-30,concluido_sucesso,2025-05-29,1
C-OV-M-00227-03,OV-M-00227,ovino,2025-08-22,2025-08-22,concluido_sucesso,2026-01-19,1
C-OV-M-00227-04,OV-M-00227,ovino,2026-04-20,2026-04-20,concluido_falha,,1
C-OV-M-00228-00,OV-M-00228,ovino,2023-03-30,2023-05-05,concluido_sucesso,2023-10-02,3
C-OV-M-00228-01,OV-M-00228,ovino,2023-12-26,2024-01-15,concluido_sucesso,2024-06-13,2
C-OV-M-00228-02,OV-M-00228,ovino,2024-09-20,2024-09-20,concluido_sucesso,2025-02-17,1
C-OV-M-00228-03,OV-M-00228,ovino,2025-06-14,2025-06-14,concluido_sucesso,2025-11-11,1
C-OV-M-00228-04,OV-M-00228,ovino,2026-02-04,2026-03-14,concluido_falha,,3
C-OV-M-00229-00,OV-M-00229,ovino,2023-04-04,2023-05-16,concluido_falha,,3
C-OV-M-00229-01,OV-M-00229,ovino,2023-06-15,2023-07-25,concluido_falha,,3
C-OV-M-00229-02,OV-M-00229,ovino,2023-08-27,2023-08-27,concluido_sucesso,2024-01-24,1
C-OV-M-00229-03,OV-M-00229,ovino,2024-04-22,2024-05-09,concluido_sucesso,2024-10-06,2
C-OV-M-00229-04,OV-M-00229,ovino,2025-01-26,2025-01-26,concluido_sucesso,2025-06-25,1
C-OV-M-00229-05,OV-M-00229,ovino,2025-09-19,2025-10-05,concluido_sucesso,2026-03-04,2
C-OV-M-00230-00,OV-M-00230,ovino,2023-05-27,2023-05-27,concluido_sucesso,2023-10-24,1
C-OV-M-00230-01,OV-M-00230,ovino,2024-02-02,2024-02-02,concluido_sucesso,2024-07-01,1
C-OV-M-00230-02,OV-M-00230,ovino,2024-09-21,2024-09-21,concluido_sucesso,2025-02-18,1
C-OV-M-00230-03,OV-M-00230,ovino,2025-05-20,2025-05-20,concluido_sucesso,2025-10-17,1
C-OV-M-00230-04,OV-M-00230,ovino,2026-02-06,2026-02-06,concluido_sucesso,2026-07-06,1
C-OV-M-00231-00,OV-M-00231,ovino,2023-01-25,2023-01-25,concluido_sucesso,2023-06-24,1
C-OV-M-00231-01,OV-M-00231,ovino,2023-09-06,2023-09-06,concluido_sucesso,2024-02-03,1
C-OV-M-00231-02,OV-M-00231,ovino,2024-04-05,2024-04-05,concluido_sucesso,2024-09-02,1
C-OV-M-00232-00,OV-M-00232,ovino,2023-05-10,2023-05-10,concluido_sucesso,2023-10-07,1
C-OV-M-00232-01,OV-M-00232,ovino,2024-01-28,2024-01-28,concluido_sucesso,2024-06-26,1
C-OV-M-00232-02,OV-M-00232,ovino,2024-09-03,2024-09-22,concluido_sucesso,2025-02-19,2
C-OV-M-00233-00,OV-M-00233,ovino,2023-01-04,2023-01-04,concluido_sucesso,2023-06-03,1
C-OV-M-00233-01,OV-M-00233,ovino,2023-09-25,2023-09-25,concluido_sucesso,2024-02-22,1
C-OV-M-00233-02,OV-M-00233,ovino,2024-06-19,2024-06-19,concluido_sucesso,2024-11-16,1
C-OV-M-00233-03,OV-M-00233,ovino,2025-03-04,2025-03-04,concluido_sucesso,2025-08-01,1
C-OV-M-00233-04,OV-M-00233,ovino,2025-10-24,2025-10-24,concluido_sucesso,2026-03-23,1
C-OV-M-00234-00,OV-M-00234,ovino,2023-03-29,2023-03-29,concluido_sucesso,2023-08-26,1
C-OV-M-00234-01,OV-M-00234,ovino,2023-11-01,2023-11-01,concluido_sucesso,2024-03-30,1
C-OV-M-00235-00,OV-M-00235,ovino,2023-02-25,2023-04-02,concluido_falha,,3
C-OV-M-00235-01,OV-M-00235,ovino,2023-05-26,2023-07-02,concluido_falha,,3
C-OV-M-00235-02,OV-M-00235,ovino,2023-09-01,2023-10-09,concluido_falha,,3
C-OV-M-00235-03,OV-M-00235,ovino,2023-11-10,2023-12-17,concluido_falha,,3
C-OV-M-00235-04,OV-M-00235,ovino,2024-01-19,2024-02-24,concluido_falha,,3
C-OV-M-00235-05,OV-M-00235,ovino,2024-04-30,2024-06-10,concluido_falha,,3
C-OV-M-00236-00,OV-M-00236,ovino,2023-07-21,2023-08-28,concluido_falha,,3
C-OV-M-00236-01,OV-M-00236,ovino,2023-09-27,2023-09-27,concluido_sucesso,2024-02-24,1
C-OV-M-00236-02,OV-M-00236,ovino,2024-06-21,2024-07-08,concluido_sucesso,2024-12-05,2
C-OV-M-00237-00,OV-M-00237,ovino,2023-01-07,2023-01-07,concluido_sucesso,2023-06-06,1
C-OV-M-00237-01,OV-M-00237,ovino,2023-09-26,2023-09-26,concluido_sucesso,2024-02-23,1
C-OV-M-00237-02,OV-M-00237,ovino,2024-06-11,2024-06-11,concluido_sucesso,2024-11-08,1
C-OV-M-00237-03,OV-M-00237,ovino,2025-01-19,2025-02-25,concluido_falha,,3
C-OV-M-00237-04,OV-M-00237,ovino,2025-04-05,2025-04-05,concluido_sucesso,2025-09-02,1
C-OV-M-00237-05,OV-M-00237,ovino,2025-11-16,2025-12-25,concluido_sucesso,2026-05-24,3
C-OV-M-00238-00,OV-M-00238,ovino,2023-08-01,2023-09-09,concluido_falha,,3
C-OV-M-00238-01,OV-M-00238,ovino,2023-10-31,2023-10-31,concluido_sucesso,2024-03-29,1
C-OV-M-00238-02,OV-M-00238,ovino,2024-06-28,2024-06-28,concluido_sucesso,2024-11-25,1
C-OV-M-00238-03,OV-M-00238,ovino,2025-02-20,2025-02-20,concluido_sucesso,2025-07-20,1
C-OV-M-00238-04,OV-M-00238,ovino,2025-10-01,2025-10-01,concluido_sucesso,2026-02-28,1
C-OV-M-00239-00,OV-M-00239,ovino,2023-06-09,2023-06-09,concluido_sucesso,2023-11-06,1
C-OV-M-00239-01,OV-M-00239,ovino,2024-02-01,2024-02-01,concluido_sucesso,2024-06-30,1
C-OV-M-00239-02,OV-M-00239,ovino,2024-08-29,2024-08-29,concluido_sucesso,2025-01-26,1
C-OV-M-00239-03,OV-M-00239,ovino,2025-04-10,2025-04-10,concluido_sucesso,2025-09-07,1
C-OV-M-00240-00,OV-M-00240,ovino,2023-10-07,2023-10-07,concluido_sucesso,2024-03-05,1
C-OV-M-00240-01,OV-M-00240,ovino,2024-06-29,2024-06-29,concluido_sucesso,2024-11-26,1
C-OV-M-00240-02,OV-M-00240,ovino,2025-02-17,2025-02-17,concluido_sucesso,2025-07-17,1
C-OV-M-00240-03,OV-M-00240,ovino,2025-09-21,2025-09-21,concluido_sucesso,2026-02-18,1
C-OV-M-00241-00,OV-M-00241,ovino,2023-05-11,2023-05-11,concluido_sucesso,2023-10-08,1
C-OV-M-00241-01,OV-M-00241,ovino,2023-12-12,2023-12-28,concluido_sucesso,2024-05-26,2
C-OV-M-00241-02,OV-M-00241,ovino,2024-08-05,2024-09-07,concluido_falha,,3
C-OV-M-00241-03,OV-M-00241,ovino,2024-11-15,2024-12-25,concluido_sucesso,2025-05-24,3
C-OV-M-00241-04,OV-M-00241,ovino,2025-08-03,2025-08-24,concluido_sucesso,2026-01-21,2
C-OV-M-00242-00,OV-M-00242,ovino,2023-08-27,2023-08-27,concluido_sucesso,2024-01-24,1
C-OV-M-00242-01,OV-M-00242,ovino,2024-04-19,2024-05-05,concluido_sucesso,2024-10-02,2
C-OV-M-00242-02,OV-M-00242,ovino,2024-12-01,2025-01-05,concluido_falha,,3
C-OV-M-00243-00,OV-M-00243,ovino,2023-05-15,2023-05-15,concluido_sucesso,2023-10-12,1
C-OV-M-00243-01,OV-M-00243,ovino,2024-01-10,2024-01-10,concluido_sucesso,2024-06-08,1
C-OV-M-00243-02,OV-M-00243,ovino,2024-08-22,2024-08-22,concluido_sucesso,2025-01-19,1
C-OV-M-00243-03,OV-M-00243,ovino,2025-05-11,2025-05-11,concluido_sucesso,2025-10-08,1
C-OV-M-00244-00,OV-M-00244,ovino,2023-09-04,2023-09-21,concluido_sucesso,2024-02-18,2
C-OV-M-00244-01,OV-M-00244,ovino,2024-05-30,2024-06-15,concluido_sucesso,2024-11-12,2
C-OV-M-00244-02,OV-M-00244,ovino,2025-03-05,2025-03-05,concluido_sucesso,2025-08-02,1
C-OV-M-00244-03,OV-M-00244,ovino,2025-10-21,2025-10-21,concluido_sucesso,2026-03-20,1
C-OV-M-00245-00,OV-M-00245,ovino,2023-04-24,2023-04-24,concluido_sucesso,2023-09-21,1
C-OV-M-00245-01,OV-M-00245,ovino,2023-12-07,2023-12-07,concluido_sucesso,2024-05-05,1
C-OV-M-00246-00,OV-M-00246,ovino,2023-05-15,2023-05-15,concluido_sucesso,2023-10-12,1
C-OV-M-00246-01,OV-M-00246,ovino,2023-12-20,2024-01-24,concluido_falha,,3
C-OV-M-00247-00,OV-M-00247,ovino,2023-09-06,2023-09-06,concluido_sucesso,2024-02-03,1
C-OV-M-00247-01,OV-M-00247,ovino,2024-05-13,2024-06-19,concluido_falha,,3
C-OV-M-00248-00,OV-M-00248,ovino,2023-02-16,2023-02-16,concluido_sucesso,2023-07-16,1
C-OV-M-00248-01,OV-M-00248,ovino,2023-10-15,2023-11-25,concluido_falha,,3
C-OV-M-00248-02,OV-M-00248,ovino,2024-01-25,2024-02-16,concluido_sucesso,2024-07-15,2
C-OV-M-00248-03,OV-M-00248,ovino,2024-11-07,2024-11-07,concluido_sucesso,2025-04-06,1
C-OV-M-00248-04,OV-M-00248,ovino,2025-07-25,2025-08-14,concluido_sucesso,2026-01-11,2
C-OV-M-00248-05,OV-M-00248,ovino,2026-04-01,2026-04-21,concluido_sucesso,2026-09-18,2
C-OV-M-00249-00,OV-M-00249,ovino,2023-10-25,2023-11-11,concluido_sucesso,2024-04-09,2
C-OV-M-00249-01,OV-M-00249,ovino,2024-06-10,2024-07-19,concluido_sucesso,2024-12-16,3
C-OV-M-00249-02,OV-M-00249,ovino,2025-03-24,2025-03-24,concluido_sucesso,2025-08-21,1
C-OV-M-00250-00,OV-M-00250,ovino,2023-07-20,2023-08-31,concluido_falha,,3
C-OV-M-00250-01,OV-M-00250,ovino,2023-10-24,2023-10-24,concluido_sucesso,2024-03-22,1
C-OV-M-00250-02,OV-M-00250,ovino,2024-05-23,2024-06-27,concluido_sucesso,2024-11-24,3
C-OV-M-00250-03,OV-M-00250,ovino,2025-01-28,2025-01-28,concluido_sucesso,2025-06-27,1
C-OV-M-00250-04,OV-M-00250,ovino,2025-09-23,2025-09-23,concluido_sucesso,2026-02-20,1
C-OV-M-00251-00,OV-M-00251,ovino,2023-10-29,2023-10-29,concluido_sucesso,2024-03-27,1
C-OV-M-00251-01,OV-M-00251,ovino,2024-07-02,2024-08-14,concluido_falha,,3
C-OV-M-00251-02,OV-M-00251,ovino,2024-09-27,2024-09-27,concluido_sucesso,2025-02-24,1
C-OV-M-00251-03,OV-M-00251,ovino,2025-05-10,2025-05-10,concluido_sucesso,2025-10-07,1
C-OV-M-00252-00,OV-M-00252,ovino,2023-10-16,2023-10-16,concluido_sucesso,2024-03-14,1
C-OV-M-00253-00,OV-M-00253,ovino,2023-04-28,2023-06-04,concluido_falha,,3
C-OV-M-00253-01,OV-M-00253,ovino,2023-07-07,2023-08-14,concluido_sucesso,2024-01-11,3
C-OV-M-00253-02,OV-M-00253,ovino,2024-04-25,2024-04-25,concluido_sucesso,2024-09-22,1
C-OV-M-00253-03,OV-M-00253,ovino,2024-11-23,2025-01-01,concluido_falha,,3
C-OV-M-00253-04,OV-M-00253,ovino,2025-02-13,2025-02-13,concluido_sucesso,2025-07-13,1
C-OV-M-00253-05,OV-M-00253,ovino,2025-11-07,2025-11-29,concluido_sucesso,2026-04-28,2
C-OV-M-00254-00,OV-M-00254,ovino,2023-08-03,2023-09-14,concluido_falha,,3
C-OV-M-00254-01,OV-M-00254,ovino,2023-11-18,2023-11-18,concluido_sucesso,2024-04-16,1
C-OV-M-00254-02,OV-M-00254,ovino,2024-07-26,2024-08-28,concluido_falha,,3
C-OV-M-00254-03,OV-M-00254,ovino,2024-10-04,2024-10-04,concluido_sucesso,2025-03-03,1
C-OV-M-00254-04,OV-M-00254,ovino,2025-06-05,2025-07-08,concluido_sucesso,2025-12-05,3
C-OV-M-00254-05,OV-M-00254,ovino,2026-03-13,2026-03-13,concluido_sucesso,2026-08-10,1
C-OV-M-00255-00,OV-M-00255,ovino,2023-10-11,2023-11-13,concluido_falha,,3
C-OV-M-00255-01,OV-M-00255,ovino,2024-01-15,2024-02-20,concluido_falha,,3
C-OV-M-00256-00,OV-M-00256,ovino,2023-01-19,2023-02-08,concluido_sucesso,2023-07-08,2
C-OV-M-00256-01,OV-M-00256,ovino,2023-09-06,2023-10-12,concluido_sucesso,2024-03-10,3
C-OV-M-00256-02,OV-M-00256,ovino,2024-05-16,2024-05-16,concluido_sucesso,2024-10-13,1
C-OV-M-00256-03,OV-M-00256,ovino,2025-01-15,2025-02-02,concluido_sucesso,2025-07-02,2
C-OV-M-00256-04,OV-M-00256,ovino,2025-09-21,2025-10-10,concluido_sucesso,2026-03-09,2
C-OV-M-00257-00,OV-M-00257,ovino,2023-09-17,2023-09-17,concluido_sucesso,2024-02-14,1
C-OV-M-00257-01,OV-M-00257,ovino,2024-05-04,2024-05-04,concluido_sucesso,2024-10-01,1
C-OV-M-00257-02,OV-M-00257,ovino,2024-12-07,2025-01-16,concluido_sucesso,2025-06-15,3
C-OV-M-00257-03,OV-M-00257,ovino,2025-09-28,2025-09-28,concluido_sucesso,2026-02-25,1
C-OV-M-00258-00,OV-M-00258,ovino,2023-08-17,2023-08-17,concluido_sucesso,2024-01-14,1
C-OV-M-00258-01,OV-M-00258,ovino,2024-04-20,2024-05-28,concluido_sucesso,2024-10-25,3
C-OV-M-00258-02,OV-M-00258,ovino,2024-12-28,2024-12-28,concluido_sucesso,2025-05-27,1
C-OV-M-00258-03,OV-M-00258,ovino,2025-09-14,2025-09-14,concluido_sucesso,2026-02-11,1
C-OV-M-00259-00,OV-M-00259,ovino,2023-04-20,2023-05-11,concluido_sucesso,2023-10-08,2
C-OV-M-00259-01,OV-M-00259,ovino,2024-01-12,2024-02-03,concluido_sucesso,2024-07-02,2
C-OV-M-00259-02,OV-M-00259,ovino,2024-09-25,2024-09-25,concluido_sucesso,2025-02-22,1
C-OV-M-00259-03,OV-M-00259,ovino,2025-04-29,2025-06-02,concluido_falha,,3
C-OV-M-00259-04,OV-M-00259,ovino,2025-07-08,2025-07-08,concluido_sucesso,2025-12-05,1
C-OV-M-00259-05,OV-M-00259,ovino,2026-02-17,2026-02-17,concluido_sucesso,2026-07-17,1
C-OV-M-00260-00,OV-M-00260,ovino,2023-09-26,2023-09-26,concluido_sucesso,2024-02-23,1
C-OV-M-00260-01,OV-M-00260,ovino,2024-06-13,2024-07-01,concluido_sucesso,2024-11-28,2
C-OV-M-00260-02,OV-M-00260,ovino,2025-03-17,2025-03-17,concluido_sucesso,2025-08-14,1
C-OV-M-00260-03,OV-M-00260,ovino,2025-11-14,2025-11-14,concluido_sucesso,2026-04-13,1
C-OV-M-00261-00,OV-M-00261,ovino,2023-06-13,2023-06-13,concluido_sucesso,2023-11-10,1
C-OV-M-00261-01,OV-M-00261,ovino,2024-02-24,2024-02-24,concluido_sucesso,2024-07-23,1
C-OV-M-00261-02,OV-M-00261,ovino,2024-11-15,2024-11-15,concluido_sucesso,2025-04-14,1
C-OV-M-00261-03,OV-M-00261,ovino,2025-07-20,2025-08-29,concluido_falha,,3
C-OV-M-00261-04,OV-M-00261,ovino,2025-10-28,2025-12-11,concluido_sucesso,2026-05-10,3
C-OV-M-00262-00,OV-M-00262,ovino,2023-04-13,2023-05-05,concluido_sucesso,2023-10-02,2
C-OV-M-00262-01,OV-M-00262,ovino,2023-12-29,2023-12-29,concluido_sucesso,2024-05-27,1
C-OV-M-00262-02,OV-M-00262,ovino,2024-09-01,2024-10-09,concluido_falha,,3
C-OV-M-00262-03,OV-M-00262,ovino,2024-12-17,2025-01-20,concluido_falha,,3
C-OV-M-00262-04,OV-M-00262,ovino,2025-03-13,2025-04-18,concluido_falha,,3
C-OV-M-00262-05,OV-M-00262,ovino,2025-06-10,2025-06-10,concluido_sucesso,2025-11-07,1
C-OV-M-00263-00,OV-M-00263,ovino,2023-01-28,2023-03-10,concluido_falha,,3
C-OV-M-00263-01,OV-M-00263,ovino,2023-04-30,2023-04-30,concluido_sucesso,2023-09-27,1
C-OV-M-00263-02,OV-M-00263,ovino,2024-01-11,2024-01-11,concluido_sucesso,2024-06-09,1
C-OV-M-00263-03,OV-M-00263,ovino,2024-09-26,2024-10-17,concluido_sucesso,2025-03-16,2
C-OV-M-00263-04,OV-M-00263,ovino,2025-06-12,2025-07-16,concluido_sucesso,2025-12-13,3
C-OV-M-00264-00,OV-M-00264,ovino,2023-04-14,2023-04-14,concluido_sucesso,2023-09-11,1
C-OV-M-00264-01,OV-M-00264,ovino,2024-01-05,2024-01-05,concluido_sucesso,2024-06-03,1
C-OV-M-00264-02,OV-M-00264,ovino,2024-08-25,2024-09-15,concluido_sucesso,2025-02-12,2
C-OV-M-00264-03,OV-M-00264,ovino,2025-05-03,2025-05-20,concluido_sucesso,2025-10-17,2
C-OV-M-00264-04,OV-M-00264,ovino,2026-01-21,2026-02-26,concluido_sucesso,2026-07-26,3
C-OV-M-00265-00,OV-M-00265,ovino,2023-02-17,2023-02-17,concluido_sucesso,2023-07-17,1
C-OV-M-00265-01,OV-M-00265,ovino,2023-10-24,2023-10-24,concluido_sucesso,2024-03-22,1
C-OV-M-00265-02,OV-M-00265,ovino,2024-07-17,2024-07-17,concluido_sucesso,2024-12-14,1
C-OV-M-00265-03,OV-M-00265,ovino,2025-04-10,2025-04-10,concluido_sucesso,2025-09-07,1
C-OV-M-00265-04,OV-M-00265,ovino,2025-12-15,2026-01-21,concluido_sucesso,2026-06-20,3
C-OV-M-00266-00,OV-M-00266,ovino,2023-10-19,2023-11-08,concluido_sucesso,2024-04-06,2
C-OV-M-00266-01,OV-M-00266,ovino,2024-06-20,2024-07-26,concluido_sucesso,2024-12-23,3
C-OV-M-00266-02,OV-M-00266,ovino,2025-03-12,2025-03-31,concluido_sucesso,2025-08-28,2
C-OV-M-00267-00,OV-M-00267,ovino,2023-02-14,2023-03-23,concluido_falha,,3
C-OV-M-00267-01,OV-M-00267,ovino,2023-05-19,2023-06-21,concluido_falha,,3
C-OV-M-00267-02,OV-M-00267,ovino,2023-08-28,2023-08-28,concluido_sucesso,2024-01-25,1
C-OV-M-00267-03,OV-M-00267,ovino,2024-05-03,2024-05-24,concluido_sucesso,2024-10-21,2
C-OV-M-00267-04,OV-M-00267,ovino,2025-01-30,2025-01-30,concluido_sucesso,2025-06-29,1
C-OV-M-00267-05,OV-M-00267,ovino,2025-10-15,2025-11-19,concluido_falha,,3
C-OV-M-00268-00,OV-M-00268,ovino,2023-02-28,2023-02-28,concluido_sucesso,2023-07-28,1
C-OV-M-00268-01,OV-M-00268,ovino,2023-10-05,2023-10-05,concluido_sucesso,2024-03-03,1
C-OV-M-00268-02,OV-M-00268,ovino,2024-05-07,2024-05-07,concluido_sucesso,2024-10-04,1
C-OV-M-00268-03,OV-M-00268,ovino,2024-12-28,2025-01-18,concluido_sucesso,2025-06-17,2
C-OV-M-00269-00,OV-M-00269,ovino,2023-01-19,2023-01-19,concluido_sucesso,2023-06-18,1
C-OV-M-00269-01,OV-M-00269,ovino,2023-09-12,2023-09-12,concluido_sucesso,2024-02-09,1
C-OV-M-00269-02,OV-M-00269,ovino,2024-05-12,2024-05-12,concluido_sucesso,2024-10-09,1
C-OV-M-00269-03,OV-M-00269,ovino,2024-12-24,2025-01-14,concluido_sucesso,2025-06-13,2
C-OV-M-00269-04,OV-M-00269,ovino,2025-10-08,2025-10-08,concluido_sucesso,2026-03-07,1
C-OV-M-00270-00,OV-M-00270,ovino,2023-02-26,2023-03-19,concluido_sucesso,2023-08-16,2
C-OV-M-00270-01,OV-M-00270,ovino,2023-11-08,2023-11-08,concluido_sucesso,2024-04-06,1
C-OV-M-00270-02,OV-M-00270,ovino,2024-07-15,2024-07-15,concluido_sucesso,2024-12-12,1
C-OV-M-00270-03,OV-M-00270,ovino,2025-02-20,2025-02-20,concluido_sucesso,2025-07-20,1
C-OV-M-00270-04,OV-M-00270,ovino,2025-10-12,2025-10-12,concluido_sucesso,2026-03-11,1
C-OV-M-00271-00,OV-M-00271,ovino,2023-05-29,2023-05-29,concluido_sucesso,2023-10-26,1
C-OV-M-00271-01,OV-M-00271,ovino,2024-02-07,2024-02-07,concluido_sucesso,2024-07-06,1
C-OV-M-00271-02,OV-M-00271,ovino,2024-09-27,2024-09-27,concluido_sucesso,2025-02-24,1
C-OV-M-00272-00,OV-M-00272,ovino,2023-08-07,2023-09-17,concluido_sucesso,2024-02-14,3
C-OV-M-00272-01,OV-M-00272,ovino,2024-04-28,2024-05-16,concluido_sucesso,2024-10-13,2
C-OV-M-00272-02,OV-M-00272,ovino,2025-01-18,2025-01-18,concluido_sucesso,2025-06-17,1
C-OV-M-00272-03,OV-M-00272,ovino,2025-10-13,2025-10-13,concluido_sucesso,2026-03-12,1
C-OV-M-00273-00,OV-M-00273,ovino,2023-09-29,2023-11-08,concluido_falha,,3
C-OV-M-00273-01,OV-M-00273,ovino,2024-01-15,2024-02-18,concluido_falha,,3
C-OV-M-00273-02,OV-M-00273,ovino,2024-04-05,2024-05-12,concluido_falha,,3
C-OV-M-00273-03,OV-M-00273,ovino,2024-07-04,2024-07-04,concluido_sucesso,2024-12-01,1
C-OV-M-00273-04,OV-M-00273,ovino,2025-02-04,2025-03-13,concluido_falha,,3
C-OV-M-00273-05,OV-M-00273,ovino,2025-04-27,2025-05-31,concluido_falha,,3
C-OV-M-00274-00,OV-M-00274,ovino,2023-05-30,2023-05-30,concluido_sucesso,2023-10-27,1
C-OV-M-00274-01,OV-M-00274,ovino,2024-01-28,2024-03-11,concluido_falha,,3
C-OV-M-00274-02,OV-M-00274,ovino,2024-04-25,2024-05-14,concluido_sucesso,2024-10-11,2
C-OV-M-00275-00,OV-M-00275,ovino,2023-05-26,2023-05-26,concluido_sucesso,2023-10-23,1
C-OV-M-00275-01,OV-M-00275,ovino,2024-02-09,2024-02-09,concluido_sucesso,2024-07-08,1
C-OV-M-00275-02,OV-M-00275,ovino,2024-10-03,2024-10-20,concluido_sucesso,2025-03-19,2
C-OV-M-00275-03,OV-M-00275,ovino,2025-07-14,2025-07-14,concluido_sucesso,2025-12-11,1
C-OV-M-00275-04,OV-M-00275,ovino,2026-03-17,2026-03-17,concluido_sucesso,2026-08-14,1
C-OV-M-00276-00,OV-M-00276,ovino,2023-06-15,2023-07-02,concluido_sucesso,2023-11-29,2
C-OV-M-00276-01,OV-M-00276,ovino,2024-02-10,2024-03-24,concluido_sucesso,2024-08-21,3
C-OV-M-00276-02,OV-M-00276,ovino,2024-12-10,2025-01-16,concluido_sucesso,2025-06-15,3
C-OV-M-00276-03,OV-M-00276,ovino,2025-08-23,2025-08-23,concluido_sucesso,2026-01-20,1
C-OV-M-00276-04,OV-M-00276,ovino,2026-04-26,2026-04-26,concluido_falha,,1
C-OV-M-00277-00,OV-M-00277,ovino,2023-05-27,2023-07-01,concluido_sucesso,2023-11-28,3
C-OV-M-00278-00,OV-M-00278,ovino,2023-08-10,2023-08-10,concluido_sucesso,2024-01-07,1
C-OV-M-00279-00,OV-M-00279,ovino,2023-07-07,2023-07-07,concluido_sucesso,2023-12-04,1
C-OV-M-00279-01,OV-M-00279,ovino,2024-02-20,2024-02-20,concluido_sucesso,2024-07-19,1
C-OV-M-00279-02,OV-M-00279,ovino,2024-10-10,2024-10-29,concluido_sucesso,2025-03-28,2
C-OV-M-00279-03,OV-M-00279,ovino,2025-05-27,2025-05-27,concluido_sucesso,2025-10-24,1
C-OV-M-00279-04,OV-M-00279,ovino,2026-01-12,2026-01-12,concluido_sucesso,2026-06-11,1
C-OV-M-00280-00,OV-M-00280,ovino,2023-10-23,2023-10-23,concluido_sucesso,2024-03-21,1
C-OV-M-00280-01,OV-M-00280,ovino,2024-06-02,2024-06-02,concluido_sucesso,2024-10-30,1
C-OV-M-00280-02,OV-M-00280,ovino,2025-01-08,2025-01-08,concluido_sucesso,2025-06-07,1
C-OV-M-00280-03,OV-M-00280,ovino,2025-09-15,2025-10-25,concluido_falha,,3
C-OV-M-00280-04,OV-M-00280,ovino,2025-12-26,2026-02-03,concluido_falha,,3
C-OV-M-00281-00,OV-M-00281,ovino,2023-04-01,2023-04-17,concluido_sucesso,2023-09-14,2
C-OV-M-00281-01,OV-M-00281,ovino,2023-11-14,2023-12-05,concluido_sucesso,2024-05-03,2
C-OV-M-00281-02,OV-M-00281,ovino,2024-08-09,2024-08-09,concluido_sucesso,2025-01-06,1
C-OV-M-00281-03,OV-M-00281,ovino,2025-04-09,2025-04-09,concluido_sucesso,2025-09-06,1
C-OV-M-00281-04,OV-M-00281,ovino,2025-12-14,2025-12-30,concluido_sucesso,2026-05-29,2
C-OV-M-00282-00,OV-M-00282,ovino,2023-01-26,2023-01-26,concluido_sucesso,2023-06-25,1
C-OV-M-00282-01,OV-M-00282,ovino,2023-09-26,2023-09-26,concluido_sucesso,2024-02-23,1
C-OV-M-00282-02,OV-M-00282,ovino,2024-05-25,2024-05-25,concluido_sucesso,2024-10-22,1
C-OV-M-00282-03,OV-M-00282,ovino,2025-01-02,2025-01-20,concluido_sucesso,2025-06-19,2
C-OV-M-00282-04,OV-M-00282,ovino,2025-09-26,2025-09-26,concluido_sucesso,2026-02-23,1
C-OV-M-00282-05,OV-M-00282,ovino,2026-04-28,2026-04-28,concluido_falha,,1
C-OV-M-00283-00,OV-M-00283,ovino,2023-10-27,2023-11-14,concluido_sucesso,2024-04-12,2
C-OV-M-00284-00,OV-M-00284,ovino,2023-03-24,2023-03-24,concluido_sucesso,2023-08-21,1
C-OV-M-00284-01,OV-M-00284,ovino,2023-11-30,2023-11-30,concluido_sucesso,2024-04-28,1
C-OV-M-00284-02,OV-M-00284,ovino,2024-07-08,2024-07-08,concluido_sucesso,2024-12-05,1
C-OV-M-00284-03,OV-M-00284,ovino,2025-02-25,2025-02-25,concluido_sucesso,2025-07-25,1
C-OV-M-00285-00,OV-M-00285,ovino,2023-03-05,2023-03-05,concluido_sucesso,2023-08-02,1
C-OV-M-00285-01,OV-M-00285,ovino,2023-10-08,2023-11-13,concluido_sucesso,2024-04-11,3
C-OV-M-00285-02,OV-M-00285,ovino,2024-07-23,2024-07-23,concluido_sucesso,2024-12-20,1
C-OV-M-00285-03,OV-M-00285,ovino,2025-04-09,2025-04-09,concluido_sucesso,2025-09-06,1
C-OV-M-00285-04,OV-M-00285,ovino,2025-12-07,2025-12-07,concluido_sucesso,2026-05-06,1
C-OV-M-00286-00,OV-M-00286,ovino,2023-09-05,2023-09-25,concluido_sucesso,2024-02-22,2
C-OV-M-00286-01,OV-M-00286,ovino,2024-04-30,2024-04-30,concluido_sucesso,2024-09-27,1
C-OV-M-00286-02,OV-M-00286,ovino,2025-01-19,2025-02-06,concluido_sucesso,2025-07-06,2
C-OV-M-00286-03,OV-M-00286,ovino,2025-10-17,2025-10-17,concluido_sucesso,2026-03-16,1
C-OV-M-00287-00,OV-M-00287,ovino,2023-08-22,2023-10-04,concluido_sucesso,2024-03-02,3
C-OV-M-00287-01,OV-M-00287,ovino,2024-06-28,2024-06-28,concluido_sucesso,2024-11-25,1
C-OV-M-00287-02,OV-M-00287,ovino,2025-03-12,2025-04-17,concluido_sucesso,2025-09-14,3
C-OV-M-00287-03,OV-M-00287,ovino,2026-01-04,2026-01-04,concluido_sucesso,2026-06-03,1
C-OV-M-00288-00,OV-M-00288,ovino,2023-03-10,2023-03-10,concluido_sucesso,2023-08-07,1
C-OV-M-00288-01,OV-M-00288,ovino,2023-11-16,2023-12-05,concluido_sucesso,2024-05-03,2
C-OV-M-00288-02,OV-M-00288,ovino,2024-07-11,2024-07-11,concluido_sucesso,2024-12-08,1
C-OV-M-00288-03,OV-M-00288,ovino,2025-03-05,2025-03-05,concluido_sucesso,2025-08-02,1
C-OV-M-00288-04,OV-M-00288,ovino,2025-11-26,2025-11-26,concluido_sucesso,2026-04-25,1
C-OV-M-00289-00,OV-M-00289,ovino,2023-03-09,2023-03-09,concluido_sucesso,2023-08-06,1
C-OV-M-00289-01,OV-M-00289,ovino,2023-11-27,2023-11-27,concluido_sucesso,2024-04-25,1
C-OV-M-00289-02,OV-M-00289,ovino,2024-07-31,2024-07-31,concluido_sucesso,2024-12-28,1
C-OV-M-00289-03,OV-M-00289,ovino,2025-03-12,2025-03-12,concluido_sucesso,2025-08-09,1
C-OV-M-00289-04,OV-M-00289,ovino,2025-11-16,2025-12-04,concluido_sucesso,2026-05-03,2
C-OV-M-00290-00,OV-M-00290,ovino,2023-07-01,2023-07-01,concluido_sucesso,2023-11-28,1
C-OV-M-00290-01,OV-M-00290,ovino,2024-02-06,2024-02-06,concluido_sucesso,2024-07-05,1
C-OV-M-00290-02,OV-M-00290,ovino,2024-10-04,2024-10-04,concluido_sucesso,2025-03-03,1
C-OV-M-00290-03,OV-M-00290,ovino,2025-06-20,2025-07-28,concluido_sucesso,2025-12-25,3
C-OV-M-00291-00,OV-M-00291,ovino,2023-08-09,2023-08-09,concluido_sucesso,2024-01-06,1
C-OV-M-00291-01,OV-M-00291,ovino,2024-05-04,2024-05-04,concluido_sucesso,2024-10-01,1
C-OV-M-00291-02,OV-M-00291,ovino,2024-12-27,2024-12-27,concluido_sucesso,2025-05-26,1
C-OV-M-00291-03,OV-M-00291,ovino,2025-07-30,2025-08-17,concluido_sucesso,2026-01-14,2
C-OV-M-00291-04,OV-M-00291,ovino,2026-04-09,2026-04-09,concluido_falha,,1
C-OV-M-00292-00,OV-M-00292,ovino,2023-07-07,2023-07-07,concluido_sucesso,2023-12-04,1
C-OV-M-00292-01,OV-M-00292,ovino,2024-03-26,2024-03-26,concluido_sucesso,2024-08-23,1
C-OV-M-00292-02,OV-M-00292,ovino,2024-11-30,2024-12-20,concluido_sucesso,2025-05-19,2
C-OV-M-00292-03,OV-M-00292,ovino,2025-09-08,2025-09-30,concluido_sucesso,2026-02-27,2
C-OV-M-00293-00,OV-M-00293,ovino,2023-01-15,2023-01-15,concluido_sucesso,2023-06-14,1
C-OV-M-00293-01,OV-M-00293,ovino,2023-09-02,2023-09-23,concluido_sucesso,2024-02-20,2
C-OV-M-00294-00,OV-M-00294,ovino,2023-10-07,2023-10-07,concluido_sucesso,2024-03-05,1
C-OV-M-00294-01,OV-M-00294,ovino,2024-06-16,2024-06-16,concluido_sucesso,2024-11-13,1
C-OV-M-00294-02,OV-M-00294,ovino,2025-02-20,2025-02-20,concluido_sucesso,2025-07-20,1
C-OV-M-00294-03,OV-M-00294,ovino,2025-09-27,2025-10-13,concluido_sucesso,2026-03-12,2
C-OV-M-00295-00,OV-M-00295,ovino,2023-10-04,2023-10-22,concluido_sucesso,2024-03-20,2
C-OV-M-00295-01,OV-M-00295,ovino,2024-06-15,2024-07-02,concluido_sucesso,2024-11-29,2
C-OV-M-00295-02,OV-M-00295,ovino,2025-03-07,2025-03-07,concluido_sucesso,2025-08-04,1
C-OV-M-00296-00,OV-M-00296,ovino,2023-08-04,2023-08-04,concluido_sucesso,2024-01-01,1
C-OV-M-00296-01,OV-M-00296,ovino,2024-03-24,2024-03-24,concluido_sucesso,2024-08-21,1
C-OV-M-00296-02,OV-M-00296,ovino,2024-12-03,2024-12-03,concluido_sucesso,2025-05-02,1
C-OV-M-00296-03,OV-M-00296,ovino,2025-07-30,2025-07-30,concluido_sucesso,2025-12-27,1
C-OV-M-00296-04,OV-M-00296,ovino,2026-04-23,2026-04-23,concluido_sucesso,2026-09-20,1
C-OV-M-00297-00,OV-M-00297,ovino,2023-03-05,2023-03-21,concluido_sucesso,2023-08-18,2
C-OV-M-00297-01,OV-M-00297,ovino,2023-11-16,2023-11-16,concluido_sucesso,2024-04-14,1
C-OV-M-00297-02,OV-M-00297,ovino,2024-07-11,2024-07-28,concluido_sucesso,2024-12-25,2
C-OV-M-00297-03,OV-M-00297,ovino,2025-04-06,2025-04-24,concluido_sucesso,2025-09-21,2
C-OV-M-00297-04,OV-M-00297,ovino,2026-01-05,2026-01-05,concluido_sucesso,2026-06-04,1
C-OV-M-00298-00,OV-M-00298,ovino,2023-07-21,2023-07-21,concluido_sucesso,2023-12-18,1
C-OV-M-00298-01,OV-M-00298,ovino,2024-02-27,2024-02-27,concluido_sucesso,2024-07-26,1
C-OV-M-00298-02,OV-M-00298,ovino,2024-10-14,2024-10-14,concluido_sucesso,2025-03-13,1
C-OV-M-00298-03,OV-M-00298,ovino,2025-07-08,2025-08-18,concluido_falha,,3
C-OV-M-00298-04,OV-M-00298,ovino,2025-10-16,2025-10-16,concluido_sucesso,2026-03-15,1
C-OV-M-00299-00,OV-M-00299,ovino,2023-06-02,2023-06-02,concluido_sucesso,2023-10-30,1
C-OV-M-00299-01,OV-M-00299,ovino,2024-02-19,2024-02-19,concluido_sucesso,2024-07-18,1
C-OV-M-00299-02,OV-M-00299,ovino,2024-10-09,2024-11-16,concluido_falha,,3
C-OV-M-00299-03,OV-M-00299,ovino,2025-01-08,2025-01-08,concluido_sucesso,2025-06-07,1
C-OV-M-00299-04,OV-M-00299,ovino,2025-09-24,2025-09-24,concluido_sucesso,2026-02-21,1
C-OV-M-00300-00,OV-M-00300,ovino,2023-04-02,2023-05-08,concluido_falha,,3
C-OV-M-00300-01,OV-M-00300,ovino,2023-07-11,2023-07-29,concluido_sucesso,2023-12-26,2
C-OV-M-00300-02,OV-M-00300,ovino,2024-04-03,2024-04-03,concluido_sucesso,2024-08-31,1
C-OV-M-00301-00,OV-M-00301,ovino,2023-08-13,2023-09-17,concluido_sucesso,2024-02-14,3
C-OV-M-00301-01,OV-M-00301,ovino,2024-05-23,2024-07-06,concluido_falha,,3
C-OV-M-00301-02,OV-M-00301,ovino,2024-09-03,2024-09-19,concluido_sucesso,2025-02-16,2
C-OV-M-00301-03,OV-M-00301,ovino,2025-05-31,2025-06-20,concluido_sucesso,2025-11-17,2
C-OV-M-00301-04,OV-M-00301,ovino,2026-02-21,2026-02-21,concluido_sucesso,2026-07-21,1
C-OV-M-00302-00,OV-M-00302,ovino,2023-05-01,2023-05-01,concluido_sucesso,2023-09-28,1
C-OV-M-00302-01,OV-M-00302,ovino,2023-12-02,2024-01-04,concluido_falha,,3
C-OV-M-00302-02,OV-M-00302,ovino,2024-02-21,2024-02-21,concluido_sucesso,2024-07-20,1
C-OV-M-00302-03,OV-M-00302,ovino,2024-09-27,2024-11-01,concluido_falha,,3
C-OV-M-00302-04,OV-M-00302,ovino,2024-12-28,2025-01-19,concluido_sucesso,2025-06-18,2
C-OV-M-00302-05,OV-M-00302,ovino,2025-09-27,2025-11-05,concluido_falha,,3
C-OV-M-00303-00,OV-M-00303,ovino,2023-10-05,2023-11-13,concluido_falha,,3
C-OV-M-00303-01,OV-M-00303,ovino,2023-12-25,2023-12-25,concluido_sucesso,2024-05-23,1
C-OV-M-00303-02,OV-M-00303,ovino,2024-09-15,2024-09-15,concluido_sucesso,2025-02-12,1
C-OV-M-00303-03,OV-M-00303,ovino,2025-06-03,2025-06-03,concluido_sucesso,2025-10-31,1
C-OV-M-00303-04,OV-M-00303,ovino,2026-01-23,2026-01-23,concluido_sucesso,2026-06-22,1
C-OV-M-00304-00,OV-M-00304,ovino,2023-09-02,2023-09-21,concluido_sucesso,2024-02-18,2
C-OV-M-00304-01,OV-M-00304,ovino,2024-05-14,2024-06-20,concluido_falha,,3
C-OV-M-00304-02,OV-M-00304,ovino,2024-08-02,2024-08-18,concluido_sucesso,2025-01-15,2
C-OV-M-00304-03,OV-M-00304,ovino,2025-04-28,2025-04-28,concluido_sucesso,2025-09-25,1
C-OV-M-00305-00,OV-M-00305,ovino,2023-07-29,2023-09-06,concluido_sucesso,2024-02-03,3
C-OV-M-00305-01,OV-M-00305,ovino,2024-04-20,2024-05-12,concluido_sucesso,2024-10-09,2
C-OV-M-00305-02,OV-M-00305,ovino,2025-01-10,2025-01-31,concluido_sucesso,2025-06-30,2
C-OV-M-00305-03,OV-M-00305,ovino,2025-10-23,2025-10-23,concluido_sucesso,2026-03-22,1
C-OV-M-00306-00,OV-M-00306,ovino,2023-03-26,2023-03-26,concluido_sucesso,2023-08-23,1
C-OV-M-00306-01,OV-M-00306,ovino,2023-11-27,2023-11-27,concluido_sucesso,2024-04-25,1
C-OV-M-00306-02,OV-M-00306,ovino,2024-07-07,2024-07-07,concluido_sucesso,2024-12-04,1
C-OV-M-00306-03,OV-M-00306,ovino,2025-03-21,2025-03-21,concluido_sucesso,2025-08-18,1
C-OV-M-00306-04,OV-M-00306,ovino,2025-11-07,2025-11-23,concluido_sucesso,2026-04-22,2
C-OV-M-00307-00,OV-M-00307,ovino,2023-10-15,2023-11-21,concluido_sucesso,2024-04-19,3
C-OV-M-00307-01,OV-M-00307,ovino,2024-06-27,2024-07-19,concluido_sucesso,2024-12-16,2
C-OV-M-00307-02,OV-M-00307,ovino,2025-04-07,2025-04-07,concluido_sucesso,2025-09-04,1
C-OV-M-00307-03,OV-M-00307,ovino,2025-11-11,2025-12-02,concluido_sucesso,2026-05-01,2
C-OV-M-00308-00,OV-M-00308,ovino,2023-09-15,2023-09-15,concluido_sucesso,2024-02-12,1
C-OV-M-00308-01,OV-M-00308,ovino,2024-04-29,2024-04-29,concluido_sucesso,2024-09-26,1
C-OV-M-00308-02,OV-M-00308,ovino,2025-01-02,2025-01-02,concluido_sucesso,2025-06-01,1
C-OV-M-00308-03,OV-M-00308,ovino,2025-09-08,2025-09-08,concluido_sucesso,2026-02-05,1
C-OV-M-00309-00,OV-M-00309,ovino,2023-06-11,2023-07-20,concluido_sucesso,2023-12-17,3
C-OV-M-00309-01,OV-M-00309,ovino,2024-02-23,2024-03-11,concluido_sucesso,2024-08-08,2
C-OV-M-00309-02,OV-M-00309,ovino,2024-12-05,2024-12-05,concluido_sucesso,2025-05-04,1
C-OV-M-00309-03,OV-M-00309,ovino,2025-07-22,2025-08-30,concluido_falha,,3
C-OV-M-00309-04,OV-M-00309,ovino,2025-09-30,2025-09-30,concluido_sucesso,2026-02-27,1
C-OV-M-00310-00,OV-M-00310,ovino,2023-03-30,2023-04-20,concluido_sucesso,2023-09-17,2
C-OV-M-00310-01,OV-M-00310,ovino,2023-11-25,2023-11-25,concluido_sucesso,2024-04-23,1
C-OV-M-00310-02,OV-M-00310,ovino,2024-06-28,2024-06-28,concluido_sucesso,2024-11-25,1
C-OV-M-00310-03,OV-M-00310,ovino,2025-02-11,2025-03-18,concluido_falha,,3
C-OV-M-00311-00,OV-M-00311,ovino,2023-01-02,2023-01-02,concluido_sucesso,2023-06-01,1
C-OV-M-00311-01,OV-M-00311,ovino,2023-08-06,2023-08-06,concluido_sucesso,2024-01-03,1
C-OV-M-00311-02,OV-M-00311,ovino,2024-03-27,2024-03-27,concluido_sucesso,2024-08-24,1
C-OV-M-00311-03,OV-M-00311,ovino,2024-11-01,2024-12-07,concluido_sucesso,2025-05-06,3
C-OV-M-00311-04,OV-M-00311,ovino,2025-08-02,2025-08-02,concluido_sucesso,2025-12-30,1
C-OV-M-00311-05,OV-M-00311,ovino,2026-03-06,2026-03-06,concluido_sucesso,2026-08-03,1
C-OV-M-00312-00,OV-M-00312,ovino,2023-07-05,2023-07-05,concluido_sucesso,2023-12-02,1
C-OV-M-00312-01,OV-M-00312,ovino,2024-03-03,2024-03-03,concluido_sucesso,2024-07-31,1
C-OV-M-00312-02,OV-M-00312,ovino,2024-10-30,2024-10-30,concluido_sucesso,2025-03-29,1
C-OV-M-00312-03,OV-M-00312,ovino,2025-06-10,2025-06-10,concluido_sucesso,2025-11-07,1
C-OV-M-00312-04,OV-M-00312,ovino,2026-01-12,2026-01-12,concluido_sucesso,2026-06-11,1
C-OV-M-00313-00,OV-M-00313,ovino,2023-10-07,2023-10-07,concluido_sucesso,2024-03-05,1
C-OV-M-00313-01,OV-M-00313,ovino,2024-05-20,2024-05-20,concluido_sucesso,2024-10-17,1
C-OV-M-00314-00,OV-M-00314,ovino,2023-05-18,2023-06-25,concluido_falha,,3
C-OV-M-00314-01,OV-M-00314,ovino,2023-07-28,2023-09-06,concluido_falha,,3
C-OV-M-00314-02,OV-M-00314,ovino,2023-10-26,2023-12-03,concluido_falha,,3
C-OV-M-00314-03,OV-M-00314,ovino,2024-01-22,2024-02-27,concluido_falha,,3
C-OV-M-00314-04,OV-M-00314,ovino,2024-05-03,2024-06-12,concluido_falha,,3
C-OV-M-00314-05,OV-M-00314,ovino,2024-07-25,2024-08-28,concluido_falha,,3
C-OV-M-00315-00,OV-M-00315,ovino,2023-09-20,2023-09-20,concluido_sucesso,2024-02-17,1
C-OV-M-00315-01,OV-M-00315,ovino,2024-05-10,2024-05-10,concluido_sucesso,2024-10-07,1
C-OV-M-00315-02,OV-M-00315,ovino,2025-01-04,2025-02-15,concluido_falha,,3
C-OV-M-00316-00,OV-M-00316,ovino,2023-05-08,2023-05-08,concluido_sucesso,2023-10-05,1
C-OV-M-00316-01,OV-M-00316,ovino,2024-01-25,2024-01-25,concluido_sucesso,2024-06-23,1
C-OV-M-00316-02,OV-M-00316,ovino,2024-10-08,2024-10-08,concluido_sucesso,2025-03-07,1
C-OV-M-00316-03,OV-M-00316,ovino,2025-06-01,2025-06-17,concluido_sucesso,2025-11-14,2
C-OV-M-00317-00,OV-M-00317,ovino,2023-07-24,2023-07-24,concluido_sucesso,2023-12-21,1
C-OV-M-00317-01,OV-M-00317,ovino,2024-02-20,2024-03-28,concluido_sucesso,2024-08-25,3
C-OV-M-00317-02,OV-M-00317,ovino,2024-12-07,2024-12-07,concluido_sucesso,2025-05-06,1
C-OV-M-00317-03,OV-M-00317,ovino,2025-08-03,2025-08-03,concluido_sucesso,2025-12-31,1
C-OV-M-00318-00,OV-M-00318,ovino,2023-02-06,2023-03-20,concluido_falha,,3
C-OV-M-00318-01,OV-M-00318,ovino,2023-04-19,2023-04-19,concluido_sucesso,2023-09-16,1
C-OV-M-00318-02,OV-M-00318,ovino,2023-12-03,2023-12-19,concluido_sucesso,2024-05-17,2
C-OV-M-00318-03,OV-M-00318,ovino,2024-09-13,2024-09-13,concluido_sucesso,2025-02-10,1
C-OV-M-00319-00,OV-M-00319,ovino,2023-06-21,2023-07-31,concluido_falha,,3
C-OV-M-00319-01,OV-M-00319,ovino,2023-09-13,2023-10-23,concluido_falha,,3
C-OV-M-00319-02,OV-M-00319,ovino,2023-11-26,2023-12-18,concluido_sucesso,2024-05-16,2
C-OV-M-00320-00,OV-M-00320,ovino,2023-05-15,2023-05-15,concluido_sucesso,2023-10-12,1
C-OV-M-00320-01,OV-M-00320,ovino,2023-12-21,2023-12-21,concluido_sucesso,2024-05-19,1
C-OV-M-00320-02,OV-M-00320,ovino,2024-09-03,2024-09-03,concluido_sucesso,2025-01-31,1
C-OV-M-00320-03,OV-M-00320,ovino,2025-05-01,2025-05-01,concluido_sucesso,2025-09-28,1
C-OV-M-00320-04,OV-M-00320,ovino,2025-12-19,2026-01-27,concluido_sucesso,2026-06-26,3
C-OV-M-00321-00,OV-M-00321,ovino,2023-02-16,2023-02-16,concluido_sucesso,2023-07-16,1
C-OV-M-00321-01,OV-M-00321,ovino,2023-09-29,2023-09-29,concluido_sucesso,2024-02-26,1
C-OV-M-00321-02,OV-M-00321,ovino,2024-05-19,2024-05-19,concluido_sucesso,2024-10-16,1
C-OV-M-00321-03,OV-M-00321,ovino,2024-12-26,2024-12-26,concluido_sucesso,2025-05-25,1
C-OV-M-00321-04,OV-M-00321,ovino,2025-08-02,2025-08-02,concluido_sucesso,2025-12-30,1
C-OV-M-00321-05,OV-M-00321,ovino,2026-03-25,2026-03-25,concluido_sucesso,2026-08-22,1
C-OV-M-00322-00,OV-M-00322,ovino,2023-09-06,2023-09-06,concluido_sucesso,2024-02-03,1
C-OV-M-00322-01,OV-M-00322,ovino,2024-04-05,2024-04-05,concluido_sucesso,2024-09-02,1
C-OV-M-00322-02,OV-M-00322,ovino,2024-11-23,2024-11-23,concluido_sucesso,2025-04-22,1
C-OV-M-00322-03,OV-M-00322,ovino,2025-08-19,2025-08-19,concluido_sucesso,2026-01-16,1
C-OV-M-00323-00,OV-M-00323,ovino,2023-06-23,2023-06-23,concluido_sucesso,2023-11-20,1
C-OV-M-00323-01,OV-M-00323,ovino,2024-02-25,2024-02-25,concluido_sucesso,2024-07-24,1
C-OV-M-00323-02,OV-M-00323,ovino,2024-11-07,2024-12-16,concluido_sucesso,2025-05-15,3
C-OV-M-00323-03,OV-M-00323,ovino,2025-07-26,2025-07-26,concluido_sucesso,2025-12-23,1
C-OV-M-00323-04,OV-M-00323,ovino,2026-02-22,2026-04-03,concluido_sucesso,2026-08-31,3
C-OV-M-00324-00,OV-M-00324,ovino,2023-04-30,2023-04-30,concluido_sucesso,2023-09-27,1
C-OV-M-00324-01,OV-M-00324,ovino,2024-01-20,2024-01-20,concluido_sucesso,2024-06-18,1
C-OV-M-00324-02,OV-M-00324,ovino,2024-10-05,2024-11-13,concluido_sucesso,2025-04-12,3
C-OV-M-00324-03,OV-M-00324,ovino,2025-07-01,2025-07-01,concluido_sucesso,2025-11-28,1
C-OV-M-00324-04,OV-M-00324,ovino,2026-03-22,2026-03-22,concluido_sucesso,2026-08-19,1
C-OV-M-00325-00,OV-M-00325,ovino,2023-05-21,2023-06-08,concluido_sucesso,2023-11-05,2
C-OV-M-00325-01,OV-M-00325,ovino,2024-02-20,2024-02-20,concluido_sucesso,2024-07-19,1
C-OV-M-00325-02,OV-M-00325,ovino,2024-09-19,2024-11-01,concluido_falha,,3
C-OV-M-00325-03,OV-M-00325,ovino,2024-12-01,2025-01-13,concluido_falha,,3
C-OV-M-00325-04,OV-M-00325,ovino,2025-03-01,2025-03-01,concluido_sucesso,2025-07-29,1
C-OV-M-00325-05,OV-M-00325,ovino,2025-11-09,2025-11-27,concluido_sucesso,2026-04-26,2
C-OV-M-00326-00,OV-M-00326,ovino,2023-05-09,2023-05-27,concluido_sucesso,2023-10-24,2
C-OV-M-00326-01,OV-M-00326,ovino,2024-01-01,2024-01-01,concluido_sucesso,2024-05-30,1
C-OV-M-00326-02,OV-M-00326,ovino,2024-07-31,2024-09-05,concluido_sucesso,2025-02-02,3
C-OV-M-00326-03,OV-M-00326,ovino,2025-04-05,2025-04-05,concluido_sucesso,2025-09-02,1
C-OV-M-00326-04,OV-M-00326,ovino,2025-11-14,2025-11-14,concluido_sucesso,2026-04-13,1
C-OV-M-00327-00,OV-M-00327,ovino,2023-01-05,2023-01-05,concluido_sucesso,2023-06-04,1
C-OV-M-00327-01,OV-M-00327,ovino,2023-08-11,2023-08-11,concluido_sucesso,2024-01-08,1
C-OV-M-00327-02,OV-M-00327,ovino,2024-04-12,2024-05-19,concluido_sucesso,2024-10-16,3
C-OV-M-00327-03,OV-M-00327,ovino,2025-01-17,2025-01-17,concluido_sucesso,2025-06-16,1
C-OV-M-00328-00,OV-M-00328,ovino,2023-08-11,2023-09-02,concluido_sucesso,2024-01-30,2
C-OV-M-00328-01,OV-M-00328,ovino,2024-05-03,2024-06-11,concluido_sucesso,2024-11-08,3
C-OV-M-00328-02,OV-M-00328,ovino,2025-01-17,2025-01-17,concluido_sucesso,2025-06-16,1
C-OV-M-00328-03,OV-M-00328,ovino,2025-09-15,2025-10-02,concluido_sucesso,2026-03-01,2
C-OV-M-00329-00,OV-M-00329,ovino,2023-04-23,2023-04-23,concluido_sucesso,2023-09-20,1
C-OV-M-00329-01,OV-M-00329,ovino,2023-11-24,2023-12-12,concluido_sucesso,2024-05-10,2
C-OV-M-00329-02,OV-M-00329,ovino,2024-08-23,2024-09-12,concluido_sucesso,2025-02-09,2
C-OV-M-00329-03,OV-M-00329,ovino,2025-05-03,2025-06-12,concluido_falha,,3
C-OV-M-00329-04,OV-M-00329,ovino,2025-08-19,2025-08-19,concluido_sucesso,2026-01-16,1
C-OV-M-00329-05,OV-M-00329,ovino,2026-04-15,2026-04-15,concluido_falha,,1
C-OV-M-00330-00,OV-M-00330,ovino,2023-02-03,2023-02-03,concluido_sucesso,2023-07-03,1
C-OV-M-00330-01,OV-M-00330,ovino,2023-10-16,2023-10-16,concluido_sucesso,2024-03-14,1
C-OV-M-00330-02,OV-M-00330,ovino,2024-06-14,2024-06-14,concluido_sucesso,2024-11-11,1
C-OV-M-00330-03,OV-M-00330,ovino,2025-02-27,2025-02-27,concluido_sucesso,2025-07-27,1
C-OV-M-00330-04,OV-M-00330,ovino,2025-11-07,2025-11-07,concluido_sucesso,2026-04-06,1
C-OV-M-00331-00,OV-M-00331,ovino,2023-08-27,2023-08-27,concluido_sucesso,2024-01-24,1
C-OV-M-00331-01,OV-M-00331,ovino,2024-04-18,2024-04-18,concluido_sucesso,2024-09-15,1
C-OV-M-00331-02,OV-M-00331,ovino,2024-12-27,2024-12-27,concluido_sucesso,2025-05-26,1
C-OV-M-00331-03,OV-M-00331,ovino,2025-08-01,2025-08-01,concluido_sucesso,2025-12-29,1
C-OV-M-00332-00,OV-M-00332,ovino,2023-03-26,2023-03-26,concluido_sucesso,2023-08-23,1
C-OV-M-00332-01,OV-M-00332,ovino,2023-11-08,2023-11-08,concluido_sucesso,2024-04-06,1
C-OV-M-00332-02,OV-M-00332,ovino,2024-06-12,2024-07-25,concluido_falha,,3
C-OV-M-00332-03,OV-M-00332,ovino,2024-09-28,2024-09-28,concluido_sucesso,2025-02-25,1
C-OV-M-00332-04,OV-M-00332,ovino,2025-05-27,2025-05-27,concluido_sucesso,2025-10-24,1
C-OV-M-00332-05,OV-M-00332,ovino,2026-02-01,2026-02-01,concluido_sucesso,2026-07-01,1
C-OV-M-00333-00,OV-M-00333,ovino,2023-08-04,2023-08-04,concluido_sucesso,2024-01-01,1
C-OV-M-00333-01,OV-M-00333,ovino,2024-04-06,2024-04-06,concluido_sucesso,2024-09-03,1
C-OV-M-00333-02,OV-M-00333,ovino,2024-12-29,2024-12-29,concluido_sucesso,2025-05-28,1
C-OV-M-00333-03,OV-M-00333,ovino,2025-08-13,2025-08-13,concluido_sucesso,2026-01-10,1
C-OV-M-00334-00,OV-M-00334,ovino,2023-10-30,2023-11-16,concluido_sucesso,2024-04-14,2
C-OV-M-00334-01,OV-M-00334,ovino,2024-07-04,2024-07-04,concluido_sucesso,2024-12-01,1
C-OV-M-00334-02,OV-M-00334,ovino,2025-02-05,2025-02-05,concluido_sucesso,2025-07-05,1
C-OV-M-00334-03,OV-M-00334,ovino,2025-10-09,2025-10-09,concluido_sucesso,2026-03-08,1
C-OV-M-00335-00,OV-M-00335,ovino,2023-05-24,2023-05-24,concluido_sucesso,2023-10-21,1
C-OV-M-00336-00,OV-M-00336,ovino,2023-08-17,2023-09-22,concluido_falha,,3
C-OV-M-00336-01,OV-M-00336,ovino,2023-11-29,2024-01-03,concluido_falha,,3
C-OV-M-00336-02,OV-M-00336,ovino,2024-02-07,2024-02-07,concluido_sucesso,2024-07-06,1
C-OV-M-00336-03,OV-M-00336,ovino,2024-10-07,2024-10-07,concluido_sucesso,2025-03-06,1
C-OV-M-00336-04,OV-M-00336,ovino,2025-06-18,2025-07-23,concluido_sucesso,2025-12-20,3
C-OV-M-00337-00,OV-M-00337,ovino,2023-10-03,2023-10-03,concluido_sucesso,2024-03-01,1
C-OV-M-00337-01,OV-M-00337,ovino,2024-06-17,2024-06-17,concluido_sucesso,2024-11-14,1
C-OV-M-00337-02,OV-M-00337,ovino,2025-01-31,2025-03-10,concluido_sucesso,2025-08-07,3
C-OV-M-00337-03,OV-M-00337,ovino,2025-11-13,2025-11-13,concluido_sucesso,2026-04-12,1
C-OV-M-00338-00,OV-M-00338,ovino,2023-10-24,2023-10-24,concluido_sucesso,2024-03-22,1
C-OV-M-00338-01,OV-M-00338,ovino,2024-05-30,2024-07-09,concluido_sucesso,2024-12-06,3
C-OV-M-00338-02,OV-M-00338,ovino,2025-03-08,2025-03-29,concluido_sucesso,2025-08-26,2
C-OV-M-00339-00,OV-M-00339,ovino,2023-03-16,2023-04-19,concluido_falha,,3
C-OV-M-00340-00,OV-M-00340,ovino,2023-05-14,2023-05-14,concluido_sucesso,2023-10-11,1
C-OV-M-00340-01,OV-M-00340,ovino,2024-02-06,2024-02-06,concluido_sucesso,2024-07-05,1
C-OV-M-00340-02,OV-M-00340,ovino,2024-09-07,2024-09-07,concluido_sucesso,2025-02-04,1
C-OV-M-00340-03,OV-M-00340,ovino,2025-04-09,2025-04-29,concluido_sucesso,2025-09-26,2
C-OV-M-00340-04,OV-M-00340,ovino,2025-11-26,2025-11-26,concluido_sucesso,2026-04-25,1
C-OV-M-00341-00,OV-M-00341,ovino,2023-04-06,2023-04-06,concluido_sucesso,2023-09-03,1
C-OV-M-00341-01,OV-M-00341,ovino,2023-11-27,2023-11-27,concluido_sucesso,2024-04-25,1
C-OV-M-00341-02,OV-M-00341,ovino,2024-06-25,2024-06-25,concluido_sucesso,2024-11-22,1
C-OV-M-00341-03,OV-M-00341,ovino,2025-01-28,2025-02-18,concluido_sucesso,2025-07-18,2
C-OV-M-00341-04,OV-M-00341,ovino,2025-10-01,2025-10-01,concluido_sucesso,2026-02-28,1
C-OV-M-00342-00,OV-M-00342,ovino,2023-09-10,2023-10-13,concluido_sucesso,2024-03-11,3
C-OV-M-00342-01,OV-M-00342,ovino,2024-06-30,2024-08-13,concluido_falha,,3
C-OV-M-00342-02,OV-M-00342,ovino,2024-09-28,2024-10-18,concluido_sucesso,2025-03-17,2
C-OV-M-00342-03,OV-M-00342,ovino,2025-07-11,2025-07-11,concluido_sucesso,2025-12-08,1
C-OV-M-00342-04,OV-M-00342,ovino,2026-03-01,2026-03-01,concluido_sucesso,2026-07-29,1
C-OV-M-00343-00,OV-M-00343,ovino,2023-08-27,2023-08-27,concluido_sucesso,2024-01-24,1
C-OV-M-00343-01,OV-M-00343,ovino,2024-04-05,2024-04-05,concluido_sucesso,2024-09-02,1
C-OV-M-00344-00,OV-M-00344,ovino,2023-09-11,2023-09-11,concluido_sucesso,2024-02-08,1
C-OV-M-00345-00,OV-M-00345,ovino,2023-05-22,2023-05-22,concluido_sucesso,2023-10-19,1
C-OV-M-00346-00,OV-M-00346,ovino,2023-08-09,2023-08-09,concluido_sucesso,2024-01-06,1
C-OV-M-00346-01,OV-M-00346,ovino,2024-04-15,2024-04-15,concluido_sucesso,2024-09-12,1
C-OV-M-00346-02,OV-M-00346,ovino,2024-11-26,2024-12-13,concluido_sucesso,2025-05-12,2
C-OV-M-00346-03,OV-M-00346,ovino,2025-08-09,2025-08-09,concluido_sucesso,2026-01-06,1
C-OV-M-00346-04,OV-M-00346,ovino,2026-03-27,2026-03-27,concluido_sucesso,2026-08-24,1
C-OV-M-00347-00,OV-M-00347,ovino,2023-03-07,2023-03-07,concluido_sucesso,2023-08-04,1
C-OV-M-00347-01,OV-M-00347,ovino,2023-11-20,2023-11-20,concluido_sucesso,2024-04-18,1
C-OV-M-00347-02,OV-M-00347,ovino,2024-08-03,2024-08-03,concluido_sucesso,2024-12-31,1
C-OV-M-00347-03,OV-M-00347,ovino,2025-04-14,2025-04-14,concluido_sucesso,2025-09-11,1
C-OV-M-00347-04,OV-M-00347,ovino,2025-12-26,2025-12-26,concluido_sucesso,2026-05-25,1
C-OV-M-00348-00,OV-M-00348,ovino,2023-08-02,2023-08-02,concluido_sucesso,2023-12-30,1
C-OV-M-00348-01,OV-M-00348,ovino,2024-03-28,2024-04-17,concluido_sucesso,2024-09-14,2
C-OV-M-00348-02,OV-M-00348,ovino,2024-12-27,2025-02-05,concluido_falha,,3
C-OV-M-00348-03,OV-M-00348,ovino,2025-03-13,2025-04-04,concluido_sucesso,2025-09-01,2
C-OV-M-00348-04,OV-M-00348,ovino,2025-12-22,2025-12-22,concluido_sucesso,2026-05-21,1
C-OV-M-00349-00,OV-M-00349,ovino,2023-01-22,2023-01-22,concluido_sucesso,2023-06-21,1
C-OV-M-00349-01,OV-M-00349,ovino,2023-09-17,2023-09-17,concluido_sucesso,2024-02-14,1
C-OV-M-00349-02,OV-M-00349,ovino,2024-06-07,2024-07-16,concluido_falha,,3
C-OV-M-00349-03,OV-M-00349,ovino,2024-09-17,2024-09-17,concluido_sucesso,2025-02-14,1
C-OV-M-00349-04,OV-M-00349,ovino,2025-04-18,2025-05-23,concluido_falha,,3
C-OV-M-00349-05,OV-M-00349,ovino,2025-07-05,2025-08-16,concluido_falha,,3
C-OV-M-00350-00,OV-M-00350,ovino,2023-04-01,2023-04-01,concluido_sucesso,2023-08-29,1
C-OV-M-00350-01,OV-M-00350,ovino,2023-11-13,2023-12-04,concluido_sucesso,2024-05-02,2
C-OV-M-00350-02,OV-M-00350,ovino,2024-07-31,2024-07-31,concluido_sucesso,2024-12-28,1
C-OV-M-00350-03,OV-M-00350,ovino,2025-03-14,2025-04-03,concluido_sucesso,2025-08-31,2
C-OV-M-00350-04,OV-M-00350,ovino,2025-11-04,2025-11-04,concluido_sucesso,2026-04-03,1
C-OV-M-00351-00,OV-M-00351,ovino,2023-09-20,2023-10-30,concluido_falha,,3
C-OV-M-00351-01,OV-M-00351,ovino,2023-12-05,2023-12-05,concluido_sucesso,2024-05-03,1
C-OV-M-00351-02,OV-M-00351,ovino,2024-08-03,2024-09-08,concluido_falha,,3
C-OV-M-00351-03,OV-M-00351,ovino,2024-11-06,2024-12-15,concluido_falha,,3
C-OV-M-00351-04,OV-M-00351,ovino,2025-01-15,2025-02-17,concluido_falha,,3
C-OV-M-00351-05,OV-M-00351,ovino,2025-04-07,2025-04-07,concluido_sucesso,2025-09-04,1
C-OV-M-00352-00,OV-M-00352,ovino,2023-06-08,2023-06-08,concluido_sucesso,2023-11-05,1
C-OV-M-00352-01,OV-M-00352,ovino,2024-02-06,2024-02-06,concluido_sucesso,2024-07-05,1
C-OV-M-00352-02,OV-M-00352,ovino,2024-11-01,2024-11-01,concluido_sucesso,2025-03-31,1
C-OV-M-00352-03,OV-M-00352,ovino,2025-06-17,2025-07-27,concluido_sucesso,2025-12-24,3
C-OV-M-00352-04,OV-M-00352,ovino,2026-04-07,2026-04-07,concluido_sucesso,2026-09-04,1
C-OV-M-00353-00,OV-M-00353,ovino,2023-01-31,2023-01-31,concluido_sucesso,2023-06-30,1
C-OV-M-00353-01,OV-M-00353,ovino,2023-10-08,2023-11-19,concluido_falha,,3
C-OV-M-00353-02,OV-M-00353,ovino,2024-01-01,2024-01-01,concluido_sucesso,2024-05-30,1
C-OV-M-00353-03,OV-M-00353,ovino,2024-09-24,2024-10-11,concluido_sucesso,2025-03-10,2
C-OV-M-00353-04,OV-M-00353,ovino,2025-07-03,2025-07-03,concluido_sucesso,2025-11-30,1
C-OV-M-00353-05,OV-M-00353,ovino,2026-03-17,2026-03-17,concluido_sucesso,2026-08-14,1
C-OV-M-00354-00,OV-M-00354,ovino,2023-05-05,2023-05-05,concluido_sucesso,2023-10-02,1
C-OV-M-00354-01,OV-M-00354,ovino,2024-01-09,2024-01-09,concluido_sucesso,2024-06-07,1
C-OV-M-00354-02,OV-M-00354,ovino,2024-09-18,2024-09-18,concluido_sucesso,2025-02-15,1
C-OV-M-00354-03,OV-M-00354,ovino,2025-04-23,2025-04-23,concluido_sucesso,2025-09-20,1
C-OV-M-00354-04,OV-M-00354,ovino,2025-12-20,2026-01-28,concluido_falha,,3
C-OV-M-00354-05,OV-M-00354,ovino,2026-03-30,2026-04-20,concluido_falha,,2
C-OV-M-00355-00,OV-M-00355,ovino,2023-09-12,2023-09-12,concluido_sucesso,2024-02-09,1
C-OV-M-00355-01,OV-M-00355,ovino,2024-05-24,2024-05-24,concluido_sucesso,2024-10-21,1
C-OV-M-00355-02,OV-M-00355,ovino,2025-01-28,2025-01-28,concluido_sucesso,2025-06-27,1
C-OV-M-00355-03,OV-M-00355,ovino,2025-10-14,2025-10-14,concluido_sucesso,2026-03-13,1
C-OV-M-00356-00,OV-M-00356,ovino,2023-10-21,2023-11-12,concluido_sucesso,2024-04-10,2
C-OV-M-00356-01,OV-M-00356,ovino,2024-06-14,2024-07-23,concluido_sucesso,2024-12-20,3
C-OV-M-00356-02,OV-M-00356,ovino,2025-03-03,2025-03-03,concluido_sucesso,2025-07-31,1
C-OV-M-00356-03,OV-M-00356,ovino,2025-10-20,2025-10-20,concluido_sucesso,2026-03-19,1
C-OV-M-00357-00,OV-M-00357,ovino,2023-02-16,2023-03-08,concluido_sucesso,2023-08-05,2
C-OV-M-00357-01,OV-M-00357,ovino,2023-11-14,2023-11-14,concluido_sucesso,2024-04-12,1
C-OV-M-00357-02,OV-M-00357,ovino,2024-08-07,2024-08-07,concluido_sucesso,2025-01-04,1
C-OV-M-00357-03,OV-M-00357,ovino,2025-03-13,2025-04-22,concluido_sucesso,2025-09-19,3
C-OV-M-00358-00,OV-M-00358,ovino,2023-02-20,2023-02-20,concluido_sucesso,2023-07-20,1
C-OV-M-00358-01,OV-M-00358,ovino,2023-09-24,2023-10-15,concluido_sucesso,2024-03-13,2
C-OV-M-00358-02,OV-M-00358,ovino,2024-06-01,2024-06-01,concluido_sucesso,2024-10-29,1
C-OV-M-00358-03,OV-M-00358,ovino,2025-02-21,2025-02-21,concluido_sucesso,2025-07-21,1
C-OV-M-00358-04,OV-M-00358,ovino,2025-09-23,2025-10-14,concluido_sucesso,2026-03-13,2
C-OV-M-00359-00,OV-M-00359,ovino,2023-02-12,2023-02-12,concluido_sucesso,2023-07-12,1
C-OV-M-00359-01,OV-M-00359,ovino,2023-10-19,2023-11-28,concluido_sucesso,2024-04-26,3
C-OV-M-00359-02,OV-M-00359,ovino,2024-07-19,2024-07-19,concluido_sucesso,2024-12-16,1
C-OV-M-00359-03,OV-M-00359,ovino,2025-04-09,2025-04-09,concluido_sucesso,2025-09-06,1
C-OV-M-00359-04,OV-M-00359,ovino,2025-12-31,2025-12-31,concluido_sucesso,2026-05-30,1
C-OV-M-00360-00,OV-M-00360,ovino,2023-07-16,2023-08-19,concluido_sucesso,2024-01-16,3
C-OV-M-00360-01,OV-M-00360,ovino,2024-03-30,2024-04-18,concluido_sucesso,2024-09-15,2
C-OV-M-00360-02,OV-M-00360,ovino,2025-01-05,2025-01-26,concluido_sucesso,2025-06-25,2
C-OV-M-00360-03,OV-M-00360,ovino,2025-10-06,2025-11-10,concluido_falha,,3
C-OV-M-00360-04,OV-M-00360,ovino,2025-12-22,2025-12-22,concluido_sucesso,2026-05-21,1
C-OV-M-00361-00,OV-M-00361,ovino,2023-01-27,2023-03-09,concluido_sucesso,2023-08-06,3
C-OV-M-00362-00,OV-M-00362,ovino,2023-10-20,2023-10-20,concluido_sucesso,2024-03-18,1
C-OV-M-00363-00,OV-M-00363,ovino,2023-05-27,2023-05-27,concluido_sucesso,2023-10-24,1
C-OV-M-00363-01,OV-M-00363,ovino,2024-01-07,2024-01-07,concluido_sucesso,2024-06-05,1
C-OV-M-00363-02,OV-M-00363,ovino,2024-09-12,2024-09-12,concluido_sucesso,2025-02-09,1
C-OV-M-00363-03,OV-M-00363,ovino,2025-05-08,2025-05-24,concluido_sucesso,2025-10-21,2
C-OV-M-00363-04,OV-M-00363,ovino,2025-12-29,2025-12-29,concluido_sucesso,2026-05-28,1
C-OV-M-00364-00,OV-M-00364,ovino,2023-08-09,2023-08-09,concluido_sucesso,2024-01-06,1
C-OV-M-00364-01,OV-M-00364,ovino,2024-04-29,2024-05-16,concluido_sucesso,2024-10-13,2
C-OV-M-00364-02,OV-M-00364,ovino,2025-01-10,2025-01-10,concluido_sucesso,2025-06-09,1
C-OV-M-00364-03,OV-M-00364,ovino,2025-10-04,2025-11-11,concluido_sucesso,2026-04-10,3
C-OV-M-00365-00,OV-M-00365,ovino,2023-08-18,2023-08-18,concluido_sucesso,2024-01-15,1
C-OV-M-00365-01,OV-M-00365,ovino,2024-04-25,2024-04-25,concluido_sucesso,2024-09-22,1
C-OV-M-00365-02,OV-M-00365,ovino,2025-01-03,2025-01-03,concluido_sucesso,2025-06-02,1
C-OV-M-00365-03,OV-M-00365,ovino,2025-08-17,2025-08-17,concluido_sucesso,2026-01-14,1
C-OV-M-00365-04,OV-M-00365,ovino,2026-04-16,2026-04-16,concluido_sucesso,2026-09-13,1
C-OV-M-00366-00,OV-M-00366,ovino,2023-07-03,2023-08-07,concluido_falha,,3
C-OV-M-00366-01,OV-M-00366,ovino,2023-10-09,2023-10-26,concluido_sucesso,2024-03-24,2
C-OV-M-00366-02,OV-M-00366,ovino,2024-06-27,2024-06-27,concluido_sucesso,2024-11-24,1
C-OV-M-00367-00,OV-M-00367,ovino,2023-08-21,2023-08-21,concluido_sucesso,2024-01-18,1
C-OV-M-00367-01,OV-M-00367,ovino,2024-03-18,2024-03-18,concluido_sucesso,2024-08-15,1
C-OV-M-00367-02,OV-M-00367,ovino,2024-12-02,2024-12-18,concluido_sucesso,2025-05-17,2
C-OV-M-00367-03,OV-M-00367,ovino,2025-08-24,2025-09-11,concluido_sucesso,2026-02-08,2
C-OV-M-00368-00,OV-M-00368,ovino,2023-08-10,2023-08-10,concluido_sucesso,2024-01-07,1
C-OV-M-00368-01,OV-M-00368,ovino,2024-04-16,2024-04-16,concluido_sucesso,2024-09-13,1
C-OV-M-00369-00,OV-M-00369,ovino,2023-07-16,2023-07-16,concluido_sucesso,2023-12-13,1
C-OV-M-00369-01,OV-M-00369,ovino,2024-02-29,2024-02-29,concluido_sucesso,2024-07-28,1
C-OV-M-00369-02,OV-M-00369,ovino,2024-10-29,2024-10-29,concluido_sucesso,2025-03-28,1
C-OV-M-00369-03,OV-M-00369,ovino,2025-06-23,2025-06-23,concluido_sucesso,2025-11-20,1
C-OV-M-00369-04,OV-M-00369,ovino,2026-03-10,2026-03-10,concluido_sucesso,2026-08-07,1
C-OV-M-00370-00,OV-M-00370,ovino,2023-03-31,2023-05-07,concluido_falha,,3
C-OV-M-00370-01,OV-M-00370,ovino,2023-06-26,2023-07-15,concluido_sucesso,2023-12-12,2
C-OV-M-00370-02,OV-M-00370,ovino,2024-03-16,2024-04-23,concluido_sucesso,2024-09-20,3
C-OV-M-00371-00,OV-M-00371,ovino,2023-02-19,2023-02-19,concluido_sucesso,2023-07-19,1
C-OV-M-00371-01,OV-M-00371,ovino,2023-10-26,2023-10-26,concluido_sucesso,2024-03-24,1
C-OV-M-00371-02,OV-M-00371,ovino,2024-07-19,2024-08-25,concluido_sucesso,2025-01-22,3
C-OV-M-00371-03,OV-M-00371,ovino,2025-04-30,2025-05-18,concluido_sucesso,2025-10-15,2
C-OV-M-00371-04,OV-M-00371,ovino,2026-02-06,2026-02-28,concluido_sucesso,2026-07-28,2
C-OV-M-00372-00,OV-M-00372,ovino,2023-06-23,2023-06-23,concluido_sucesso,2023-11-20,1
C-OV-M-00372-01,OV-M-00372,ovino,2024-01-24,2024-02-27,concluido_falha,,3
C-OV-M-00372-02,OV-M-00372,ovino,2024-04-09,2024-05-14,concluido_falha,,3
C-OV-M-00372-03,OV-M-00372,ovino,2024-06-16,2024-06-16,concluido_sucesso,2024-11-13,1
C-OV-M-00372-04,OV-M-00372,ovino,2025-02-09,2025-02-09,concluido_sucesso,2025-07-09,1
C-OV-M-00372-05,OV-M-00372,ovino,2025-09-09,2025-10-22,concluido_falha,,3
C-OV-M-00373-00,OV-M-00373,ovino,2023-05-06,2023-05-06,concluido_sucesso,2023-10-03,1
C-OV-M-00373-01,OV-M-00373,ovino,2024-01-15,2024-01-15,concluido_sucesso,2024-06-13,1
C-OV-M-00373-02,OV-M-00373,ovino,2024-09-23,2024-09-23,concluido_sucesso,2025-02-20,1
C-OV-M-00373-03,OV-M-00373,ovino,2025-06-16,2025-06-16,concluido_sucesso,2025-11-13,1
C-OV-M-00373-04,OV-M-00373,ovino,2026-02-02,2026-02-02,concluido_sucesso,2026-07-02,1
C-OV-M-00374-00,OV-M-00374,ovino,2023-09-05,2023-09-05,concluido_sucesso,2024-02-02,1
C-OV-M-00374-01,OV-M-00374,ovino,2024-04-05,2024-04-05,concluido_sucesso,2024-09-02,1
C-OV-M-00374-02,OV-M-00374,ovino,2024-11-07,2024-11-07,concluido_sucesso,2025-04-06,1
C-OV-M-00374-03,OV-M-00374,ovino,2025-06-07,2025-06-07,concluido_sucesso,2025-11-04,1
C-OV-M-00374-04,OV-M-00374,ovino,2026-01-16,2026-02-21,concluido_falha,,3
C-OV-M-00374-05,OV-M-00374,ovino,2026-04-23,2026-04-23,concluido_falha,,1
C-OV-M-00375-00,OV-M-00375,ovino,2023-01-09,2023-02-15,concluido_falha,,3
C-OV-M-00375-01,OV-M-00375,ovino,2023-03-17,2023-03-17,concluido_sucesso,2023-08-14,1
C-OV-M-00375-02,OV-M-00375,ovino,2023-11-01,2023-11-01,concluido_sucesso,2024-03-30,1
C-OV-M-00375-03,OV-M-00375,ovino,2024-07-17,2024-07-17,concluido_sucesso,2024-12-14,1
C-OV-M-00376-00,OV-M-00376,ovino,2023-02-24,2023-03-14,concluido_sucesso,2023-08-11,2
C-OV-M-00376-01,OV-M-00376,ovino,2023-10-21,2023-10-21,concluido_sucesso,2024-03-19,1
C-OV-M-00376-02,OV-M-00376,ovino,2024-06-23,2024-06-23,concluido_sucesso,2024-11-20,1
C-OV-M-00376-03,OV-M-00376,ovino,2025-03-15,2025-03-15,concluido_sucesso,2025-08-12,1
C-OV-M-00376-04,OV-M-00376,ovino,2025-11-25,2025-12-31,concluido_falha,,3
C-OV-M-00377-00,OV-M-00377,ovino,2023-07-17,2023-07-17,concluido_sucesso,2023-12-14,1
C-OV-M-00377-01,OV-M-00377,ovino,2024-02-14,2024-02-14,concluido_sucesso,2024-07-13,1
C-OV-M-00377-02,OV-M-00377,ovino,2024-11-01,2024-11-01,concluido_sucesso,2025-03-31,1
C-OV-M-00377-03,OV-M-00377,ovino,2025-06-07,2025-06-25,concluido_sucesso,2025-11-22,2
C-OV-M-00377-04,OV-M-00377,ovino,2026-03-04,2026-03-04,concluido_sucesso,2026-08-01,1
C-OV-M-00378-00,OV-M-00378,ovino,2023-09-13,2023-09-30,concluido_sucesso,2024-02-27,2
C-OV-M-00378-01,OV-M-00378,ovino,2024-05-22,2024-06-11,concluido_sucesso,2024-11-08,2
C-OV-M-00378-02,OV-M-00378,ovino,2025-02-21,2025-02-21,concluido_sucesso,2025-07-21,1
C-OV-M-00378-03,OV-M-00378,ovino,2025-09-21,2025-09-21,concluido_sucesso,2026-02-18,1
C-OV-M-00379-00,OV-M-00379,ovino,2023-06-03,2023-06-03,concluido_sucesso,2023-10-31,1
C-OV-M-00379-01,OV-M-00379,ovino,2024-02-03,2024-02-03,concluido_sucesso,2024-07-02,1
C-OV-M-00379-02,OV-M-00379,ovino,2024-10-27,2024-10-27,concluido_sucesso,2025-03-26,1
C-OV-M-00379-03,OV-M-00379,ovino,2025-06-08,2025-06-26,concluido_sucesso,2025-11-23,2
C-OV-M-00379-04,OV-M-00379,ovino,2026-02-08,2026-02-26,concluido_sucesso,2026-07-26,2
C-OV-M-00380-00,OV-M-00380,ovino,2023-09-21,2023-10-31,concluido_falha,,3
C-OV-M-00380-01,OV-M-00380,ovino,2023-12-30,2023-12-30,concluido_sucesso,2024-05-28,1
C-OV-M-00380-02,OV-M-00380,ovino,2024-09-02,2024-09-22,concluido_sucesso,2025-02-19,2
C-OV-M-00380-03,OV-M-00380,ovino,2025-04-29,2025-04-29,concluido_sucesso,2025-09-26,1
C-OV-M-00380-04,OV-M-00380,ovino,2025-12-29,2026-01-15,concluido_sucesso,2026-06-14,2
C-OV-M-00381-00,OV-M-00381,ovino,2023-06-01,2023-06-23,concluido_sucesso,2023-11-20,2
C-OV-M-00381-01,OV-M-00381,ovino,2024-02-02,2024-02-02,concluido_sucesso,2024-07-01,1
C-OV-M-00381-02,OV-M-00381,ovino,2024-09-19,2024-09-19,concluido_sucesso,2025-02-16,1
C-OV-M-00381-03,OV-M-00381,ovino,2025-05-28,2025-05-28,concluido_sucesso,2025-10-25,1
C-OV-M-00381-04,OV-M-00381,ovino,2026-01-01,2026-01-01,concluido_sucesso,2026-05-31,1
C-OV-M-00382-00,OV-M-00382,ovino,2023-09-02,2023-09-23,concluido_sucesso,2024-02-20,2
C-OV-M-00382-01,OV-M-00382,ovino,2024-05-09,2024-05-09,concluido_sucesso,2024-10-06,1
C-OV-M-00382-02,OV-M-00382,ovino,2025-01-18,2025-02-25,concluido_sucesso,2025-07-25,3
C-OV-M-00383-00,OV-M-00383,ovino,2023-06-19,2023-06-19,concluido_sucesso,2023-11-16,1
C-OV-M-00383-01,OV-M-00383,ovino,2024-01-27,2024-02-14,concluido_sucesso,2024-07-13,2
C-OV-M-00383-02,OV-M-00383,ovino,2024-10-09,2024-10-09,concluido_sucesso,2025-03-08,1
C-OV-M-00383-03,OV-M-00383,ovino,2025-06-22,2025-07-26,concluido_falha,,3
C-OV-M-00383-04,OV-M-00383,ovino,2025-09-23,2025-11-02,concluido_falha,,3
C-OV-M-00383-05,OV-M-00383,ovino,2025-12-28,2026-02-04,concluido_sucesso,2026-07-04,3
C-OV-M-00384-00,OV-M-00384,ovino,2023-01-10,2023-01-27,concluido_sucesso,2023-06-26,2
C-OV-M-00384-01,OV-M-00384,ovino,2023-08-28,2023-08-28,concluido_sucesso,2024-01-25,1
C-OV-M-00384-02,OV-M-00384,ovino,2024-04-12,2024-04-12,concluido_sucesso,2024-09-09,1
C-OV-M-00385-00,OV-M-00385,ovino,2023-07-16,2023-07-16,concluido_sucesso,2023-12-13,1
C-OV-M-00385-01,OV-M-00385,ovino,2024-03-26,2024-04-13,concluido_sucesso,2024-09-10,2
C-OV-M-00385-02,OV-M-00385,ovino,2024-12-26,2024-12-26,concluido_sucesso,2025-05-25,1
C-OV-M-00386-00,OV-M-00386,ovino,2023-10-09,2023-10-09,concluido_sucesso,2024-03-07,1
C-OV-M-00386-01,OV-M-00386,ovino,2024-05-24,2024-05-24,concluido_sucesso,2024-10-21,1
C-OV-M-00386-02,OV-M-00386,ovino,2024-12-26,2024-12-26,concluido_sucesso,2025-05-25,1
C-OV-M-00386-03,OV-M-00386,ovino,2025-07-28,2025-08-13,concluido_sucesso,2026-01-10,2
C-OV-M-00386-04,OV-M-00386,ovino,2026-04-02,2026-04-02,concluido_sucesso,2026-08-30,1
C-OV-M-00387-00,OV-M-00387,ovino,2023-07-07,2023-08-11,concluido_sucesso,2024-01-08,3
C-OV-M-00387-01,OV-M-00387,ovino,2024-03-15,2024-04-21,concluido_sucesso,2024-09-18,3
C-OV-M-00387-02,OV-M-00387,ovino,2025-01-14,2025-02-23,concluido_falha,,3
C-OV-M-00387-03,OV-M-00387,ovino,2025-04-18,2025-05-24,concluido_falha,,3
C-OV-M-00388-00,OV-M-00388,ovino,2023-06-05,2023-07-13,concluido_falha,,3
C-OV-M-00388-01,OV-M-00388,ovino,2023-09-19,2023-09-19,concluido_sucesso,2024-02-16,1
C-OV-M-00388-02,OV-M-00388,ovino,2024-04-27,2024-04-27,concluido_sucesso,2024-09-24,1
C-OV-M-00389-00,OV-M-00389,ovino,2023-10-27,2023-10-27,concluido_sucesso,2024-03-25,1
C-OV-M-00389-01,OV-M-00389,ovino,2024-06-02,2024-07-09,concluido_sucesso,2024-12-06,3
C-OV-M-00389-02,OV-M-00389,ovino,2025-02-21,2025-02-21,concluido_sucesso,2025-07-21,1
C-OV-M-00389-03,OV-M-00389,ovino,2025-11-15,2025-11-15,concluido_sucesso,2026-04-14,1
C-OV-M-00390-00,OV-M-00390,ovino,2023-07-23,2023-08-31,concluido_falha,,3
C-OV-M-00390-01,OV-M-00390,ovino,2023-10-26,2023-11-27,concluido_falha,,3
C-OV-M-00390-02,OV-M-00390,ovino,2024-01-15,2024-02-19,concluido_falha,,3
C-OV-M-00390-03,OV-M-00390,ovino,2024-04-04,2024-05-11,concluido_falha,,3
C-OV-M-00390-04,OV-M-00390,ovino,2024-06-29,2024-08-08,concluido_falha,,3
C-OV-M-00390-05,OV-M-00390,ovino,2024-09-22,2024-10-26,concluido_falha,,3
C-OV-M-00391-00,OV-M-00391,ovino,2023-07-10,2023-08-12,concluido_falha,,3
C-OV-M-00391-01,OV-M-00391,ovino,2023-09-23,2023-11-06,concluido_falha,,3
C-OV-M-00391-02,OV-M-00391,ovino,2023-12-30,2023-12-30,concluido_sucesso,2024-05-28,1
C-OV-M-00392-00,OV-M-00392,ovino,2023-08-08,2023-08-08,concluido_sucesso,2024-01-05,1
C-OV-M-00392-01,OV-M-00392,ovino,2024-04-13,2024-04-13,concluido_sucesso,2024-09-10,1
C-OV-M-00393-00,OV-M-00393,ovino,2023-05-18,2023-05-18,concluido_sucesso,2023-10-15,1
C-OV-M-00393-01,OV-M-00393,ovino,2024-01-09,2024-01-25,concluido_sucesso,2024-06-23,2
C-OV-M-00394-00,OV-M-00394,ovino,2023-07-29,2023-09-02,concluido_falha,,3
C-OV-M-00394-01,OV-M-00394,ovino,2023-10-25,2023-10-25,concluido_sucesso,2024-03-23,1
C-OV-M-00394-02,OV-M-00394,ovino,2024-07-08,2024-07-08,concluido_sucesso,2024-12-05,1
C-OV-M-00394-03,OV-M-00394,ovino,2025-02-25,2025-04-04,concluido_falha,,3
C-OV-M-00394-04,OV-M-00394,ovino,2025-06-10,2025-07-16,concluido_falha,,3
C-OV-M-00394-05,OV-M-00394,ovino,2025-09-04,2025-09-04,concluido_sucesso,2026-02-01,1
C-OV-M-00395-00,OV-M-00395,ovino,2023-01-16,2023-02-03,concluido_sucesso,2023-07-03,2
C-OV-M-00395-01,OV-M-00395,ovino,2023-10-06,2023-11-17,concluido_sucesso,2024-04-15,3
C-OV-M-00395-02,OV-M-00395,ovino,2024-07-22,2024-08-13,concluido_sucesso,2025-01-10,2
C-OV-M-00395-03,OV-M-00395,ovino,2025-03-15,2025-04-23,concluido_sucesso,2025-09-20,3
C-OV-M-00396-00,OV-M-00396,ovino,2023-02-08,2023-02-08,concluido_sucesso,2023-07-08,1
C-OV-M-00396-01,OV-M-00396,ovino,2023-09-12,2023-09-12,concluido_sucesso,2024-02-09,1
C-OV-M-00396-02,OV-M-00396,ovino,2024-05-07,2024-05-23,concluido_sucesso,2024-10-20,2
C-OV-M-00396-03,OV-M-00396,ovino,2025-02-06,2025-02-06,concluido_sucesso,2025-07-06,1
C-OV-M-00396-04,OV-M-00396,ovino,2025-09-26,2025-09-26,concluido_sucesso,2026-02-23,1
C-OV-M-00397-00,OV-M-00397,ovino,2023-07-05,2023-07-05,concluido_sucesso,2023-12-02,1
C-OV-M-00397-01,OV-M-00397,ovino,2024-03-05,2024-03-05,concluido_sucesso,2024-08-02,1
C-OV-M-00397-02,OV-M-00397,ovino,2024-11-20,2024-11-20,concluido_sucesso,2025-04-19,1
C-OV-M-00398-00,OV-M-00398,ovino,2023-08-28,2023-08-28,concluido_sucesso,2024-01-25,1
C-OV-M-00398-01,OV-M-00398,ovino,2024-04-08,2024-04-26,concluido_sucesso,2024-09-23,2
C-OV-M-00398-02,OV-M-00398,ovino,2025-01-14,2025-02-21,concluido_sucesso,2025-07-21,3
C-OV-M-00398-03,OV-M-00398,ovino,2025-10-30,2025-11-15,concluido_sucesso,2026-04-14,2
C-OV-M-00399-00,OV-M-00399,ovino,2023-10-21,2023-11-28,concluido_falha,,3
C-OV-M-00399-01,OV-M-00399,ovino,2024-01-17,2024-02-08,concluido_sucesso,2024-07-07,2
C-OV-M-00399-02,OV-M-00399,ovino,2024-10-11,2024-10-11,concluido_sucesso,2025-03-10,1
C-OV-M-00399-03,OV-M-00399,ovino,2025-06-05,2025-06-23,concluido_sucesso,2025-11-20,2
C-OV-M-00399-04,OV-M-00399,ovino,2026-02-10,2026-03-19,concluido_falha,,3
C-OV-M-00399-05,OV-M-00399,ovino,2026-04-28,2026-04-28,concluido_sucesso,2026-09-25,1
C-OV-M-00400-00,OV-M-00400,ovino,2023-08-29,2023-08-29,concluido_sucesso,2024-01-26,1
C-OV-M-00400-01,OV-M-00400,ovino,2024-04-28,2024-06-05,concluido_sucesso,2024-11-02,3
C-OV-M-00400-02,OV-M-00400,ovino,2025-01-16,2025-01-16,concluido_sucesso,2025-06-15,1
C-OV-M-00400-03,OV-M-00400,ovino,2025-10-07,2025-10-07,concluido_sucesso,2026-03-06,1
C-OV-M-00401-00,OV-M-00401,ovino,2023-07-21,2023-08-12,concluido_sucesso,2024-01-09,2
C-OV-M-00401-01,OV-M-00401,ovino,2024-03-30,2024-05-01,concluido_falha,,3
C-OV-M-00401-02,OV-M-00401,ovino,2024-06-26,2024-07-14,concluido_sucesso,2024-12-11,2
C-OV-M-00402-00,OV-M-00402,ovino,2023-07-25,2023-08-31,concluido_sucesso,2024-01-28,3
C-OV-M-00402-01,OV-M-00402,ovino,2024-04-12,2024-04-12,concluido_sucesso,2024-09-09,1
C-OV-M-00403-00,OV-M-00403,ovino,2023-05-18,2023-06-27,concluido_falha,,3
C-OV-M-00403-01,OV-M-00403,ovino,2023-08-20,2023-09-30,concluido_falha,,3
C-OV-M-00403-02,OV-M-00403,ovino,2023-11-23,2023-12-31,concluido_falha,,3
C-OV-M-00403-03,OV-M-00403,ovino,2024-02-01,2024-02-01,concluido_sucesso,2024-06-30,1
C-OV-M-00404-00,OV-M-00404,ovino,2023-09-09,2023-09-09,concluido_sucesso,2024-02-06,1
C-OV-M-00404-01,OV-M-00404,ovino,2024-04-29,2024-05-21,concluido_sucesso,2024-10-18,2
C-OV-M-00404-02,OV-M-00404,ovino,2025-02-05,2025-02-22,concluido_sucesso,2025-07-22,2
C-OV-M-00404-03,OV-M-00404,ovino,2025-10-11,2025-11-01,concluido_sucesso,2026-03-31,2
C-OV-M-00405-00,OV-M-00405,ovino,2023-03-13,2023-03-13,concluido_sucesso,2023-08-10,1
C-OV-M-00405-01,OV-M-00405,ovino,2023-10-30,2023-10-30,concluido_sucesso,2024-03-28,1
C-OV-M-00405-02,OV-M-00405,ovino,2024-07-07,2024-07-25,concluido_sucesso,2024-12-22,2
C-OV-M-00406-00,OV-M-00406,ovino,2023-07-24,2023-07-24,concluido_sucesso,2023-12-21,1
C-OV-M-00406-01,OV-M-00406,ovino,2024-02-21,2024-02-21,concluido_sucesso,2024-07-20,1
C-OV-M-00406-02,OV-M-00406,ovino,2024-10-18,2024-11-06,concluido_sucesso,2025-04-05,2
C-OV-M-00406-03,OV-M-00406,ovino,2025-07-30,2025-07-30,concluido_sucesso,2025-12-27,1
C-OV-M-00406-04,OV-M-00406,ovino,2026-04-04,2026-04-26,concluido_falha,,2
C-OV-M-00407-00,OV-M-00407,ovino,2023-03-25,2023-03-25,concluido_sucesso,2023-08-22,1
C-OV-M-00407-01,OV-M-00407,ovino,2023-10-26,2023-12-02,concluido_falha,,3
C-OV-M-00407-02,OV-M-00407,ovino,2024-02-03,2024-02-03,concluido_sucesso,2024-07-02,1
C-OV-M-00407-03,OV-M-00407,ovino,2024-10-25,2024-11-28,concluido_sucesso,2025-04-27,3
C-OV-M-00407-04,OV-M-00407,ovino,2025-08-09,2025-08-27,concluido_sucesso,2026-01-24,2
C-OV-M-00407-05,OV-M-00407,ovino,2026-03-31,2026-04-18,concluido_falha,,2
C-OV-M-00408-00,OV-M-00408,ovino,2023-04-12,2023-05-23,concluido_falha,,3
C-OV-M-00408-01,OV-M-00408,ovino,2023-06-30,2023-08-04,concluido_sucesso,2024-01-01,3
C-OV-M-00408-02,OV-M-00408,ovino,2024-03-13,2024-03-13,concluido_sucesso,2024-08-10,1
C-OV-M-00408-03,OV-M-00408,ovino,2024-10-09,2024-11-20,concluido_falha,,3
C-OV-M-00408-04,OV-M-00408,ovino,2025-01-26,2025-03-07,concluido_falha,,3
C-OV-M-00409-00,OV-M-00409,ovino,2023-02-24,2023-02-24,concluido_sucesso,2023-07-24,1
C-OV-M-00409-01,OV-M-00409,ovino,2023-09-25,2023-09-25,concluido_sucesso,2024-02-22,1
C-OV-M-00409-02,OV-M-00409,ovino,2024-06-04,2024-06-04,concluido_sucesso,2024-11-01,1
C-OV-M-00409-03,OV-M-00409,ovino,2025-01-20,2025-02-25,concluido_sucesso,2025-07-25,3
C-OV-M-00410-00,OV-M-00410,ovino,2023-04-14,2023-04-30,concluido_sucesso,2023-09-27,2
C-OV-M-00410-01,OV-M-00410,ovino,2023-12-15,2023-12-15,concluido_sucesso,2024-05-13,1
C-OV-M-00410-02,OV-M-00410,ovino,2024-08-03,2024-08-03,concluido_sucesso,2024-12-31,1
C-OV-M-00410-03,OV-M-00410,ovino,2025-03-24,2025-04-09,concluido_sucesso,2025-09-06,2
C-OV-M-00410-04,OV-M-00410,ovino,2025-11-15,2025-12-26,concluido_falha,,3
C-OV-M-00410-05,OV-M-00410,ovino,2026-02-07,2026-02-25,concluido_sucesso,2026-07-25,2
C-OV-M-00411-00,OV-M-00411,ovino,2023-05-09,2023-05-09,concluido_sucesso,2023-10-06,1
C-OV-M-00411-01,OV-M-00411,ovino,2024-02-02,2024-03-10,concluido_falha,,3
C-OV-M-00411-02,OV-M-00411,ovino,2024-04-18,2024-05-27,concluido_falha,,3
C-OV-M-00411-03,OV-M-00411,ovino,2024-07-09,2024-08-11,concluido_falha,,3
C-OV-M-00411-04,OV-M-00411,ovino,2024-10-01,2024-11-07,concluido_falha,,3
C-OV-M-00411-05,OV-M-00411,ovino,2024-12-31,2025-02-08,concluido_sucesso,2025-07-08,3
C-OV-M-00412-00,OV-M-00412,ovino,2023-01-12,2023-01-12,concluido_sucesso,2023-06-11,1
C-OV-M-00412-01,OV-M-00412,ovino,2023-08-25,2023-08-25,concluido_sucesso,2024-01-22,1
C-OV-M-00412-02,OV-M-00412,ovino,2024-04-11,2024-04-28,concluido_sucesso,2024-09-25,2
C-OV-M-00412-03,OV-M-00412,ovino,2025-01-12,2025-01-12,concluido_sucesso,2025-06-11,1
C-OV-M-00412-04,OV-M-00412,ovino,2025-10-01,2025-10-01,concluido_sucesso,2026-02-28,1
C-OV-M-00413-00,OV-M-00413,ovino,2023-09-13,2023-09-13,concluido_sucesso,2024-02-10,1
C-OV-M-00413-01,OV-M-00413,ovino,2024-04-21,2024-04-21,concluido_sucesso,2024-09-18,1
C-OV-M-00413-02,OV-M-00413,ovino,2025-01-11,2025-01-11,concluido_sucesso,2025-06-10,1
C-OV-M-00413-03,OV-M-00413,ovino,2025-10-07,2025-10-07,concluido_sucesso,2026-03-06,1
C-OV-M-00414-00,OV-M-00414,ovino,2023-03-21,2023-04-28,concluido_sucesso,2023-09-25,3
C-OV-M-00414-01,OV-M-00414,ovino,2024-01-21,2024-01-21,concluido_sucesso,2024-06-19,1
C-OV-M-00414-02,OV-M-00414,ovino,2024-09-02,2024-09-02,concluido_sucesso,2025-01-30,1
C-OV-M-00414-03,OV-M-00414,ovino,2025-05-27,2025-05-27,concluido_sucesso,2025-10-24,1
C-OV-M-00414-04,OV-M-00414,ovino,2026-01-10,2026-01-10,concluido_sucesso,2026-06-09,1
C-OV-M-00415-00,OV-M-00415,ovino,2023-10-15,2023-11-23,concluido_falha,,3
C-OV-M-00415-01,OV-M-00415,ovino,2024-01-26,2024-01-26,concluido_sucesso,2024-06-24,1
C-OV-M-00416-00,OV-M-00416,ovino,2023-06-02,2023-06-18,concluido_sucesso,2023-11-15,2
C-OV-M-00416-01,OV-M-00416,ovino,2024-02-22,2024-02-22,concluido_sucesso,2024-07-21,1
C-OV-M-00416-02,OV-M-00416,ovino,2024-11-14,2024-11-14,concluido_sucesso,2025-04-13,1
C-OV-M-00416-03,OV-M-00416,ovino,2025-07-27,2025-07-27,concluido_sucesso,2025-12-24,1
C-OV-M-00416-04,OV-M-00416,ovino,2026-04-19,2026-04-19,concluido_falha,,1
C-OV-M-00417-00,OV-M-00417,ovino,2023-03-10,2023-03-10,concluido_sucesso,2023-08-07,1
C-OV-M-00417-01,OV-M-00417,ovino,2023-11-09,2023-12-20,concluido_falha,,3
C-OV-M-00417-02,OV-M-00417,ovino,2024-02-01,2024-02-01,concluido_sucesso,2024-06-30,1
C-OV-M-00417-03,OV-M-00417,ovino,2024-10-23,2024-11-30,concluido_falha,,3
C-OV-M-00417-04,OV-M-00417,ovino,2025-01-21,2025-02-07,concluido_sucesso,2025-07-07,2
C-OV-M-00417-05,OV-M-00417,ovino,2025-09-23,2025-09-23,concluido_sucesso,2026-02-20,1
C-OV-M-00418-00,OV-M-00418,ovino,2023-05-28,2023-06-16,concluido_sucesso,2023-11-13,2
C-OV-M-00418-01,OV-M-00418,ovino,2024-03-05,2024-04-12,concluido_falha,,3
C-OV-M-00418-02,OV-M-00418,ovino,2024-05-15,2024-05-15,concluido_sucesso,2024-10-12,1
C-OV-M-00418-03,OV-M-00418,ovino,2025-01-30,2025-03-08,concluido_sucesso,2025-08-05,3
C-OV-M-00418-04,OV-M-00418,ovino,2025-11-02,2025-11-02,concluido_sucesso,2026-04-01,1
C-OV-M-00419-00,OV-M-00419,ovino,2023-08-15,2023-09-02,concluido_sucesso,2024-01-30,2
C-OV-M-00419-01,OV-M-00419,ovino,2024-05-28,2024-05-28,concluido_sucesso,2024-10-25,1
C-OV-M-00420-00,OV-M-00420,ovino,2023-09-25,2023-10-15,concluido_sucesso,2024-03-13,2
C-OV-M-00420-01,OV-M-00420,ovino,2024-06-11,2024-07-21,concluido_falha,,3
C-OV-M-00420-02,OV-M-00420,ovino,2024-08-23,2024-09-30,concluido_falha,,3
C-OV-M-00420-03,OV-M-00420,ovino,2024-11-16,2024-12-27,concluido_falha,,3
C-OV-M-00421-00,OV-M-00421,ovino,2023-07-12,2023-07-12,concluido_sucesso,2023-12-09,1
C-OV-M-00421-01,OV-M-00421,ovino,2024-03-05,2024-03-25,concluido_sucesso,2024-08-22,2
C-OV-M-00421-02,OV-M-00421,ovino,2024-11-21,2024-12-07,concluido_sucesso,2025-05-06,2
C-OV-M-00421-03,OV-M-00421,ovino,2025-08-03,2025-08-03,concluido_sucesso,2025-12-31,1
C-OV-M-00421-04,OV-M-00421,ovino,2026-03-06,2026-03-06,concluido_sucesso,2026-08-03,1
C-OV-M-00422-00,OV-M-00422,ovino,2023-02-09,2023-02-09,concluido_sucesso,2023-07-09,1
C-OV-M-00422-01,OV-M-00422,ovino,2023-09-09,2023-09-28,concluido_sucesso,2024-02-25,2
C-OV-M-00422-02,OV-M-00422,ovino,2024-05-27,2024-05-27,concluido_sucesso,2024-10-24,1
C-OV-M-00422-03,OV-M-00422,ovino,2025-01-05,2025-01-27,concluido_sucesso,2025-06-26,2
C-OV-M-00423-00,OV-M-00423,ovino,2023-02-26,2023-03-18,concluido_sucesso,2023-08-15,2
C-OV-M-00423-01,OV-M-00423,ovino,2023-11-07,2023-12-13,concluido_sucesso,2024-05-11,3
C-OV-M-00423-02,OV-M-00423,ovino,2024-08-09,2024-08-09,concluido_sucesso,2025-01-06,1
C-OV-M-00423-03,OV-M-00423,ovino,2025-05-01,2025-05-01,concluido_sucesso,2025-09-28,1
C-OV-M-00423-04,OV-M-00423,ovino,2025-11-30,2025-11-30,concluido_sucesso,2026-04-29,1
C-OV-M-00424-00,OV-M-00424,ovino,2023-06-19,2023-07-07,concluido_sucesso,2023-12-04,2
C-OV-M-00424-01,OV-M-00424,ovino,2024-02-02,2024-02-02,concluido_sucesso,2024-07-01,1
C-OV-M-00424-02,OV-M-00424,ovino,2024-09-11,2024-09-11,concluido_sucesso,2025-02-08,1
C-OV-M-00425-00,OV-M-00425,ovino,2023-07-19,2023-07-19,concluido_sucesso,2023-12-16,1
C-OV-M-00425-01,OV-M-00425,ovino,2024-04-11,2024-04-11,concluido_sucesso,2024-09-08,1
C-OV-M-00425-02,OV-M-00425,ovino,2024-12-15,2024-12-15,concluido_sucesso,2025-05-14,1
C-OV-M-00425-03,OV-M-00425,ovino,2025-09-02,2025-09-21,concluido_sucesso,2026-02-18,2
C-OV-M-00426-00,OV-M-00426,ovino,2023-01-22,2023-01-22,concluido_sucesso,2023-06-21,1
C-OV-M-00426-01,OV-M-00426,ovino,2023-08-29,2023-10-08,concluido_falha,,3
C-OV-M-00426-02,OV-M-00426,ovino,2023-12-05,2023-12-05,concluido_sucesso,2024-05-03,1
C-OV-M-00426-03,OV-M-00426,ovino,2024-08-29,2024-10-07,concluido_falha,,3
C-OV-M-00426-04,OV-M-00426,ovino,2024-11-09,2024-12-18,concluido_sucesso,2025-05-17,3
C-OV-M-00426-05,OV-M-00426,ovino,2025-08-27,2025-08-27,concluido_sucesso,2026-01-24,1
C-OV-M-00427-00,OV-M-00427,ovino,2023-07-17,2023-07-17,concluido_sucesso,2023-12-14,1
C-OV-M-00427-01,OV-M-00427,ovino,2024-04-03,2024-04-03,concluido_sucesso,2024-08-31,1
C-OV-M-00427-02,OV-M-00427,ovino,2024-11-12,2024-12-01,concluido_sucesso,2025-04-30,2
C-OV-M-00427-03,OV-M-00427,ovino,2025-07-20,2025-07-20,concluido_sucesso,2025-12-17,1
C-OV-M-00428-00,OV-M-00428,ovino,2023-08-08,2023-08-08,concluido_sucesso,2024-01-05,1
C-OV-M-00428-01,OV-M-00428,ovino,2024-03-07,2024-03-07,concluido_sucesso,2024-08-04,1
C-OV-M-00428-02,OV-M-00428,ovino,2024-10-05,2024-10-05,concluido_sucesso,2025-03-04,1
C-OV-M-00428-03,OV-M-00428,ovino,2025-06-11,2025-06-11,concluido_sucesso,2025-11-08,1
C-OV-M-00428-04,OV-M-00428,ovino,2026-02-08,2026-02-27,concluido_sucesso,2026-07-27,2
C-OV-M-00429-00,OV-M-00429,ovino,2023-08-06,2023-08-23,concluido_sucesso,2024-01-20,2
C-OV-M-00429-01,OV-M-00429,ovino,2024-04-18,2024-05-31,concluido_falha,,3
C-OV-M-00429-02,OV-M-00429,ovino,2024-06-30,2024-08-10,concluido_falha,,3
C-OV-M-00429-03,OV-M-00429,ovino,2024-10-15,2024-11-27,concluido_falha,,3
C-OV-M-00429-04,OV-M-00429,ovino,2025-02-01,2025-02-01,concluido_sucesso,2025-07-01,1
C-OV-M-00429-05,OV-M-00429,ovino,2025-09-13,2025-10-20,concluido_sucesso,2026-03-19,3
C-OV-M-00430-00,OV-M-00430,ovino,2023-04-21,2023-05-12,concluido_sucesso,2023-10-09,2
C-OV-M-00430-01,OV-M-00430,ovino,2023-12-24,2024-02-01,concluido_sucesso,2024-06-30,3
C-OV-M-00430-02,OV-M-00430,ovino,2024-10-22,2024-10-22,concluido_sucesso,2025-03-21,1
C-OV-M-00430-03,OV-M-00430,ovino,2025-07-13,2025-07-13,concluido_sucesso,2025-12-10,1
C-OV-M-00430-04,OV-M-00430,ovino,2026-03-09,2026-04-19,concluido_sucesso,2026-09-16,3
C-OV-M-00431-00,OV-M-00431,ovino,2023-05-29,2023-05-29,concluido_sucesso,2023-10-26,1
C-OV-M-00431-01,OV-M-00431,ovino,2024-01-28,2024-02-18,concluido_sucesso,2024-07-17,2
C-OV-M-00431-02,OV-M-00431,ovino,2024-10-24,2024-10-24,concluido_sucesso,2025-03-23,1
C-OV-M-00431-03,OV-M-00431,ovino,2025-06-27,2025-06-27,concluido_sucesso,2025-11-24,1
C-OV-M-00431-04,OV-M-00431,ovino,2026-03-23,2026-03-23,concluido_sucesso,2026-08-20,1
C-OV-M-00432-00,OV-M-00432,ovino,2023-09-07,2023-10-12,concluido_sucesso,2024-03-10,3
C-OV-M-00432-01,OV-M-00432,ovino,2024-05-09,2024-05-09,concluido_sucesso,2024-10-06,1
C-OV-M-00432-02,OV-M-00432,ovino,2024-12-10,2025-01-15,concluido_sucesso,2025-06-14,3
C-OV-M-00433-00,OV-M-00433,ovino,2023-08-05,2023-09-15,concluido_sucesso,2024-02-12,3
C-OV-M-00433-01,OV-M-00433,ovino,2024-04-17,2024-05-22,concluido_sucesso,2024-10-19,3
C-OV-M-00433-02,OV-M-00433,ovino,2025-01-02,2025-02-08,concluido_falha,,3
C-OV-M-00433-03,OV-M-00433,ovino,2025-03-20,2025-05-02,concluido_falha,,3
C-OV-M-00433-04,OV-M-00433,ovino,2025-07-10,2025-07-10,concluido_sucesso,2025-12-07,1
C-OV-M-00434-00,OV-M-00434,ovino,2023-03-26,2023-03-26,concluido_sucesso,2023-08-23,1
C-OV-M-00434-01,OV-M-00434,ovino,2023-12-13,2023-12-13,concluido_sucesso,2024-05-11,1
C-OV-M-00434-02,OV-M-00434,ovino,2024-08-13,2024-08-13,concluido_sucesso,2025-01-10,1
C-OV-M-00434-03,OV-M-00434,ovino,2025-05-04,2025-05-22,concluido_sucesso,2025-10-19,2
C-OV-M-00434-04,OV-M-00434,ovino,2026-02-13,2026-02-13,concluido_sucesso,2026-07-13,1
C-OV-M-00435-00,OV-M-00435,ovino,2023-05-24,2023-05-24,concluido_sucesso,2023-10-21,1
C-OV-M-00435-01,OV-M-00435,ovino,2024-02-13,2024-03-24,concluido_falha,,3
C-OV-M-00435-02,OV-M-00435,ovino,2024-05-23,2024-05-23,concluido_sucesso,2024-10-20,1
C-OV-M-00435-03,OV-M-00435,ovino,2025-02-02,2025-02-02,concluido_sucesso,2025-07-02,1
C-OV-M-00435-04,OV-M-00435,ovino,2025-09-07,2025-09-23,concluido_sucesso,2026-02-20,2
C-OV-M-00436-00,OV-M-00436,ovino,2023-08-20,2023-08-20,concluido_sucesso,2024-01-17,1
C-OV-M-00436-01,OV-M-00436,ovino,2024-03-28,2024-05-05,concluido_falha,,3
C-OV-M-00436-02,OV-M-00436,ovino,2024-07-04,2024-08-10,concluido_falha,,3
C-OV-M-00436-03,OV-M-00436,ovino,2024-10-17,2024-11-24,concluido_falha,,3
C-OV-M-00437-00,OV-M-00437,ovino,2023-10-01,2023-11-09,concluido_falha,,3
C-OV-M-00437-01,OV-M-00437,ovino,2023-12-28,2024-01-19,concluido_sucesso,2024-06-17,2
C-OV-M-00437-02,OV-M-00437,ovino,2024-10-11,2024-10-11,concluido_sucesso,2025-03-10,1
C-OV-M-00437-03,OV-M-00437,ovino,2025-06-13,2025-06-30,concluido_sucesso,2025-11-27,2
C-OV-M-00438-00,OV-M-00438,ovino,2023-10-23,2023-10-23,concluido_sucesso,2024-03-21,1
C-OV-M-00438-01,OV-M-00438,ovino,2024-05-27,2024-05-27,concluido_sucesso,2024-10-24,1
C-OV-M-00438-02,OV-M-00438,ovino,2025-01-25,2025-01-25,concluido_sucesso,2025-06-24,1
C-OV-M-00438-03,OV-M-00438,ovino,2025-09-15,2025-09-15,concluido_sucesso,2026-02-12,1
C-OV-M-00438-04,OV-M-00438,ovino,2026-04-30,2026-04-30,concluido_sucesso,2026-09-27,1
C-OV-M-00439-00,OV-M-00439,ovino,2023-05-15,2023-06-04,concluido_sucesso,2023-11-01,2
C-OV-M-00439-01,OV-M-00439,ovino,2024-01-28,2024-03-01,concluido_falha,,3
C-OV-M-00439-02,OV-M-00439,ovino,2024-04-25,2024-06-03,concluido_falha,,3
C-OV-M-00439-03,OV-M-00439,ovino,2024-08-07,2024-08-23,concluido_sucesso,2025-01-20,2
C-OV-M-00439-04,OV-M-00439,ovino,2025-05-04,2025-05-04,concluido_sucesso,2025-10-01,1
C-OV-M-00439-05,OV-M-00439,ovino,2025-12-19,2025-12-19,concluido_sucesso,2026-05-18,1
C-OV-M-00440-00,OV-M-00440,ovino,2023-04-18,2023-04-18,concluido_sucesso,2023-09-15,1
C-OV-M-00440-01,OV-M-00440,ovino,2024-01-09,2024-01-27,concluido_sucesso,2024-06-25,2
C-OV-M-00440-02,OV-M-00440,ovino,2024-09-04,2024-10-14,concluido_falha,,3
C-OV-M-00441-00,OV-M-00441,ovino,2023-03-23,2023-03-23,concluido_sucesso,2023-08-20,1
C-OV-M-00441-01,OV-M-00441,ovino,2023-10-31,2023-10-31,concluido_sucesso,2024-03-29,1
C-OV-M-00441-02,OV-M-00441,ovino,2024-07-03,2024-07-03,concluido_sucesso,2024-11-30,1
C-OV-M-00441-03,OV-M-00441,ovino,2025-03-13,2025-03-13,concluido_sucesso,2025-08-10,1
C-OV-M-00441-04,OV-M-00441,ovino,2025-11-04,2025-11-04,concluido_sucesso,2026-04-03,1
C-OV-M-00442-00,OV-M-00442,ovino,2023-06-21,2023-07-11,concluido_sucesso,2023-12-08,2
C-OV-M-00442-01,OV-M-00442,ovino,2024-03-18,2024-04-07,concluido_sucesso,2024-09-04,2
C-OV-M-00442-02,OV-M-00442,ovino,2024-12-23,2025-01-14,concluido_sucesso,2025-06-13,2
C-OV-M-00442-03,OV-M-00442,ovino,2025-09-24,2025-09-24,concluido_sucesso,2026-02-21,1
C-OV-M-00442-04,OV-M-00442,ovino,2026-04-25,2026-04-25,concluido_sucesso,2026-09-22,1
C-OV-M-00443-00,OV-M-00443,ovino,2023-04-22,2023-05-11,concluido_sucesso,2023-10-08,2
C-OV-M-00443-01,OV-M-00443,ovino,2023-12-28,2024-01-19,concluido_sucesso,2024-06-17,2
C-OV-M-00443-02,OV-M-00443,ovino,2024-09-01,2024-10-14,concluido_falha,,3
C-OV-M-00443-03,OV-M-00443,ovino,2024-12-19,2024-12-19,concluido_sucesso,2025-05-18,1
C-OV-M-00443-04,OV-M-00443,ovino,2025-09-09,2025-09-09,concluido_sucesso,2026-02-06,1
C-OV-M-00443-05,OV-M-00443,ovino,2026-04-22,2026-04-22,concluido_falha,,1
C-OV-M-00444-00,OV-M-00444,ovino,2023-01-11,2023-02-16,concluido_falha,,3
C-OV-M-00444-01,OV-M-00444,ovino,2023-03-20,2023-03-20,concluido_sucesso,2023-08-17,1
C-OV-M-00444-02,OV-M-00444,ovino,2023-10-27,2023-10-27,concluido_sucesso,2024-03-25,1
C-OV-M-00444-03,OV-M-00444,ovino,2024-07-09,2024-08-15,concluido_falha,,3
C-OV-M-00444-04,OV-M-00444,ovino,2024-09-22,2024-09-22,concluido_sucesso,2025-02-19,1
C-OV-M-00445-00,OV-M-00445,ovino,2023-05-03,2023-05-03,concluido_sucesso,2023-09-30,1
C-OV-M-00445-01,OV-M-00445,ovino,2023-12-03,2023-12-03,concluido_sucesso,2024-05-01,1
C-OV-M-00446-00,OV-M-00446,ovino,2023-03-17,2023-04-04,concluido_sucesso,2023-09-01,2
C-OV-M-00446-01,OV-M-00446,ovino,2023-12-24,2023-12-24,concluido_sucesso,2024-05-22,1
C-OV-M-00446-02,OV-M-00446,ovino,2024-09-06,2024-09-06,concluido_sucesso,2025-02-03,1
C-OV-M-00446-03,OV-M-00446,ovino,2025-05-25,2025-05-25,concluido_sucesso,2025-10-22,1
C-OV-M-00446-04,OV-M-00446,ovino,2026-01-16,2026-03-01,concluido_falha,,3
C-OV-M-00446-05,OV-M-00446,ovino,2026-04-28,2026-04-28,concluido_sucesso,2026-09-25,1
C-OV-M-00447-00,OV-M-00447,ovino,2023-04-23,2023-04-23,concluido_sucesso,2023-09-20,1
C-OV-M-00447-01,OV-M-00447,ovino,2023-12-21,2024-01-28,concluido_sucesso,2024-06-26,3
C-OV-M-00447-02,OV-M-00447,ovino,2024-09-11,2024-09-11,concluido_sucesso,2025-02-08,1
C-OV-M-00447-03,OV-M-00447,ovino,2025-05-11,2025-05-11,concluido_sucesso,2025-10-08,1
C-OV-M-00447-04,OV-M-00447,ovino,2026-01-02,2026-01-02,concluido_sucesso,2026-06-01,1
C-OV-M-00448-00,OV-M-00448,ovino,2023-04-17,2023-05-08,concluido_sucesso,2023-10-05,2
C-OV-M-00448-01,OV-M-00448,ovino,2024-01-22,2024-02-29,concluido_falha,,3
C-OV-M-00448-02,OV-M-00448,ovino,2024-04-05,2024-04-05,concluido_sucesso,2024-09-02,1
C-OV-M-00448-03,OV-M-00448,ovino,2024-11-02,2024-12-12,concluido_sucesso,2025-05-11,3
C-OV-M-00448-04,OV-M-00448,ovino,2025-08-19,2025-09-29,concluido_falha,,3
C-OV-M-00448-05,OV-M-00448,ovino,2025-10-31,2025-12-09,concluido_falha,,3
C-OV-M-00449-00,OV-M-00449,ovino,2023-03-03,2023-03-03,concluido_sucesso,2023-07-31,1
C-OV-M-00449-01,OV-M-00449,ovino,2023-11-11,2023-12-16,concluido_falha,,3
C-OV-M-00449-02,OV-M-00449,ovino,2024-02-02,2024-02-02,concluido_sucesso,2024-07-01,1
C-OV-M-00449-03,OV-M-00449,ovino,2024-10-25,2024-11-30,concluido_falha,,3
C-OV-M-00449-04,OV-M-00449,ovino,2025-02-03,2025-03-15,concluido_falha,,3
C-OV-M-00449-05,OV-M-00449,ovino,2025-05-07,2025-06-13,concluido_falha,,3
C-OV-M-00450-00,OV-M-00450,ovino,2023-04-25,2023-04-25,concluido_sucesso,2023-09-22,1
C-OV-M-00450-01,OV-M-00450,ovino,2023-12-05,2023-12-27,concluido_sucesso,2024-05-25,2
C-OV-M-00450-02,OV-M-00450,ovino,2024-08-11,2024-08-11,concluido_sucesso,2025-01-08,1
C-OV-M-00451-00,OV-M-00451,ovino,2023-06-02,2023-06-02,concluido_sucesso,2023-10-30,1
C-OV-M-00451-01,OV-M-00451,ovino,2024-01-19,2024-01-19,concluido_sucesso,2024-06-17,1
C-OV-M-00451-02,OV-M-00451,ovino,2024-09-10,2024-09-10,concluido_sucesso,2025-02-07,1
C-OV-M-00451-03,OV-M-00451,ovino,2025-04-18,2025-04-18,concluido_sucesso,2025-09-15,1
C-OV-M-00451-04,OV-M-00451,ovino,2025-11-21,2025-11-21,concluido_sucesso,2026-04-20,1
C-OV-M-00452-00,OV-M-00452,ovino,2023-09-09,2023-10-16,concluido_falha,,3
C-OV-M-00452-01,OV-M-00452,ovino,2023-12-10,2023-12-10,concluido_sucesso,2024-05-08,1
C-OV-M-00452-02,OV-M-00452,ovino,2024-08-17,2024-08-17,concluido_sucesso,2025-01-14,1
C-OV-M-00452-03,OV-M-00452,ovino,2025-04-11,2025-04-11,concluido_sucesso,2025-09-08,1
C-OV-M-00452-04,OV-M-00452,ovino,2026-01-05,2026-01-05,concluido_sucesso,2026-06-04,1
C-OV-M-00453-00,OV-M-00453,ovino,2023-04-29,2023-04-29,concluido_sucesso,2023-09-26,1
C-OV-M-00453-01,OV-M-00453,ovino,2023-12-29,2023-12-29,concluido_sucesso,2024-05-27,1
C-OV-M-00453-02,OV-M-00453,ovino,2024-09-02,2024-09-02,concluido_sucesso,2025-01-30,1
C-OV-M-00453-03,OV-M-00453,ovino,2025-05-27,2025-05-27,concluido_sucesso,2025-10-24,1
C-OV-M-00453-04,OV-M-00453,ovino,2026-01-24,2026-01-24,concluido_sucesso,2026-06-23,1
C-OV-M-00454-00,OV-M-00454,ovino,2023-05-25,2023-05-25,concluido_sucesso,2023-10-22,1
C-OV-M-00454-01,OV-M-00454,ovino,2024-02-14,2024-02-14,concluido_sucesso,2024-07-13,1
C-OV-M-00454-02,OV-M-00454,ovino,2024-11-03,2024-11-03,concluido_sucesso,2025-04-02,1
C-OV-M-00454-03,OV-M-00454,ovino,2025-06-21,2025-06-21,concluido_sucesso,2025-11-18,1
C-OV-M-00455-00,OV-M-00455,ovino,2023-03-22,2023-04-12,concluido_sucesso,2023-09-09,2
C-OV-M-00455-01,OV-M-00455,ovino,2023-11-12,2023-12-20,concluido_falha,,3
C-OV-M-00455-02,OV-M-00455,ovino,2024-01-24,2024-02-13,concluido_sucesso,2024-07-12,2
C-OV-M-00455-03,OV-M-00455,ovino,2024-10-15,2024-10-15,concluido_sucesso,2025-03-14,1
C-OV-M-00456-00,OV-M-00456,ovino,2023-03-02,2023-04-13,concluido_sucesso,2023-09-10,3
C-OV-M-00457-00,OV-M-00457,ovino,2023-02-20,2023-02-20,concluido_sucesso,2023-07-20,1
C-OV-M-00457-01,OV-M-00457,ovino,2023-10-19,2023-10-19,concluido_sucesso,2024-03-17,1
C-OV-M-00457-02,OV-M-00457,ovino,2024-06-30,2024-06-30,concluido_sucesso,2024-11-27,1
C-OV-M-00457-03,OV-M-00457,ovino,2025-02-17,2025-02-17,concluido_sucesso,2025-07-17,1
C-OV-M-00457-04,OV-M-00457,ovino,2025-11-09,2025-11-09,concluido_sucesso,2026-04-08,1
C-OV-M-00458-00,OV-M-00458,ovino,2023-10-01,2023-10-22,concluido_sucesso,2024-03-20,2
C-OV-M-00458-01,OV-M-00458,ovino,2024-07-09,2024-07-26,concluido_sucesso,2024-12-23,2
C-OV-M-00458-02,OV-M-00458,ovino,2025-03-17,2025-04-02,concluido_sucesso,2025-08-30,2
C-OV-M-00458-03,OV-M-00458,ovino,2025-12-24,2025-12-24,concluido_sucesso,2026-05-23,1
C-OV-M-00459-00,OV-M-00459,ovino,2023-07-11,2023-08-21,concluido_falha,,3
C-OV-M-00459-01,OV-M-00459,ovino,2023-10-26,2023-10-26,concluido_sucesso,2024-03-24,1
C-OV-M-00459-02,OV-M-00459,ovino,2024-06-17,2024-07-09,concluido_sucesso,2024-12-06,2
C-OV-M-00459-03,OV-M-00459,ovino,2025-03-02,2025-03-02,concluido_sucesso,2025-07-30,1
C-OV-M-00459-04,OV-M-00459,ovino,2025-11-26,2025-11-26,concluido_sucesso,2026-04-25,1
C-OV-M-00460-00,OV-M-00460,ovino,2023-04-24,2023-04-24,concluido_sucesso,2023-09-21,1
C-OV-M-00460-01,OV-M-00460,ovino,2023-12-18,2023-12-18,concluido_sucesso,2024-05-16,1
C-OV-M-00460-02,OV-M-00460,ovino,2024-08-14,2024-08-14,concluido_sucesso,2025-01-11,1
C-OV-M-00460-03,OV-M-00460,ovino,2025-04-25,2025-04-25,concluido_sucesso,2025-09-22,1
C-OV-M-00460-04,OV-M-00460,ovino,2026-01-14,2026-01-14,concluido_sucesso,2026-06-13,1
C-OV-M-00461-00,OV-M-00461,ovino,2023-05-13,2023-06-16,concluido_sucesso,2023-11-13,3
C-OV-M-00461-01,OV-M-00461,ovino,2024-03-06,2024-03-22,concluido_sucesso,2024-08-19,2
C-OV-M-00461-02,OV-M-00461,ovino,2024-10-31,2024-12-08,concluido_sucesso,2025-05-07,3
C-OV-M-00461-03,OV-M-00461,ovino,2025-08-23,2025-08-23,concluido_sucesso,2026-01-20,1
C-OV-M-00462-00,OV-M-00462,ovino,2023-07-04,2023-08-12,concluido_falha,,3
C-OV-M-00462-01,OV-M-00462,ovino,2023-09-30,2023-10-17,concluido_sucesso,2024-03-15,2
C-OV-M-00462-02,OV-M-00462,ovino,2024-06-07,2024-06-27,concluido_sucesso,2024-11-24,2
C-OV-M-00462-03,OV-M-00462,ovino,2025-02-12,2025-02-28,concluido_sucesso,2025-07-28,2
C-OV-M-00463-00,OV-M-00463,ovino,2023-06-24,2023-06-24,concluido_sucesso,2023-11-21,1
C-OV-M-00463-01,OV-M-00463,ovino,2024-02-09,2024-03-18,concluido_sucesso,2024-08-15,3
C-OV-M-00463-02,OV-M-00463,ovino,2024-10-29,2024-10-29,concluido_sucesso,2025-03-28,1
C-OV-M-00463-03,OV-M-00463,ovino,2025-06-21,2025-06-21,concluido_sucesso,2025-11-18,1
C-OV-M-00463-04,OV-M-00463,ovino,2026-03-14,2026-03-14,concluido_sucesso,2026-08-11,1
C-OV-M-00464-00,OV-M-00464,ovino,2023-09-01,2023-10-12,concluido_falha,,3
C-OV-M-00464-01,OV-M-00464,ovino,2023-11-24,2023-11-24,concluido_sucesso,2024-04-22,1
C-OV-M-00464-02,OV-M-00464,ovino,2024-07-11,2024-08-16,concluido_falha,,3
C-OV-M-00464-03,OV-M-00464,ovino,2024-09-26,2024-09-26,concluido_sucesso,2025-02-23,1
C-OV-M-00465-00,OV-M-00465,ovino,2023-03-07,2023-03-07,concluido_sucesso,2023-08-04,1
C-OV-M-00465-01,OV-M-00465,ovino,2023-11-19,2023-12-25,concluido_falha,,3
C-OV-M-00465-02,OV-M-00465,ovino,2024-02-01,2024-02-01,concluido_sucesso,2024-06-30,1
C-OV-M-00465-03,OV-M-00465,ovino,2024-09-08,2024-10-15,concluido_sucesso,2025-03-14,3
C-OV-M-00465-04,OV-M-00465,ovino,2025-06-07,2025-07-17,concluido_sucesso,2025-12-14,3
C-OV-M-00465-05,OV-M-00465,ovino,2026-03-21,2026-03-21,concluido_sucesso,2026-08-18,1
C-OV-M-00466-00,OV-M-00466,ovino,2023-08-22,2023-09-08,concluido_sucesso,2024-02-05,2
C-OV-M-00466-01,OV-M-00466,ovino,2024-05-13,2024-06-20,concluido_falha,,3
C-OV-M-00466-02,OV-M-00466,ovino,2024-07-24,2024-07-24,concluido_sucesso,2024-12-21,1
C-OV-M-00467-00,OV-M-00467,ovino,2023-02-20,2023-02-20,concluido_sucesso,2023-07-20,1
C-OV-M-00468-00,OV-M-00468,ovino,2023-08-25,2023-10-02,concluido_falha,,3
C-OV-M-00468-01,OV-M-00468,ovino,2023-11-27,2023-11-27,concluido_sucesso,2024-04-25,1
C-OV-M-00468-02,OV-M-00468,ovino,2024-07-21,2024-08-12,concluido_sucesso,2025-01-09,2
C-OV-M-00468-03,OV-M-00468,ovino,2025-03-29,2025-03-29,concluido_sucesso,2025-08-26,1
C-OV-M-00468-04,OV-M-00468,ovino,2025-12-21,2026-01-27,concluido_falha,,3
C-OV-M-00469-00,OV-M-00469,ovino,2023-06-09,2023-06-09,concluido_sucesso,2023-11-06,1
C-OV-M-00469-01,OV-M-00469,ovino,2024-01-11,2024-01-11,concluido_sucesso,2024-06-09,1
C-OV-M-00469-02,OV-M-00469,ovino,2024-10-05,2024-10-05,concluido_sucesso,2025-03-04,1
C-OV-M-00470-00,OV-M-00470,ovino,2023-01-25,2023-02-14,concluido_sucesso,2023-07-14,2
C-OV-M-00470-01,OV-M-00470,ovino,2023-09-26,2023-10-15,concluido_sucesso,2024-03-13,2
C-OV-M-00470-02,OV-M-00470,ovino,2024-06-05,2024-06-05,concluido_sucesso,2024-11-02,1
C-OV-M-00470-03,OV-M-00470,ovino,2025-03-01,2025-03-19,concluido_sucesso,2025-08-16,2
C-OV-M-00471-00,OV-M-00471,ovino,2023-06-12,2023-06-12,concluido_sucesso,2023-11-09,1
C-OV-M-00471-01,OV-M-00471,ovino,2024-02-07,2024-02-07,concluido_sucesso,2024-07-06,1
C-OV-M-00471-02,OV-M-00471,ovino,2024-10-02,2024-10-02,concluido_sucesso,2025-03-01,1
C-OV-M-00471-03,OV-M-00471,ovino,2025-05-24,2025-06-10,concluido_sucesso,2025-11-07,2
C-OV-M-00471-04,OV-M-00471,ovino,2026-03-05,2026-03-21,concluido_sucesso,2026-08-18,2
C-OV-M-00472-00,OV-M-00472,ovino,2023-10-09,2023-10-09,concluido_sucesso,2024-03-07,1
C-OV-M-00472-01,OV-M-00472,ovino,2024-06-07,2024-06-26,concluido_sucesso,2024-11-23,2
C-OV-M-00472-02,OV-M-00472,ovino,2025-02-01,2025-02-01,concluido_sucesso,2025-07-01,1
C-OV-M-00472-03,OV-M-00472,ovino,2025-09-22,2025-09-22,concluido_sucesso,2026-02-19,1
C-OV-M-00473-00,OV-M-00473,ovino,2023-08-18,2023-08-18,concluido_sucesso,2024-01-15,1
C-OV-M-00473-01,OV-M-00473,ovino,2024-03-22,2024-03-22,concluido_sucesso,2024-08-19,1
C-OV-M-00473-02,OV-M-00473,ovino,2024-10-30,2024-12-08,concluido_falha,,3
C-OV-M-00474-00,OV-M-00474,ovino,2023-09-24,2023-10-28,concluido_sucesso,2024-03-26,3
C-OV-M-00474-01,OV-M-00474,ovino,2024-07-14,2024-08-17,concluido_falha,,3
C-OV-M-00474-02,OV-M-00474,ovino,2024-10-22,2024-11-11,concluido_sucesso,2025-04-10,2
C-OV-M-00474-03,OV-M-00474,ovino,2025-06-25,2025-08-03,concluido_falha,,3
C-OV-M-00474-04,OV-M-00474,ovino,2025-09-19,2025-10-27,concluido_falha,,3
C-OV-M-00475-00,OV-M-00475,ovino,2023-08-23,2023-09-09,concluido_sucesso,2024-02-06,2
C-OV-M-00475-01,OV-M-00475,ovino,2024-04-13,2024-05-17,concluido_sucesso,2024-10-14,3
C-OV-M-00475-02,OV-M-00475,ovino,2025-01-06,2025-01-06,concluido_sucesso,2025-06-05,1
C-OV-M-00475-03,OV-M-00475,ovino,2025-09-02,2025-09-02,concluido_sucesso,2026-01-30,1
C-OV-M-00476-00,OV-M-00476,ovino,2023-03-24,2023-03-24,concluido_sucesso,2023-08-21,1
C-OV-M-00476-01,OV-M-00476,ovino,2023-12-05,2023-12-05,concluido_sucesso,2024-05-03,1
C-OV-M-00476-02,OV-M-00476,ovino,2024-08-22,2024-08-22,concluido_sucesso,2025-01-19,1
C-OV-M-00476-03,OV-M-00476,ovino,2025-04-09,2025-04-09,concluido_sucesso,2025-09-06,1
C-OV-M-00476-04,OV-M-00476,ovino,2025-12-02,2025-12-18,concluido_sucesso,2026-05-17,2
C-OV-M-00477-00,OV-M-00477,ovino,2023-05-06,2023-05-23,concluido_sucesso,2023-10-20,2
C-OV-M-00477-01,OV-M-00477,ovino,2024-01-05,2024-02-10,concluido_sucesso,2024-07-09,3
C-OV-M-00477-02,OV-M-00477,ovino,2024-10-08,2024-11-18,concluido_falha,,3
C-OV-M-00477-03,OV-M-00477,ovino,2024-12-23,2025-02-01,concluido_falha,,3
C-OV-M-00478-00,OV-M-00478,ovino,2023-08-27,2023-08-27,concluido_sucesso,2024-01-24,1
C-OV-M-00478-01,OV-M-00478,ovino,2024-04-30,2024-04-30,concluido_sucesso,2024-09-27,1
C-OV-M-00478-02,OV-M-00478,ovino,2025-01-15,2025-01-15,concluido_sucesso,2025-06-14,1
C-OV-M-00478-03,OV-M-00478,ovino,2025-08-29,2025-09-20,concluido_sucesso,2026-02-17,2
C-OV-M-00479-00,OV-M-00479,ovino,2023-09-14,2023-09-14,concluido_sucesso,2024-02-11,1
C-OV-M-00479-01,OV-M-00479,ovino,2024-05-12,2024-05-12,concluido_sucesso,2024-10-09,1
C-OV-M-00479-02,OV-M-00479,ovino,2024-12-28,2024-12-28,concluido_sucesso,2025-05-27,1
C-OV-M-00479-03,OV-M-00479,ovino,2025-08-24,2025-08-24,concluido_sucesso,2026-01-21,1
C-OV-M-00479-04,OV-M-00479,ovino,2026-04-23,2026-04-23,concluido_sucesso,2026-09-20,1
C-OV-M-00480-00,OV-M-00480,ovino,2023-01-05,2023-01-05,concluido_sucesso,2023-06-04,1
C-OV-M-00480-01,OV-M-00480,ovino,2023-08-20,2023-09-29,concluido_falha,,3
C-OV-M-00480-02,OV-M-00480,ovino,2023-11-13,2023-11-13,concluido_sucesso,2024-04-11,1
C-OV-M-00480-03,OV-M-00480,ovino,2024-07-14,2024-07-14,concluido_sucesso,2024-12-11,1
C-OV-M-00480-04,OV-M-00480,ovino,2025-04-02,2025-04-02,concluido_sucesso,2025-08-30,1
C-OV-M-00480-05,OV-M-00480,ovino,2025-11-30,2025-12-19,concluido_sucesso,2026-05-18,2
C-OV-M-00481-00,OV-M-00481,ovino,2023-06-21,2023-06-21,concluido_sucesso,2023-11-18,1
C-OV-M-00481-01,OV-M-00481,ovino,2024-02-15,2024-03-06,concluido_sucesso,2024-08-03,2
C-OV-M-00481-02,OV-M-00481,ovino,2024-11-09,2024-11-30,concluido_sucesso,2025-04-29,2
C-OV-M-00481-03,OV-M-00481,ovino,2025-07-02,2025-08-08,concluido_sucesso,2026-01-05,3
C-OV-M-00481-04,OV-M-00481,ovino,2026-03-11,2026-04-19,concluido_falha,,3
C-OV-M-00482-00,OV-M-00482,ovino,2023-08-29,2023-09-20,concluido_sucesso,2024-02-17,2
C-OV-M-00483-00,OV-M-00483,ovino,2023-04-03,2023-04-03,concluido_sucesso,2023-08-31,1
C-OV-M-00483-01,OV-M-00483,ovino,2023-12-06,2023-12-06,concluido_sucesso,2024-05-04,1
C-OV-M-00484-00,OV-M-00484,ovino,2023-06-03,2023-06-03,concluido_sucesso,2023-10-31,1
C-OV-M-00484-01,OV-M-00484,ovino,2024-01-30,2024-01-30,concluido_sucesso,2024-06-28,1
C-OV-M-00484-02,OV-M-00484,ovino,2024-08-30,2024-08-30,concluido_sucesso,2025-01-27,1
C-OV-M-00484-03,OV-M-00484,ovino,2025-05-13,2025-05-30,concluido_sucesso,2025-10-27,2
C-OV-M-00484-04,OV-M-00484,ovino,2026-01-30,2026-02-17,concluido_sucesso,2026-07-17,2
C-OV-M-00485-00,OV-M-00485,ovino,2023-02-03,2023-03-12,concluido_sucesso,2023-08-09,3
C-OV-M-00485-01,OV-M-00485,ovino,2023-10-27,2023-12-02,concluido_falha,,3
C-OV-M-00485-02,OV-M-00485,ovino,2024-01-14,2024-02-20,concluido_falha,,3
C-OV-M-00485-03,OV-M-00485,ovino,2024-03-23,2024-04-30,concluido_falha,,3
C-OV-M-00485-04,OV-M-00485,ovino,2024-07-03,2024-07-03,concluido_sucesso,2024-11-30,1
C-OV-M-00485-05,OV-M-00485,ovino,2025-02-07,2025-02-27,concluido_sucesso,2025-07-27,2
C-OV-M-00486-00,OV-M-00486,ovino,2023-06-22,2023-06-22,concluido_sucesso,2023-11-19,1
C-OV-M-00487-00,OV-M-00487,ovino,2023-03-31,2023-03-31,concluido_sucesso,2023-08-28,1
C-OV-M-00487-01,OV-M-00487,ovino,2023-11-03,2023-11-03,concluido_sucesso,2024-04-01,1
C-OV-M-00487-02,OV-M-00487,ovino,2024-06-23,2024-07-09,concluido_sucesso,2024-12-06,2
C-OV-M-00487-03,OV-M-00487,ovino,2025-03-13,2025-03-13,concluido_sucesso,2025-08-10,1
C-OV-M-00487-04,OV-M-00487,ovino,2025-10-19,2025-10-19,concluido_sucesso,2026-03-18,1
C-OV-M-00488-00,OV-M-00488,ovino,2023-01-31,2023-01-31,concluido_sucesso,2023-06-30,1
C-OV-M-00488-01,OV-M-00488,ovino,2023-10-25,2023-10-25,concluido_sucesso,2024-03-23,1
C-OV-M-00488-02,OV-M-00488,ovino,2024-06-19,2024-06-19,concluido_sucesso,2024-11-16,1
C-OV-M-00488-03,OV-M-00488,ovino,2025-02-28,2025-04-13,concluido_falha,,3
C-OV-M-00489-00,OV-M-00489,ovino,2023-10-01,2023-10-01,concluido_sucesso,2024-02-28,1
C-OV-M-00489-01,OV-M-00489,ovino,2024-06-12,2024-06-12,concluido_sucesso,2024-11-09,1
C-OV-M-00489-02,OV-M-00489,ovino,2025-02-12,2025-02-12,concluido_sucesso,2025-07-12,1
C-OV-M-00489-03,OV-M-00489,ovino,2025-10-28,2025-10-28,concluido_sucesso,2026-03-27,1
C-OV-M-00490-00,OV-M-00490,ovino,2023-09-26,2023-10-30,concluido_falha,,3
C-OV-M-00490-01,OV-M-00490,ovino,2023-12-01,2023-12-01,concluido_sucesso,2024-04-29,1
C-OV-M-00490-02,OV-M-00490,ovino,2024-07-05,2024-08-08,concluido_sucesso,2025-01-05,3
C-OV-M-00490-03,OV-M-00490,ovino,2025-05-03,2025-05-21,concluido_sucesso,2025-10-18,2
C-OV-M-00490-04,OV-M-00490,ovino,2026-01-09,2026-02-14,concluido_falha,,3
C-OV-M-00491-00,OV-M-00491,ovino,2023-10-12,2023-10-12,concluido_sucesso,2024-03-10,1
C-OV-M-00492-00,OV-M-00492,ovino,2023-09-11,2023-10-24,concluido_falha,,3
C-OV-M-00492-01,OV-M-00492,ovino,2023-12-04,2024-01-13,concluido_falha,,3
C-OV-M-00492-02,OV-M-00492,ovino,2024-02-26,2024-04-05,concluido_falha,,3
C-OV-M-00492-03,OV-M-00492,ovino,2024-05-09,2024-06-17,concluido_falha,,3
C-OV-M-00492-04,OV-M-00492,ovino,2024-08-09,2024-09-12,concluido_falha,,3
C-OV-M-00493-00,OV-M-00493,ovino,2023-02-22,2023-02-22,concluido_sucesso,2023-07-22,1
C-OV-M-00493-01,OV-M-00493,ovino,2023-10-13,2023-11-03,concluido_sucesso,2024-04-01,2
C-OV-M-00493-02,OV-M-00493,ovino,2024-06-02,2024-06-02,concluido_sucesso,2024-10-30,1
C-OV-M-00493-03,OV-M-00493,ovino,2025-02-25,2025-02-25,concluido_sucesso,2025-07-25,1
C-OV-M-00494-00,OV-M-00494,ovino,2023-01-13,2023-02-04,concluido_sucesso,2023-07-04,2
C-OV-M-00494-01,OV-M-00494,ovino,2023-09-18,2023-09-18,concluido_sucesso,2024-02-15,1
C-OV-M-00495-00,OV-M-00495,ovino,2023-08-10,2023-08-26,concluido_sucesso,2024-01-23,2
C-OV-M-00495-01,OV-M-00495,ovino,2024-03-26,2024-03-26,concluido_sucesso,2024-08-23,1
C-OV-M-00495-02,OV-M-00495,ovino,2024-11-27,2024-11-27,concluido_sucesso,2025-04-26,1
C-OV-M-00496-00,OV-M-00496,ovino,2023-05-06,2023-05-06,concluido_sucesso,2023-10-03,1
C-OV-M-00496-01,OV-M-00496,ovino,2024-01-17,2024-01-17,concluido_sucesso,2024-06-15,1
C-OV-M-00496-02,OV-M-00496,ovino,2024-09-17,2024-09-17,concluido_sucesso,2025-02-14,1
C-OV-M-00496-03,OV-M-00496,ovino,2025-06-07,2025-06-07,concluido_sucesso,2025-11-04,1
C-OV-M-00496-04,OV-M-00496,ovino,2026-01-28,2026-02-17,concluido_sucesso,2026-07-17,2
C-OV-M-00497-00,OV-M-00497,ovino,2023-09-13,2023-09-13,concluido_sucesso,2024-02-10,1
C-OV-M-00497-01,OV-M-00497,ovino,2024-04-25,2024-05-17,concluido_sucesso,2024-10-14,2
C-OV-M-00497-02,OV-M-00497,ovino,2025-02-08,2025-02-08,concluido_sucesso,2025-07-08,1
C-OV-M-00497-03,OV-M-00497,ovino,2025-09-12,2025-10-19,concluido_falha,,3
C-OV-M-00498-00,OV-M-00498,ovino,2023-09-18,2023-09-18,concluido_sucesso,2024-02-15,1
C-OV-M-00498-01,OV-M-00498,ovino,2024-05-31,2024-05-31,concluido_sucesso,2024-10-28,1
C-OV-M-00498-02,OV-M-00498,ovino,2024-12-31,2025-01-20,concluido_sucesso,2025-06-19,2
C-OV-M-00498-03,OV-M-00498,ovino,2025-09-01,2025-09-01,concluido_sucesso,2026-01-29,1
C-OV-M-00498-04,OV-M-00498,ovino,2026-04-14,2026-04-14,concluido_sucesso,2026-09-11,1
C-OV-M-00499-00,OV-M-00499,ovino,2023-02-01,2023-02-01,concluido_sucesso,2023-07-01,1
C-OV-M-00499-01,OV-M-00499,ovino,2023-10-13,2023-11-04,concluido_sucesso,2024-04-02,2
C-OV-M-00499-02,OV-M-00499,ovino,2024-07-10,2024-07-28,concluido_sucesso,2024-12-25,2
C-OV-M-00499-03,OV-M-00499,ovino,2025-04-19,2025-04-19,concluido_sucesso,2025-09-16,1
C-OV-M-00499-04,OV-M-00499,ovino,2025-12-10,2025-12-10,concluido_sucesso,2026-05-09,1
