ciclo_id,matriz_id,especie,data_inicio,data_fim,status,parto_data,tentativas
C-CA-M-00000-00,CA-M-00000,caprino,2023-03-23,2023-03-23,concluido_sucesso,2023-08-20,1
C-CA-M-00000-01,CA-M-00000,caprino,2023-12-04,2023-12-04,concluido_sucesso,2024-05-02,1
C-CA-M-00000-02,CA-M-00000,caprino,2024-08-03,2024-08-03,concluido_sucesso,2024-12-31,1
C-CA-M-00000-03,CA-M-00000,caprino,2025-04-18,2025-04-18,concluido_sucesso,2025-09-15,1
C-CA-M-00001-00,CA-M-00001,caprino,2023-01-25,2023-01-25,concluido_sucesso,2023-06-24,1
C-CA-M-00001-01,CA-M-00001,caprino,2023-10-21,2023-10-21,concluido_sucesso,2024-03-19,1
C-CA-M-00001-02,CA-M-00001,caprino,2024-07-02,2024-07-02,concluido_sucesso,2024-11-29,1
C-CA-M-00002-00,CA-M-00002,caprino,2023-06-08,2023-06-08,concluido_sucesso,2023-11-05,1
C-CA-M-00002-01,CA-M-00002,caprino,2024-02-17,2024-03-10,concluido_sucesso,2024-08-07,2
C-CA-M-00002-02,CA-M-00002,caprino,2024-11-09,2024-12-03,concluido_sucesso,2025-05-02,2
C-CA-M-00002-03,CA-M-00002,caprino,2025-07-03,2025-07-03,concluido_sucesso,2025-11-30,1
C-CA-M-00002-04,CA-M-00002,caprino,2026-02-23,2026-02-23,concluido_sucesso,2026-07-23,1
C-CA-M-00003-00,CA-M-00003,caprino,2023-02-03,2023-02-03,concluido_sucesso,2023-07-03,1
C-CA-M-00003-01,CA-M-00003,caprino,2023-10-15,2023-11-23,concluido_falha,,3
C-CA-M-00003-02,CA-M-00003,caprino,2024-01-25,2024-03-05,concluido_falha,,3
C-CA-M-00004-00,CA-M-00004,caprino,2023-08-19,2023-09-07,concluido_sucesso,2024-02-04,2
C-CA-M-00004-01,CA-M-00004,caprino,2024-05-04,2024-05-04,concluido_sucesso,2024-10-01,1
C-CA-M-00004-02,CA-M-00004,caprino,2025-01-04,2025-01-04,concluido_sucesso,2025-06-03,1
C-CA-M-00004-03,CA-M-00004,caprino,2025-09-11,2025-09-11,concluido_sucesso,2026-02-08,1
C-CA-M-00004-04,CA-M-00004,caprino,2026-04-12,2026-04-30,concluido_falha,,2
C-CA-M-00005-00,CA-M-00005,caprino,2023-07-24,2023-07-24,concluido_sucesso,2023-12-21,1
C-CA-M-00005-01,CA-M-00005,caprino,2024-04-15,2024-04-15,concluido_sucesso,2024-09-12,1
C-CA-M-00005-02,CA-M-00005,caprino,2024-11-21,2025-01-02,concluido_sucesso,2025-06-01,3
C-CA-M-00005-03,CA-M-00005,caprino,2025-09-24,2025-09-24,concluido_sucesso,2026-02-21,1
C-CA-M-00006-00,CA-M-00006,caprino,2023-08-05,2023-08-05,concluido_sucesso,2024-01-02,1
C-CA-M-00006-01,CA-M-00006,caprino,2024-03-06,2024-03-28,concluido_sucesso,2024-08-25,2
C-CA-M-00006-02,CA-M-00006,caprino,2024-12-16,2024-12-16,concluido_sucesso,2025-05-15,1
C-CA-M-00006-03,CA-M-00006,caprino,2025-08-09,2025-08-28,concluido_sucesso,2026-01-25,2
C-CA-M-00006-04,CA-M-00006,caprino,2026-04-14,2026-04-14,concluido_falha,,1
C-CA-M-00007-00,CA-M-00007,caprino,2023-07-26,2023-07-26,concluido_sucesso,2023-12-23,1
C-CA-M-00007-01,CA-M-00007,caprino,2024-03-04,2024-03-24,concluido_sucesso,2024-08-21,2
C-CA-M-00007-02,CA-M-00007,caprino,2024-10-25,2024-10-25,concluido_sucesso,2025-03-24,1
C-CA-M-00007-03,CA-M-00007,caprino,2025-06-20,2025-06-20,concluido_sucesso,2025-11-17,1
C-CA-M-00007-04,CA-M-00007,caprino,2026-03-08,2026-03-08,concluido_sucesso,2026-08-05,1
C-CA-M-00008-00,CA-M-00008,caprino,2023-06-18,2023-06-18,concluido_sucesso,2023-11-15,1
C-CA-M-00008-01,CA-M-00008,caprino,2024-02-22,2024-02-22,concluido_sucesso,2024-07-21,1
C-CA-M-00008-02,CA-M-00008,caprino,2024-09-30,2024-09-30,concluido_sucesso,2025-02-27,1
C-CA-M-00008-03,CA-M-00008,caprino,2025-05-11,2025-05-11,concluido_sucesso,2025-10-08,1
C-CA-M-00009-00,CA-M-00009,caprino,2023-06-01,2023-06-22,concluido_sucesso,2023-11-19,2
C-CA-M-00009-01,CA-M-00009,caprino,2024-02-17,2024-02-17,concluido_sucesso,2024-07-16,1
C-CA-M-00009-02,CA-M-00009,caprino,2024-11-10,2024-11-10,concluido_sucesso,2025-04-09,1
C-CA-M-00009-03,CA-M-00009,caprino,2025-06-28,2025-06-28,concluido_sucesso,2025-11-25,1
C-CA-M-00010-00,CA-M-00010,caprino,2023-05-24,2023-05-24,concluido_sucesso,2023-10-21,1
C-CA-M-00010-01,CA-M-00010,caprino,2023-12-27,2023-12-27,concluido_sucesso,2024-05-25,1
C-CA-M-00010-02,CA-M-00010,caprino,2024-09-02,2024-09-02,concluido_sucesso,2025-01-30,1
C-CA-M-00010-03,CA-M-00010,caprino,2025-04-21,2025-04-21,concluido_sucesso,2025-09-18,1
C-CA-M-00010-04,CA-M-00010,caprino,2025-12-16,2026-01-08,concluido_sucesso,2026-06-07,2
C-CA-M-00011-00,CA-M-00011,caprino,2023-03-26,2023-04-17,concluido_sucesso,2023-09-14,2
C-CA-M-00011-01,CA-M-00011,caprino,2023-11-24,2023-11-24,concluido_sucesso,2024-04-22,1
C-CA-M-00011-02,CA-M-00011,caprino,2024-07-15,2024-08-06,concluido_sucesso,2025-01-03,2
C-CA-M-00011-03,CA-M-00011,caprino,2025-03-17,2025-04-24,concluido_falha,,3
C-CA-M-00012-00,CA-M-00012,caprino,2023-02-14,2023-02-14,concluido_sucesso,2023-07-14,1
C-CA-M-00012-01,CA-M-00012,caprino,2023-10-05,2023-10-25,concluido_sucesso,2024-03-23,2
C-CA-M-00012-02,CA-M-00012,caprino,2024-06-03,2024-06-03,concluido_sucesso,2024-10-31,1
C-CA-M-00012-03,CA-M-00012,caprino,2025-02-16,2025-02-16,concluido_sucesso,2025-07-16,1
C-CA-M-00013-00,CA-M-00013,caprino,2023-03-22,2023-03-22,concluido_sucesso,2023-08-19,1
C-CA-M-00013-01,CA-M-00013,caprino,2023-11-24,2023-11-24,concluido_sucesso,2024-04-22,1
C-CA-M-00013-02,CA-M-00013,caprino,2024-08-02,2024-08-02,concluido_sucesso,2024-12-30,1
C-CA-M-00013-03,CA-M-00013,caprino,2025-03-10,2025-03-10,concluido_sucesso,2025-08-07,1
C-CA-M-00013-04,CA-M-00013,caprino,2025-11-28,2025-11-28,concluido_sucesso,2026-04-27,1
C-CA-M-00014-00,CA-M-00014,caprino,2023-06-10,2023-06-10,concluido_sucesso,2023-11-07,1
C-CA-M-00014-01,CA-M-00014,caprino,2024-01-16,2024-01-16,concluido_sucesso,2024-06-14,1
C-CA-M-00014-02,CA-M-00014,caprino,2024-08-31,2024-08-31,concluido_sucesso,2025-01-28,1
C-CA-M-00015-00,CA-M-00015,caprino,2023-06-24,2023-06-24,concluido_sucesso,2023-11-21,1
C-CA-M-00015-01,CA-M-00015,caprino,2024-02-04,2024-03-13,concluido_falha,,3
C-CA-M-00015-02,CA-M-00015,caprino,2024-05-10,2024-05-30,concluido_sucesso,2024-10-27,2
C-CA-M-00015-03,CA-M-00015,caprino,2025-02-19,2025-02-19,concluido_sucesso,2025-07-19,1
C-CA-M-00015-04,CA-M-00015,caprino,2025-11-06,2025-11-06,concluido_sucesso,2026-04-05,1
C-CA-M-00016-00,CA-M-00016,caprino,2023-05-19,2023-05-19,concluido_sucesso,2023-10-16,1
C-CA-M-00016-01,CA-M-00016,caprino,2024-01-02,2024-02-09,concluido_falha,,3
C-CA-M-00016-02,CA-M-00016,caprino,2024-04-09,2024-04-09,concluido_sucesso,2024-09-06,1
C-CA-M-00016-03,CA-M-00016,caprino,2024-12-16,2024-12-16,concluido_sucesso,2025-05-15,1
C-CA-M-00016-04,CA-M-00016,caprino,2025-07-27,2025-07-27,concluido_sucesso,2025-12-24,1
C-CA-M-00017-00,CA-M-00017,caprino,2023-01-31,2023-01-31,concluido_sucesso,2023-06-30,1
C-CA-M-00017-01,CA-M-00017,caprino,2023-10-12,2023-10-12,concluido_sucesso,2024-03-10,1
C-CA-M-00017-02,CA-M-00017,caprino,2024-06-13,2024-07-01,concluido_sucesso,2024-11-28,2
C-CA-M-00017-03,CA-M-00017,caprino,2025-03-05,2025-03-05,concluido_sucesso,2025-08-02,1
C-CA-M-00018-00,CA-M-00018,caprino,2023-02-19,2023-03-10,concluido_sucesso,2023-08-07,2
C-CA-M-00018-01,CA-M-00018,caprino,2023-12-01,2023-12-01,concluido_sucesso,2024-04-29,1
C-CA-M-00018-02,CA-M-00018,caprino,2024-07-02,2024-07-02,concluido_sucesso,2024-11-29,1
C-CA-M-00018-03,CA-M-00018,caprino,2025-02-25,2025-04-10,concluido_falha,,3
C-CA-M-00019-00,CA-M-00019,caprino,2023-04-30,2023-04-30,concluido_sucesso,2023-09-27,1
C-CA-M-00019-01,CA-M-00019,caprino,2023-12-07,2023-12-07,concluido_sucesso,2024-05-05,1
C-CA-M-00020-00,CA-M-00020,caprino,2023-09-11,2023-09-30,concluido_sucesso,2024-02-27,2
C-CA-M-00020-01,CA-M-00020,caprino,2024-06-03,2024-06-03,concluido_sucesso,2024-10-31,1
C-CA-M-00020-02,CA-M-00020,caprino,2025-01-31,2025-03-15,concluido_falha,,3
C-CA-M-00020-03,CA-M-00020,caprino,2025-05-08,2025-05-08,concluido_sucesso,2025-10-05,1
C-CA-M-00020-04,CA-M-00020,caprino,2025-12-14,2025-12-14,concluido_sucesso,2026-05-13,1
C-CA-M-00021-00,CA-M-00021,caprino,2023-07-10,2023-07-10,concluido_sucesso,2023-12-07,1
C-CA-M-00021-01,CA-M-00021,caprino,2024-03-07,2024-03-07,concluido_sucesso,2024-08-04,1
C-CA-M-00021-02,CA-M-00021,caprino,2024-10-10,2024-11-26,concluido_sucesso,2025-04-25,3
C-CA-M-00021-03,CA-M-00021,caprino,2025-08-05,2025-08-05,concluido_sucesso,2026-01-02,1
C-CA-M-00021-04,CA-M-00021,caprino,2026-03-11,2026-04-02,concluido_sucesso,2026-08-30,2
C-CA-M-00022-00,CA-M-00022,caprino,2023-07-07,2023-07-07,concluido_sucesso,2023-12-04,1
C-CA-M-00022-01,CA-M-00022,caprino,2024-02-18,2024-03-08,concluido_sucesso,2024-08-05,2
C-CA-M-00022-02,CA-M-00022,caprino,2024-11-08,2024-11-08,concluido_sucesso,2025-04-07,1
C-CA-M-00022-03,CA-M-00022,caprino,2025-06-21,2025-07-09,concluido_sucesso,2025-12-06,2
C-CA-M-00022-04,CA-M-00022,caprino,2026-03-05,2026-03-05,concluido_sucesso,2026-08-02,1
C-CA-M-00023-00,CA-M-00023,caprino,2023-09-04,2023-10-13,concluido_falha,,3
C-CA-M-00023-01,CA-M-00023,caprino,2023-12-10,2024-01-16,concluido_falha,,3
C-CA-M-00023-02,CA-M-00023,caprino,2024-02-15,2024-02-15,concluido_sucesso,2024-07-14,1
C-CA-M-00023-03,CA-M-00023,caprino,2024-10-31,2024-11-18,concluido_sucesso,2025-04-17,2
C-CA-M-00024-00,CA-M-00024,caprino,2023-04-12,2023-04-12,concluido_sucesso,2023-09-09,1
C-CA-M-00024-01,CA-M-00024,caprino,2023-12-31,2023-12-31,concluido_sucesso,2024-05-29,1
C-CA-M-00024-02,CA-M-00024,caprino,2024-08-02,2024-08-02,concluido_sucesso,2024-12-30,1
C-CA-M-00024-03,CA-M-00024,caprino,2025-04-05,2025-04-05,concluido_sucesso,2025-09-02,1
C-CA-M-00024-04,CA-M-00024,caprino,2025-11-16,2025-11-16,concluido_sucesso,2026-04-15,1
C-CA-M-00025-00,CA-M-00025,caprino,2023-02-12,2023-02-12,concluido_sucesso,2023-07-12,1
C-CA-M-00025-01,CA-M-00025,caprino,2023-09-24,2023-09-24,concluido_sucesso,2024-02-21,1
C-CA-M-00025-02,CA-M-00025,caprino,2024-04-21,2024-04-21,concluido_sucesso,2024-09-18,1
C-CA-M-00025-03,CA-M-00025,caprino,2025-01-09,2025-02-22,concluido_falha,,3
C-CA-M-00025-04,CA-M-00025,caprino,2025-04-23,2025-04-23,concluido_sucesso,2025-09-20,1
C-CA-M-00025-05,CA-M-00025,caprino,2025-12-18,2025-12-18,concluido_sucesso,2026-05-17,1
C-CA-M-00026-00,CA-M-00026,caprino,2023-06-24,2023-06-24,concluido_sucesso,2023-11-21,1
C-CA-M-00026-01,CA-M-00026,caprino,2024-02-18,2024-02-18,concluido_sucesso,2024-07-17,1
C-CA-M-00026-02,CA-M-00026,caprino,2024-09-28,2024-10-17,concluido_sucesso,2025-03-16,2
C-CA-M-00026-03,CA-M-00026,caprino,2025-06-12,2025-07-03,concluido_sucesso,2025-11-30,2
C-CA-M-00026-04,CA-M-00026,caprino,2026-02-11,2026-02-11,concluido_sucesso,2026-07-11,1
C-CA-M-00027-00,CA-M-00027,caprino,2023-09-07,2023-09-07,concluido_sucesso,2024-02-04,1
C-CA-M-00027-01,CA-M-00027,caprino,2024-05-17,2024-05-17,concluido_sucesso,2024-10-14,1
C-CA-M-00027-02,CA-M-00027,caprino,2025-01-07,2025-01-07,concluido_sucesso,2025-06-06,1
C-CA-M-00027-03,CA-M-00027,caprino,2025-09-18,2025-09-18,concluido_sucesso,2026-02-15,1
C-CA-M-00028-00,CA-M-00028,caprino,2023-07-24,2023-07-24,concluido_sucesso,2023-12-21,1
C-CA-M-00028-01,CA-M-00028,caprino,2024-03-29,2024-04-16,concluido_sucesso,2024-09-13,2
C-CA-M-00028-02,CA-M-00028,caprino,2024-11-19,2024-12-10,concluido_sucesso,2025-05-09,2
C-CA-M-00028-03,CA-M-00028,caprino,2025-07-17,2025-07-17,concluido_sucesso,2025-12-14,1
C-CA-M-00028-04,CA-M-00028,caprino,2026-03-04,2026-03-04,concluido_sucesso,2026-08-01,1
C-CA-M-00029-00,CA-M-00029,caprino,2023-08-11,2023-08-11,concluido_sucesso,2024-01-08,1
C-CA-M-00029-01,CA-M-00029,caprino,2024-03-24,2024-03-24,concluido_sucesso,2024-08-21,1
C-CA-M-00029-02,CA-M-00029,caprino,2024-12-07,2025-01-15,concluido_sucesso,2025-06-14,3
C-CA-M-00029-03,CA-M-00029,caprino,2025-08-24,2025-10-05,concluido_falha,,3
C-CA-M-00029-04,CA-M-00029,caprino,2025-11-06,2025-11-29,concluido_sucesso,2026-04-28,2
C-CA-M-00030-00,CA-M-00030,caprino,2023-07-19,2023-07-19,concluido_sucesso,2023-12-16,1
C-CA-M-00030-01,CA-M-00030,caprino,2024-03-23,2024-04-30,concluido_falha,,3
C-CA-M-00030-02,CA-M-00030,caprino,2024-06-27,2024-08-10,concluido_falha,,3
C-CA-M-00030-03,CA-M-00030,caprino,2024-09-09,2024-09-09,concluido_sucesso,2025-02-06,1
C-CA-M-00030-04,CA-M-00030,caprino,2025-05-11,2025-05-11,concluido_sucesso,2025-10-08,1
C-CA-M-00030-05,CA-M-00030,caprino,2026-01-20,2026-01-20,concluido_sucesso,2026-06-19,1
C-CA-M-00031-00,CA-M-00031,caprino,2023-08-17,2023-09-26,concluido_falha,,3
C-CA-M-00031-01,CA-M-00031,caprino,2023-12-04,2023-12-04,concluido_sucesso,2024-05-02,1
C-CA-M-00031-02,CA-M-00031,caprino,2024-07-13,2024-08-01,concluido_sucesso,2024-12-29,2
C-CA-M-00031-03,CA-M-00031,caprino,2025-03-01,2025-03-01,concluido_sucesso,2025-07-29,1
C-CA-M-00031-04,CA-M-00031,caprino,2025-10-27,2025-10-27,concluido_sucesso,2026-03-26,1
C-CA-M-00032-00,CA-M-00032,caprino,2023-04-28,2023-04-28,concluido_sucesso,2023-09-25,1
C-CA-M-00032-01,CA-M-00032,caprino,2024-01-08,2024-01-08,concluido_sucesso,2024-06-06,1
C-CA-M-00032-02,CA-M-00032,caprino,2024-09-13,2024-09-13,concluido_sucesso,2025-02-10,1
C-CA-M-00032-03,CA-M-00032,caprino,2025-05-02,2025-05-02,concluido_sucesso,2025-09-29,1
C-CA-M-00032-04,CA-M-00032,caprino,2026-01-24,2026-01-24,concluido_sucesso,2026-06-23,1
C-CA-M-00033-00,CA-M-00033,caprino,2023-09-25,2023-10-15,concluido_sucesso,2024-03-13,2
C-CA-M-00033-01,CA-M-00033,caprino,2024-07-06,2024-07-06,concluido_sucesso,2024-12-03,1
C-CA-M-00033-02,CA-M-00033,caprino,2025-03-24,2025-03-24,concluido_sucesso,2025-08-21,1
C-CA-M-00033-03,CA-M-00033,caprino,2025-11-01,2025-11-01,concluido_sucesso,2026-03-31,1
C-CA-M-00034-00,CA-M-00034,caprino,2023-07-11,2023-07-11,concluido_sucesso,2023-12-08,1
C-CA-M-00034-01,CA-M-00034,caprino,2024-03-27,2024-03-27,concluido_sucesso,2024-08-24,1
C-CA-M-00034-02,CA-M-00034,caprino,2024-10-29,2024-12-09,concluido_sucesso,2025-05-08,3
C-CA-M-00034-03,CA-M-00034,caprino,2025-07-08,2025-08-16,concluido_falha,,3
C-CA-M-00034-04,CA-M-00034,caprino,2025-09-25,2025-11-07,concluido_falha,,3
C-CA-M-00035-00,CA-M-00035,caprino,2023-01-29,2023-01-29,concluido_sucesso,2023-06-28,1
C-CA-M-00035-01,CA-M-00035,caprino,2023-10-25,2023-11-15,concluido_sucesso,2024-04-13,2
C-CA-M-00035-02,CA-M-00035,caprino,2024-07-25,2024-07-25,concluido_sucesso,2024-12-22,1
C-CA-M-00036-00,CA-M-00036,caprino,2023-06-16,2023-06-16,concluido_sucesso,2023-11-13,1
C-CA-M-00036-01,CA-M-00036,caprino,2024-01-22,2024-02-12,concluido_sucesso,2024-07-11,2
C-CA-M-00036-02,CA-M-00036,caprino,2024-10-07,2024-10-07,concluido_sucesso,2025-03-06,1
C-CA-M-00036-03,CA-M-00036,caprino,2025-06-16,2025-06-16,concluido_sucesso,2025-11-13,1
C-CA-M-00037-00,CA-M-00037,caprino,2023-07-04,2023-07-28,concluido_sucesso,2023-12-25,2
C-CA-M-00037-01,CA-M-00037,caprino,2024-04-08,2024-04-08,concluido_sucesso,2024-09-05,1
C-CA-M-00037-02,CA-M-00037,caprino,2024-11-05,2024-11-26,concluido_sucesso,2025-04-25,2
C-CA-M-00037-03,CA-M-00037,caprino,2025-07-09,2025-07-09,concluido_sucesso,2025-12-06,1
C-CA-M-00037-04,CA-M-00037,caprino,2026-02-06,2026-03-17,concluido_falha,,3
C-CA-M-00037-05,CA-M-00037,caprino,2026-04-27,2026-04-27,concluido_sucesso,2026-09-24,1
C-CA-M-00038-00,CA-M-00038,caprino,2023-02-06,2023-03-22,concluido_falha,,3
C-CA-M-00038-01,CA-M-00038,caprino,2023-05-08,2023-05-08,concluido_sucesso,2023-10-05,1
C-CA-M-00038-02,CA-M-00038,caprino,2024-01-26,2024-01-26,concluido_sucesso,2024-06-24,1
C-CA-M-00038-03,CA-M-00038,caprino,2024-10-16,2024-10-16,concluido_sucesso,2025-03-15,1
C-CA-M-00038-04,CA-M-00038,caprino,2025-06-20,2025-06-20,concluido_sucesso,2025-11-17,1
C-CA-M-00038-05,CA-M-00038,caprino,2026-01-20,2026-03-06,concluido_falha,,3
C-CA-M-00039-00,CA-M-00039,caprino,2023-04-08,2023-04-08,concluido_sucesso,2023-09-05,1
C-CA-M-00039-01,CA-M-00039,caprino,2023-12-26,2023-12-26,concluido_sucesso,2024-05-24,1
C-CA-M-00039-02,CA-M-00039,caprino,2024-08-11,2024-08-11,concluido_sucesso,2025-01-08,1
C-CA-M-00039-03,CA-M-00039,caprino,2025-04-10,2025-04-10,concluido_sucesso,2025-09-07,1
C-CA-M-00039-04,CA-M-00039,caprino,2025-12-11,2025-12-11,concluido_sucesso,2026-05-10,1
C-CA-M-00040-00,CA-M-00040,caprino,2023-02-12,2023-02-12,concluido_sucesso,2023-07-12,1
C-CA-M-00040-01,CA-M-00040,caprino,2023-10-06,2023-10-06,concluido_sucesso,2024-03-04,1
C-CA-M-00040-02,CA-M-00040,caprino,2024-06-07,2024-06-07,concluido_sucesso,2024-11-04,1
C-CA-M-00040-03,CA-M-00040,caprino,2025-01-27,2025-01-27,concluido_sucesso,2025-06-26,1
C-CA-M-00040-04,CA-M-00040,caprino,2025-09-25,2025-09-25,concluido_sucesso,2026-02-22,1
C-CA-M-00041-00,CA-M-00041,caprino,2023-04-08,2023-05-15,concluido_sucesso,2023-10-12,3
C-CA-M-00041-01,CA-M-00041,caprino,2024-01-23,2024-01-23,concluido_sucesso,2024-06-21,1
C-CA-M-00041-02,CA-M-00041,caprino,2024-09-24,2024-10-15,concluido_sucesso,2025-03-14,2
C-CA-M-00041-03,CA-M-00041,caprino,2025-05-30,2025-05-30,concluido_sucesso,2025-10-27,1
C-CA-M-00041-04,CA-M-00041,caprino,2026-01-20,2026-01-20,concluido_sucesso,2026-06-19,1
C-CA-M-00042-00,CA-M-00042,caprino,2023-09-21,2023-11-01,concluido_sucesso,2024-03-30,3
C-CA-M-00042-01,CA-M-00042,caprino,2024-07-22,2024-08-28,concluido_sucesso,2025-01-25,3
C-CA-M-00042-02,CA-M-00042,caprino,2025-04-14,2025-04-14,concluido_sucesso,2025-09-11,1
C-CA-M-00042-03,CA-M-00042,caprino,2025-11-24,2026-01-04,concluido_sucesso,2026-06-03,3
C-CA-M-00043-00,CA-M-00043,caprino,2023-06-28,2023-06-28,concluido_sucesso,2023-11-25,1
C-CA-M-00043-01,CA-M-00043,caprino,2024-01-27,2024-01-27,concluido_sucesso,2024-06-25,1
C-CA-M-00043-02,CA-M-00043,caprino,2024-09-27,2024-09-27,concluido_sucesso,2025-02-24,1
C-CA-M-00043-03,CA-M-00043,caprino,2025-05-04,2025-05-04,concluido_sucesso,2025-10-01,1
C-CA-M-00044-00,CA-M-00044,caprino,2023-01-28,2023-01-28,concluido_sucesso,2023-06-27,1
C-CA-M-00044-01,CA-M-00044,caprino,2023-09-14,2023-10-21,concluido_sucesso,2024-03-19,3
C-CA-M-00044-02,CA-M-00044,caprino,2024-05-31,2024-05-31,concluido_sucesso,2024-10-28,1
C-CA-M-00044-03,CA-M-00044,caprino,2025-02-15,2025-03-30,concluido_sucesso,2025-08-27,3
C-CA-M-00045-00,CA-M-00045,caprino,2023-02-26,2023-03-19,concluido_sucesso,2023-08-16,2
C-CA-M-00045-01,CA-M-00045,caprino,2023-11-01,2023-11-01,concluido_sucesso,2024-03-30,1
C-CA-M-00045-02,CA-M-00045,caprino,2024-06-18,2024-07-09,concluido_sucesso,2024-12-06,2
C-CA-M-00045-03,CA-M-00045,caprino,2025-03-07,2025-03-07,concluido_sucesso,2025-08-04,1
C-CA-M-00045-04,CA-M-00045,caprino,2025-11-08,2025-11-08,concluido_sucesso,2026-04-07,1
C-CA-M-00046-00,CA-M-00046,caprino,2023-03-09,2023-03-09,concluido_sucesso,2023-08-06,1
C-CA-M-00046-01,CA-M-00046,caprino,2023-11-03,2023-11-03,concluido_sucesso,2024-04-01,1
C-CA-M-00046-02,CA-M-00046,caprino,2024-07-20,2024-07-20,concluido_sucesso,2024-12-17,1
C-CA-M-00046-03,CA-M-00046,caprino,2025-04-11,2025-04-11,concluido_sucesso,2025-09-08,1
C-CA-M-00046-04,CA-M-00046,caprino,2025-12-08,2026-01-24,concluido_sucesso,2026-06-23,3
C-CA-M-00047-00,CA-M-00047,caprino,2023-02-19,2023-02-19,concluido_sucesso,2023-07-19,1
C-CA-M-00047-01,CA-M-00047,caprino,2023-10-15,2023-10-15,concluido_sucesso,2024-03-13,1
C-CA-M-00047-02,CA-M-00047,caprino,2024-05-30,2024-07-09,concluido_sucesso,2024-12-06,3
C-CA-M-00047-03,CA-M-00047,caprino,2025-02-17,2025-04-03,concluido_sucesso,2025-08-31,3
C-CA-M-00047-04,CA-M-00047,caprino,2025-10-30,2025-10-30,concluido_sucesso,2026-03-29,1
C-CA-M-00048-00,CA-M-00048,caprino,2023-02-04,2023-02-04,concluido_sucesso,2023-07-04,1
C-CA-M-00048-01,CA-M-00048,caprino,2023-10-26,2023-10-26,concluido_sucesso,2024-03-24,1
C-CA-M-00048-02,CA-M-00048,caprino,2024-06-19,2024-06-19,concluido_sucesso,2024-11-16,1
C-CA-M-00048-03,CA-M-00048,caprino,2025-01-28,2025-01-28,concluido_sucesso,2025-06-27,1
C-CA-M-00049-00,CA-M-00049,caprino,2023-01-09,2023-01-09,concluido_sucesso,2023-06-08,1
C-CA-M-00049-01,CA-M-00049,caprino,2023-09-01,2023-10-11,concluido_falha,,3
C-CA-M-00049-02,CA-M-00049,caprino,2023-11-23,2023-12-17,concluido_sucesso,2024-05-15,2
C-CA-M-00049-03,CA-M-00049,caprino,2024-08-14,2024-08-14,concluido_sucesso,2025-01-11,1
C-CA-M-00049-04,CA-M-00049,caprino,2025-03-29,2025-05-11,concluido_sucesso,2025-10-08,3
C-CA-M-00049-05,CA-M-00049,caprino,2025-12-13,2026-01-25,concluido_falha,,3
C-CA-M-00050-00,CA-M-00050,caprino,2023-09-11,2023-09-11,concluido_sucesso,2024-02-08,1
C-CA-M-00050-01,CA-M-00050,caprino,2024-06-03,2024-06-03,concluido_sucesso,2024-10-31,1
C-CA-M-00050-02,CA-M-00050,caprino,2025-02-02,2025-02-02,concluido_sucesso,2025-07-02,1
C-CA-M-00050-03,CA-M-00050,caprino,2025-10-22,2025-11-11,concluido_sucesso,2026-04-10,2
C-CA-M-00051-00,CA-M-00051,caprino,2023-09-08,2023-09-08,concluido_sucesso,2024-02-05,1
C-CA-M-00051-01,CA-M-00051,caprino,2024-05-05,2024-05-05,concluido_sucesso,2024-10-02,1
C-CA-M-00051-02,CA-M-00051,caprino,2024-12-21,2024-12-21,concluido_sucesso,2025-05-20,1
C-CA-M-00051-03,CA-M-00051,caprino,2025-08-24,2025-09-17,concluido_sucesso,2026-02-14,2
C-CA-M-00052-00,CA-M-00052,caprino,2023-03-11,2023-03-11,concluido_sucesso,2023-08-08,1
C-CA-M-00052-01,CA-M-00052,caprino,2023-10-26,2023-10-26,concluido_sucesso,2024-03-24,1
C-CA-M-00052-02,CA-M-00052,caprino,2024-06-09,2024-06-09,concluido_sucesso,2024-11-06,1
C-CA-M-00052-03,CA-M-00052,caprino,2025-02-21,2025-02-21,concluido_sucesso,2025-07-21,1
C-CA-M-00052-04,CA-M-00052,caprino,2025-11-01,2025-11-01,concluido_sucesso,2026-03-31,1
C-CA-M-00053-00,CA-M-00053,caprino,2023-08-08,2023-08-08,concluido_sucesso,2024-01-05,1
C-CA-M-00054-00,CA-M-00054,caprino,2023-10-01,2023-10-01,concluido_sucesso,2024-02-28,1
C-CA-M-00054-01,CA-M-00054,caprino,2024-05-11,2024-05-11,concluido_sucesso,2024-10-08,1
C-CA-M-00054-02,CA-M-00054,caprino,2025-01-30,2025-02-17,concluido_sucesso,2025-07-17,2
C-CA-M-00054-03,CA-M-00054,caprino,2025-09-18,2025-09-18,concluido_sucesso,2026-02-15,1
C-CA-M-00055-00,CA-M-00055,caprino,2023-07-11,2023-07-11,concluido_sucesso,2023-12-08,1
C-CA-M-00055-01,CA-M-00055,caprino,2024-04-04,2024-04-04,concluido_sucesso,2024-09-01,1
C-CA-M-00055-02,CA-M-00055,caprino,2024-12-01,2024-12-01,concluido_sucesso,2025-04-30,1
C-CA-M-00055-03,CA-M-00055,caprino,2025-07-25,2025-08-31,concluido_sucesso,2026-01-28,3
C-CA-M-00056-00,CA-M-00056,caprino,2023-10-29,2023-10-29,concluido_sucesso,2024-03-27,1
C-CA-M-00056-01,CA-M-00056,caprino,2024-06-18,2024-07-10,concluido_sucesso,2024-12-07,2
C-CA-M-00056-02,CA-M-00056,caprino,2025-02-07,2025-02-07,concluido_sucesso,2025-07-07,1
C-CA-M-00056-03,CA-M-00056,caprino,2025-10-14,2025-10-14,concluido_sucesso,2026-03-13,1
C-CA-M-00057-00,CA-M-00057,caprino,2023-02-02,2023-02-25,concluido_sucesso,2023-07-25,2
C-CA-M-00057-01,CA-M-00057,caprino,2023-11-07,2023-11-07,concluido_sucesso,2024-04-05,1
C-CA-M-00057-02,CA-M-00057,caprino,2024-07-05,2024-07-29,concluido_sucesso,2024-12-26,2
C-CA-M-00057-03,CA-M-00057,caprino,2025-04-05,2025-04-05,concluido_sucesso,2025-09-02,1
C-CA-M-00057-04,CA-M-00057,caprino,2025-12-05,2025-12-05,concluido_sucesso,2026-05-04,1
C-CA-M-00058-00,CA-M-00058,caprino,2023-03-27,2023-03-27,concluido_sucesso,2023-08-24,1
C-CA-M-00058-01,CA-M-00058,caprino,2023-12-15,2023-12-15,concluido_sucesso,2024-05-13,1
C-CA-M-00058-02,CA-M-00058,caprino,2024-08-17,2024-09-30,concluido_sucesso,2025-02-27,3
C-CA-M-00058-03,CA-M-00058,caprino,2025-05-10,2025-05-10,concluido_sucesso,2025-10-07,1
C-CA-M-00058-04,CA-M-00058,caprino,2026-01-11,2026-01-11,concluido_sucesso,2026-06-10,1
C-CA-M-00059-00,CA-M-00059,caprino,2023-03-12,2023-04-02,concluido_sucesso,2023-08-30,2
C-CA-M-00059-01,CA-M-00059,caprino,2023-12-15,2023-12-15,concluido_sucesso,2024-05-13,1
C-CA-M-00060-00,CA-M-00060,caprino,2023-10-07,2023-10-07,concluido_sucesso,2024-03-05,1
C-CA-M-00060-01,CA-M-00060,caprino,2024-05-20,2024-07-07,concluido_sucesso,2024-12-04,3
C-CA-M-00060-02,CA-M-00060,caprino,2025-02-11,2025-02-11,concluido_sucesso,2025-07-11,1
C-CA-M-00060-03,CA-M-00060,caprino,2025-10-22,2025-10-22,concluido_sucesso,2026-03-21,1
C-CA-M-00061-00,CA-M-00061,caprino,2023-08-23,2023-08-23,concluido_sucesso,2024-01-20,1
C-CA-M-00061-01,CA-M-00061,caprino,2024-04-05,2024-04-05,concluido_sucesso,2024-09-02,1
C-CA-M-00061-02,CA-M-00061,caprino,2024-12-16,2025-01-09,concluido_sucesso,2025-06-08,2
C-CA-M-00061-03,CA-M-00061,caprino,2025-08-08,2025-08-08,concluido_sucesso,2026-01-05,1
C-CA-M-00061-04,CA-M-00061,caprino,2026-03-10,2026-03-10,concluido_sucesso,2026-08-07,1
C-CA-M-00062-00,CA-M-00062,caprino,2023-02-13,2023-02-13,concluido_sucesso,2023-07-13,1
C-CA-M-00062-01,CA-M-00062,caprino,2023-09-20,2023-09-20,concluido_sucesso,2024-02-17,1
C-CA-M-00062-02,CA-M-00062,caprino,2024-06-06,2024-06-06,concluido_sucesso,2024-11-03,1
C-CA-M-00062-03,CA-M-00062,caprino,2025-01-02,2025-01-02,concluido_sucesso,2025-06-01,1
C-CA-M-00062-04,CA-M-00062,caprino,2025-09-01,2025-09-01,concluido_sucesso,2026-01-29,1
C-CA-M-00063-00,CA-M-00063,caprino,2023-02-15,2023-02-15,concluido_sucesso,2023-07-15,1
C-CA-M-00063-01,CA-M-00063,caprino,2023-10-15,2023-10-15,concluido_sucesso,2024-03-13,1
C-CA-M-00063-02,CA-M-00063,caprino,2024-05-22,2024-05-22,concluido_sucesso,2024-10-19,1
C-CA-M-00064-00,CA-M-00064,caprino,2023-02-15,2023-03-26,concluido_falha,,3
C-CA-M-00064-01,CA-M-00064,caprino,2023-05-19,2023-07-01,concluido_sucesso,2023-11-28,3
C-CA-M-00064-02,CA-M-00064,caprino,2024-02-15,2024-02-15,concluido_sucesso,2024-07-14,1
C-CA-M-00064-03,CA-M-00064,caprino,2024-11-01,2024-11-20,concluido_sucesso,2025-04-19,2
C-CA-M-00064-04,CA-M-00064,caprino,2025-08-07,2025-08-31,concluido_sucesso,2026-01-28,2
C-CA-M-00064-05,CA-M-00064,caprino,2026-04-02,2026-04-02,concluido_sucesso,2026-08-30,1
C-CA-M-00065-00,CA-M-00065,caprino,2023-03-20,2023-04-08,concluido_sucesso,2023-09-05,2
C-CA-M-00065-01,CA-M-00065,caprino,2023-11-05,2023-11-05,concluido_sucesso,2024-04-03,1
C-CA-M-00065-02,CA-M-00065,caprino,2024-07-26,2024-07-26,concluido_sucesso,2024-12-23,1
C-CA-M-00065-03,CA-M-00065,caprino,2025-04-14,2025-04-14,concluido_sucesso,2025-09-11,1
C-CA-M-00065-04,CA-M-00065,caprino,2025-12-31,2025-12-31,concluido_sucesso,2026-05-30,1
C-CA-M-00066-00,CA-M-00066,caprino,2023-02-08,2023-03-16,concluido_falha,,3
C-CA-M-00066-01,CA-M-00066,caprino,2023-05-07,2023-05-07,concluido_sucesso,2023-10-04,1
C-CA-M-00066-02,CA-M-00066,caprino,2023-12-06,2024-01-18,concluido_falha,,3
C-CA-M-00066-03,CA-M-00066,caprino,2024-03-24,2024-03-24,concluido_sucesso,2024-08-21,1
C-CA-M-00066-04,CA-M-00066,caprino,2024-11-07,2024-12-18,concluido_falha,,3
C-CA-M-00067-00,CA-M-00067,caprino,2023-03-18,2023-04-25,concluido_falha,,3
C-CA-M-00067-01,CA-M-00067,caprino,2023-06-03,2023-07-12,concluido_falha,,3
C-CA-M-00067-02,CA-M-00067,caprino,2023-08-27,2023-10-04,concluido_falha,,3
C-CA-M-00068-00,CA-M-00068,caprino,2023-04-26,2023-04-26,concluido_sucesso,2023-09-23,1
C-CA-M-00068-01,CA-M-00068,caprino,2023-12-22,2023-12-22,concluido_sucesso,2024-05-20,1
C-CA-M-00068-02,CA-M-00068,caprino,2024-07-22,2024-07-22,concluido_sucesso,2024-12-19,1
C-CA-M-00068-03,CA-M-00068,caprino,2025-03-20,2025-03-20,concluido_sucesso,2025-08-17,1
C-CA-M-00068-04,CA-M-00068,caprino,2025-11-25,2025-11-25,concluido_sucesso,2026-04-24,1
C-CA-M-00069-00,CA-M-00069,caprino,2023-04-20,2023-04-20,concluido_sucesso,2023-09-17,1
C-CA-M-00069-01,CA-M-00069,caprino,2024-01-09,2024-01-09,concluido_sucesso,2024-06-07,1
C-CA-M-00069-02,CA-M-00069,caprino,2024-09-02,2024-09-20,concluido_sucesso,2025-02-17,2
C-CA-M-00069-03,CA-M-00069,caprino,2025-05-12,2025-05-12,concluido_sucesso,2025-10-09,1
C-CA-M-00069-04,CA-M-00069,caprino,2026-01-07,2026-01-31,concluido_sucesso,2026-06-30,2
C-CA-M-00070-00,CA-M-00070,caprino,2023-06-21,2023-06-21,concluido_sucesso,2023-11-18,1
C-CA-M-00070-01,CA-M-00070,caprino,2024-02-24,2024-02-24,concluido_sucesso,2024-07-23,1
C-CA-M-00071-00,CA-M-00071,caprino,2023-02-19,2023-03-11,concluido_sucesso,2023-08-08,2
C-CA-M-00071-01,CA-M-00071,caprino,2023-11-17,2023-11-17,concluido_sucesso,2024-04-15,1
C-CA-M-00071-02,CA-M-00071,caprino,2024-07-16,2024-07-16,concluido_sucesso,2024-12-13,1
C-CA-M-00071-03,CA-M-00071,caprino,2025-02-24,2025-02-24,concluido_sucesso,2025-07-24,1
C-CA-M-00071-04,CA-M-00071,caprino,2025-11-11,2025-11-11,concluido_sucesso,2026-04-10,1
C-CA-M-00072-00,CA-M-00072,caprino,2023-01-02,2023-02-10,concluido_sucesso,2023-07-10,3
C-CA-M-00072-01,CA-M-00072,caprino,2023-10-06,2023-11-14,concluido_sucesso,2024-04-12,3
C-CA-M-00072-02,CA-M-00072,caprino,2024-06-30,2024-08-09,concluido_falha,,3
C-CA-M-00072-03,CA-M-00072,caprino,2024-09-17,2024-10-08,concluido_sucesso,2025-03-07,2
C-CA-M-00072-04,CA-M-00072,caprino,2025-05-24,2025-05-24,concluido_sucesso,2025-10-21,1
C-CA-M-00073-00,CA-M-00073,caprino,2023-04-12,2023-04-12,concluido_sucesso,2023-09-09,1
C-CA-M-00073-01,CA-M-00073,caprino,2023-11-20,2023-12-12,concluido_sucesso,2024-05-10,2
C-CA-M-00073-02,CA-M-00073,caprino,2024-08-20,2024-08-20,concluido_sucesso,2025-01-17,1
C-CA-M-00073-03,CA-M-00073,caprino,2025-05-16,2025-05-16,concluido_sucesso,2025-10-13,1
C-CA-M-00073-04,CA-M-00073,caprino,2026-01-04,2026-02-15,concluido_sucesso,2026-07-15,3
C-CA-M-00074-00,CA-M-00074,caprino,2023-07-25,2023-07-25,concluido_sucesso,2023-12-22,1
C-CA-M-00074-01,CA-M-00074,caprino,2024-02-27,2024-02-27,concluido_sucesso,2024-07-26,1
C-CA-M-00074-02,CA-M-00074,caprino,2024-10-01,2024-10-01,concluido_sucesso,2025-02-28,1
C-CA-M-00074-03,CA-M-00074,caprino,2025-05-24,2025-07-06,concluido_sucesso,2025-12-03,3
C-CA-M-00074-04,CA-M-00074,caprino,2026-03-29,2026-04-17,concluido_falha,,2
C-CA-M-00075-00,CA-M-00075,caprino,2023-01-31,2023-02-24,concluido_sucesso,2023-07-24,2
C-CA-M-00075-01,CA-M-00075,caprino,2023-10-24,2023-10-24,concluido_sucesso,2024-03-22,1
C-CA-M-00075-02,CA-M-00075,caprino,2024-07-09,2024-07-09,concluido_sucesso,2024-12-06,1
C-CA-M-00075-03,CA-M-00075,caprino,2025-02-25,2025-02-25,concluido_sucesso,2025-07-25,1
C-CA-M-00075-04,CA-M-00075,caprino,2025-10-25,2025-10-25,concluido_sucesso,2026-03-24,1
C-CA-M-00076-00,CA-M-00076,caprino,2023-01-11,2023-01-11,concluido_sucesso,2023-06-10,1
C-CA-M-00076-01,CA-M-00076,caprino,2023-09-13,2023-10-25,concluido_sucesso,2024-03-23,3
C-CA-M-00076-02,CA-M-00076,caprino,2024-06-15,2024-06-15,concluido_sucesso,2024-11-12,1
C-CA-M-00076-03,CA-M-00076,caprino,2025-01-17,2025-01-17,concluido_sucesso,2025-06-16,1
C-CA-M-00076-04,CA-M-00076,caprino,2025-08-19,2025-08-19,concluido_sucesso,2026-01-16,1
C-CA-M-00076-05,CA-M-00076,caprino,2026-04-30,2026-04-30,concluido_sucesso,2026-09-27,1
C-CA-M-00077-00,CA-M-00077,caprino,2023-07-31,2023-07-31,concluido_sucesso,2023-12-28,1
C-CA-M-00077-01,CA-M-00077,caprino,2024-03-28,2024-03-28,concluido_sucesso,2024-08-25,1
C-CA-M-00077-02,CA-M-00077,caprino,2024-11-12,2024-11-12,concluido_sucesso,2025-04-11,1
C-CA-M-00077-03,CA-M-00077,caprino,2025-06-27,2025-06-27,concluido_sucesso,2025-11-24,1
C-CA-M-00077-04,CA-M-00077,caprino,2026-02-03,2026-02-27,concluido_sucesso,2026-07-27,2
C-CA-M-00078-00,CA-M-00078,caprino,2023-04-28,2023-06-05,concluido_sucesso,2023-11-02,3
C-CA-M-00078-01,CA-M-00078,caprino,2024-01-02,2024-02-14,concluido_sucesso,2024-07-13,3
C-CA-M-00078-02,CA-M-00078,caprino,2024-10-27,2024-10-27,concluido_sucesso,2025-03-26,1
C-CA-M-00078-03,CA-M-00078,caprino,2025-07-11,2025-07-11,concluido_sucesso,2025-12-08,1
C-CA-M-00079-00,CA-M-00079,caprino,2023-08-21,2023-08-21,concluido_sucesso,2024-01-18,1
C-CA-M-00079-01,CA-M-00079,caprino,2024-05-12,2024-05-12,concluido_sucesso,2024-10-09,1
C-CA-M-00079-02,CA-M-00079,caprino,2024-12-28,2024-12-28,concluido_sucesso,2025-05-27,1
C-CA-M-00079-03,CA-M-00079,caprino,2025-07-30,2025-08-20,concluido_sucesso,2026-01-17,2
C-CA-M-00079-04,CA-M-00079,caprino,2026-04-03,2026-04-03,concluido_sucesso,2026-08-31,1
C-CA-M-00080-00,CA-M-00080,caprino,2023-06-22,2023-06-22,concluido_sucesso,2023-11-19,1
C-CA-M-00080-01,CA-M-00080,caprino,2024-03-07,2024-03-07,concluido_sucesso,2024-08-04,1
C-CA-M-00080-02,CA-M-00080,caprino,2024-11-06,2024-11-06,concluido_sucesso,2025-04-05,1
C-CA-M-00081-00,CA-M-00081,caprino,2023-07-06,2023-07-06,concluido_sucesso,2023-12-03,1
C-CA-M-00081-01,CA-M-00081,caprino,2024-03-21,2024-03-21,concluido_sucesso,2024-08-18,1
C-CA-M-00081-02,CA-M-00081,caprino,2024-11-05,2024-11-24,concluido_sucesso,2025-04-23,2
C-CA-M-00081-03,CA-M-00081,caprino,2025-07-24,2025-07-24,concluido_sucesso,2025-12-21,1
C-CA-M-00081-04,CA-M-00081,caprino,2026-03-10,2026-03-10,concluido_sucesso,2026-08-07,1
C-CA-M-00082-00,CA-M-00082,caprino,2023-05-26,2023-05-26,concluido_sucesso,2023-10-23,1
C-CA-M-00082-01,CA-M-00082,caprino,2024-01-02,2024-02-10,concluido_sucesso,2024-07-09,3
C-CA-M-00082-02,CA-M-00082,caprino,2024-10-26,2024-10-26,concluido_sucesso,2025-03-25,1
C-CA-M-00082-03,CA-M-00082,caprino,2025-07-06,2025-07-06,concluido_sucesso,2025-12-03,1
C-CA-M-00082-04,CA-M-00082,caprino,2026-03-13,2026-03-13,concluido_sucesso,2026-08-10,1
C-CA-M-00083-00,CA-M-00083,caprino,2023-06-09,2023-06-09,concluido_sucesso,2023-11-06,1
C-CA-M-00083-01,CA-M-00083,caprino,2024-01-20,2024-01-20,concluido_sucesso,2024-06-18,1
C-CA-M-00083-02,CA-M-00083,caprino,2024-08-30,2024-08-30,concluido_sucesso,2025-01-27,1
C-CA-M-00083-03,CA-M-00083,caprino,2025-05-22,2025-05-22,concluido_sucesso,2025-10-19,1
C-CA-M-00084-00,CA-M-00084,caprino,2023-08-31,2023-08-31,concluido_sucesso,2024-01-28,1
C-CA-M-00084-01,CA-M-00084,caprino,2024-05-09,2024-05-09,concluido_sucesso,2024-10-06,1
C-CA-M-00084-02,CA-M-00084,caprino,2025-01-20,2025-01-20,concluido_sucesso,2025-06-19,1
C-CA-M-00084-03,CA-M-00084,caprino,2025-09-11,2025-10-02,concluido_sucesso,2026-03-01,2
C-CA-M-00085-00,CA-M-00085,caprino,2023-06-07,2023-06-07,concluido_sucesso,2023-11-04,1
C-CA-M-00085-01,CA-M-00085,caprino,2024-01-07,2024-02-17,concluido_sucesso,2024-07-16,3
C-CA-M-00085-02,CA-M-00085,caprino,2024-11-04,2024-11-04,concluido_sucesso,2025-04-03,1
C-CA-M-00085-03,CA-M-00085,caprino,2025-06-18,2025-07-10,concluido_sucesso,2025-12-07,2
C-CA-M-00086-00,CA-M-00086,caprino,2023-07-24,2023-07-24,concluido_sucesso,2023-12-21,1
C-CA-M-00086-01,CA-M-00086,caprino,2024-03-29,2024-03-29,concluido_sucesso,2024-08-26,1
C-CA-M-00086-02,CA-M-00086,caprino,2024-11-02,2024-11-02,concluido_sucesso,2025-04-01,1
C-CA-M-00086-03,CA-M-00086,caprino,2025-06-01,2025-06-01,concluido_sucesso,2025-10-29,1
C-CA-M-00086-04,CA-M-00086,caprino,2026-02-11,2026-02-11,concluido_sucesso,2026-07-11,1
C-CA-M-00087-00,CA-M-00087,caprino,2023-09-16,2023-09-16,concluido_sucesso,2024-02-13,1
C-CA-M-00087-01,CA-M-00087,caprino,2024-04-24,2024-04-24,concluido_sucesso,2024-09-21,1
C-CA-M-00087-02,CA-M-00087,caprino,2025-01-13,2025-02-26,concluido_sucesso,2025-07-26,3
C-CA-M-00087-03,CA-M-00087,caprino,2025-09-28,2025-09-28,concluido_sucesso,2026-02-25,1
C-CA-M-00088-00,CA-M-00088,caprino,2023-01-29,2023-01-29,concluido_sucesso,2023-06-28,1
C-CA-M-00088-01,CA-M-00088,caprino,2023-09-04,2023-09-04,concluido_sucesso,2024-02-01,1
C-CA-M-00088-02,CA-M-00088,caprino,2024-05-07,2024-05-07,concluido_sucesso,2024-10-04,1
C-CA-M-00088-03,CA-M-00088,caprino,2025-01-16,2025-01-16,concluido_sucesso,2025-06-15,1
C-CA-M-00088-04,CA-M-00088,caprino,2025-10-05,2025-10-27,concluido_sucesso,2026-03-26,2
C-CA-M-00089-00,CA-M-00089,caprino,2023-04-27,2023-04-27,concluido_sucesso,2023-09-24,1
C-CA-M-00089-01,CA-M-00089,caprino,2023-11-29,2023-11-29,concluido_sucesso,2024-04-27,1
C-CA-M-00089-02,CA-M-00089,caprino,2024-08-08,2024-08-08,concluido_sucesso,2025-01-05,1
C-CA-M-00089-03,CA-M-00089,caprino,2025-03-29,2025-03-29,concluido_sucesso,2025-08-26,1
C-CA-M-00090-00,CA-M-00090,caprino,2023-08-03,2023-08-03,concluido_sucesso,2023-12-31,1
C-CA-M-00090-01,CA-M-00090,caprino,2024-04-18,2024-06-02,concluido_sucesso,2024-10-30,3
C-CA-M-00090-02,CA-M-00090,caprino,2025-02-17,2025-02-17,concluido_sucesso,2025-07-17,1
C-CA-M-00090-03,CA-M-00090,caprino,2025-10-13,2025-10-13,concluido_sucesso,2026-03-12,1
C-CA-M-00091-00,CA-M-00091,caprino,2023-03-06,2023-03-06,concluido_sucesso,2023-08-03,1
C-CA-M-00091-01,CA-M-00091,caprino,2023-11-26,2023-11-26,concluido_sucesso,2024-04-24,1
C-CA-M-00091-02,CA-M-00091,caprino,2024-08-15,2024-08-15,concluido_sucesso,2025-01-12,1
C-CA-M-00091-03,CA-M-00091,caprino,2025-04-01,2025-04-01,concluido_sucesso,2025-08-29,1
C-CA-M-00091-04,CA-M-00091,caprino,2025-12-19,2025-12-19,concluido_sucesso,2026-05-18,1
C-CA-M-00092-00,CA-M-00092,caprino,2023-10-18,2023-10-18,concluido_sucesso,2024-03-16,1
C-CA-M-00092-01,CA-M-00092,caprino,2024-05-16,2024-05-16,concluido_sucesso,2024-10-13,1
C-CA-M-00092-02,CA-M-00092,caprino,2025-01-18,2025-01-18,concluido_sucesso,2025-06-17,1
C-CA-M-00092-03,CA-M-00092,caprino,2025-09-09,2025-09-09,concluido_sucesso,2026-02-06,1
C-CA-M-00092-04,CA-M-00092,caprino,2026-04-12,2026-04-12,concluido_sucesso,2026-09-09,1
C-CA-M-00093-00,CA-M-00093,caprino,2023-05-27,2023-07-02,concluido_falha,,3
C-CA-M-00093-01,CA-M-00093,caprino,2023-08-10,2023-09-02,concluido_sucesso,2024-01-30,2
C-CA-M-00093-02,CA-M-00093,caprino,2024-04-19,2024-04-19,concluido_sucesso,2024-09-16,1
C-CA-M-00093-03,CA-M-00093,caprino,2025-01-07,2025-01-07,concluido_sucesso,2025-06-06,1
C-CA-M-00093-04,CA-M-00093,caprino,2025-10-01,2025-10-21,concluido_sucesso,2026-03-20,2
C-CA-M-00094-00,CA-M-00094,caprino,2023-06-15,2023-06-15,concluido_sucesso,2023-11-12,1
C-CA-M-00094-01,CA-M-00094,caprino,2024-01-13,2024-02-21,concluido_sucesso,2024-07-20,3
C-CA-M-00094-02,CA-M-00094,caprino,2024-09-22,2024-09-22,concluido_sucesso,2025-02-19,1
C-CA-M-00094-03,CA-M-00094,caprino,2025-04-20,2025-05-12,concluido_sucesso,2025-10-09,2
C-CA-M-00095-00,CA-M-00095,caprino,2023-01-19,2023-03-07,concluido_falha,,3
C-CA-M-00095-01,CA-M-00095,caprino,2023-05-10,2023-05-10,concluido_sucesso,2023-10-07,1
C-CA-M-00095-02,CA-M-00095,caprino,2024-01-21,2024-01-21,concluido_sucesso,2024-06-19,1
C-CA-M-00095-03,CA-M-00095,caprino,2024-09-03,2024-09-03,concluido_sucesso,2025-01-31,1
C-CA-M-00095-04,CA-M-00095,caprino,2025-04-24,2025-04-24,concluido_sucesso,2025-09-21,1
C-CA-M-00095-05,CA-M-00095,caprino,2026-01-17,2026-01-17,concluido_sucesso,2026-06-16,1
C-CA-M-00096-00,CA-M-00096,caprino,2023-02-25,2023-02-25,concluido_sucesso,2023-07-25,1
C-CA-M-00096-01,CA-M-00096,caprino,2023-10-17,2023-10-17,concluido_sucesso,2024-03-15,1
C-CA-M-00096-02,CA-M-00096,caprino,2024-07-07,2024-07-07,concluido_sucesso,2024-12-04,1
C-CA-M-00096-03,CA-M-00096,caprino,2025-02-15,2025-02-15,concluido_sucesso,2025-07-15,1
C-CA-M-00097-00,CA-M-00097,caprino,2023-03-21,2023-03-21,concluido_sucesso,2023-08-18,1
C-CA-M-00097-01,CA-M-00097,caprino,2023-11-24,2023-11-24,concluido_sucesso,2024-04-22,1
C-CA-M-00097-02,CA-M-00097,caprino,2024-07-04,2024-07-04,concluido_sucesso,2024-12-01,1
C-CA-M-00097-03,CA-M-00097,caprino,2025-02-17,2025-03-07,concluido_sucesso,2025-08-04,2
C-CA-M-00098-00,CA-M-00098,caprino,2023-05-13,2023-05-13,concluido_sucesso,2023-10-10,1
C-CA-M-00098-01,CA-M-00098,caprino,2023-12-27,2024-01-15,concluido_sucesso,2024-06-13,2
C-CA-M-00098-02,CA-M-00098,caprino,2024-09-18,2024-10-26,concluido_sucesso,2025-03-25,3
C-CA-M-00098-03,CA-M-00098,caprino,2025-06-13,2025-07-23,concluido_falha,,3
C-CA-M-00099-00,CA-M-00099,caprino,2023-02-15,2023-02-15,concluido_sucesso,2023-07-15,1
C-CA-M-00099-01,CA-M-00099,caprino,2023-09-15,2023-10-03,concluido_sucesso,2024-03-01,2
C-CA-M-00099-02,CA-M-00099,caprino,2024-05-22,2024-06-28,concluido_sucesso,2024-11-25,3
C-CA-M-00099-03,CA-M-00099,caprino,2025-03-09,2025-03-09,concluido_sucesso,2025-08-06,1
C-CA-M-00099-04,CA-M-00099,caprino,2025-10-24,2025-10-24,concluido_sucesso,2026-03-23,1
C-CA-M-00100-00,CA-M-00100,caprino,2023-03-07,2023-03-07,concluido_sucesso,2023-08-04,1
C-CA-M-00100-01,CA-M-00100,caprino,2023-11-13,2023-12-02,concluido_sucesso,2024-04-30,2
C-CA-M-00101-00,CA-M-00101,caprino,2023-09-26,2023-09-26,concluido_sucesso,2024-02-23,1
C-CA-M-00101-01,CA-M-00101,caprino,2024-05-05,2024-05-05,concluido_sucesso,2024-10-02,1
C-CA-M-00101-02,CA-M-00101,caprino,2024-12-28,2024-12-28,concluido_sucesso,2025-05-27,1
C-CA-M-00101-03,CA-M-00101,caprino,2025-09-03,2025-09-03,concluido_sucesso,2026-01-31,1
C-CA-M-00101-04,CA-M-00101,caprino,2026-04-06,2026-04-06,concluido_sucesso,2026-09-03,1
C-CA-M-00102-00,CA-M-00102,caprino,2023-08-10,2023-08-10,concluido_sucesso,2024-01-07,1
C-CA-M-00102-01,CA-M-00102,caprino,2024-04-26,2024-04-26,concluido_sucesso,2024-09-23,1
C-CA-M-00102-02,CA-M-00102,caprino,2024-12-13,2025-01-04,concluido_sucesso,2025-06-03,2
C-CA-M-00102-03,CA-M-00102,caprino,2025-09-29,2025-10-20,concluido_sucesso,2026-03-19,2
C-CA-M-00103-00,CA-M-00103,caprino,2023-02-12,2023-02-12,concluido_sucesso,2023-07-12,1
C-CA-M-00103-01,CA-M-00103,caprino,2023-10-21,2023-10-21,concluido_sucesso,2024-03-19,1
C-CA-M-00103-02,CA-M-00103,caprino,2024-05-26,2024-05-26,concluido_sucesso,2024-10-23,1
C-CA-M-00103-03,CA-M-00103,caprino,2025-02-04,2025-02-04,concluido_sucesso,2025-07-04,1
C-CA-M-00103-04,CA-M-00103,caprino,2025-10-16,2025-11-28,concluido_falha,,3
C-CA-M-00103-05,CA-M-00103,caprino,2026-01-22,2026-03-05,concluido_sucesso,2026-08-02,3
C-CA-M-00104-00,CA-M-00104,caprino,2023-09-07,2023-09-25,concluido_sucesso,2024-02-22,2
C-CA-M-00104-01,CA-M-00104,caprino,2024-06-07,2024-06-07,concluido_sucesso,2024-11-04,1
C-CA-M-00104-02,CA-M-00104,caprino,2025-01-16,2025-02-27,concluido_falha,,3
C-CA-M-00105-00,CA-M-00105,caprino,2023-03-23,2023-05-01,concluido_sucesso,2023-09-28,3
C-CA-M-00105-01,CA-M-00105,caprino,2023-11-27,2023-12-16,concluido_sucesso,2024-05-14,2
C-CA-M-00105-02,CA-M-00105,caprino,2024-08-22,2024-10-06,concluido_sucesso,2025-03-05,3
C-CA-M-00105-03,CA-M-00105,caprino,2025-06-30,2025-06-30,concluido_sucesso,2025-11-27,1
C-CA-M-00105-04,CA-M-00105,caprino,2026-02-02,2026-02-20,concluido_sucesso,2026-07-20,2
C-CA-M-00106-00,CA-M-00106,caprino,2023-05-02,2023-05-02,concluido_sucesso,2023-09-29,1
C-CA-M-00106-01,CA-M-00106,caprino,2024-01-01,2024-01-01,concluido_sucesso,2024-05-30,1
C-CA-M-00106-02,CA-M-00106,caprino,2024-09-19,2024-09-19,concluido_sucesso,2025-02-16,1
C-CA-M-00106-03,CA-M-00106,caprino,2025-06-10,2025-06-10,concluido_sucesso,2025-11-07,1
C-CA-M-00107-00,CA-M-00107,caprino,2023-09-02,2023-09-02,concluido_sucesso,2024-01-30,1
C-CA-M-00107-01,CA-M-00107,caprino,2024-05-05,2024-05-05,concluido_sucesso,2024-10-02,1
C-CA-M-00107-02,CA-M-00107,caprino,2024-12-06,2024-12-26,concluido_sucesso,2025-05-25,2
C-CA-M-00107-03,CA-M-00107,caprino,2025-08-27,2025-08-27,concluido_sucesso,2026-01-24,1
C-CA-M-00108-00,CA-M-00108,caprino,2023-07-27,2023-09-12,concluido_sucesso,2024-02-09,3
C-CA-M-00108-01,CA-M-00108,caprino,2024-05-01,2024-05-21,concluido_sucesso,2024-10-18,2
C-CA-M-00108-02,CA-M-00108,caprino,2024-12-27,2024-12-27,concluido_sucesso,2025-05-26,1
C-CA-M-00108-03,CA-M-00108,caprino,2025-08-07,2025-09-15,concluido_sucesso,2026-02-12,3
C-CA-M-00109-00,CA-M-00109,caprino,2023-02-22,2023-04-08,concluido_sucesso,2023-09-05,3
C-CA-M-00109-01,CA-M-00109,caprino,2023-11-09,2023-11-09,concluido_sucesso,2024-04-07,1
C-CA-M-00109-02,CA-M-00109,caprino,2024-06-16,2024-06-16,concluido_sucesso,2024-11-13,1
C-CA-M-00109-03,CA-M-00109,caprino,2025-02-11,2025-02-11,concluido_sucesso,2025-07-11,1
C-CA-M-00109-04,CA-M-00109,caprino,2025-10-01,2025-11-08,concluido_falha,,3
C-CA-M-00109-05,CA-M-00109,caprino,2025-12-26,2026-01-16,concluido_sucesso,2026-06-15,2
C-CA-M-00110-00,CA-M-00110,caprino,2023-02-15,2023-02-15,concluido_sucesso,2023-07-15,1
C-CA-M-00110-01,CA-M-00110,caprino,2023-11-10,2023-11-10,concluido_sucesso,2024-04-08,1
C-CA-M-00110-02,CA-M-00110,caprino,2024-07-07,2024-07-07,concluido_sucesso,2024-12-04,1
C-CA-M-00110-03,CA-M-00110,caprino,2025-04-01,2025-04-01,concluido_sucesso,2025-08-29,1
C-CA-M-00110-04,CA-M-00110,caprino,2025-12-17,2025-12-17,concluido_sucesso,2026-05-16,1
C-CA-M-00111-00,CA-M-00111,caprino,2023-01-19,2023-03-03,concluido_sucesso,2023-07-31,3
C-CA-M-00111-01,CA-M-00111,caprino,2023-10-29,2023-10-29,concluido_sucesso,2024-03-27,1
C-CA-M-00111-02,CA-M-00111,caprino,2024-07-21,2024-07-21,concluido_sucesso,2024-12-18,1
C-CA-M-00111-03,CA-M-00111,caprino,2025-03-05,2025-03-05,concluido_sucesso,2025-08-02,1
C-CA-M-00111-04,CA-M-00111,caprino,2025-11-07,2025-11-07,concluido_sucesso,2026-04-06,1
C-CA-M-00112-00,CA-M-00112,caprino,2023-03-14,2023-03-14,concluido_sucesso,2023-08-11,1
C-CA-M-00112-01,CA-M-00112,caprino,2023-10-27,2023-12-05,concluido_sucesso,2024-05-03,3
C-CA-M-00112-02,CA-M-00112,caprino,2024-07-22,2024-07-22,concluido_sucesso,2024-12-19,1
C-CA-M-00112-03,CA-M-00112,caprino,2025-03-12,2025-03-31,concluido_sucesso,2025-08-28,2
C-CA-M-00113-00,CA-M-00113,caprino,2023-01-09,2023-01-09,concluido_sucesso,2023-06-08,1
C-CA-M-00113-01,CA-M-00113,caprino,2023-09-20,2023-10-10,concluido_sucesso,2024-03-08,2
C-CA-M-00113-02,CA-M-00113,caprino,2024-05-30,2024-07-10,concluido_falha,,3
C-CA-M-00113-03,CA-M-00113,caprino,2024-08-17,2024-09-28,concluido_falha,,3
C-CA-M-00113-04,CA-M-00113,caprino,2024-12-06,2024-12-30,concluido_sucesso,2025-05-29,2
C-CA-M-00113-05,CA-M-00113,caprino,2025-08-05,2025-08-05,concluido_sucesso,2026-01-02,1
C-CA-M-00114-00,CA-M-00114,caprino,2023-03-18,2023-04-25,concluido_sucesso,2023-09-22,3
C-CA-M-00114-01,CA-M-00114,caprino,2023-12-08,2023-12-29,concluido_sucesso,2024-05-27,2
C-CA-M-00114-02,CA-M-00114,caprino,2024-08-08,2024-08-31,concluido_sucesso,2025-01-28,2
C-CA-M-00114-03,CA-M-00114,caprino,2025-03-30,2025-03-30,concluido_sucesso,2025-08-27,1
C-CA-M-00114-04,CA-M-00114,caprino,2025-10-30,2025-10-30,concluido_sucesso,2026-03-29,1
C-CA-M-00115-00,CA-M-00115,caprino,2023-02-11,2023-02-11,concluido_sucesso,2023-07-11,1
C-CA-M-00115-01,CA-M-00115,caprino,2023-10-04,2023-11-09,concluido_sucesso,2024-04-07,3
C-CA-M-00115-02,CA-M-00115,caprino,2024-07-15,2024-07-15,concluido_sucesso,2024-12-12,1
C-CA-M-00115-03,CA-M-00115,caprino,2025-03-13,2025-03-13,concluido_sucesso,2025-08-10,1
C-CA-M-00116-00,CA-M-00116,caprino,2023-07-17,2023-07-17,concluido_sucesso,2023-12-14,1
C-CA-M-00117-00,CA-M-00117,caprino,2023-02-05,2023-02-05,concluido_sucesso,2023-07-05,1
C-CA-M-00117-01,CA-M-00117,caprino,2023-09-22,2023-09-22,concluido_sucesso,2024-02-19,1
C-CA-M-00117-02,CA-M-00117,caprino,2024-05-17,2024-06-04,concluido_sucesso,2024-11-01,2
C-CA-M-00117-03,CA-M-00117,caprino,2025-01-13,2025-01-13,concluido_sucesso,2025-06-12,1
C-CA-M-00118-00,CA-M-00118,caprino,2023-06-21,2023-06-21,concluido_sucesso,2023-11-18,1
C-CA-M-00118-01,CA-M-00118,caprino,2024-02-25,2024-02-25,concluido_sucesso,2024-07-24,1
C-CA-M-00118-02,CA-M-00118,caprino,2024-10-24,2024-10-24,concluido_sucesso,2025-03-23,1
C-CA-M-00118-03,CA-M-00118,caprino,2025-07-10,2025-07-10,concluido_sucesso,2025-12-07,1
C-CA-M-00118-04,CA-M-00118,caprino,2026-02-12,2026-03-04,concluido_sucesso,2026-08-01,2
C-CA-M-00119-00,CA-M-00119,caprino,2023-04-04,2023-04-04,concluido_sucesso,2023-09-01,1
C-CA-M-00119-01,CA-M-00119,caprino,2023-12-08,2023-12-08,concluido_sucesso,2024-05-06,1
C-CA-M-00119-02,CA-M-00119,caprino,2024-07-06,2024-07-06,concluido_sucesso,2024-12-03,1
C-CA-M-00119-03,CA-M-00119,caprino,2025-02-17,2025-02-17,concluido_sucesso,2025-07-17,1
C-CA-M-00119-04,CA-M-00119,caprino,2025-10-18,2025-10-18,concluido_sucesso,2026-03-17,1
C-CA-M-00120-00,CA-M-00120,caprino,2023-07-08,2023-07-08,concluido_sucesso,2023-12-05,1
C-CA-M-00120-01,CA-M-00120,caprino,2024-02-06,2024-03-22,concluido_sucesso,2024-08-19,3
C-CA-M-00120-02,CA-M-00120,caprino,2024-11-21,2024-11-21,concluido_sucesso,2025-04-20,1
C-CA-M-00120-03,CA-M-00120,caprino,2025-08-15,2025-09-26,concluido_sucesso,2026-02-23,3
C-CA-M-00121-00,CA-M-00121,caprino,2023-10-28,2023-12-07,concluido_sucesso,2024-05-05,3
C-CA-M-00121-01,CA-M-00121,caprino,2024-08-07,2024-08-07,concluido_sucesso,2025-01-04,1
C-CA-M-00121-02,CA-M-00121,caprino,2025-03-10,2025-04-02,concluido_sucesso,2025-08-30,2
C-CA-M-00121-03,CA-M-00121,caprino,2025-11-05,2025-11-05,concluido_sucesso,2026-04-04,1
C-CA-M-00122-00,CA-M-00122,caprino,2023-07-13,2023-07-13,concluido_sucesso,2023-12-10,1
C-CA-M-00122-01,CA-M-00122,caprino,2024-02-15,2024-02-15,concluido_sucesso,2024-07-14,1
C-CA-M-00122-02,CA-M-00122,caprino,2024-09-21,2024-10-13,concluido_sucesso,2025-03-12,2
C-CA-M-00122-03,CA-M-00122,caprino,2025-05-21,2025-05-21,concluido_sucesso,2025-10-18,1
C-CA-M-00122-04,CA-M-00122,caprino,2026-01-04,2026-01-04,concluido_sucesso,2026-06-03,1
C-CA-M-00123-00,CA-M-00123,caprino,2023-07-11,2023-07-11,concluido_sucesso,2023-12-08,1
C-CA-M-00123-01,CA-M-00123,caprino,2024-03-20,2024-03-20,concluido_sucesso,2024-08-17,1
C-CA-M-00123-02,CA-M-00123,caprino,2024-11-16,2024-11-16,concluido_sucesso,2025-04-15,1
C-CA-M-00123-03,CA-M-00123,caprino,2025-07-29,2025-07-29,concluido_sucesso,2025-12-26,1
C-CA-M-00123-04,CA-M-00123,caprino,2026-03-08,2026-03-08,concluido_sucesso,2026-08-05,1
C-CA-M-00124-00,CA-M-00124,caprino,2023-05-13,2023-05-13,concluido_sucesso,2023-10-10,1
C-CA-M-00124-01,CA-M-00124,caprino,2024-01-19,2024-01-19,concluido_sucesso,2024-06-17,1
C-CA-M-00124-02,CA-M-00124,caprino,2024-10-14,2024-11-06,concluido_sucesso,2025-04-05,2
C-CA-M-00124-03,CA-M-00124,caprino,2025-07-05,2025-07-05,concluido_sucesso,2025-12-02,1
C-CA-M-00124-04,CA-M-00124,caprino,2026-03-31,2026-03-31,concluido_sucesso,2026-08-28,1
C-CA-M-00125-00,CA-M-00125,caprino,2023-06-21,2023-06-21,concluido_sucesso,2023-11-18,1
C-CA-M-00125-01,CA-M-00125,caprino,2024-02-06,2024-02-06,concluido_sucesso,2024-07-05,1
C-CA-M-00125-02,CA-M-00125,caprino,2024-09-18,2024-09-18,concluido_sucesso,2025-02-15,1
C-CA-M-00126-00,CA-M-00126,caprino,2023-01-18,2023-01-18,concluido_sucesso,2023-06-17,1
C-CA-M-00126-01,CA-M-00126,caprino,2023-08-19,2023-08-19,concluido_sucesso,2024-01-16,1
C-CA-M-00126-02,CA-M-00126,caprino,2024-04-10,2024-04-10,concluido_sucesso,2024-09-07,1
C-CA-M-00126-03,CA-M-00126,caprino,2024-11-29,2025-01-15,concluido_sucesso,2025-06-14,3
C-CA-M-00126-04,CA-M-00126,caprino,2025-09-30,2025-09-30,concluido_sucesso,2026-02-27,1
C-CA-M-00127-00,CA-M-00127,caprino,2023-07-19,2023-07-19,concluido_sucesso,2023-12-16,1
C-CA-M-00127-01,CA-M-00127,caprino,2024-04-01,2024-05-13,concluido_sucesso,2024-10-10,3
C-CA-M-00127-02,CA-M-00127,caprino,2025-02-03,2025-02-03,concluido_sucesso,2025-07-03,1
C-CA-M-00127-03,CA-M-00127,caprino,2025-09-27,2025-09-27,concluido_sucesso,2026-02-24,1
C-CA-M-00128-00,CA-M-00128,caprino,2023-03-05,2023-03-05,concluido_sucesso,2023-08-02,1
C-CA-M-00128-01,CA-M-00128,caprino,2023-10-08,2023-11-16,concluido_sucesso,2024-04-14,3
C-CA-M-00128-02,CA-M-00128,caprino,2024-07-26,2024-07-26,concluido_sucesso,2024-12-23,1
C-CA-M-00129-00,CA-M-00129,caprino,2023-09-30,2023-10-22,concluido_sucesso,2024-03-20,2
C-CA-M-00129-01,CA-M-00129,caprino,2024-07-08,2024-07-08,concluido_sucesso,2024-12-05,1
C-CA-M-00129-02,CA-M-00129,caprino,2025-02-20,2025-03-14,concluido_sucesso,2025-08-11,2
C-CA-M-00129-03,CA-M-00129,caprino,2025-11-06,2025-11-06,concluido_sucesso,2026-04-05,1
C-CA-M-00130-00,CA-M-00130,caprino,2023-02-26,2023-02-26,concluido_sucesso,2023-07-26,1
C-CA-M-00130-01,CA-M-00130,caprino,2023-10-14,2023-10-14,concluido_sucesso,2024-03-12,1
C-CA-M-00130-02,CA-M-00130,caprino,2024-06-30,2024-06-30,concluido_sucesso,2024-11-27,1
C-CA-M-00130-03,CA-M-00130,caprino,2025-03-09,2025-03-09,concluido_sucesso,2025-08-06,1
C-CA-M-00130-04,CA-M-00130,caprino,2025-11-07,2025-11-07,concluido_sucesso,2026-04-06,1
C-CA-M-00131-00,CA-M-00131,caprino,2023-06-16,2023-07-29,concluido_falha,,3
C-CA-M-00131-01,CA-M-00131,caprino,2023-09-20,2023-10-11,concluido_sucesso,2024-03-09,2
C-CA-M-00131-02,CA-M-00131,caprino,2024-06-29,2024-08-12,concluido_sucesso,2025-01-09,3
C-CA-M-00131-03,CA-M-00131,caprino,2025-04-06,2025-05-21,concluido_falha,,3
C-CA-M-00131-04,CA-M-00131,caprino,2025-07-21,2025-08-10,concluido_sucesso,2026-01-07,2
C-CA-M-00131-05,CA-M-00131,caprino,2026-03-08,2026-03-28,concluido_sucesso,2026-08-25,2
C-CA-M-00132-00,CA-M-00132,caprino,2023-04-07,2023-04-26,concluido_sucesso,2023-09-23,2
C-CA-M-00132-01,CA-M-00132,caprino,2023-12-06,2023-12-06,concluido_sucesso,2024-05-04,1
C-CA-M-00132-02,CA-M-00132,caprino,2024-08-14,2024-09-03,concluido_sucesso,2025-01-31,2
C-CA-M-00132-03,CA-M-00132,caprino,2025-05-14,2025-05-14,concluido_sucesso,2025-10-11,1
C-CA-M-00132-04,CA-M-00132,caprino,2026-01-28,2026-01-28,concluido_sucesso,2026-06-27,1
C-CA-M-00133-00,CA-M-00133,caprino,2023-03-13,2023-04-04,concluido_sucesso,2023-09-01,2
C-CA-M-00133-01,CA-M-00133,caprino,2023-11-28,2023-12-22,concluido_sucesso,2024-05-20,2
C-CA-M-00133-02,CA-M-00133,caprino,2024-09-15,2024-09-15,concluido_sucesso,2025-02-12,1
C-CA-M-00133-03,CA-M-00133,caprino,2025-05-28,2025-05-28,concluido_sucesso,2025-10-25,1
C-CA-M-00133-04,CA-M-00133,caprino,2026-01-23,2026-01-23,concluido_sucesso,2026-06-22,1
C-CA-M-00134-00,CA-M-00134,caprino,2023-01-22,2023-01-22,concluido_sucesso,2023-06-21,1
C-CA-M-00134-01,CA-M-00134,caprino,2023-09-10,2023-09-29,concluido_sucesso,2024-02-26,2
C-CA-M-00134-02,CA-M-00134,caprino,2024-06-18,2024-06-18,concluido_sucesso,2024-11-15,1
C-CA-M-00134-03,CA-M-00134,caprino,2025-02-11,2025-02-11,concluido_sucesso,2025-07-11,1
C-CA-M-00134-04,CA-M-00134,caprino,2025-10-16,2025-11-07,concluido_sucesso,2026-04-06,2
C-CA-M-00135-00,CA-M-00135,caprino,2023-02-09,2023-03-04,concluido_sucesso,2023-08-01,2
C-CA-M-00135-01,CA-M-00135,caprino,2023-10-31,2023-10-31,concluido_sucesso,2024-03-29,1
C-CA-M-00135-02,CA-M-00135,caprino,2024-06-11,2024-07-03,concluido_sucesso,2024-11-30,2
C-CA-M-00135-03,CA-M-00135,caprino,2025-03-22,2025-03-22,concluido_sucesso,2025-08-19,1
C-CA-M-00135-04,CA-M-00135,caprino,2025-11-05,2025-11-05,concluido_sucesso,2026-04-04,1
C-CA-M-00136-00,CA-M-00136,caprino,2023-05-11,2023-06-24,concluido_falha,,3
C-CA-M-00136-01,CA-M-00136,caprino,2023-08-11,2023-08-11,concluido_sucesso,2024-01-08,1
C-CA-M-00136-02,CA-M-00136,caprino,2024-04-05,2024-04-05,concluido_sucesso,2024-09-02,1
C-CA-M-00136-03,CA-M-00136,caprino,2024-11-20,2024-11-20,concluido_sucesso,2025-04-19,1
C-CA-M-00137-00,CA-M-00137,caprino,2023-07-18,2023-07-18,concluido_sucesso,2023-12-15,1
C-CA-M-00137-01,CA-M-00137,caprino,2024-03-19,2024-03-19,concluido_sucesso,2024-08-16,1
C-CA-M-00137-02,CA-M-00137,caprino,2024-11-16,2024-12-05,concluido_sucesso,2025-05-04,2
C-CA-M-00137-03,CA-M-00137,caprino,2025-07-15,2025-08-26,concluido_falha,,3
C-CA-M-00137-04,CA-M-00137,caprino,2025-11-03,2025-11-26,concluido_sucesso,2026-04-25,2
C-CA-M-00138-00,CA-M-00138,caprino,2023-04-24,2023-04-24,concluido_sucesso,2023-09-21,1
C-CA-M-00138-01,CA-M-00138,caprino,2023-12-07,2023-12-07,concluido_sucesso,2024-05-05,1
C-CA-M-00138-02,CA-M-00138,caprino,2024-09-01,2024-09-01,concluido_sucesso,2025-01-29,1
C-CA-M-00138-03,CA-M-00138,caprino,2025-04-30,2025-04-30,concluido_sucesso,2025-09-27,1
C-CA-M-00138-04,CA-M-00138,caprino,2026-01-07,2026-01-07,concluido_sucesso,2026-06-06,1
C-CA-M-00139-00,CA-M-00139,caprino,2023-03-16,2023-03-16,concluido_sucesso,2023-08-13,1
C-CA-M-00139-01,CA-M-00139,caprino,2023-11-10,2023-12-20,concluido_falha,,3
C-CA-M-00139-02,CA-M-00139,caprino,2024-01-26,2024-03-09,concluido_falha,,3
C-CA-M-00139-03,CA-M-00139,caprino,2024-05-02,2024-05-22,concluido_sucesso,2024-10-19,2
C-CA-M-00140-00,CA-M-00140,caprino,2023-06-19,2023-06-19,concluido_sucesso,2023-11-16,1
C-CA-M-00140-01,CA-M-00140,caprino,2024-02-26,2024-02-26,concluido_sucesso,2024-07-25,1
C-CA-M-00140-02,CA-M-00140,caprino,2024-10-24,2024-10-24,concluido_sucesso,2025-03-23,1
C-CA-M-00140-03,CA-M-00140,caprino,2025-07-19,2025-07-19,concluido_sucesso,2025-12-16,1
C-CA-M-00140-04,CA-M-00140,caprino,2026-03-31,2026-03-31,concluido_sucesso,2026-08-28,1
C-CA-M-00141-00,CA-M-00141,caprino,2023-06-16,2023-06-16,concluido_sucesso,2023-11-13,1
C-CA-M-00141-01,CA-M-00141,caprino,2024-02-26,2024-02-26,concluido_sucesso,2024-07-25,1
C-CA-M-00141-02,CA-M-00141,caprino,2024-09-27,2024-10-21,concluido_sucesso,2025-03-20,2
C-CA-M-00142-00,CA-M-00142,caprino,2023-07-04,2023-07-04,concluido_sucesso,2023-12-01,1
C-CA-M-00142-01,CA-M-00142,caprino,2024-02-29,2024-03-21,concluido_sucesso,2024-08-18,2
C-CA-M-00143-00,CA-M-00143,caprino,2023-04-09,2023-04-09,concluido_sucesso,2023-09-06,1
C-CA-M-00143-01,CA-M-00143,caprino,2023-12-07,2023-12-07,concluido_sucesso,2024-05-05,1
C-CA-M-00143-02,CA-M-00143,caprino,2024-07-14,2024-07-14,concluido_sucesso,2024-12-11,1
C-CA-M-00143-03,CA-M-00143,caprino,2025-02-20,2025-02-20,concluido_sucesso,2025-07-20,1
C-CA-M-00143-04,CA-M-00143,caprino,2025-09-25,2025-10-19,concluido_sucesso,2026-03-18,2
C-CA-M-00144-00,CA-M-00144,caprino,2023-05-13,2023-05-13,concluido_sucesso,2023-10-10,1
C-CA-M-00144-01,CA-M-00144,caprino,2024-01-08,2024-01-08,concluido_sucesso,2024-06-06,1
C-CA-M-00144-02,CA-M-00144,caprino,2024-08-10,2024-09-21,concluido_sucesso,2025-02-18,3
C-CA-M-00144-03,CA-M-00144,caprino,2025-06-11,2025-06-11,concluido_sucesso,2025-11-08,1
C-CA-M-00144-04,CA-M-00144,caprino,2026-03-07,2026-03-07,concluido_sucesso,2026-08-04,1
C-CA-M-00145-00,CA-M-00145,caprino,2023-02-03,2023-02-27,concluido_sucesso,2023-07-27,2
C-CA-M-00145-01,CA-M-00145,caprino,2023-10-30,2023-10-30,concluido_sucesso,2024-03-28,1
C-CA-M-00145-02,CA-M-00145,caprino,2024-06-25,2024-06-25,concluido_sucesso,2024-11-22,1
C-CA-M-00145-03,CA-M-00145,caprino,2025-02-23,2025-02-23,concluido_sucesso,2025-07-23,1
C-CA-M-00145-04,CA-M-00145,caprino,2025-11-06,2025-11-06,concluido_sucesso,2026-04-05,1
C-CA-M-00146-00,CA-M-00146,caprino,2023-08-10,2023-09-23,concluido_falha,,3
C-CA-M-00146-01,CA-M-00146,caprino,2023-12-01,2023-12-22,concluido_sucesso,2024-05-20,2
C-CA-M-00146-02,CA-M-00146,caprino,2024-08-02,2024-09-12,concluido_sucesso,2025-02-09,3
C-CA-M-00146-03,CA-M-00146,caprino,2025-05-10,2025-05-10,concluido_sucesso,2025-10-07,1
C-CA-M-00146-04,CA-M-00146,caprino,2025-12-09,2025-12-09,concluido_sucesso,2026-05-08,1
C-CA-M-00147-00,CA-M-00147,caprino,2023-05-21,2023-06-30,concluido_sucesso,2023-11-27,3
C-CA-M-00147-01,CA-M-00147,caprino,2024-02-23,2024-02-23,concluido_sucesso,2024-07-22,1
C-CA-M-00147-02,CA-M-00147,caprino,2024-11-15,2024-11-15,concluido_sucesso,2025-04-14,1
C-CA-M-00147-03,CA-M-00147,caprino,2025-08-09,2025-09-02,concluido_sucesso,2026-01-30,2
C-CA-M-00147-04,CA-M-00147,caprino,2026-04-19,2026-04-19,concluido_sucesso,2026-09-16,1
C-CA-M-00148-00,CA-M-00148,caprino,2023-03-07,2023-03-07,concluido_sucesso,2023-08-04,1
C-CA-M-00148-01,CA-M-00148,caprino,2023-10-12,2023-11-25,concluido_sucesso,2024-04-23,3
C-CA-M-00148-02,CA-M-00148,caprino,2024-08-03,2024-08-03,concluido_sucesso,2024-12-31,1
C-CA-M-00148-03,CA-M-00148,caprino,2025-04-24,2025-04-24,concluido_sucesso,2025-09-21,1
C-CA-M-00149-00,CA-M-00149,caprino,2023-01-12,2023-01-12,concluido_sucesso,2023-06-11,1
C-CA-M-00149-01,CA-M-00149,caprino,2023-10-05,2023-10-05,concluido_sucesso,2024-03-03,1
C-CA-M-00149-02,CA-M-00149,caprino,2024-05-23,2024-06-14,concluido_sucesso,2024-11-11,2
C-CA-M-00149-03,CA-M-00149,caprino,2025-01-23,2025-02-15,concluido_sucesso,2025-07-15,2
C-CA-M-00149-04,CA-M-00149,caprino,2025-11-11,2025-11-11,concluido_sucesso,2026-04-10,1
C-CA-M-00150-00,CA-M-00150,caprino,2023-08-26,2023-10-06,concluido_sucesso,2024-03-04,3
C-CA-M-00150-01,CA-M-00150,caprino,2024-06-13,2024-06-13,concluido_sucesso,2024-11-10,1
C-CA-M-00150-02,CA-M-00150,caprino,2025-02-22,2025-03-12,concluido_sucesso,2025-08-09,2
C-CA-M-00150-03,CA-M-00150,caprino,2025-11-20,2025-11-20,concluido_sucesso,2026-04-19,1
C-CA-M-00151-00,CA-M-00151,caprino,2023-07-08,2023-07-08,concluido_sucesso,2023-12-05,1
C-CA-M-00151-01,CA-M-00151,caprino,2024-03-12,2024-03-12,concluido_sucesso,2024-08-09,1
C-CA-M-00151-02,CA-M-00151,caprino,2024-10-14,2024-10-14,concluido_sucesso,2025-03-13,1
C-CA-M-00151-03,CA-M-00151,caprino,2025-05-20,2025-05-20,concluido_sucesso,2025-10-17,1
C-CA-M-00151-04,CA-M-00151,caprino,2026-01-02,2026-01-02,concluido_sucesso,2026-06-01,1
C-CA-M-00152-00,CA-M-00152,caprino,2023-07-23,2023-09-02,concluido_sucesso,2024-01-30,3
C-CA-M-00152-01,CA-M-00152,caprino,2024-04-12,2024-04-30,concluido_sucesso,2024-09-27,2
C-CA-M-00152-02,CA-M-00152,caprino,2025-01-11,2025-01-11,concluido_sucesso,2025-06-10,1
C-CA-M-00152-03,CA-M-00152,caprino,2025-09-28,2025-09-28,concluido_sucesso,2026-02-25,1
C-CA-M-00153-00,CA-M-00153,caprino,2023-01-19,2023-01-19,concluido_sucesso,2023-06-18,1
C-CA-M-00153-01,CA-M-00153,caprino,2023-09-28,2023-09-28,concluido_sucesso,2024-02-25,1
C-CA-M-00153-02,CA-M-00153,caprino,2024-04-28,2024-04-28,concluido_sucesso,2024-09-25,1
C-CA-M-00153-03,CA-M-00153,caprino,2024-12-26,2024-12-26,concluido_sucesso,2025-05-25,1
C-CA-M-00154-00,CA-M-00154,caprino,2023-05-08,2023-05-08,concluido_sucesso,2023-10-05,1
C-CA-M-00154-01,CA-M-00154,caprino,2024-01-30,2024-01-30,concluido_sucesso,2024-06-28,1
C-CA-M-00154-02,CA-M-00154,caprino,2024-09-20,2024-10-12,concluido_sucesso,2025-03-11,2
C-CA-M-00154-03,CA-M-00154,caprino,2025-05-11,2025-06-20,concluido_falha,,3
C-CA-M-00154-04,CA-M-00154,caprino,2025-07-27,2025-09-12,concluido_falha,,3
C-CA-M-00154-05,CA-M-00154,caprino,2025-10-29,2025-10-29,concluido_sucesso,2026-03-28,1
C-CA-M-00155-00,CA-M-00155,caprino,2023-01-27,2023-01-27,concluido_sucesso,2023-06-26,1
C-CA-M-00155-01,CA-M-00155,caprino,2023-09-25,2023-09-25,concluido_sucesso,2024-02-22,1
C-CA-M-00155-02,CA-M-00155,caprino,2024-04-22,2024-05-15,concluido_sucesso,2024-10-12,2
C-CA-M-00155-03,CA-M-00155,caprino,2025-01-24,2025-01-24,concluido_sucesso,2025-06-23,1
C-CA-M-00155-04,CA-M-00155,caprino,2025-10-19,2025-10-19,concluido_sucesso,2026-03-18,1
C-CA-M-00156-00,CA-M-00156,caprino,2023-07-28,2023-07-28,concluido_sucesso,2023-12-25,1
C-CA-M-00156-01,CA-M-00156,caprino,2024-03-28,2024-03-28,concluido_sucesso,2024-08-25,1
C-CA-M-00156-02,CA-M-00156,caprino,2024-11-07,2024-11-07,concluido_sucesso,2025-04-06,1
C-CA-M-00156-03,CA-M-00156,caprino,2025-07-22,2025-07-22,concluido_sucesso,2025-12-19,1
C-CA-M-00156-04,CA-M-00156,caprino,2026-03-31,2026-03-31,concluido_sucesso,2026-08-28,1
C-CA-M-00157-00,CA-M-00157,caprino,2023-09-17,2023-10-08,concluido_sucesso,2024-03-06,2
C-CA-M-00157-01,CA-M-00157,caprino,2024-06-02,2024-06-02,concluido_sucesso,2024-10-30,1
C-CA-M-00157-02,CA-M-00157,caprino,2025-02-14,2025-02-14,concluido_sucesso,2025-07-14,1
C-CA-M-00157-03,CA-M-00157,caprino,2025-11-09,2025-12-22,concluido_falha,,3
C-CA-M-00157-04,CA-M-00157,caprino,2026-02-05,2026-03-19,concluido_falha,,3
C-CA-M-00158-00,CA-M-00158,caprino,2023-05-24,2023-06-16,concluido_sucesso,2023-11-13,2
C-CA-M-00158-01,CA-M-00158,caprino,2024-02-17,2024-02-17,concluido_sucesso,2024-07-16,1
C-CA-M-00158-02,CA-M-00158,caprino,2024-11-12,2024-11-12,concluido_sucesso,2025-04-11,1
C-CA-M-00158-03,CA-M-00158,caprino,2025-06-17,2025-06-17,concluido_sucesso,2025-11-14,1
C-CA-M-00159-00,CA-M-00159,caprino,2023-04-04,2023-04-04,concluido_sucesso,2023-09-01,1
C-CA-M-00159-01,CA-M-00159,caprino,2023-11-12,2023-12-25,concluido_falha,,3
C-CA-M-00159-02,CA-M-00159,caprino,2024-02-02,2024-03-11,concluido_falha,,3
C-CA-M-00159-03,CA-M-00159,caprino,2024-04-17,2024-05-11,concluido_sucesso,2024-10-08,2
C-CA-M-00159-04,CA-M-00159,caprino,2024-12-22,2024-12-22,concluido_sucesso,2025-05-21,1
C-CA-M-00160-00,CA-M-00160,caprino,2023-01-09,2023-01-09,concluido_sucesso,2023-06-08,1
C-CA-M-00160-01,CA-M-00160,caprino,2023-09-29,2023-09-29,concluido_sucesso,2024-02-26,1
C-CA-M-00160-02,CA-M-00160,caprino,2024-06-07,2024-06-07,concluido_sucesso,2024-11-04,1
C-CA-M-00160-03,CA-M-00160,caprino,2025-02-12,2025-02-12,concluido_sucesso,2025-07-12,1
C-CA-M-00160-04,CA-M-00160,caprino,2025-09-10,2025-09-10,concluido_sucesso,2026-02-07,1
C-CA-M-00161-00,CA-M-00161,caprino,2023-01-01,2023-01-01,concluido_sucesso,2023-05-31,1
C-CA-M-00162-00,CA-M-00162,caprino,2023-09-18,2023-09-18,concluido_sucesso,2024-02-15,1
C-CA-M-00162-01,CA-M-00162,caprino,2024-05-09,2024-06-01,concluido_sucesso,2024-10-29,2
C-CA-M-00162-02,CA-M-00162,caprino,2025-01-06,2025-01-06,concluido_sucesso,2025-06-05,1
C-CA-M-00163-00,CA-M-00163,caprino,2023-07-23,2023-09-05,concluido_sucesso,2024-02-02,3
C-CA-M-00163-01,CA-M-00163,caprino,2024-05-02,2024-05-25,concluido_sucesso,2024-10-22,2
C-CA-M-00163-02,CA-M-00163,caprino,2025-02-15,2025-02-15,concluido_sucesso,2025-07-15,1
C-CA-M-00163-03,CA-M-00163,caprino,2025-10-27,2025-10-27,concluido_sucesso,2026-03-26,1
C-CA-M-00164-00,CA-M-00164,caprino,2023-08-31,2023-08-31,concluido_sucesso,2024-01-28,1
C-CA-M-00164-01,CA-M-00164,caprino,2024-04-25,2024-04-25,concluido_sucesso,2024-09-22,1
C-CA-M-00164-02,CA-M-00164,caprino,2024-11-25,2024-12-18,concluido_sucesso,2025-05-17,2
C-CA-M-00165-00,CA-M-00165,caprino,2023-07-19,2023-07-19,concluido_sucesso,2023-12-16,1
C-CA-M-00165-01,CA-M-00165,caprino,2024-02-29,2024-03-22,concluido_sucesso,2024-08-19,2
C-CA-M-00165-02,CA-M-00165,caprino,2024-12-01,2024-12-25,concluido_sucesso,2025-05-24,2
C-CA-M-00166-00,CA-M-00166,caprino,2023-04-25,2023-05-18,concluido_sucesso,2023-10-15,2
C-CA-M-00166-01,CA-M-00166,caprino,2024-01-15,2024-01-15,concluido_sucesso,2024-06-13,1
C-CA-M-00167-00,CA-M-00167,caprino,2023-09-15,2023-10-29,concluido_falha,,3
C-CA-M-00167-01,CA-M-00167,caprino,2023-12-10,2023-12-10,concluido_sucesso,2024-05-08,1
C-CA-M-00167-02,CA-M-00167,caprino,2024-07-20,2024-07-20,concluido_sucesso,2024-12-17,1
C-CA-M-00167-03,CA-M-00167,caprino,2025-03-09,2025-03-09,concluido_sucesso,2025-08-06,1
C-CA-M-00168-00,CA-M-00168,caprino,2023-03-09,2023-03-31,concluido_sucesso,2023-08-28,2
C-CA-M-00168-01,CA-M-00168,caprino,2023-10-27,2023-10-27,concluido_sucesso,2024-03-25,1
C-CA-M-00168-02,CA-M-00168,caprino,2024-06-18,2024-07-28,concluido_falha,,3
C-CA-M-00168-03,CA-M-00168,caprino,2024-09-14,2024-10-28,concluido_falha,,3
C-CA-M-00168-04,CA-M-00168,caprino,2024-12-16,2025-01-26,concluido_falha,,3
C-CA-M-00168-05,CA-M-00168,caprino,2025-03-15,2025-05-01,concluido_falha,,3
C-CA-M-00169-00,CA-M-00169,caprino,2023-02-18,2023-02-18,concluido_sucesso,2023-07-18,1
C-CA-M-00169-01,CA-M-00169,caprino,2023-09-29,2023-10-21,concluido_sucesso,2024-03-19,2
C-CA-M-00169-02,CA-M-00169,caprino,2024-07-05,2024-07-05,concluido_sucesso,2024-12-02,1
C-CA-M-00169-03,CA-M-00169,caprino,2025-02-11,2025-02-11,concluido_sucesso,2025-07-11,1
C-CA-M-00169-04,CA-M-00169,caprino,2025-10-26,2025-10-26,concluido_sucesso,2026-03-25,1
C-CA-M-00170-00,CA-M-00170,caprino,2023-09-05,2023-09-29,concluido_sucesso,2024-02-26,2
C-CA-M-00170-01,CA-M-00170,caprino,2024-04-30,2024-05-18,concluido_sucesso,2024-10-15,2
C-CA-M-00170-02,CA-M-00170,caprino,2024-12-22,2025-01-29,concluido_sucesso,2025-06-28,3
C-CA-M-00171-00,CA-M-00171,caprino,2023-10-05,2023-11-19,concluido_falha,,3
C-CA-M-00171-01,CA-M-00171,caprino,2024-01-11,2024-02-19,concluido_falha,,3
C-CA-M-00172-00,CA-M-00172,caprino,2023-06-24,2023-06-24,concluido_sucesso,2023-11-21,1
C-CA-M-00172-01,CA-M-00172,caprino,2024-03-03,2024-03-03,concluido_sucesso,2024-07-31,1
C-CA-M-00172-02,CA-M-00172,caprino,2024-09-30,2024-09-30,concluido_sucesso,2025-02-27,1
C-CA-M-00172-03,CA-M-00172,caprino,2025-06-13,2025-07-28,concluido_falha,,3
C-CA-M-00172-04,CA-M-00172,caprino,2025-09-17,2025-09-17,concluido_sucesso,2026-02-14,1
C-CA-M-00173-00,CA-M-00173,caprino,2023-01-23,2023-01-23,concluido_sucesso,2023-06-22,1
C-CA-M-00173-01,CA-M-00173,caprino,2023-08-25,2023-10-03,concluido_sucesso,2024-03-01,3
C-CA-M-00173-02,CA-M-00173,caprino,2024-06-05,2024-06-05,concluido_sucesso,2024-11-02,1
C-CA-M-00173-03,CA-M-00173,caprino,2025-02-22,2025-04-04,concluido_sucesso,2025-09-01,3
C-CA-M-00173-04,CA-M-00173,caprino,2025-11-01,2025-12-09,concluido_sucesso,2026-05-08,3
C-CA-M-00174-00,CA-M-00174,caprino,2023-01-12,2023-02-26,concluido_sucesso,2023-07-26,3
C-CA-M-00174-01,CA-M-00174,caprino,2023-10-18,2023-10-18,concluido_sucesso,2024-03-16,1
C-CA-M-00174-02,CA-M-00174,caprino,2024-07-02,2024-07-02,concluido_sucesso,2024-11-29,1
C-CA-M-00174-03,CA-M-00174,caprino,2025-03-08,2025-03-08,concluido_sucesso,2025-08-05,1
C-CA-M-00174-04,CA-M-00174,caprino,2025-10-18,2025-12-01,concluido_falha,,3
C-CA-M-00174-05,CA-M-00174,caprino,2026-01-15,2026-01-15,concluido_sucesso,2026-06-14,1
C-CA-M-00175-00,CA-M-00175,caprino,2023-10-09,2023-10-30,concluido_sucesso,2024-03-28,2
C-CA-M-00175-01,CA-M-00175,caprino,2024-06-26,2024-06-26,concluido_sucesso,2024-11-23,1
C-CA-M-00175-02,CA-M-00175,caprino,2025-01-24,2025-01-24,concluido_sucesso,2025-06-23,1
C-CA-M-00175-03,CA-M-00175,caprino,2025-09-01,2025-10-16,concluido_falha,,3
C-CA-M-00175-04,CA-M-00175,caprino,2025-12-07,2025-12-30,concluido_sucesso,2026-05-29,2
C-CA-M-00176-00,CA-M-00176,caprino,2023-04-17,2023-04-17,concluido_sucesso,2023-09-14,1
C-CA-M-00176-01,CA-M-00176,caprino,2024-01-10,2024-02-01,concluido_sucesso,2024-06-30,2
C-CA-M-00176-02,CA-M-00176,caprino,2024-10-09,2024-10-27,concluido_sucesso,2025-03-26,2
C-CA-M-00177-00,CA-M-00177,caprino,2023-03-28,2023-05-06,concluido_falha,,3
C-CA-M-00177-01,CA-M-00177,caprino,2023-07-11,2023-07-11,concluido_sucesso,2023-12-08,1
C-CA-M-00177-02,CA-M-00177,caprino,2024-02-29,2024-02-29,concluido_sucesso,2024-07-28,1
C-CA-M-00178-00,CA-M-00178,caprino,2023-02-12,2023-02-12,concluido_sucesso,2023-07-12,1
C-CA-M-00178-01,CA-M-00178,caprino,2023-11-08,2023-11-08,concluido_sucesso,2024-04-06,1
C-CA-M-00178-02,CA-M-00178,caprino,2024-06-11,2024-06-11,concluido_sucesso,2024-11-08,1
C-CA-M-00178-03,CA-M-00178,caprino,2025-01-24,2025-01-24,concluido_sucesso,2025-06-23,1
C-CA-M-00178-04,CA-M-00178,caprino,2025-10-01,2025-10-01,concluido_sucesso,2026-02-28,1
C-CA-M-00179-00,CA-M-00179,caprino,2023-09-29,2023-10-21,concluido_sucesso,2024-03-19,2
C-CA-M-00179-01,CA-M-00179,caprino,2024-05-18,2024-05-18,concluido_sucesso,2024-10-15,1
C-CA-M-00179-02,CA-M-00179,caprino,2024-12-23,2025-01-12,concluido_sucesso,2025-06-11,2
C-CA-M-00179-03,CA-M-00179,caprino,2025-08-15,2025-08-15,concluido_sucesso,2026-01-12,1
C-CA-M-00180-00,CA-M-00180,caprino,2023-02-10,2023-02-10,concluido_sucesso,2023-07-10,1
C-CA-M-00180-01,CA-M-00180,caprino,2023-10-30,2023-11-23,concluido_sucesso,2024-04-21,2
C-CA-M-00180-02,CA-M-00180,caprino,2024-06-30,2024-08-12,concluido_falha,,3
C-CA-M-00181-00,CA-M-00181,caprino,2023-05-30,2023-05-30,concluido_sucesso,2023-10-27,1
C-CA-M-00181-01,CA-M-00181,caprino,2024-01-07,2024-02-17,concluido_sucesso,2024-07-16,3
C-CA-M-00181-02,CA-M-00181,caprino,2024-10-08,2024-10-29,concluido_sucesso,2025-03-28,2
C-CA-M-00182-00,CA-M-00182,caprino,2023-10-01,2023-11-11,concluido_falha,,3
C-CA-M-00182-01,CA-M-00182,caprino,2023-12-21,2024-01-14,concluido_sucesso,2024-06-12,2
C-CA-M-00183-00,CA-M-00183,caprino,2023-06-26,2023-06-26,concluido_sucesso,2023-11-23,1
C-CA-M-00183-01,CA-M-00183,caprino,2024-02-18,2024-02-18,concluido_sucesso,2024-07-17,1
C-CA-M-00183-02,CA-M-00183,caprino,2024-10-23,2024-10-23,concluido_sucesso,2025-03-22,1
C-CA-M-00183-03,CA-M-00183,caprino,2025-06-26,2025-06-26,concluido_sucesso,2025-11-23,1
C-CA-M-00183-04,CA-M-00183,caprino,2026-03-08,2026-03-08,concluido_sucesso,2026-08-05,1
C-CA-M-00184-00,CA-M-00184,caprino,2023-04-28,2023-04-28,concluido_sucesso,2023-09-25,1
C-CA-M-00184-01,CA-M-00184,caprino,2024-01-04,2024-01-26,concluido_sucesso,2024-06-24,2
C-CA-M-00184-02,CA-M-00184,caprino,2024-09-05,2024-09-27,concluido_sucesso,2025-02-24,2
C-CA-M-00184-03,CA-M-00184,caprino,2025-06-16,2025-06-16,concluido_sucesso,2025-11-13,1
C-CA-M-00184-04,CA-M-00184,caprino,2026-02-05,2026-03-20,concluido_falha,,3
C-CA-M-00185-00,CA-M-00185,caprino,2023-07-16,2023-07-16,concluido_sucesso,2023-12-13,1
C-CA-M-00185-01,CA-M-00185,caprino,2024-03-30,2024-03-30,concluido_sucesso,2024-08-27,1
C-CA-M-00185-02,CA-M-00185,caprino,2024-11-05,2024-11-05,concluido_sucesso,2025-04-04,1
C-CA-M-00185-03,CA-M-00185,caprino,2025-07-03,2025-07-03,concluido_sucesso,2025-11-30,1
C-CA-M-00185-04,CA-M-00185,caprino,2026-02-13,2026-03-03,concluido_sucesso,2026-07-31,2
C-CA-M-00186-00,CA-M-00186,caprino,2023-03-30,2023-03-30,concluido_sucesso,2023-08-27,1
C-CA-M-00186-01,CA-M-00186,caprino,2023-12-21,2023-12-21,concluido_sucesso,2024-05-19,1
C-CA-M-00187-00,CA-M-00187,caprino,2023-02-06,2023-02-25,concluido_sucesso,2023-07-25,2
C-CA-M-00187-01,CA-M-00187,caprino,2023-10-13,2023-11-24,concluido_falha,,3
C-CA-M-00187-02,CA-M-00187,caprino,2024-01-07,2024-01-07,concluido_sucesso,2024-06-05,1
C-CA-M-00187-03,CA-M-00187,caprino,2024-08-18,2024-09-28,concluido_falha,,3
C-CA-M-00187-04,CA-M-00187,caprino,2024-11-27,2024-11-27,concluido_sucesso,2025-04-26,1
C-CA-M-00188-00,CA-M-00188,caprino,2023-02-06,2023-02-06,concluido_sucesso,2023-07-06,1
C-CA-M-00188-01,CA-M-00188,caprino,2023-09-23,2023-09-23,concluido_sucesso,2024-02-20,1
C-CA-M-00188-02,CA-M-00188,caprino,2024-06-08,2024-06-08,concluido_sucesso,2024-11-05,1
C-CA-M-00188-03,CA-M-00188,caprino,2025-01-22,2025-02-11,concluido_sucesso,2025-07-11,2
C-CA-M-00188-04,CA-M-00188,caprino,2025-10-03,2025-10-03,concluido_sucesso,2026-03-02,1
C-CA-M-00189-00,CA-M-00189,caprino,2023-03-10,2023-03-10,concluido_sucesso,2023-08-07,1
C-CA-M-00189-01,CA-M-00189,caprino,2023-11-23,2023-11-23,concluido_sucesso,2024-04-21,1
C-CA-M-00190-00,CA-M-00190,caprino,2023-03-15,2023-03-15,concluido_sucesso,2023-08-12,1
C-CA-M-00190-01,CA-M-00190,caprino,2023-12-02,2023-12-02,concluido_sucesso,2024-04-30,1
C-CA-M-00190-02,CA-M-00190,caprino,2024-07-01,2024-07-01,concluido_sucesso,2024-11-28,1
C-CA-M-00191-00,CA-M-00191,caprino,2023-10-06,2023-10-06,concluido_sucesso,2024-03-04,1
C-CA-M-00191-01,CA-M-00191,caprino,2024-05-30,2024-05-30,concluido_sucesso,2024-10-27,1
C-CA-M-00191-02,CA-M-00191,caprino,2025-01-09,2025-01-09,concluido_sucesso,2025-06-08,1
C-CA-M-00191-03,CA-M-00191,caprino,2025-09-30,2025-09-30,concluido_sucesso,2026-02-27,1
C-CA-M-00192-00,CA-M-00192,caprino,2023-02-23,2023-03-13,concluido_sucesso,2023-08-10,2
C-CA-M-00192-01,CA-M-00192,caprino,2023-11-19,2023-11-19,concluido_sucesso,2024-04-17,1
C-CA-M-00192-02,CA-M-00192,caprino,2024-07-03,2024-07-03,concluido_sucesso,2024-11-30,1
C-CA-M-00192-03,CA-M-00192,caprino,2025-03-12,2025-03-12,concluido_sucesso,2025-08-09,1
C-CA-M-00192-04,CA-M-00192,caprino,2025-10-25,2025-11-13,concluido_sucesso,2026-04-12,2
C-CA-M-00193-00,CA-M-00193,caprino,2023-03-13,2023-04-01,concluido_sucesso,2023-08-29,2
C-CA-M-00194-00,CA-M-00194,caprino,2023-09-06,2023-09-30,concluido_sucesso,2024-02-27,2
C-CA-M-00194-01,CA-M-00194,caprino,2024-06-15,2024-07-06,concluido_sucesso,2024-12-03,2
C-CA-M-00194-02,CA-M-00194,caprino,2025-03-04,2025-04-11,concluido_falha,,3
C-CA-M-00194-03,CA-M-00194,caprino,2025-05-25,2025-07-10,concluido_falha,,3
C-CA-M-00194-04,CA-M-00194,caprino,2025-09-01,2025-10-13,concluido_falha,,3
C-CA-M-00194-05,CA-M-00194,caprino,2025-12-15,2025-12-15,concluido_sucesso,2026-05-14,1
C-CA-M-00195-00,CA-M-00195,caprino,2023-08-22,2023-08-22,concluido_sucesso,2024-01-19,1
C-CA-M-00195-01,CA-M-00195,caprino,2024-05-09,2024-05-09,concluido_sucesso,2024-10-06,1
C-CA-M-00195-02,CA-M-00195,caprino,2025-01-20,2025-03-02,concluido_falha,,3
C-CA-M-00196-00,CA-M-00196,caprino,2023-02-20,2023-03-14,concluido_sucesso,2023-08-11,2
C-CA-M-00196-01,CA-M-00196,caprino,2023-11-15,2023-11-15,concluido_sucesso,2024-04-13,1
C-CA-M-00196-02,CA-M-00196,caprino,2024-07-10,2024-07-10,concluido_sucesso,2024-12-07,1
C-CA-M-00196-03,CA-M-00196,caprino,2025-02-21,2025-02-21,concluido_sucesso,2025-07-21,1
C-CA-M-00196-04,CA-M-00196,caprino,2025-09-30,2025-10-21,concluido_sucesso,2026-03-20,2
C-CA-M-00197-00,CA-M-00197,caprino,2023-02-19,2023-02-19,concluido_sucesso,2023-07-19,1
C-CA-M-00197-01,CA-M-00197,caprino,2023-11-08,2023-11-08,concluido_sucesso,2024-04-06,1
C-CA-M-00197-02,CA-M-00197,caprino,2024-08-02,2024-08-02,concluido_sucesso,2024-12-30,1
C-CA-M-00197-03,CA-M-00197,caprino,2025-04-01,2025-04-23,concluido_sucesso,2025-09-20,2
C-CA-M-00197-04,CA-M-00197,caprino,2025-12-19,2025-12-19,concluido_sucesso,2026-05-18,1
C-CA-M-00198-00,CA-M-00198,caprino,2023-02-12,2023-02-12,concluido_sucesso,2023-07-12,1
C-CA-M-00198-01,CA-M-00198,caprino,2023-10-28,2023-10-28,concluido_sucesso,2024-03-26,1
C-CA-M-00198-02,CA-M-00198,caprino,2024-05-25,2024-07-04,concluido_falha,,3
C-CA-M-00198-03,CA-M-00198,caprino,2024-09-07,2024-09-07,concluido_sucesso,2025-02-04,1
C-CA-M-00198-04,CA-M-00198,caprino,2025-05-14,2025-05-14,concluido_sucesso,2025-10-11,1
C-CA-M-00198-05,CA-M-00198,caprino,2026-01-18,2026-01-18,concluido_sucesso,2026-06-17,1
C-CA-M-00199-00,CA-M-00199,caprino,2023-08-08,2023-08-08,concluido_sucesso,2024-01-05,1
C-CA-M-00199-01,CA-M-00199,caprino,2024-03-23,2024-03-23,concluido_sucesso,2024-08-20,1
C-CA-M-00199-02,CA-M-00199,caprino,2024-11-06,2024-11-27,concluido_sucesso,2025-04-26,2
C-CA-M-00199-03,CA-M-00199,caprino,2025-07-16,2025-07-16,concluido_sucesso,2025-12-13,1
C-CA-M-00199-04,CA-M-00199,caprino,2026-02-15,2026-02-15,concluido_sucesso,2026-07-15,1
C-CA-M-00200-00,CA-M-00200,caprino,2023-07-04,2023-08-15,concluido_sucesso,2024-01-12,3
C-CA-M-00200-01,CA-M-00200,caprino,2024-03-18,2024-04-07,concluido_sucesso,2024-09-04,2
C-CA-M-00200-02,CA-M-00200,caprino,2024-11-10,2024-12-21,concluido_falha,,3
C-CA-M-00201-00,CA-M-00201,caprino,2023-01-07,2023-01-07,concluido_sucesso,2023-06-06,1
C-CA-M-00201-01,CA-M-00201,caprino,2023-09-26,2023-09-26,concluido_sucesso,2024-02-23,1
C-CA-M-00201-02,CA-M-00201,caprino,2024-05-16,2024-05-16,concluido_sucesso,2024-10-13,1
C-CA-M-00201-03,CA-M-00201,caprino,2025-01-04,2025-01-04,concluido_sucesso,2025-06-03,1
C-CA-M-00201-04,CA-M-00201,caprino,2025-09-10,2025-09-10,concluido_sucesso,2026-02-07,1
C-CA-M-00201-05,CA-M-00201,caprino,2026-04-19,2026-04-19,concluido_sucesso,2026-09-16,1
C-CA-M-00202-00,CA-M-00202,caprino,2023-01-15,2023-01-15,concluido_sucesso,2023-06-14,1
C-CA-M-00203-00,CA-M-00203,caprino,2023-05-19,2023-05-19,concluido_sucesso,2023-10-16,1
C-CA-M-00203-01,CA-M-00203,caprino,2023-12-23,2023-12-23,concluido_sucesso,2024-05-21,1
C-CA-M-00203-02,CA-M-00203,caprino,2024-08-11,2024-08-11,concluido_sucesso,2025-01-08,1
C-CA-M-00203-03,CA-M-00203,caprino,2025-04-14,2025-04-14,concluido_sucesso,2025-09-11,1
C-CA-M-00204-00,CA-M-00204,caprino,2023-03-10,2023-03-10,concluido_sucesso,2023-08-07,1
C-CA-M-00204-01,CA-M-00204,caprino,2023-10-17,2023-11-27,concluido_falha,,3
C-CA-M-00204-02,CA-M-00204,caprino,2023-12-27,2024-02-07,concluido_sucesso,2024-07-06,3
C-CA-M-00204-03,CA-M-00204,caprino,2024-09-17,2024-09-17,concluido_sucesso,2025-02-14,1
C-CA-M-00205-00,CA-M-00205,caprino,2023-10-13,2023-10-13,concluido_sucesso,2024-03-11,1
C-CA-M-00205-01,CA-M-00205,caprino,2024-06-27,2024-06-27,concluido_sucesso,2024-11-24,1
C-CA-M-00205-02,CA-M-00205,caprino,2025-03-11,2025-03-11,concluido_sucesso,2025-08-08,1
C-CA-M-00205-03,CA-M-00205,caprino,2025-11-05,2025-11-27,concluido_sucesso,2026-04-26,2
C-CA-M-00206-00,CA-M-00206,caprino,2023-03-30,2023-05-11,concluido_sucesso,2023-10-08,3
C-CA-M-00206-01,CA-M-00206,caprino,2024-02-03,2024-02-03,concluido_sucesso,2024-07-02,1
C-CA-M-00206-02,CA-M-00206,caprino,2024-09-13,2024-09-13,concluido_sucesso,2025-02-10,1
C-CA-M-00207-00,CA-M-00207,caprino,2023-06-13,2023-06-13,concluido_sucesso,2023-11-10,1
C-CA-M-00207-01,CA-M-00207,caprino,2024-02-05,2024-02-05,concluido_sucesso,2024-07-04,1
C-CA-M-00207-02,CA-M-00207,caprino,2024-10-18,2024-10-18,concluido_sucesso,2025-03-17,1
C-CA-M-00208-00,CA-M-00208,caprino,2023-10-19,2023-10-19,concluido_sucesso,2024-03-17,1
C-CA-M-00208-01,CA-M-00208,caprino,2024-05-16,2024-05-16,concluido_sucesso,2024-10-13,1
C-CA-M-00208-02,CA-M-00208,caprino,2025-01-31,2025-01-31,concluido_sucesso,2025-06-30,1
C-CA-M-00209-00,CA-M-00209,caprino,2023-02-28,2023-02-28,concluido_sucesso,2023-07-28,1
C-CA-M-00209-01,CA-M-00209,caprino,2023-11-15,2023-11-15,concluido_sucesso,2024-04-13,1
C-CA-M-00209-02,CA-M-00209,caprino,2024-06-28,2024-07-16,concluido_sucesso,2024-12-13,2
C-CA-M-00209-03,CA-M-00209,caprino,2025-02-25,2025-03-19,concluido_sucesso,2025-08-16,2
C-CA-M-00209-04,CA-M-00209,caprino,2025-11-21,2025-12-11,concluido_sucesso,2026-05-10,2
C-CA-M-00210-00,CA-M-00210,caprino,2023-09-17,2023-09-17,concluido_sucesso,2024-02-14,1
C-CA-M-00210-01,CA-M-00210,caprino,2024-05-15,2024-05-15,concluido_sucesso,2024-10-12,1
C-CA-M-00210-02,CA-M-00210,caprino,2025-01-11,2025-01-11,concluido_sucesso,2025-06-10,1
C-CA-M-00210-03,CA-M-00210,caprino,2025-09-03,2025-09-03,concluido_sucesso,2026-01-31,1
C-CA-M-00210-04,CA-M-00210,caprino,2026-04-23,2026-04-23,concluido_sucesso,2026-09-20,1
C-CA-M-00211-00,CA-M-00211,caprino,2023-06-23,2023-06-23,concluido_sucesso,2023-11-20,1
C-CA-M-00211-01,CA-M-00211,caprino,2024-02-20,2024-03-09,concluido_sucesso,2024-08-06,2
C-CA-M-00211-02,CA-M-00211,caprino,2024-10-31,2024-11-23,concluido_sucesso,2025-04-22,2
C-CA-M-00211-03,CA-M-00211,caprino,2025-07-30,2025-07-30,concluido_sucesso,2025-12-27,1
C-CA-M-00211-04,CA-M-00211,caprino,2026-04-15,2026-04-15,concluido_sucesso,2026-09-12,1
C-CA-M-00212-00,CA-M-00212,caprino,2023-05-21,2023-05-21,concluido_sucesso,2023-10-18,1
C-CA-M-00212-01,CA-M-00212,caprino,2024-01-12,2024-02-20,concluido_sucesso,2024-07-19,3
C-CA-M-00212-02,CA-M-00212,caprino,2024-09-29,2024-09-29,concluido_sucesso,2025-02-26,1
C-CA-M-00212-03,CA-M-00212,caprino,2025-05-31,2025-06-20,concluido_sucesso,2025-11-17,2
C-CA-M-00212-04,CA-M-00212,caprino,2026-02-08,2026-02-08,concluido_sucesso,2026-07-08,1
C-CA-M-00213-00,CA-M-00213,caprino,2023-04-06,2023-04-06,concluido_sucesso,2023-09-03,1
C-CA-M-00213-01,CA-M-00213,caprino,2023-11-13,2023-11-13,concluido_sucesso,2024-04-11,1
C-CA-M-00213-02,CA-M-00213,caprino,2024-07-04,2024-08-13,concluido_falha,,3
C-CA-M-00213-03,CA-M-00213,caprino,2024-09-18,2024-11-02,concluido_falha,,3
C-CA-M-00213-04,CA-M-00213,caprino,2024-12-17,2024-12-17,concluido_sucesso,2025-05-16,1
C-CA-M-00213-05,CA-M-00213,caprino,2025-09-09,2025-09-09,concluido_sucesso,2026-02-06,1
C-CA-M-00214-00,CA-M-00214,caprino,2023-07-25,2023-07-25,concluido_sucesso,2023-12-22,1
C-CA-M-00214-01,CA-M-00214,caprino,2024-03-21,2024-03-21,concluido_sucesso,2024-08-18,1
C-CA-M-00214-02,CA-M-00214,caprino,2024-12-09,2024-12-09,concluido_sucesso,2025-05-08,1
C-CA-M-00214-03,CA-M-00214,caprino,2025-09-02,2025-09-02,concluido_sucesso,2026-01-30,1
C-CA-M-00215-00,CA-M-00215,caprino,2023-02-05,2023-02-05,concluido_sucesso,2023-07-05,1
C-CA-M-00215-01,CA-M-00215,caprino,2023-10-12,2023-11-05,concluido_sucesso,2024-04-03,2
C-CA-M-00215-02,CA-M-00215,caprino,2024-06-22,2024-07-14,concluido_sucesso,2024-12-11,2
C-CA-M-00215-03,CA-M-00215,caprino,2025-02-28,2025-03-23,concluido_sucesso,2025-08-20,2
C-CA-M-00216-00,CA-M-00216,caprino,2023-07-14,2023-08-26,concluido_falha,,3
C-CA-M-00216-01,CA-M-00216,caprino,2023-10-08,2023-10-08,concluido_sucesso,2024-03-06,1
C-CA-M-00216-02,CA-M-00216,caprino,2024-05-28,2024-05-28,concluido_sucesso,2024-10-25,1
C-CA-M-00216-03,CA-M-00216,caprino,2025-02-06,2025-03-16,concluido_sucesso,2025-08-13,3
C-CA-M-00217-00,CA-M-00217,caprino,2023-02-18,2023-02-18,concluido_sucesso,2023-07-18,1
C-CA-M-00217-01,CA-M-00217,caprino,2023-09-25,2023-09-25,concluido_sucesso,2024-02-22,1
C-CA-M-00217-02,CA-M-00217,caprino,2024-05-17,2024-05-17,concluido_sucesso,2024-10-14,1
C-CA-M-00217-03,CA-M-00217,caprino,2025-02-05,2025-02-05,concluido_sucesso,2025-07-05,1
C-CA-M-00218-00,CA-M-00218,caprino,2023-03-19,2023-03-19,concluido_sucesso,2023-08-16,1
C-CA-M-00218-01,CA-M-00218,caprino,2023-12-06,2024-01-15,concluido_sucesso,2024-06-13,3
C-CA-M-00218-02,CA-M-00218,caprino,2024-09-25,2024-09-25,concluido_sucesso,2025-02-22,1
C-CA-M-00219-00,CA-M-00219,caprino,2023-02-26,2023-02-26,concluido_sucesso,2023-07-26,1
C-CA-M-00219-01,CA-M-00219,caprino,2023-11-05,2023-11-05,concluido_sucesso,2024-04-03,1
C-CA-M-00219-02,CA-M-00219,caprino,2024-06-17,2024-07-27,concluido_sucesso,2024-12-24,3
C-CA-M-00219-03,CA-M-00219,caprino,2025-03-15,2025-04-08,concluido_sucesso,2025-09-05,2
C-CA-M-00219-04,CA-M-00219,caprino,2025-11-16,2025-11-16,concluido_sucesso,2026-04-15,1
C-CA-M-00220-00,CA-M-00220,caprino,2023-08-06,2023-08-06,concluido_sucesso,2024-01-03,1
C-CA-M-00220-01,CA-M-00220,caprino,2024-03-13,2024-03-13,concluido_sucesso,2024-08-10,1
C-CA-M-00220-02,CA-M-00220,caprino,2024-10-15,2024-10-15,concluido_sucesso,2025-03-14,1
C-CA-M-00220-03,CA-M-00220,caprino,2025-06-23,2025-06-23,concluido_sucesso,2025-11-20,1
C-CA-M-00220-04,CA-M-00220,caprino,2026-02-10,2026-03-05,concluido_sucesso,2026-08-02,2
C-CA-M-00221-00,CA-M-00221,caprino,2023-02-07,2023-02-07,concluido_sucesso,2023-07-07,1
C-CA-M-00221-01,CA-M-00221,caprino,2023-10-31,2023-11-20,concluido_sucesso,2024-04-18,2
C-CA-M-00221-02,CA-M-00221,caprino,2024-06-26,2024-07-17,concluido_sucesso,2024-12-14,2
C-CA-M-00221-03,CA-M-00221,caprino,2025-04-03,2025-04-03,concluido_sucesso,2025-08-31,1
C-CA-M-00221-04,CA-M-00221,caprino,2025-11-27,2025-11-27,concluido_sucesso,2026-04-26,1
C-CA-M-00222-00,CA-M-00222,caprino,2023-07-06,2023-07-06,concluido_sucesso,2023-12-03,1
C-CA-M-00222-01,CA-M-00222,caprino,2024-03-25,2024-03-25,concluido_sucesso,2024-08-22,1
C-CA-M-00222-02,CA-M-00222,caprino,2024-10-24,2024-10-24,concluido_sucesso,2025-03-23,1
C-CA-M-00222-03,CA-M-00222,caprino,2025-07-17,2025-07-17,concluido_sucesso,2025-12-14,1
C-CA-M-00223-00,CA-M-00223,caprino,2023-01-16,2023-01-16,concluido_sucesso,2023-06-15,1
C-CA-M-00223-01,CA-M-00223,caprino,2023-09-11,2023-09-11,concluido_sucesso,2024-02-08,1
C-CA-M-00223-02,CA-M-00223,caprino,2024-04-14,2024-04-14,concluido_sucesso,2024-09-11,1
C-CA-M-00223-03,CA-M-00223,caprino,2024-11-24,2024-12-18,concluido_sucesso,2025-05-17,2
C-CA-M-00223-04,CA-M-00223,caprino,2025-08-26,2025-08-26,concluido_sucesso,2026-01-23,1
C-CA-M-00223-05,CA-M-00223,caprino,2026-03-31,2026-03-31,concluido_sucesso,2026-08-28,1
C-CA-M-00224-00,CA-M-00224,caprino,2023-09-24,2023-10-16,concluido_sucesso,2024-03-14,2
C-CA-M-00224-01,CA-M-00224,caprino,2024-06-13,2024-06-13,concluido_sucesso,2024-11-10,1
C-CA-M-00224-02,CA-M-00224,caprino,2025-02-06,2025-02-06,concluido_sucesso,2025-07-06,1
C-CA-M-00224-03,CA-M-00224,caprino,2025-09-22,2025-09-22,concluido_sucesso,2026-02-19,1
C-CA-M-00224-04,CA-M-00224,caprino,2026-04-21,2026-04-21,concluido_falha,,1
C-CA-M-00225-00,CA-M-00225,caprino,2023-09-24,2023-11-02,concluido_sucesso,2024-03-31,3
C-CA-M-00225-01,CA-M-00225,caprino,2024-07-05,2024-07-05,concluido_sucesso,2024-12-02,1
C-CA-M-00225-02,CA-M-00225,caprino,2025-02-17,2025-03-26,concluido_falha,,3
C-CA-M-00225-03,CA-M-00225,caprino,2025-05-21,2025-05-21,concluido_sucesso,2025-10-18,1
C-CA-M-00226-00,CA-M-00226,caprino,2023-06-30,2023-06-30,concluido_sucesso,2023-11-27,1
C-CA-M-00226-01,CA-M-00226,caprino,2024-03-24,2024-03-24,concluido_sucesso,2024-08-21,1
C-CA-M-00226-02,CA-M-00226,caprino,2024-11-19,2024-11-19,concluido_sucesso,2025-04-18,1
C-CA-M-00226-03,CA-M-00226,caprino,2025-06-28,2025-07-18,concluido_sucesso,2025-12-15,2
C-CA-M-00227-00,CA-M-00227,caprino,2023-10-17,2023-11-09,concluido_sucesso,2024-04-07,2
C-CA-M-00227-01,CA-M-00227,caprino,2024-06-23,2024-06-23,concluido_sucesso,2024-11-20,1
C-CA-M-00227-02,CA-M-00227,caprino,2025-02-02,2025-02-02,concluido_sucesso,2025-07-02,1
C-CA-M-00227-03,CA-M-00227,caprino,2025-09-08,2025-09-08,concluido_sucesso,2026-02-05,1
C-CA-M-00228-00,CA-M-00228,caprino,2023-04-29,2023-04-29,concluido_sucesso,2023-09-26,1
C-CA-M-00228-01,CA-M-00228,caprino,2024-01-18,2024-01-18,concluido_sucesso,2024-06-16,1
C-CA-M-00228-02,CA-M-00228,caprino,2024-09-20,2024-09-20,concluido_sucesso,2025-02-17,1
C-CA-M-00228-03,CA-M-00228,caprino,2025-06-16,2025-06-16,concluido_sucesso,2025-11-13,1
C-CA-M-00228-04,CA-M-00228,caprino,2026-01-19,2026-01-19,concluido_sucesso,2026-06-18,1
C-CA-M-00229-00,CA-M-00229,caprino,2023-03-26,2023-04-17,concluido_sucesso,2023-09-14,2
C-CA-M-00229-01,CA-M-00229,caprino,2023-12-15,2024-01-26,concluido_falha,,3
C-CA-M-00230-00,CA-M-00230,caprino,2023-04-02,2023-04-02,concluido_sucesso,2023-08-30,1
C-CA-M-00230-01,CA-M-00230,caprino,2023-12-24,2023-12-24,concluido_sucesso,2024-05-22,1
C-CA-M-00230-02,CA-M-00230,caprino,2024-09-06,2024-09-06,concluido_sucesso,2025-02-03,1
C-CA-M-00231-00,CA-M-00231,caprino,2023-02-14,2023-03-09,concluido_sucesso,2023-08-06,2
C-CA-M-00231-01,CA-M-00231,caprino,2023-10-26,2023-11-18,concluido_sucesso,2024-04-16,2
C-CA-M-00231-02,CA-M-00231,caprino,2024-07-31,2024-07-31,concluido_sucesso,2024-12-28,1
C-CA-M-00232-00,CA-M-00232,caprino,2023-01-15,2023-01-15,concluido_sucesso,2023-06-14,1
C-CA-M-00232-01,CA-M-00232,caprino,2023-10-02,2023-10-02,concluido_sucesso,2024-02-29,1
C-CA-M-00232-02,CA-M-00232,caprino,2024-06-21,2024-06-21,concluido_sucesso,2024-11-18,1
C-CA-M-00232-03,CA-M-00232,caprino,2025-02-26,2025-04-09,concluido_sucesso,2025-09-06,3
C-CA-M-00232-04,CA-M-00232,caprino,2025-12-12,2025-12-12,concluido_sucesso,2026-05-11,1
C-CA-M-00233-00,CA-M-00233,caprino,2023-09-22,2023-11-05,concluido_sucesso,2024-04-03,3
C-CA-M-00233-01,CA-M-00233,caprino,2024-06-09,2024-06-09,concluido_sucesso,2024-11-06,1
C-CA-M-00233-02,CA-M-00233,caprino,2025-01-16,2025-01-16,concluido_sucesso,2025-06-15,1
C-CA-M-00233-03,CA-M-00233,caprino,2025-08-29,2025-08-29,concluido_sucesso,2026-01-26,1
C-CA-M-00234-00,CA-M-00234,caprino,2023-06-04,2023-06-25,concluido_sucesso,2023-11-22,2
C-CA-M-00234-01,CA-M-00234,caprino,2024-03-04,2024-03-04,concluido_sucesso,2024-08-01,1
C-CA-M-00234-02,CA-M-00234,caprino,2024-10-02,2024-11-12,concluido_sucesso,2025-04-11,3
C-CA-M-00235-00,CA-M-00235,caprino,2023-10-21,2023-11-08,concluido_sucesso,2024-04-06,2
C-CA-M-00235-01,CA-M-00235,caprino,2024-07-27,2024-07-27,concluido_sucesso,2024-12-24,1
C-CA-M-00235-02,CA-M-00235,caprino,2025-02-22,2025-03-13,concluido_sucesso,2025-08-10,2
C-CA-M-00235-03,CA-M-00235,caprino,2025-11-11,2025-11-29,concluido_sucesso,2026-04-28,2
C-CA-M-00236-00,CA-M-00236,caprino,2023-01-13,2023-01-13,concluido_sucesso,2023-06-12,1
C-CA-M-00236-01,CA-M-00236,caprino,2023-08-25,2023-09-17,concluido_sucesso,2024-02-14,2
C-CA-M-00236-02,CA-M-00236,caprino,2024-04-14,2024-04-14,concluido_sucesso,2024-09-11,1
C-CA-M-00236-03,CA-M-00236,caprino,2024-12-27,2024-12-27,concluido_sucesso,2025-05-26,1
C-CA-M-00237-00,CA-M-00237,caprino,2023-05-17,2023-05-17,concluido_sucesso,2023-10-14,1
C-CA-M-00237-01,CA-M-00237,caprino,2024-01-30,2024-01-30,concluido_sucesso,2024-06-28,1
C-CA-M-00237-02,CA-M-00237,caprino,2024-09-10,2024-09-10,concluido_sucesso,2025-02-07,1
C-CA-M-00237-03,CA-M-00237,caprino,2025-05-14,2025-05-14,concluido_sucesso,2025-10-11,1
C-CA-M-00237-04,CA-M-00237,caprino,2025-12-12,2025-12-12,concluido_sucesso,2026-05-11,1
C-CA-M-00238-00,CA-M-00238,caprino,2023-04-01,2023-04-01,concluido_sucesso,2023-08-29,1
C-CA-M-00238-01,CA-M-00238,caprino,2023-11-06,2023-11-06,concluido_sucesso,2024-04-04,1
C-CA-M-00238-02,CA-M-00238,caprino,2024-07-10,2024-08-21,concluido_falha,,3
C-CA-M-00239-00,CA-M-00239,caprino,2023-10-10,2023-10-10,concluido_sucesso,2024-03-08,1
C-CA-M-00239-01,CA-M-00239,caprino,2024-06-03,2024-06-03,concluido_sucesso,2024-10-31,1
C-CA-M-00239-02,CA-M-00239,caprino,2025-01-19,2025-01-19,concluido_sucesso,2025-06-18,1
C-CA-M-00239-03,CA-M-00239,caprino,2025-10-11,2025-10-11,concluido_sucesso,2026-03-10,1
C-CA-M-00240-00,CA-M-00240,caprino,2023-09-09,2023-10-03,concluido_sucesso,2024-03-01,2
C-CA-M-00240-01,CA-M-00240,caprino,2024-06-01,2024-06-01,concluido_sucesso,2024-10-29,1
C-CA-M-00240-02,CA-M-00240,caprino,2025-02-10,2025-03-24,concluido_sucesso,2025-08-21,3
C-CA-M-00240-03,CA-M-00240,caprino,2025-11-04,2025-11-28,concluido_sucesso,2026-04-27,2
C-CA-M-00241-00,CA-M-00241,caprino,2023-05-10,2023-05-31,concluido_sucesso,2023-10-28,2
C-CA-M-00241-01,CA-M-00241,caprino,2023-12-27,2023-12-27,concluido_sucesso,2024-05-25,1
C-CA-M-00241-02,CA-M-00241,caprino,2024-08-25,2024-08-25,concluido_sucesso,2025-01-22,1
C-CA-M-00241-03,CA-M-00241,caprino,2025-05-20,2025-06-11,concluido_sucesso,2025-11-08,2
C-CA-M-00241-04,CA-M-00241,caprino,2026-01-23,2026-03-05,concluido_falha,,3
C-CA-M-00241-05,CA-M-00241,caprino,2026-04-12,2026-04-12,concluido_sucesso,2026-09-09,1
C-CA-M-00242-00,CA-M-00242,caprino,2023-03-08,2023-03-08,concluido_sucesso,2023-08-05,1
C-CA-M-00242-01,CA-M-00242,caprino,2023-11-16,2023-12-30,concluido_sucesso,2024-05-28,3
C-CA-M-00242-02,CA-M-00242,caprino,2024-08-05,2024-09-11,concluido_falha,,3
C-CA-M-00243-00,CA-M-00243,caprino,2023-01-02,2023-02-18,concluido_falha,,3
C-CA-M-00243-01,CA-M-00243,caprino,2023-04-16,2023-04-16,concluido_sucesso,2023-09-13,1
C-CA-M-00243-02,CA-M-00243,caprino,2023-12-03,2023-12-03,concluido_sucesso,2024-05-01,1
C-CA-M-00243-03,CA-M-00243,caprino,2024-07-10,2024-08-20,concluido_falha,,3
C-CA-M-00244-00,CA-M-00244,caprino,2023-05-03,2023-05-03,concluido_sucesso,2023-09-30,1
C-CA-M-00244-01,CA-M-00244,caprino,2024-01-20,2024-01-20,concluido_sucesso,2024-06-18,1
C-CA-M-00244-02,CA-M-00244,caprino,2024-10-03,2024-10-26,concluido_sucesso,2025-03-25,2
C-CA-M-00245-00,CA-M-00245,caprino,2023-04-14,2023-04-14,concluido_sucesso,2023-09-11,1
C-CA-M-00245-01,CA-M-00245,caprino,2023-12-20,2023-12-20,concluido_sucesso,2024-05-18,1
C-CA-M-00246-00,CA-M-00246,caprino,2023-10-29,2023-10-29,concluido_sucesso,2024-03-27,1
C-CA-M-00246-01,CA-M-00246,caprino,2024-06-29,2024-08-10,concluido_sucesso,2025-01-07,3
C-CA-M-00246-02,CA-M-00246,caprino,2025-04-30,2025-05-24,concluido_sucesso,2025-10-21,2
C-CA-M-00246-03,CA-M-00246,caprino,2025-12-29,2026-01-22,concluido_sucesso,2026-06-21,2
C-CA-M-00247-00,CA-M-00247,caprino,2023-02-23,2023-03-13,concluido_sucesso,2023-08-10,2
C-CA-M-00247-01,CA-M-00247,caprino,2023-10-15,2023-10-15,concluido_sucesso,2024-03-13,1
C-CA-M-00247-02,CA-M-00247,caprino,2024-07-08,2024-07-08,concluido_sucesso,2024-12-05,1
C-CA-M-00247-03,CA-M-00247,caprino,2025-03-04,2025-03-04,concluido_sucesso,2025-08-01,1
C-CA-M-00247-04,CA-M-00247,caprino,2025-10-08,2025-10-08,concluido_sucesso,2026-03-07,1
C-CA-M-00248-00,CA-M-00248,caprino,2023-09-29,2023-09-29,concluido_sucesso,2024-02-26,1
C-CA-M-00248-01,CA-M-00248,caprino,2024-04-28,2024-04-28,concluido_sucesso,2024-09-25,1
C-CA-M-00248-02,CA-M-00248,caprino,2024-12-29,2024-12-29,concluido_sucesso,2025-05-28,1
C-CA-M-00248-03,CA-M-00248,caprino,2025-09-16,2025-09-16,concluido_sucesso,2026-02-13,1
C-CA-M-00249-00,CA-M-00249,caprino,2023-02-18,2023-02-18,concluido_sucesso,2023-07-18,1
C-CA-M-00249-01,CA-M-00249,caprino,2023-10-15,2023-11-27,concluido_falha,,3
C-CA-M-00249-02,CA-M-00249,caprino,2024-01-29,2024-01-29,concluido_sucesso,2024-06-27,1
C-CA-M-00249-03,CA-M-00249,caprino,2024-09-18,2024-10-09,concluido_sucesso,2025-03-08,2
C-CA-M-00249-04,CA-M-00249,caprino,2025-06-01,2025-06-01,concluido_sucesso,2025-10-29,1
C-CA-M-00249-05,CA-M-00249,caprino,2026-02-09,2026-02-27,concluido_sucesso,2026-07-27,2
C-CA-M-00250-00,CA-M-00250,caprino,2023-01-24,2023-02-12,concluido_sucesso,2023-07-12,2
C-CA-M-00250-01,CA-M-00250,caprino,2023-10-05,2023-10-28,concluido_sucesso,2024-03-26,2
C-CA-M-00250-02,CA-M-00250,caprino,2024-05-25,2024-06-12,concluido_sucesso,2024-11-09,2
C-CA-M-00250-03,CA-M-00250,caprino,2025-01-27,2025-02-16,concluido_sucesso,2025-07-16,2
C-CA-M-00250-04,CA-M-00250,caprino,2025-10-16,2025-10-16,concluido_sucesso,2026-03-15,1
C-CA-M-00251-00,CA-M-00251,caprino,2023-05-29,2023-05-29,concluido_sucesso,2023-10-26,1
C-CA-M-00251-01,CA-M-00251,caprino,2024-01-05,2024-01-25,concluido_sucesso,2024-06-23,2
C-CA-M-00251-02,CA-M-00251,caprino,2024-09-25,2024-10-13,concluido_sucesso,2025-03-12,2
C-CA-M-00252-00,CA-M-00252,caprino,2023-10-26,2023-12-05,concluido_falha,,3
C-CA-M-00252-01,CA-M-00252,caprino,2024-01-12,2024-01-12,concluido_sucesso,2024-06-10,1
C-CA-M-00252-02,CA-M-00252,caprino,2024-08-23,2024-09-15,concluido_sucesso,2025-02-12,2
C-CA-M-00252-03,CA-M-00252,caprino,2025-05-27,2025-07-06,concluido_sucesso,2025-12-03,3
C-CA-M-00252-04,CA-M-00252,caprino,2026-02-09,2026-02-09,concluido_sucesso,2026-07-09,1
C-CA-M-00253-00,CA-M-00253,caprino,2023-07-31,2023-07-31,concluido_sucesso,2023-12-28,1
C-CA-M-00253-01,CA-M-00253,caprino,2024-04-12,2024-04-12,concluido_sucesso,2024-09-09,1
C-CA-M-00253-02,CA-M-00253,caprino,2024-12-28,2024-12-28,concluido_sucesso,2025-05-27,1
C-CA-M-00253-03,CA-M-00253,caprino,2025-08-23,2025-08-23,concluido_sucesso,2026-01-20,1
C-CA-M-00253-04,CA-M-00253,caprino,2026-03-27,2026-03-27,concluido_sucesso,2026-08-24,1
C-CA-M-00254-00,CA-M-00254,caprino,2023-07-05,2023-07-26,concluido_sucesso,2023-12-23,2
C-CA-M-00254-01,CA-M-00254,caprino,2024-03-09,2024-03-09,concluido_sucesso,2024-08-06,1
C-CA-M-00254-02,CA-M-00254,caprino,2024-11-04,2024-11-04,concluido_sucesso,2025-04-03,1
C-CA-M-00254-03,CA-M-00254,caprino,2025-07-22,2025-07-22,concluido_sucesso,2025-12-19,1
C-CA-M-00254-04,CA-M-00254,caprino,2026-02-17,2026-02-17,concluido_sucesso,2026-07-17,1
C-CA-M-00255-00,CA-M-00255,caprino,2023-10-23,2023-11-13,concluido_sucesso,2024-04-11,2
C-CA-M-00255-01,CA-M-00255,caprino,2024-08-07,2024-09-18,concluido_sucesso,2025-02-15,3
C-CA-M-00255-02,CA-M-00255,caprino,2025-05-12,2025-06-02,concluido_sucesso,2025-10-30,2
C-CA-M-00255-03,CA-M-00255,caprino,2026-01-21,2026-03-10,concluido_sucesso,2026-08-07,3
C-CA-M-00256-00,CA-M-00256,caprino,2023-01-20,2023-03-05,concluido_falha,,3
C-CA-M-00256-01,CA-M-00256,caprino,2023-05-04,2023-05-22,concluido_sucesso,2023-10-19,2
C-CA-M-00256-02,CA-M-00256,caprino,2023-12-28,2023-12-28,concluido_sucesso,2024-05-26,1
C-CA-M-00257-00,CA-M-00257,caprino,2023-01-26,2023-01-26,concluido_sucesso,2023-06-25,1
C-CA-M-00257-01,CA-M-00257,caprino,2023-09-14,2023-09-14,concluido_sucesso,2024-02-11,1
C-CA-M-00258-00,CA-M-00258,caprino,2023-05-19,2023-06-07,concluido_sucesso,2023-11-04,2
C-CA-M-00258-01,CA-M-00258,caprino,2024-01-28,2024-02-17,concluido_sucesso,2024-07-16,2
C-CA-M-00259-00,CA-M-00259,caprino,2023-10-21,2023-10-21,concluido_sucesso,2024-03-19,1
C-CA-M-00259-01,CA-M-00259,caprino,2024-05-27,2024-05-27,concluido_sucesso,2024-10-24,1
C-CA-M-00259-02,CA-M-00259,caprino,2024-12-28,2025-02-04,concluido_falha,,3
C-CA-M-00260-00,CA-M-00260,caprino,2023-09-24,2023-09-24,concluido_sucesso,2024-02-21,1
C-CA-M-00260-01,CA-M-00260,caprino,2024-04-27,2024-04-27,concluido_sucesso,2024-09-24,1
C-CA-M-00260-02,CA-M-00260,caprino,2025-01-04,2025-02-14,concluido_falha,,3
C-CA-M-00260-03,CA-M-00260,caprino,2025-04-20,2025-04-20,concluido_sucesso,2025-09-17,1
C-CA-M-00260-04,CA-M-00260,caprino,2025-12-16,2025-12-16,concluido_sucesso,2026-05-15,1
C-CA-M-00261-00,CA-M-00261,caprino,2023-07-29,2023-07-29,concluido_sucesso,2023-12-26,1
C-CA-M-00261-01,CA-M-00261,caprino,2024-04-02,2024-04-02,concluido_sucesso,2024-08-30,1
C-CA-M-00261-02,CA-M-00261,caprino,2024-11-26,2024-11-26,concluido_sucesso,2025-04-25,1
C-CA-M-00261-03,CA-M-00261,caprino,2025-08-10,2025-08-10,concluido_sucesso,2026-01-07,1
C-CA-M-00261-04,CA-M-00261,caprino,2026-04-17,2026-04-17,concluido_falha,,1
C-CA-M-00262-00,CA-M-00262,caprino,2023-09-12,2023-09-12,concluido_sucesso,2024-02-09,1
C-CA-M-00262-01,CA-M-00262,caprino,2024-04-28,2024-04-28,concluido_sucesso,2024-09-25,1
C-CA-M-00262-02,CA-M-00262,caprino,2025-01-21,2025-01-21,concluido_sucesso,2025-06-20,1
C-CA-M-00262-03,CA-M-00262,caprino,2025-09-22,2025-09-22,concluido_sucesso,2026-02-19,1
C-CA-M-00263-00,CA-M-00263,caprino,2023-04-21,2023-04-21,concluido_sucesso,2023-09-18,1
C-CA-M-00263-01,CA-M-00263,caprino,2024-01-09,2024-02-19,concluido_falha,,3
C-CA-M-00263-02,CA-M-00263,caprino,2024-03-20,2024-04-12,concluido_sucesso,2024-09-09,2
C-CA-M-00263-03,CA-M-00263,caprino,2024-11-26,2024-12-14,concluido_sucesso,2025-05-13,2
C-CA-M-00263-04,CA-M-00263,caprino,2025-07-16,2025-08-30,concluido_falha,,3
C-CA-M-00264-00,CA-M-00264,caprino,2023-03-09,2023-03-09,concluido_sucesso,2023-08-06,1
C-CA-M-00264-01,CA-M-00264,caprino,2023-10-27,2023-11-19,concluido_sucesso,2024-04-17,2
C-CA-M-00264-02,CA-M-00264,caprino,2024-07-21,2024-07-21,concluido_sucesso,2024-12-18,1
C-CA-M-00264-03,CA-M-00264,caprino,2025-04-06,2025-04-06,concluido_sucesso,2025-09-03,1
C-CA-M-00264-04,CA-M-00264,caprino,2025-12-12,2025-12-12,concluido_sucesso,2026-05-11,1
C-CA-M-00265-00,CA-M-00265,caprino,2023-02-08,2023-02-08,concluido_sucesso,2023-07-08,1
C-CA-M-00265-01,CA-M-00265,caprino,2023-10-16,2023-11-04,concluido_sucesso,2024-04-02,2
C-CA-M-00265-02,CA-M-00265,caprino,2024-07-12,2024-07-12,concluido_sucesso,2024-12-09,1
C-CA-M-00265-03,CA-M-00265,caprino,2025-03-12,2025-03-12,concluido_sucesso,2025-08-09,1
C-CA-M-00265-04,CA-M-00265,caprino,2025-10-24,2025-10-24,concluido_sucesso,2026-03-23,1
C-CA-M-00266-00,CA-M-00266,caprino,2023-05-15,2023-05-15,concluido_sucesso,2023-10-12,1
C-CA-M-00266-01,CA-M-00266,caprino,2024-02-02,2024-02-22,concluido_sucesso,2024-07-21,2
C-CA-M-00266-02,CA-M-00266,caprino,2024-09-20,2024-09-20,concluido_sucesso,2025-02-17,1
C-CA-M-00266-03,CA-M-00266,caprino,2025-06-04,2025-06-04,concluido_sucesso,2025-11-01,1
C-CA-M-00266-04,CA-M-00266,caprino,2026-02-06,2026-02-06,concluido_sucesso,2026-07-06,1
C-CA-M-00267-00,CA-M-00267,caprino,2023-01-17,2023-02-10,concluido_sucesso,2023-07-10,2
C-CA-M-00267-01,CA-M-00267,caprino,2023-10-17,2023-10-17,concluido_sucesso,2024-03-15,1
C-CA-M-00268-00,CA-M-00268,caprino,2023-08-19,2023-08-19,concluido_sucesso,2024-01-16,1
C-CA-M-00268-01,CA-M-00268,caprino,2024-04-17,2024-04-17,concluido_sucesso,2024-09-14,1
C-CA-M-00268-02,CA-M-00268,caprino,2024-11-27,2024-11-27,concluido_sucesso,2025-04-26,1
C-CA-M-00268-03,CA-M-00268,caprino,2025-08-21,2025-08-21,concluido_sucesso,2026-01-18,1
C-CA-M-00269-00,CA-M-00269,caprino,2023-10-06,2023-10-06,concluido_sucesso,2024-03-04,1
C-CA-M-00269-01,CA-M-00269,caprino,2024-07-01,2024-07-01,concluido_sucesso,2024-11-28,1
C-CA-M-00269-02,CA-M-00269,caprino,2025-03-26,2025-03-26,concluido_sucesso,2025-08-23,1
C-CA-M-00269-03,CA-M-00269,caprino,2025-11-02,2025-11-02,concluido_sucesso,2026-04-01,1
C-CA-M-00270-00,CA-M-00270,caprino,2023-08-03,2023-08-03,concluido_sucesso,2023-12-31,1
C-CA-M-00270-01,CA-M-00270,caprino,2024-04-26,2024-04-26,concluido_sucesso,2024-09-23,1
C-CA-M-00270-02,CA-M-00270,caprino,2025-01-19,2025-01-19,concluido_sucesso,2025-06-18,1
C-CA-M-00270-03,CA-M-00270,caprino,2025-09-22,2025-09-22,concluido_sucesso,2026-02-19,1
C-CA-M-00271-00,CA-M-00271,caprino,2023-09-25,2023-09-25,concluido_sucesso,2024-02-22,1
C-CA-M-00272-00,CA-M-00272,caprino,2023-03-16,2023-04-03,concluido_sucesso,2023-08-31,2
C-CA-M-00272-01,CA-M-00272,caprino,2023-12-14,2023-12-14,concluido_sucesso,2024-05-12,1
C-CA-M-00272-02,CA-M-00272,caprino,2024-08-08,2024-09-21,concluido_sucesso,2025-02-18,3
C-CA-M-00272-03,CA-M-00272,caprino,2025-04-29,2025-04-29,concluido_sucesso,2025-09-26,1
C-CA-M-00272-04,CA-M-00272,caprino,2025-12-27,2025-12-27,concluido_sucesso,2026-05-26,1
C-CA-M-00273-00,CA-M-00273,caprino,2023-03-05,2023-03-05,concluido_sucesso,2023-08-02,1
C-CA-M-00273-01,CA-M-00273,caprino,2023-11-11,2023-11-11,concluido_sucesso,2024-04-09,1
C-CA-M-00273-02,CA-M-00273,caprino,2024-06-08,2024-06-08,concluido_sucesso,2024-11-05,1
C-CA-M-00273-03,CA-M-00273,caprino,2025-01-27,2025-01-27,concluido_sucesso,2025-06-26,1
C-CA-M-00273-04,CA-M-00273,caprino,2025-09-04,2025-09-04,concluido_sucesso,2026-02-01,1
C-CA-M-00274-00,CA-M-00274,caprino,2023-01-20,2023-01-20,concluido_sucesso,2023-06-19,1
C-CA-M-00274-01,CA-M-00274,caprino,2023-10-13,2023-10-13,concluido_sucesso,2024-03-11,1
C-CA-M-00274-02,CA-M-00274,caprino,2024-06-25,2024-06-25,concluido_sucesso,2024-11-22,1
C-CA-M-00274-03,CA-M-00274,caprino,2025-03-13,2025-03-13,concluido_sucesso,2025-08-10,1
C-CA-M-00274-04,CA-M-00274,caprino,2025-11-20,2025-11-20,concluido_sucesso,2026-04-19,1
C-CA-M-00275-00,CA-M-00275,caprino,2023-03-11,2023-03-11,concluido_sucesso,2023-08-08,1
C-CA-M-00275-01,CA-M-00275,caprino,2023-10-12,2023-10-12,concluido_sucesso,2024-03-10,1
C-CA-M-00275-02,CA-M-00275,caprino,2024-05-18,2024-05-18,concluido_sucesso,2024-10-15,1
C-CA-M-00275-03,CA-M-00275,caprino,2024-12-16,2024-12-16,concluido_sucesso,2025-05-15,1
C-CA-M-00275-04,CA-M-00275,caprino,2025-09-03,2025-09-03,concluido_sucesso,2026-01-31,1
C-CA-M-00276-00,CA-M-00276,caprino,2023-02-09,2023-02-09,concluido_sucesso,2023-07-09,1
C-CA-M-00276-01,CA-M-00276,caprino,2023-09-24,2023-11-10,concluido_falha,,3
C-CA-M-00276-02,CA-M-00276,caprino,2024-01-13,2024-01-31,concluido_sucesso,2024-06-29,2
C-CA-M-00277-00,CA-M-00277,caprino,2023-01-29,2023-01-29,concluido_sucesso,2023-06-28,1
C-CA-M-00277-01,CA-M-00277,caprino,2023-10-16,2023-10-16,concluido_sucesso,2024-03-14,1
C-CA-M-00277-02,CA-M-00277,caprino,2024-06-08,2024-06-08,concluido_sucesso,2024-11-05,1
C-CA-M-00278-00,CA-M-00278,caprino,2023-10-11,2023-10-11,concluido_sucesso,2024-03-09,1
C-CA-M-00278-01,CA-M-00278,caprino,2024-06-25,2024-06-25,concluido_sucesso,2024-11-22,1
C-CA-M-00278-02,CA-M-00278,caprino,2025-02-22,2025-04-03,concluido_sucesso,2025-08-31,3
C-CA-M-00278-03,CA-M-00278,caprino,2025-12-16,2026-01-26,concluido_falha,,3
C-CA-M-00279-00,CA-M-00279,caprino,2023-01-07,2023-01-30,concluido_sucesso,2023-06-29,2
C-CA-M-00279-01,CA-M-00279,caprino,2023-08-30,2023-08-30,concluido_sucesso,2024-01-27,1
C-CA-M-00279-02,CA-M-00279,caprino,2024-04-30,2024-04-30,concluido_sucesso,2024-09-27,1
C-CA-M-00279-03,CA-M-00279,caprino,2025-01-17,2025-01-17,concluido_sucesso,2025-06-16,1
C-CA-M-00280-00,CA-M-00280,caprino,2023-02-20,2023-02-20,concluido_sucesso,2023-07-20,1
C-CA-M-00280-01,CA-M-00280,caprino,2023-10-28,2023-10-28,concluido_sucesso,2024-03-26,1
C-CA-M-00280-02,CA-M-00280,caprino,2024-07-21,2024-08-30,concluido_sucesso,2025-01-27,3
C-CA-M-00280-03,CA-M-00280,caprino,2025-04-17,2025-04-17,concluido_sucesso,2025-09-14,1
C-CA-M-00281-00,CA-M-00281,caprino,2023-03-22,2023-03-22,concluido_sucesso,2023-08-19,1
C-CA-M-00281-01,CA-M-00281,caprino,2023-12-16,2023-12-16,concluido_sucesso,2024-05-14,1
C-CA-M-00281-02,CA-M-00281,caprino,2024-07-16,2024-07-16,concluido_sucesso,2024-12-13,1
C-CA-M-00281-03,CA-M-00281,caprino,2025-02-27,2025-02-27,concluido_sucesso,2025-07-27,1
C-CA-M-00281-04,CA-M-00281,caprino,2025-10-12,2025-10-30,concluido_sucesso,2026-03-29,2
C-CA-M-00282-00,CA-M-00282,caprino,2023-04-28,2023-04-28,concluido_sucesso,2023-09-25,1
C-CA-M-00282-01,CA-M-00282,caprino,2023-12-03,2023-12-03,concluido_sucesso,2024-05-01,1
C-CA-M-00282-02,CA-M-00282,caprino,2024-07-20,2024-07-20,concluido_sucesso,2024-12-17,1
C-CA-M-00282-03,CA-M-00282,caprino,2025-02-28,2025-02-28,concluido_sucesso,2025-07-28,1
C-CA-M-00283-00,CA-M-00283,caprino,2023-01-29,2023-01-29,concluido_sucesso,2023-06-28,1
C-CA-M-00283-01,CA-M-00283,caprino,2023-09-20,2023-10-08,concluido_sucesso,2024-03-06,2
C-CA-M-00283-02,CA-M-00283,caprino,2024-05-09,2024-06-21,concluido_falha,,3
C-CA-M-00283-03,CA-M-00283,caprino,2024-07-21,2024-07-21,concluido_sucesso,2024-12-18,1
C-CA-M-00284-00,CA-M-00284,caprino,2023-04-14,2023-05-05,concluido_sucesso,2023-10-02,2
C-CA-M-00284-01,CA-M-00284,caprino,2024-01-07,2024-01-27,concluido_sucesso,2024-06-25,2
C-CA-M-00284-02,CA-M-00284,caprino,2024-09-18,2024-09-18,concluido_sucesso,2025-02-15,1
C-CA-M-00284-03,CA-M-00284,caprino,2025-06-07,2025-06-07,concluido_sucesso,2025-11-04,1
C-CA-M-00285-00,CA-M-00285,caprino,2023-08-28,2023-08-28,concluido_sucesso,2024-01-25,1
C-CA-M-00285-01,CA-M-00285,caprino,2024-03-29,2024-05-08,concluido_falha,,3
C-CA-M-00285-02,CA-M-00285,caprino,2024-06-23,2024-07-11,concluido_sucesso,2024-12-08,2
C-CA-M-00286-00,CA-M-00286,caprino,2023-03-05,2023-03-05,concluido_sucesso,2023-08-02,1
C-CA-M-00286-01,CA-M-00286,caprino,2023-11-18,2023-11-18,concluido_sucesso,2024-04-16,1
C-CA-M-00287-00,CA-M-00287,caprino,2023-04-10,2023-04-10,concluido_sucesso,2023-09-07,1
C-CA-M-00287-01,CA-M-00287,caprino,2023-12-25,2023-12-25,concluido_sucesso,2024-05-23,1
C-CA-M-00287-02,CA-M-00287,caprino,2024-08-21,2024-08-21,concluido_sucesso,2025-01-18,1
C-CA-M-00287-03,CA-M-00287,caprino,2025-03-31,2025-03-31,concluido_sucesso,2025-08-28,1
C-CA-M-00287-04,CA-M-00287,caprino,2025-12-21,2025-12-21,concluido_sucesso,2026-05-20,1
C-CA-M-00288-00,CA-M-00288,caprino,2023-01-03,2023-02-14,concluido_sucesso,2023-07-14,3
C-CA-M-00288-01,CA-M-00288,caprino,2023-10-06,2023-10-27,concluido_sucesso,2024-03-25,2
C-CA-M-00288-02,CA-M-00288,caprino,2024-07-14,2024-07-14,concluido_sucesso,2024-12-11,1
C-CA-M-00288-03,CA-M-00288,caprino,2025-03-16,2025-03-16,concluido_sucesso,2025-08-13,1
C-CA-M-00288-04,CA-M-00288,caprino,2025-10-19,2025-11-12,concluido_sucesso,2026-04-11,2
C-CA-M-00289-00,CA-M-00289,caprino,2023-09-27,2023-10-18,concluido_sucesso,2024-03-16,2
C-CA-M-00289-01,CA-M-00289,caprino,2024-07-08,2024-07-08,concluido_sucesso,2024-12-05,1
C-CA-M-00289-02,CA-M-00289,caprino,2025-03-04,2025-04-18,concluido_falha,,3
C-CA-M-00289-03,CA-M-00289,caprino,2025-06-11,2025-07-25,concluido_sucesso,2025-12-22,3
C-CA-M-00289-04,CA-M-00289,caprino,2026-02-22,2026-03-15,concluido_sucesso,2026-08-12,2
C-CA-M-00290-00,CA-M-00290,caprino,2023-08-02,2023-08-02,concluido_sucesso,2023-12-30,1
C-CA-M-00290-01,CA-M-00290,caprino,2024-03-02,2024-03-02,concluido_sucesso,2024-07-30,1
C-CA-M-00290-02,CA-M-00290,caprino,2024-10-27,2024-10-27,concluido_sucesso,2025-03-26,1
C-CA-M-00290-03,CA-M-00290,caprino,2025-07-18,2025-07-18,concluido_sucesso,2025-12-15,1
C-CA-M-00290-04,CA-M-00290,caprino,2026-03-09,2026-03-09,concluido_sucesso,2026-08-06,1
C-CA-M-00291-00,CA-M-00291,caprino,2023-05-27,2023-05-27,concluido_sucesso,2023-10-24,1
C-CA-M-00291-01,CA-M-00291,caprino,2024-01-14,2024-01-14,concluido_sucesso,2024-06-12,1
C-CA-M-00292-00,CA-M-00292,caprino,2023-07-16,2023-08-06,concluido_sucesso,2024-01-03,2
C-CA-M-00292-01,CA-M-00292,caprino,2024-04-21,2024-05-11,concluido_sucesso,2024-10-08,2
C-CA-M-00292-02,CA-M-00292,caprino,2024-12-27,2024-12-27,concluido_sucesso,2025-05-26,1
C-CA-M-00292-03,CA-M-00292,caprino,2025-08-19,2025-09-10,concluido_sucesso,2026-02-07,2
C-CA-M-00293-00,CA-M-00293,caprino,2023-04-29,2023-04-29,concluido_sucesso,2023-09-26,1
C-CA-M-00293-01,CA-M-00293,caprino,2023-12-01,2023-12-01,concluido_sucesso,2024-04-29,1
C-CA-M-00293-02,CA-M-00293,caprino,2024-07-27,2024-09-07,concluido_sucesso,2025-02-04,3
C-CA-M-00293-03,CA-M-00293,caprino,2025-06-03,2025-06-03,concluido_sucesso,2025-10-31,1
C-CA-M-00293-04,CA-M-00293,caprino,2026-01-23,2026-03-02,concluido_sucesso,2026-07-30,3
C-CA-M-00294-00,CA-M-00294,caprino,2023-09-24,2023-09-24,concluido_sucesso,2024-02-21,1
C-CA-M-00294-01,CA-M-00294,caprino,2024-05-01,2024-05-01,concluido_sucesso,2024-09-28,1
C-CA-M-00294-02,CA-M-00294,caprino,2024-12-02,2024-12-02,concluido_sucesso,2025-05-01,1
C-CA-M-00294-03,CA-M-00294,caprino,2025-07-13,2025-08-02,concluido_sucesso,2025-12-30,2
C-CA-M-00295-00,CA-M-00295,caprino,2023-03-07,2023-03-07,concluido_sucesso,2023-08-04,1
C-CA-M-00295-01,CA-M-00295,caprino,2023-10-09,2023-10-31,concluido_sucesso,2024-03-29,2
C-CA-M-00295-02,CA-M-00295,caprino,2024-06-15,2024-06-15,concluido_sucesso,2024-11-12,1
C-CA-M-00295-03,CA-M-00295,caprino,2025-02-27,2025-02-27,concluido_sucesso,2025-07-27,1
C-CA-M-00296-00,CA-M-00296,caprino,2023-08-10,2023-08-10,concluido_sucesso,2024-01-07,1
C-CA-M-00296-01,CA-M-00296,caprino,2024-04-07,2024-04-07,concluido_sucesso,2024-09-04,1
C-CA-M-00297-00,CA-M-00297,caprino,2023-06-27,2023-06-27,concluido_sucesso,2023-11-24,1
C-CA-M-00297-01,CA-M-00297,caprino,2024-02-13,2024-02-13,concluido_sucesso,2024-07-12,1
C-CA-M-00298-00,CA-M-00298,caprino,2023-03-06,2023-03-06,concluido_sucesso,2023-08-03,1
C-CA-M-00298-01,CA-M-00298,caprino,2023-11-22,2023-11-22,concluido_sucesso,2024-04-20,1
C-CA-M-00298-02,CA-M-00298,caprino,2024-08-13,2024-08-13,concluido_sucesso,2025-01-10,1
C-CA-M-00298-03,CA-M-00298,caprino,2025-04-23,2025-05-12,concluido_sucesso,2025-10-09,2
C-CA-M-00299-00,CA-M-00299,caprino,2023-03-22,2023-03-22,concluido_sucesso,2023-08-19,1
C-CA-M-00299-01,CA-M-00299,caprino,2023-11-19,2023-11-19,concluido_sucesso,2024-04-17,1
C-CA-M-00299-02,CA-M-00299,caprino,2024-08-09,2024-08-09,concluido_sucesso,2025-01-06,1
C-CA-M-00299-03,CA-M-00299,caprino,2025-03-08,2025-03-08,concluido_sucesso,2025-08-05,1
C-CA-M-00300-00,CA-M-00300,caprino,2023-09-23,2023-09-23,concluido_sucesso,2024-02-20,1
C-CA-M-00300-01,CA-M-00300,caprino,2024-06-12,2024-06-12,concluido_sucesso,2024-11-09,1
C-CA-M-00300-02,CA-M-00300,caprino,2025-01-16,2025-01-16,concluido_sucesso,2025-06-15,1
C-CA-M-00300-03,CA-M-00300,caprino,2025-08-15,2025-08-15,concluido_sucesso,2026-01-12,1
C-CA-M-00300-04,CA-M-00300,caprino,2026-04-10,2026-04-10,concluido_falha,,1
C-CA-M-00301-00,CA-M-00301,caprino,2023-08-08,2023-09-18,concluido_sucesso,2024-02-15,3
C-CA-M-00301-01,CA-M-00301,caprino,2024-05-24,2024-05-24,concluido_sucesso,2024-10-21,1
C-CA-M-00301-02,CA-M-00301,caprino,2025-01-29,2025-01-29,concluido_sucesso,2025-06-28,1
C-CA-M-00301-03,CA-M-00301,caprino,2025-09-11,2025-09-11,concluido_sucesso,2026-02-08,1
C-CA-M-00302-00,CA-M-00302,caprino,2023-08-30,2023-09-21,concluido_sucesso,2024-02-18,2
C-CA-M-00302-01,CA-M-00302,caprino,2024-04-26,2024-04-26,concluido_sucesso,2024-09-23,1
C-CA-M-00302-02,CA-M-00302,caprino,2024-12-15,2024-12-15,concluido_sucesso,2025-05-14,1
C-CA-M-00302-03,CA-M-00302,caprino,2025-08-02,2025-08-24,concluido_sucesso,2026-01-21,2
C-CA-M-00303-00,CA-M-00303,caprino,2023-10-24,2023-10-24,concluido_sucesso,2024-03-22,1
C-CA-M-00303-01,CA-M-00303,caprino,2024-05-30,2024-05-30,concluido_sucesso,2024-10-27,1
C-CA-M-00303-02,CA-M-00303,caprino,2025-02-16,2025-02-16,concluido_sucesso,2025-07-16,1
C-CA-M-00303-03,CA-M-00303,caprino,2025-09-16,2025-09-16,concluido_sucesso,2026-02-13,1
C-CA-M-00304-00,CA-M-00304,caprino,2023-09-19,2023-10-13,concluido_sucesso,2024-03-11,2
C-CA-M-00304-01,CA-M-00304,caprino,2024-06-01,2024-06-01,concluido_sucesso,2024-10-29,1
C-CA-M-00304-02,CA-M-00304,caprino,2025-01-15,2025-01-15,concluido_sucesso,2025-06-14,1
C-CA-M-00304-03,CA-M-00304,caprino,2025-09-10,2025-10-23,concluido_falha,,3
C-CA-M-00304-04,CA-M-00304,caprino,2025-12-04,2026-01-16,concluido_falha,,3
C-CA-M-00304-05,CA-M-00304,caprino,2026-02-16,2026-04-02,concluido_falha,,3
C-CA-M-00305-00,CA-M-00305,caprino,2023-08-10,2023-08-10,concluido_sucesso,2024-01-07,1
C-CA-M-00305-01,CA-M-00305,caprino,2024-03-22,2024-05-06,concluido_falha,,3
C-CA-M-00305-02,CA-M-00305,caprino,2024-06-26,2024-06-26,concluido_sucesso,2024-11-23,1
C-CA-M-00306-00,CA-M-00306,caprino,2023-02-07,2023-02-07,concluido_sucesso,2023-07-07,1
C-CA-M-00306-01,CA-M-00306,caprino,2023-10-17,2023-10-17,concluido_sucesso,2024-03-15,1
C-CA-M-00306-02,CA-M-00306,caprino,2024-06-16,2024-06-16,concluido_sucesso,2024-11-13,1
C-CA-M-00306-03,CA-M-00306,caprino,2025-02-27,2025-02-27,concluido_sucesso,2025-07-27,1
C-CA-M-00306-04,CA-M-00306,caprino,2025-10-31,2025-10-31,concluido_sucesso,2026-03-30,1
C-CA-M-00307-00,CA-M-00307,caprino,2023-04-10,2023-04-10,concluido_sucesso,2023-09-07,1
C-CA-M-00307-01,CA-M-00307,caprino,2023-11-12,2023-12-20,concluido_sucesso,2024-05-18,3
C-CA-M-00307-02,CA-M-00307,caprino,2024-09-04,2024-09-23,concluido_sucesso,2025-02-20,2
C-CA-M-00307-03,CA-M-00307,caprino,2025-05-12,2025-06-24,concluido_falha,,3
C-CA-M-00307-04,CA-M-00307,caprino,2025-08-05,2025-08-05,concluido_sucesso,2026-01-02,1
C-CA-M-00308-00,CA-M-00308,caprino,2023-05-01,2023-05-01,concluido_sucesso,2023-09-28,1
C-CA-M-00308-01,CA-M-00308,caprino,2024-01-02,2024-01-02,concluido_sucesso,2024-05-31,1
C-CA-M-00309-00,CA-M-00309,caprino,2023-02-26,2023-02-26,concluido_sucesso,2023-07-26,1
C-CA-M-00309-01,CA-M-00309,caprino,2023-11-05,2023-11-05,concluido_sucesso,2024-04-03,1
C-CA-M-00309-02,CA-M-00309,caprino,2024-07-20,2024-07-20,concluido_sucesso,2024-12-17,1
C-CA-M-00309-03,CA-M-00309,caprino,2025-02-20,2025-02-20,concluido_sucesso,2025-07-20,1
C-CA-M-00309-04,CA-M-00309,caprino,2025-10-09,2025-11-19,concluido_sucesso,2026-04-18,3
C-CA-M-00310-00,CA-M-00310,caprino,2023-10-01,2023-10-01,concluido_sucesso,2024-02-28,1
C-CA-M-00310-01,CA-M-00310,caprino,2024-05-15,2024-06-27,concluido_falha,,3
C-CA-M-00310-02,CA-M-00310,caprino,2024-08-24,2024-08-24,concluido_sucesso,2025-01-21,1
C-CA-M-00310-03,CA-M-00310,caprino,2025-04-15,2025-05-04,concluido_sucesso,2025-10-01,2
C-CA-M-00310-04,CA-M-00310,caprino,2026-01-28,2026-02-16,concluido_sucesso,2026-07-16,2
C-CA-M-00311-00,CA-M-00311,caprino,2023-05-20,2023-05-20,concluido_sucesso,2023-10-17,1
C-CA-M-00311-01,CA-M-00311,caprino,2024-01-15,2024-01-15,concluido_sucesso,2024-06-13,1
C-CA-M-00311-02,CA-M-00311,caprino,2024-09-02,2024-09-02,concluido_sucesso,2025-01-30,1
C-CA-M-00311-03,CA-M-00311,caprino,2025-05-21,2025-05-21,concluido_sucesso,2025-10-18,1
C-CA-M-00311-04,CA-M-00311,caprino,2026-01-03,2026-02-13,concluido_sucesso,2026-07-13,3
C-CA-M-00312-00,CA-M-00312,caprino,2023-02-12,2023-02-12,concluido_sucesso,2023-07-12,1
C-CA-M-00312-01,CA-M-00312,caprino,2023-09-30,2023-11-14,concluido_sucesso,2024-04-12,3
C-CA-M-00312-02,CA-M-00312,caprino,2024-07-31,2024-09-09,concluido_sucesso,2025-02-06,3
C-CA-M-00312-03,CA-M-00312,caprino,2025-05-11,2025-05-11,concluido_sucesso,2025-10-08,1
C-CA-M-00312-04,CA-M-00312,caprino,2026-01-06,2026-01-06,concluido_sucesso,2026-06-05,1
C-CA-M-00313-00,CA-M-00313,caprino,2023-04-05,2023-04-05,concluido_sucesso,2023-09-02,1
C-CA-M-00313-01,CA-M-00313,caprino,2023-11-26,2023-12-17,concluido_sucesso,2024-05-15,2
C-CA-M-00313-02,CA-M-00313,caprino,2024-09-11,2024-09-11,concluido_sucesso,2025-02-08,1
C-CA-M-00313-03,CA-M-00313,caprino,2025-05-03,2025-05-21,concluido_sucesso,2025-10-18,2
C-CA-M-00313-04,CA-M-00313,caprino,2026-01-26,2026-01-26,concluido_sucesso,2026-06-25,1
C-CA-M-00314-00,CA-M-00314,caprino,2023-08-19,2023-09-06,concluido_sucesso,2024-02-03,2
C-CA-M-00314-01,CA-M-00314,caprino,2024-05-14,2024-05-14,concluido_sucesso,2024-10-11,1
C-CA-M-00314-02,CA-M-00314,caprino,2024-12-17,2025-01-09,concluido_sucesso,2025-06-08,2
C-CA-M-00314-03,CA-M-00314,caprino,2025-08-09,2025-08-09,concluido_sucesso,2026-01-06,1
C-CA-M-00315-00,CA-M-00315,caprino,2023-03-06,2023-03-26,concluido_sucesso,2023-08-23,2
C-CA-M-00315-01,CA-M-00315,caprino,2023-12-05,2024-01-13,concluido_falha,,3
C-CA-M-00315-02,CA-M-00315,caprino,2024-02-20,2024-02-20,concluido_sucesso,2024-07-19,1
C-CA-M-00316-00,CA-M-00316,caprino,2023-05-18,2023-05-18,concluido_sucesso,2023-10-15,1
C-CA-M-00316-01,CA-M-00316,caprino,2024-01-31,2024-02-19,concluido_sucesso,2024-07-18,2
C-CA-M-00317-00,CA-M-00317,caprino,2023-07-05,2023-07-24,concluido_sucesso,2023-12-21,2
C-CA-M-00317-01,CA-M-00317,caprino,2024-04-05,2024-04-05,concluido_sucesso,2024-09-02,1
C-CA-M-00317-02,CA-M-00317,caprino,2024-11-17,2024-11-17,concluido_sucesso,2025-04-16,1
C-CA-M-00317-03,CA-M-00317,caprino,2025-08-01,2025-08-01,concluido_sucesso,2025-12-29,1
C-CA-M-00317-04,CA-M-00317,caprino,2026-04-12,2026-04-12,concluido_sucesso,2026-09-09,1
C-CA-M-00318-00,CA-M-00318,caprino,2023-02-24,2023-03-14,concluido_sucesso,2023-08-11,2
C-CA-M-00318-01,CA-M-00318,caprino,2023-10-31,2023-10-31,concluido_sucesso,2024-03-29,1
C-CA-M-00318-02,CA-M-00318,caprino,2024-07-19,2024-07-19,concluido_sucesso,2024-12-16,1
C-CA-M-00319-00,CA-M-00319,caprino,2023-08-12,2023-08-12,concluido_sucesso,2024-01-09,1
C-CA-M-00319-01,CA-M-00319,caprino,2024-03-27,2024-03-27,concluido_sucesso,2024-08-24,1
C-CA-M-00319-02,CA-M-00319,caprino,2024-12-13,2025-01-03,concluido_sucesso,2025-06-02,2
C-CA-M-00319-03,CA-M-00319,caprino,2025-08-11,2025-09-01,concluido_sucesso,2026-01-29,2
C-CA-M-00319-04,CA-M-00319,caprino,2026-04-29,2026-04-29,concluido_sucesso,2026-09-26,1
C-CA-M-00320-00,CA-M-00320,caprino,2023-05-26,2023-05-26,concluido_sucesso,2023-10-23,1
C-CA-M-00320-01,CA-M-00320,caprino,2024-01-12,2024-01-12,concluido_sucesso,2024-06-10,1
C-CA-M-00320-02,CA-M-00320,caprino,2024-09-05,2024-09-05,concluido_sucesso,2025-02-02,1
C-CA-M-00321-00,CA-M-00321,caprino,2023-10-01,2023-10-01,concluido_sucesso,2024-02-28,1
C-CA-M-00321-01,CA-M-00321,caprino,2024-06-10,2024-06-10,concluido_sucesso,2024-11-07,1
C-CA-M-00321-02,CA-M-00321,caprino,2025-02-05,2025-02-23,concluido_sucesso,2025-07-23,2
C-CA-M-00321-03,CA-M-00321,caprino,2025-10-22,2025-10-22,concluido_sucesso,2026-03-21,1
C-CA-M-00322-00,CA-M-00322,caprino,2023-05-27,2023-06-20,concluido_sucesso,2023-11-17,2
C-CA-M-00322-01,CA-M-00322,caprino,2024-02-07,2024-03-19,concluido_sucesso,2024-08-16,3
C-CA-M-00322-02,CA-M-00322,caprino,2024-10-18,2024-11-25,concluido_falha,,3
C-CA-M-00322-03,CA-M-00322,caprino,2025-01-19,2025-02-12,concluido_sucesso,2025-07-12,2
C-CA-M-00323-00,CA-M-00323,caprino,2023-05-08,2023-06-17,concluido_sucesso,2023-11-14,3
C-CA-M-00323-01,CA-M-00323,caprino,2024-01-18,2024-01-18,concluido_sucesso,2024-06-16,1
C-CA-M-00323-02,CA-M-00323,caprino,2024-08-23,2024-09-30,concluido_sucesso,2025-02-27,3
C-CA-M-00323-03,CA-M-00323,caprino,2025-06-07,2025-06-07,concluido_sucesso,2025-11-04,1
C-CA-M-00324-00,CA-M-00324,caprino,2023-03-27,2023-03-27,concluido_sucesso,2023-08-24,1
C-CA-M-00324-01,CA-M-00324,caprino,2023-11-10,2023-11-29,concluido_sucesso,2024-04-27,2
C-CA-M-00324-02,CA-M-00324,caprino,2024-07-18,2024-07-18,concluido_sucesso,2024-12-15,1
C-CA-M-00324-03,CA-M-00324,caprino,2025-03-18,2025-03-18,concluido_sucesso,2025-08-15,1
C-CA-M-00324-04,CA-M-00324,caprino,2025-11-01,2025-11-21,concluido_sucesso,2026-04-20,2
C-CA-M-00325-00,CA-M-00325,caprino,2023-08-19,2023-09-30,concluido_falha,,3
C-CA-M-00325-01,CA-M-00325,caprino,2023-11-18,2024-01-04,concluido_falha,,3
C-CA-M-00325-02,CA-M-00325,caprino,2024-03-10,2024-03-10,concluido_sucesso,2024-08-07,1
C-CA-M-00325-03,CA-M-00325,caprino,2024-11-23,2024-11-23,concluido_sucesso,2025-04-22,1
C-CA-M-00325-04,CA-M-00325,caprino,2025-08-10,2025-08-10,concluido_sucesso,2026-01-07,1
C-CA-M-00325-05,CA-M-00325,caprino,2026-04-19,2026-04-19,concluido_falha,,1
C-CA-M-00326-00,CA-M-00326,caprino,2023-03-26,2023-05-11,concluido_sucesso,2023-10-08,3
C-CA-M-00326-01,CA-M-00326,caprino,2024-01-02,2024-02-14,concluido_sucesso,2024-07-13,3
C-CA-M-00326-02,CA-M-00326,caprino,2024-09-19,2024-09-19,concluido_sucesso,2025-02-16,1
C-CA-M-00326-03,CA-M-00326,caprino,2025-05-14,2025-05-14,concluido_sucesso,2025-10-11,1
C-CA-M-00326-04,CA-M-00326,caprino,2026-01-15,2026-01-15,concluido_sucesso,2026-06-14,1
C-CA-M-00327-00,CA-M-00327,caprino,2023-03-12,2023-04-04,concluido_sucesso,2023-09-01,2
C-CA-M-00327-01,CA-M-00327,caprino,2023-11-12,2023-12-02,concluido_sucesso,2024-04-30,2
C-CA-M-00327-02,CA-M-00327,caprino,2024-08-06,2024-08-06,concluido_sucesso,2025-01-03,1
C-CA-M-00327-03,CA-M-00327,caprino,2025-03-12,2025-03-12,concluido_sucesso,2025-08-09,1
C-CA-M-00328-00,CA-M-00328,caprino,2023-01-25,2023-01-25,concluido_sucesso,2023-06-24,1
C-CA-M-00328-01,CA-M-00328,caprino,2023-10-08,2023-10-08,concluido_sucesso,2024-03-06,1
C-CA-M-00328-02,CA-M-00328,caprino,2024-05-26,2024-05-26,concluido_sucesso,2024-10-23,1
C-CA-M-00328-03,CA-M-00328,caprino,2025-01-15,2025-02-08,concluido_sucesso,2025-07-08,2
C-CA-M-00329-00,CA-M-00329,caprino,2023-03-08,2023-03-08,concluido_sucesso,2023-08-05,1
C-CA-M-00329-01,CA-M-00329,caprino,2023-10-21,2023-11-08,concluido_sucesso,2024-04-06,2
C-CA-M-00329-02,CA-M-00329,caprino,2024-07-12,2024-07-12,concluido_sucesso,2024-12-09,1
C-CA-M-00329-03,CA-M-00329,caprino,2025-04-04,2025-04-04,concluido_sucesso,2025-09-01,1
C-CA-M-00329-04,CA-M-00329,caprino,2025-11-05,2025-11-23,concluido_sucesso,2026-04-22,2
C-CA-M-00330-00,CA-M-00330,caprino,2023-08-27,2023-10-05,concluido_sucesso,2024-03-03,3
C-CA-M-00330-01,CA-M-00330,caprino,2024-06-08,2024-06-08,concluido_sucesso,2024-11-05,1
C-CA-M-00330-02,CA-M-00330,caprino,2025-02-27,2025-02-27,concluido_sucesso,2025-07-27,1
C-CA-M-00330-03,CA-M-00330,caprino,2025-10-23,2025-10-23,concluido_sucesso,2026-03-22,1
C-CA-M-00331-00,CA-M-00331,caprino,2023-09-13,2023-09-13,concluido_sucesso,2024-02-10,1
C-CA-M-00331-01,CA-M-00331,caprino,2024-04-30,2024-05-20,concluido_sucesso,2024-10-17,2
C-CA-M-00332-00,CA-M-00332,caprino,2023-06-29,2023-06-29,concluido_sucesso,2023-11-26,1
C-CA-M-00332-01,CA-M-00332,caprino,2024-02-18,2024-03-29,concluido_falha,,3
C-CA-M-00332-02,CA-M-00332,caprino,2024-05-29,2024-05-29,concluido_sucesso,2024-10-26,1
C-CA-M-00332-03,CA-M-00332,caprino,2025-01-08,2025-01-26,concluido_sucesso,2025-06-25,2
C-CA-M-00333-00,CA-M-00333,caprino,2023-07-15,2023-07-15,concluido_sucesso,2023-12-12,1
C-CA-M-00333-01,CA-M-00333,caprino,2024-03-14,2024-03-14,concluido_sucesso,2024-08-11,1
C-CA-M-00333-02,CA-M-00333,caprino,2024-10-23,2024-10-23,concluido_sucesso,2025-03-22,1
C-CA-M-00333-03,CA-M-00333,caprino,2025-07-09,2025-07-09,concluido_sucesso,2025-12-06,1
C-CA-M-00333-04,CA-M-00333,caprino,2026-02-17,2026-03-08,concluido_sucesso,2026-08-05,2
C-CA-M-00334-00,CA-M-00334,caprino,2023-09-25,2023-10-14,concluido_sucesso,2024-03-12,2
C-CA-M-00334-01,CA-M-00334,caprino,2024-06-08,2024-06-08,concluido_sucesso,2024-11-05,1
C-CA-M-00334-02,CA-M-00334,caprino,2025-01-12,2025-01-12,concluido_sucesso,2025-06-11,1
C-CA-M-00334-03,CA-M-00334,caprino,2025-08-20,2025-09-11,concluido_sucesso,2026-02-08,2
C-CA-M-00334-04,CA-M-00334,caprino,2026-04-30,2026-04-30,concluido_falha,,1
C-CA-M-00335-00,CA-M-00335,caprino,2023-05-07,2023-05-07,concluido_sucesso,2023-10-04,1
C-CA-M-00336-00,CA-M-00336,caprino,2023-07-20,2023-08-12,concluido_sucesso,2024-01-09,2
C-CA-M-00336-01,CA-M-00336,caprino,2024-04-11,2024-04-11,concluido_sucesso,2024-09-08,1
C-CA-M-00336-02,CA-M-00336,caprino,2024-11-14,2024-12-24,concluido_falha,,3
C-CA-M-00337-00,CA-M-00337,caprino,2023-10-31,2023-10-31,concluido_sucesso,2024-03-29,1
C-CA-M-00337-01,CA-M-00337,caprino,2024-06-04,2024-06-04,concluido_sucesso,2024-11-01,1
C-CA-M-00337-02,CA-M-00337,caprino,2025-01-16,2025-03-01,concluido_sucesso,2025-07-29,3
C-CA-M-00337-03,CA-M-00337,caprino,2025-11-07,2025-11-07,concluido_sucesso,2026-04-06,1
C-CA-M-00338-00,CA-M-00338,caprino,2023-06-22,2023-06-22,concluido_sucesso,2023-11-19,1
C-CA-M-00338-01,CA-M-00338,caprino,2024-01-19,2024-01-19,concluido_sucesso,2024-06-17,1
C-CA-M-00338-02,CA-M-00338,caprino,2024-10-05,2024-10-05,concluido_sucesso,2025-03-04,1
C-CA-M-00338-03,CA-M-00338,caprino,2025-06-08,2025-07-02,concluido_sucesso,2025-11-29,2
C-CA-M-00339-00,CA-M-00339,caprino,2023-08-08,2023-08-08,concluido_sucesso,2024-01-05,1
C-CA-M-00339-01,CA-M-00339,caprino,2024-04-15,2024-04-15,concluido_sucesso,2024-09-12,1
C-CA-M-00339-02,CA-M-00339,caprino,2024-11-27,2024-11-27,concluido_sucesso,2025-04-26,1
C-CA-M-00339-03,CA-M-00339,caprino,2025-08-17,2025-08-17,concluido_sucesso,2026-01-14,1
C-CA-M-00340-00,CA-M-00340,caprino,2023-07-06,2023-07-06,concluido_sucesso,2023-12-03,1
C-CA-M-00340-01,CA-M-00340,caprino,2024-02-26,2024-04-10,concluido_falha,,3
C-CA-M-00340-02,CA-M-00340,caprino,2024-05-14,2024-06-03,concluido_sucesso,2024-10-31,2
C-CA-M-00340-03,CA-M-00340,caprino,2025-01-11,2025-01-11,concluido_sucesso,2025-06-10,1
C-CA-M-00340-04,CA-M-00340,caprino,2025-09-07,2025-10-20,concluido_sucesso,2026-03-19,3
C-CA-M-00341-00,CA-M-00341,caprino,2023-01-14,2023-01-14,concluido_sucesso,2023-06-13,1
C-CA-M-00341-01,CA-M-00341,caprino,2023-09-16,2023-09-16,concluido_sucesso,2024-02-13,1
C-CA-M-00341-02,CA-M-00341,caprino,2024-05-21,2024-05-21,concluido_sucesso,2024-10-18,1
C-CA-M-00341-03,CA-M-00341,caprino,2024-12-27,2025-01-15,concluido_sucesso,2025-06-14,2
C-CA-M-00341-04,CA-M-00341,caprino,2025-09-09,2025-09-09,concluido_sucesso,2026-02-06,1
C-CA-M-00341-05,CA-M-00341,caprino,2026-04-14,2026-04-14,concluido_falha,,1
C-CA-M-00342-00,CA-M-00342,caprino,2023-10-23,2023-12-04,concluido_sucesso,2024-05-02,3
C-CA-M-00342-01,CA-M-00342,caprino,2024-07-22,2024-09-03,concluido_sucesso,2025-01-31,3
C-CA-M-00342-02,CA-M-00342,caprino,2025-05-18,2025-05-18,concluido_sucesso,2025-10-15,1
C-CA-M-00342-03,CA-M-00342,caprino,2026-01-31,2026-01-31,concluido_sucesso,2026-06-30,1
C-CA-M-00343-00,CA-M-00343,caprino,2023-05-29,2023-06-20,concluido_sucesso,2023-11-17,2
C-CA-M-00343-01,CA-M-00343,caprino,2024-02-29,2024-04-07,concluido_sucesso,2024-09-04,3
C-CA-M-00343-02,CA-M-00343,caprino,2024-12-14,2024-12-14,concluido_sucesso,2025-05-13,1
C-CA-M-00344-00,CA-M-00344,caprino,2023-08-13,2023-08-13,concluido_sucesso,2024-01-10,1
C-CA-M-00344-01,CA-M-00344,caprino,2024-03-13,2024-04-06,concluido_sucesso,2024-09-03,2
C-CA-M-00344-02,CA-M-00344,caprino,2024-12-05,2024-12-05,concluido_sucesso,2025-05-04,1
C-CA-M-00344-03,CA-M-00344,caprino,2025-07-31,2025-08-21,concluido_sucesso,2026-01-18,2
C-CA-M-00344-04,CA-M-00344,caprino,2026-04-21,2026-04-21,concluido_sucesso,2026-09-18,1
C-CA-M-00345-00,CA-M-00345,caprino,2023-04-01,2023-04-01,concluido_sucesso,2023-08-29,1
C-CA-M-00345-01,CA-M-00345,caprino,2023-11-13,2023-11-13,concluido_sucesso,2024-04-11,1
C-CA-M-00345-02,CA-M-00345,caprino,2024-06-22,2024-08-06,concluido_sucesso,2025-01-03,3
C-CA-M-00345-03,CA-M-00345,caprino,2025-03-29,2025-03-29,concluido_sucesso,2025-08-26,1
C-CA-M-00345-04,CA-M-00345,caprino,2025-12-07,2026-01-19,concluido_falha,,3
C-CA-M-00345-05,CA-M-00345,caprino,2026-02-20,2026-02-20,concluido_sucesso,2026-07-20,1
C-CA-M-00346-00,CA-M-00346,caprino,2023-06-16,2023-06-16,concluido_sucesso,2023-11-13,1
C-CA-M-00346-01,CA-M-00346,caprino,2024-02-10,2024-02-10,concluido_sucesso,2024-07-09,1
C-CA-M-00346-02,CA-M-00346,caprino,2024-09-25,2024-09-25,concluido_sucesso,2025-02-22,1
C-CA-M-00346-03,CA-M-00346,caprino,2025-06-04,2025-06-04,concluido_sucesso,2025-11-01,1
C-CA-M-00346-04,CA-M-00346,caprino,2026-02-25,2026-02-25,concluido_sucesso,2026-07-25,1
C-CA-M-00347-00,CA-M-00347,caprino,2023-09-15,2023-09-15,concluido_sucesso,2024-02-12,1
C-CA-M-00347-01,CA-M-00347,caprino,2024-05-20,2024-05-20,concluido_sucesso,2024-10-17,1
C-CA-M-00347-02,CA-M-00347,caprino,2025-01-09,2025-01-09,concluido_sucesso,2025-06-08,1
C-CA-M-00347-03,CA-M-00347,caprino,2025-09-18,2025-09-18,concluido_sucesso,2026-02-15,1
C-CA-M-00348-00,CA-M-00348,caprino,2023-06-16,2023-06-16,concluido_sucesso,2023-11-13,1
C-CA-M-00348-01,CA-M-00348,caprino,2024-02-18,2024-02-18,concluido_sucesso,2024-07-17,1
C-CA-M-00348-02,CA-M-00348,caprino,2024-10-13,2024-10-13,concluido_sucesso,2025-03-12,1
C-CA-M-00348-03,CA-M-00348,caprino,2025-06-13,2025-06-13,concluido_sucesso,2025-11-10,1
C-CA-M-00349-00,CA-M-00349,caprino,2023-05-17,2023-05-17,concluido_sucesso,2023-10-14,1
C-CA-M-00349-01,CA-M-00349,caprino,2024-02-02,2024-03-20,concluido_sucesso,2024-08-17,3
C-CA-M-00349-02,CA-M-00349,caprino,2024-12-02,2024-12-02,concluido_sucesso,2025-05-01,1
C-CA-M-00349-03,CA-M-00349,caprino,2025-08-17,2025-08-17,concluido_sucesso,2026-01-14,1
C-CA-M-00349-04,CA-M-00349,caprino,2026-04-09,2026-04-28,concluido_sucesso,2026-09-25,2
C-CA-M-00350-00,CA-M-00350,caprino,2023-03-09,2023-03-09,concluido_sucesso,2023-08-06,1
C-CA-M-00350-01,CA-M-00350,caprino,2023-11-11,2023-11-11,concluido_sucesso,2024-04-09,1
C-CA-M-00350-02,CA-M-00350,caprino,2024-07-18,2024-07-18,concluido_sucesso,2024-12-15,1
C-CA-M-00350-03,CA-M-00350,caprino,2025-02-19,2025-02-19,concluido_sucesso,2025-07-19,1
C-CA-M-00351-00,CA-M-00351,caprino,2023-04-27,2023-06-06,concluido_falha,,3
C-CA-M-00351-01,CA-M-00351,caprino,2023-07-28,2023-07-28,concluido_sucesso,2023-12-25,1
C-CA-M-00351-02,CA-M-00351,caprino,2024-02-28,2024-02-28,concluido_sucesso,2024-07-27,1
C-CA-M-00352-00,CA-M-00352,caprino,2023-10-07,2023-10-07,concluido_sucesso,2024-03-05,1
C-CA-M-00352-01,CA-M-00352,caprino,2024-06-24,2024-06-24,concluido_sucesso,2024-11-21,1
C-CA-M-00352-02,CA-M-00352,caprino,2025-01-20,2025-01-20,concluido_sucesso,2025-06-19,1
C-CA-M-00353-00,CA-M-00353,caprino,2023-10-31,2023-12-11,concluido_falha,,3
C-CA-M-00354-00,CA-M-00354,caprino,2023-01-30,2023-01-30,concluido_sucesso,2023-06-29,1
C-CA-M-00354-01,CA-M-00354,caprino,2023-09-09,2023-09-09,concluido_sucesso,2024-02-06,1
C-CA-M-00354-02,CA-M-00354,caprino,2024-04-23,2024-04-23,concluido_sucesso,2024-09-20,1
C-CA-M-00354-03,CA-M-00354,caprino,2025-01-13,2025-01-13,concluido_sucesso,2025-06-12,1
C-CA-M-00354-04,CA-M-00354,caprino,2025-09-03,2025-09-03,concluido_sucesso,2026-01-31,1
C-CA-M-00355-00,CA-M-00355,caprino,2023-06-15,2023-06-15,concluido_sucesso,2023-11-12,1
C-CA-M-00355-01,CA-M-00355,caprino,2024-03-01,2024-03-21,concluido_sucesso,2024-08-18,2
C-CA-M-00355-02,CA-M-00355,caprino,2024-11-23,2024-11-23,concluido_sucesso,2025-04-22,1
C-CA-M-00356-00,CA-M-00356,caprino,2023-03-10,2023-03-10,concluido_sucesso,2023-08-07,1
C-CA-M-00356-01,CA-M-00356,caprino,2023-10-06,2023-10-06,concluido_sucesso,2024-03-04,1
C-CA-M-00356-02,CA-M-00356,caprino,2024-05-30,2024-05-30,concluido_sucesso,2024-10-27,1
C-CA-M-00356-03,CA-M-00356,caprino,2025-02-04,2025-02-28,concluido_sucesso,2025-07-28,2
C-CA-M-00356-04,CA-M-00356,caprino,2025-11-21,2025-11-21,concluido_sucesso,2026-04-20,1
C-CA-M-00357-00,CA-M-00357,caprino,2023-04-06,2023-04-30,concluido_sucesso,2023-09-27,2
C-CA-M-00357-01,CA-M-00357,caprino,2024-01-15,2024-02-02,concluido_sucesso,2024-07-01,2
C-CA-M-00357-02,CA-M-00357,caprino,2024-09-03,2024-09-21,concluido_sucesso,2025-02-18,2
C-CA-M-00357-03,CA-M-00357,caprino,2025-04-30,2025-04-30,concluido_sucesso,2025-09-27,1
C-CA-M-00357-04,CA-M-00357,caprino,2026-01-24,2026-01-24,concluido_sucesso,2026-06-23,1
C-CA-M-00358-00,CA-M-00358,caprino,2023-06-17,2023-06-17,concluido_sucesso,2023-11-14,1
C-CA-M-00358-01,CA-M-00358,caprino,2024-02-18,2024-02-18,concluido_sucesso,2024-07-17,1
C-CA-M-00358-02,CA-M-00358,caprino,2024-10-21,2024-10-21,concluido_sucesso,2025-03-20,1
C-CA-M-00358-03,CA-M-00358,caprino,2025-06-02,2025-06-02,concluido_sucesso,2025-10-30,1
C-CA-M-00358-04,CA-M-00358,caprino,2026-02-15,2026-03-10,concluido_sucesso,2026-08-07,2
C-CA-M-00359-00,CA-M-00359,caprino,2023-10-18,2023-10-18,concluido_sucesso,2024-03-16,1
C-CA-M-00359-01,CA-M-00359,caprino,2024-05-18,2024-05-18,concluido_sucesso,2024-10-15,1
C-CA-M-00359-02,CA-M-00359,caprino,2024-12-24,2025-02-03,concluido_falha,,3
C-CA-M-00359-03,CA-M-00359,caprino,2025-04-04,2025-05-17,concluido_falha,,3
C-CA-M-00360-00,CA-M-00360,caprino,2023-05-13,2023-05-13,concluido_sucesso,2023-10-10,1
C-CA-M-00360-01,CA-M-00360,caprino,2024-01-05,2024-01-05,concluido_sucesso,2024-06-03,1
C-CA-M-00360-02,CA-M-00360,caprino,2024-09-13,2024-10-25,concluido_sucesso,2025-03-24,3
C-CA-M-00360-03,CA-M-00360,caprino,2025-06-02,2025-06-02,concluido_sucesso,2025-10-30,1
C-CA-M-00360-04,CA-M-00360,caprino,2025-12-29,2025-12-29,concluido_sucesso,2026-05-28,1
C-CA-M-00361-00,CA-M-00361,caprino,2023-03-21,2023-03-21,concluido_sucesso,2023-08-18,1
C-CA-M-00361-01,CA-M-00361,caprino,2023-11-12,2023-12-22,concluido_sucesso,2024-05-20,3
C-CA-M-00361-02,CA-M-00361,caprino,2024-07-20,2024-07-20,concluido_sucesso,2024-12-17,1
C-CA-M-00362-00,CA-M-00362,caprino,2023-06-12,2023-06-12,concluido_sucesso,2023-11-09,1
C-CA-M-00362-01,CA-M-00362,caprino,2024-01-13,2024-01-13,concluido_sucesso,2024-06-11,1
C-CA-M-00362-02,CA-M-00362,caprino,2024-09-16,2024-09-16,concluido_sucesso,2025-02-13,1
C-CA-M-00362-03,CA-M-00362,caprino,2025-04-24,2025-04-24,concluido_sucesso,2025-09-21,1
C-CA-M-00363-00,CA-M-00363,caprino,2023-01-09,2023-01-09,concluido_sucesso,2023-06-08,1
C-CA-M-00363-01,CA-M-00363,caprino,2023-08-24,2023-08-24,concluido_sucesso,2024-01-21,1
C-CA-M-00363-02,CA-M-00363,caprino,2024-04-20,2024-05-12,concluido_sucesso,2024-10-09,2
C-CA-M-00363-03,CA-M-00363,caprino,2025-01-22,2025-03-06,concluido_sucesso,2025-08-03,3
C-CA-M-00363-04,CA-M-00363,caprino,2025-10-09,2025-10-09,concluido_sucesso,2026-03-08,1
C-CA-M-00364-00,CA-M-00364,caprino,2023-02-06,2023-02-28,concluido_sucesso,2023-07-28,2
C-CA-M-00364-01,CA-M-00364,caprino,2023-11-11,2023-11-11,concluido_sucesso,2024-04-09,1
C-CA-M-00364-02,CA-M-00364,caprino,2024-06-19,2024-06-19,concluido_sucesso,2024-11-16,1
C-CA-M-00364-03,CA-M-00364,caprino,2025-03-10,2025-03-10,concluido_sucesso,2025-08-07,1
C-CA-M-00364-04,CA-M-00364,caprino,2025-12-02,2025-12-02,concluido_sucesso,2026-05-01,1
C-CA-M-00365-00,CA-M-00365,caprino,2023-05-31,2023-05-31,concluido_sucesso,2023-10-28,1
C-CA-M-00365-01,CA-M-00365,caprino,2024-01-07,2024-01-07,concluido_sucesso,2024-06-05,1
C-CA-M-00365-02,CA-M-00365,caprino,2024-08-30,2024-10-11,concluido_falha,,3
C-CA-M-00366-00,CA-M-00366,caprino,2023-02-05,2023-03-01,concluido_sucesso,2023-07-29,2
C-CA-M-00366-01,CA-M-00366,caprino,2023-10-09,2023-10-09,concluido_sucesso,2024-03-07,1
C-CA-M-00366-02,CA-M-00366,caprino,2024-06-10,2024-07-02,concluido_sucesso,2024-11-29,2
C-CA-M-00366-03,CA-M-00366,caprino,2025-02-25,2025-02-25,concluido_sucesso,2025-07-25,1
C-CA-M-00366-04,CA-M-00366,caprino,2025-10-31,2025-11-24,concluido_sucesso,2026-04-23,2
C-CA-M-00367-00,CA-M-00367,caprino,2023-10-22,2023-11-29,concluido_sucesso,2024-04-27,3
C-CA-M-00368-00,CA-M-00368,caprino,2023-02-13,2023-02-13,concluido_sucesso,2023-07-13,1
C-CA-M-00368-01,CA-M-00368,caprino,2023-10-06,2023-11-21,concluido_falha,,3
C-CA-M-00368-02,CA-M-00368,caprino,2023-12-31,2024-02-06,concluido_sucesso,2024-07-05,3
C-CA-M-00368-03,CA-M-00368,caprino,2024-10-29,2024-10-29,concluido_sucesso,2025-03-28,1
C-CA-M-00369-00,CA-M-00369,caprino,2023-06-06,2023-06-06,concluido_sucesso,2023-11-03,1
C-CA-M-00369-01,CA-M-00369,caprino,2024-01-31,2024-01-31,concluido_sucesso,2024-06-29,1
C-CA-M-00369-02,CA-M-00369,caprino,2024-10-04,2024-11-12,concluido_sucesso,2025-04-11,3
C-CA-M-00369-03,CA-M-00369,caprino,2025-07-20,2025-07-20,concluido_sucesso,2025-12-17,1
C-CA-M-00369-04,CA-M-00369,caprino,2026-03-19,2026-04-08,concluido_sucesso,2026-09-05,2
C-CA-M-00370-00,CA-M-00370,caprino,2023-09-19,2023-09-19,concluido_sucesso,2024-02-16,1
C-CA-M-00371-00,CA-M-00371,caprino,2023-08-17,2023-08-17,concluido_sucesso,2024-01-14,1
C-CA-M-00371-01,CA-M-00371,caprino,2024-04-17,2024-04-17,concluido_sucesso,2024-09-14,1
C-CA-M-00371-02,CA-M-00371,caprino,2024-11-26,2024-11-26,concluido_sucesso,2025-04-25,1
C-CA-M-00371-03,CA-M-00371,caprino,2025-06-26,2025-06-26,concluido_sucesso,2025-11-23,1
C-CA-M-00371-04,CA-M-00371,caprino,2026-02-14,2026-03-29,concluido_sucesso,2026-08-26,3
C-CA-M-00372-00,CA-M-00372,caprino,2023-10-02,2023-10-02,concluido_sucesso,2024-02-29,1
C-CA-M-00372-01,CA-M-00372,caprino,2024-06-15,2024-06-15,concluido_sucesso,2024-11-12,1
C-CA-M-00372-02,CA-M-00372,caprino,2025-01-12,2025-01-12,concluido_sucesso,2025-06-11,1
C-CA-M-00372-03,CA-M-00372,caprino,2025-09-25,2025-09-25,concluido_sucesso,2026-02-22,1
C-CA-M-00373-00,CA-M-00373,caprino,2023-02-06,2023-02-25,concluido_sucesso,2023-07-25,2
C-CA-M-00373-01,CA-M-00373,caprino,2023-10-16,2023-10-16,concluido_sucesso,2024-03-14,1
C-CA-M-00373-02,CA-M-00373,caprino,2024-06-30,2024-06-30,concluido_sucesso,2024-11-27,1
C-CA-M-00373-03,CA-M-00373,caprino,2025-02-11,2025-03-05,concluido_sucesso,2025-08-02,2
C-CA-M-00373-04,CA-M-00373,caprino,2025-11-11,2025-11-11,concluido_sucesso,2026-04-10,1
C-CA-M-00374-00,CA-M-00374,caprino,2023-10-24,2023-12-05,concluido_falha,,3
C-CA-M-00374-01,CA-M-00374,caprino,2024-01-20,2024-02-10,concluido_sucesso,2024-07-09,2
C-CA-M-00374-02,CA-M-00374,caprino,2024-09-16,2024-09-16,concluido_sucesso,2025-02-13,1
C-CA-M-00375-00,CA-M-00375,caprino,2023-08-06,2023-09-21,concluido_falha,,3
C-CA-M-00375-01,CA-M-00375,caprino,2023-10-26,2023-10-26,concluido_sucesso,2024-03-24,1
C-CA-M-00376-00,CA-M-00376,caprino,2023-08-06,2023-08-06,concluido_sucesso,2024-01-03,1
C-CA-M-00376-01,CA-M-00376,caprino,2024-04-23,2024-04-23,concluido_sucesso,2024-09-20,1
C-CA-M-00376-02,CA-M-00376,caprino,2024-12-31,2024-12-31,concluido_sucesso,2025-05-30,1
C-CA-M-00376-03,CA-M-00376,caprino,2025-08-21,2025-09-08,concluido_sucesso,2026-02-05,2
C-CA-M-00377-00,CA-M-00377,caprino,2023-04-14,2023-04-14,concluido_sucesso,2023-09-11,1
C-CA-M-00378-00,CA-M-00378,caprino,2023-09-08,2023-09-08,concluido_sucesso,2024-02-05,1
C-CA-M-00378-01,CA-M-00378,caprino,2024-05-16,2024-05-16,concluido_sucesso,2024-10-13,1
C-CA-M-00378-02,CA-M-00378,caprino,2024-12-22,2024-12-22,concluido_sucesso,2025-05-21,1
C-CA-M-00378-03,CA-M-00378,caprino,2025-08-04,2025-08-22,concluido_sucesso,2026-01-19,2
C-CA-M-00378-04,CA-M-00378,caprino,2026-03-20,2026-03-20,concluido_sucesso,2026-08-17,1
C-CA-M-00379-00,CA-M-00379,caprino,2023-03-09,2023-03-09,concluido_sucesso,2023-08-06,1
C-CA-M-00379-01,CA-M-00379,caprino,2023-10-29,2023-10-29,concluido_sucesso,2024-03-27,1
C-CA-M-00379-02,CA-M-00379,caprino,2024-05-26,2024-05-26,concluido_sucesso,2024-10-23,1
C-CA-M-00379-03,CA-M-00379,caprino,2024-12-28,2024-12-28,concluido_sucesso,2025-05-27,1
C-CA-M-00379-04,CA-M-00379,caprino,2025-09-08,2025-10-01,concluido_sucesso,2026-02-28,2
C-CA-M-00380-00,CA-M-00380,caprino,2023-04-26,2023-05-15,concluido_sucesso,2023-10-12,2
C-CA-M-00380-01,CA-M-00380,caprino,2024-01-12,2024-01-12,concluido_sucesso,2024-06-10,1
C-CA-M-00380-02,CA-M-00380,caprino,2024-10-06,2024-10-06,concluido_sucesso,2025-03-05,1
C-CA-M-00381-00,CA-M-00381,caprino,2023-08-20,2023-08-20,concluido_sucesso,2024-01-17,1
C-CA-M-00381-01,CA-M-00381,caprino,2024-04-19,2024-04-19,concluido_sucesso,2024-09-16,1
C-CA-M-00381-02,CA-M-00381,caprino,2024-12-24,2024-12-24,concluido_sucesso,2025-05-23,1
C-CA-M-00381-03,CA-M-00381,caprino,2025-09-15,2025-09-15,concluido_sucesso,2026-02-12,1
C-CA-M-00382-00,CA-M-00382,caprino,2023-06-15,2023-06-15,concluido_sucesso,2023-11-12,1
C-CA-M-00382-01,CA-M-00382,caprino,2024-02-03,2024-02-03,concluido_sucesso,2024-07-02,1
C-CA-M-00382-02,CA-M-00382,caprino,2024-10-06,2024-10-26,concluido_sucesso,2025-03-25,2
C-CA-M-00382-03,CA-M-00382,caprino,2025-07-18,2025-07-18,concluido_sucesso,2025-12-15,1
C-CA-M-00382-04,CA-M-00382,caprino,2026-02-23,2026-02-23,concluido_sucesso,2026-07-23,1
C-CA-M-00383-00,CA-M-00383,caprino,2023-03-29,2023-03-29,concluido_sucesso,2023-08-26,1
C-CA-M-00383-01,CA-M-00383,caprino,2023-12-12,2023-12-12,concluido_sucesso,2024-05-10,1
C-CA-M-00383-02,CA-M-00383,caprino,2024-08-14,2024-08-14,concluido_sucesso,2025-01-11,1
C-CA-M-00383-03,CA-M-00383,caprino,2025-04-11,2025-05-03,concluido_sucesso,2025-09-30,2
C-CA-M-00383-04,CA-M-00383,caprino,2026-01-27,2026-01-27,concluido_sucesso,2026-06-26,1
C-CA-M-00384-00,CA-M-00384,caprino,2023-01-18,2023-02-26,concluido_falha,,3
C-CA-M-00384-01,CA-M-00384,caprino,2023-03-30,2023-03-30,concluido_sucesso,2023-08-27,1
C-CA-M-00384-02,CA-M-00384,caprino,2023-11-20,2023-12-30,concluido_falha,,3
C-CA-M-00384-03,CA-M-00384,caprino,2024-02-05,2024-02-05,concluido_sucesso,2024-07-04,1
C-CA-M-00384-04,CA-M-00384,caprino,2024-09-23,2024-11-01,concluido_sucesso,2025-03-31,3
C-CA-M-00384-05,CA-M-00384,caprino,2025-07-13,2025-08-20,concluido_falha,,3
C-CA-M-00385-00,CA-M-00385,caprino,2023-01-03,2023-01-03,concluido_sucesso,2023-06-02,1
C-CA-M-00385-01,CA-M-00385,caprino,2023-09-28,2023-09-28,concluido_sucesso,2024-02-25,1
C-CA-M-00385-02,CA-M-00385,caprino,2024-05-19,2024-05-19,concluido_sucesso,2024-10-16,1
C-CA-M-00386-00,CA-M-00386,caprino,2023-06-17,2023-06-17,concluido_sucesso,2023-11-14,1
C-CA-M-00386-01,CA-M-00386,caprino,2024-03-07,2024-03-07,concluido_sucesso,2024-08-04,1
C-CA-M-00386-02,CA-M-00386,caprino,2024-11-23,2024-12-11,concluido_sucesso,2025-05-10,2
C-CA-M-00386-03,CA-M-00386,caprino,2025-08-10,2025-08-10,concluido_sucesso,2026-01-07,1
C-CA-M-00386-04,CA-M-00386,caprino,2026-04-24,2026-04-24,concluido_sucesso,2026-09-21,1
C-CA-M-00387-00,CA-M-00387,caprino,2023-08-03,2023-08-03,concluido_sucesso,2023-12-31,1
C-CA-M-00387-01,CA-M-00387,caprino,2024-03-09,2024-04-21,concluido_sucesso,2024-09-18,3
C-CA-M-00387-02,CA-M-00387,caprino,2024-12-01,2024-12-01,concluido_sucesso,2025-04-30,1
C-CA-M-00387-03,CA-M-00387,caprino,2025-08-18,2025-08-18,concluido_sucesso,2026-01-15,1
C-CA-M-00388-00,CA-M-00388,caprino,2023-06-18,2023-07-09,concluido_sucesso,2023-12-06,2
C-CA-M-00388-01,CA-M-00388,caprino,2024-02-12,2024-02-12,concluido_sucesso,2024-07-11,1
C-CA-M-00388-02,CA-M-00388,caprino,2024-10-13,2024-11-26,concluido_falha,,3
C-CA-M-00388-03,CA-M-00388,caprino,2025-01-25,2025-01-25,concluido_sucesso,2025-06-24,1
C-CA-M-00389-00,CA-M-00389,caprino,2023-06-09,2023-06-09,concluido_sucesso,2023-11-06,1
C-CA-M-00389-01,CA-M-00389,caprino,2024-02-09,2024-02-28,concluido_sucesso,2024-07-27,2
C-CA-M-00389-02,CA-M-00389,caprino,2024-11-16,2024-11-16,concluido_sucesso,2025-04-15,1
C-CA-M-00389-03,CA-M-00389,caprino,2025-08-01,2025-08-20,concluido_sucesso,2026-01-17,2
C-CA-M-00390-00,CA-M-00390,caprino,2023-01-30,2023-01-30,concluido_sucesso,2023-06-29,1
C-CA-M-00390-01,CA-M-00390,caprino,2023-08-28,2023-10-12,concluido_sucesso,2024-03-10,3
C-CA-M-00390-02,CA-M-00390,caprino,2024-07-04,2024-07-04,concluido_sucesso,2024-12-01,1
C-CA-M-00390-03,CA-M-00390,caprino,2025-02-13,2025-02-13,concluido_sucesso,2025-07-13,1
C-CA-M-00390-04,CA-M-00390,caprino,2025-10-05,2025-10-05,concluido_sucesso,2026-03-04,1
C-CA-M-00391-00,CA-M-00391,caprino,2023-07-05,2023-07-05,concluido_sucesso,2023-12-02,1
C-CA-M-00391-01,CA-M-00391,caprino,2024-02-05,2024-02-23,concluido_sucesso,2024-07-22,2
C-CA-M-00391-02,CA-M-00391,caprino,2024-10-21,2024-10-21,concluido_sucesso,2025-03-20,1
C-CA-M-00391-03,CA-M-00391,caprino,2025-06-07,2025-06-28,concluido_sucesso,2025-11-25,2
C-CA-M-00391-04,CA-M-00391,caprino,2026-02-24,2026-02-24,concluido_sucesso,2026-07-24,1
C-CA-M-00392-00,CA-M-00392,caprino,2023-09-21,2023-09-21,concluido_sucesso,2024-02-18,1
C-CA-M-00392-01,CA-M-00392,caprino,2024-04-30,2024-06-15,concluido_sucesso,2024-11-12,3
C-CA-M-00392-02,CA-M-00392,caprino,2025-01-18,2025-02-25,concluido_sucesso,2025-07-25,3
C-CA-M-00392-03,CA-M-00392,caprino,2025-10-01,2025-10-01,concluido_sucesso,2026-02-28,1
C-CA-M-00393-00,CA-M-00393,caprino,2023-01-10,2023-01-10,concluido_sucesso,2023-06-09,1
C-CA-M-00393-01,CA-M-00393,caprino,2023-08-26,2023-08-26,concluido_sucesso,2024-01-23,1
C-CA-M-00393-02,CA-M-00393,caprino,2024-05-14,2024-05-14,concluido_sucesso,2024-10-11,1
C-CA-M-00393-03,CA-M-00393,caprino,2024-12-17,2024-12-17,concluido_sucesso,2025-05-16,1
C-CA-M-00393-04,CA-M-00393,caprino,2025-08-24,2025-09-15,concluido_sucesso,2026-02-12,2
C-CA-M-00394-00,CA-M-00394,caprino,2023-03-19,2023-03-19,concluido_sucesso,2023-08-16,1
C-CA-M-00394-01,CA-M-00394,caprino,2023-11-22,2023-11-22,concluido_sucesso,2024-04-20,1
C-CA-M-00394-02,CA-M-00394,caprino,2024-06-30,2024-06-30,concluido_sucesso,2024-11-27,1
C-CA-M-00395-00,CA-M-00395,caprino,2023-04-24,2023-05-13,concluido_sucesso,2023-10-10,2
C-CA-M-00396-00,CA-M-00396,caprino,2023-01-27,2023-02-15,concluido_sucesso,2023-07-15,2
C-CA-M-00396-01,CA-M-00396,caprino,2023-11-09,2023-12-03,concluido_sucesso,2024-05-01,2
C-CA-M-00396-02,CA-M-00396,caprino,2024-07-06,2024-07-27,concluido_sucesso,2024-12-24,2
C-CA-M-00396-03,CA-M-00396,caprino,2025-02-28,2025-03-24,concluido_sucesso,2025-08-21,2
C-CA-M-00396-04,CA-M-00396,caprino,2025-12-06,2025-12-06,concluido_sucesso,2026-05-05,1
C-CA-M-00397-00,CA-M-00397,caprino,2023-09-11,2023-09-11,concluido_sucesso,2024-02-08,1
C-CA-M-00397-01,CA-M-00397,caprino,2024-05-31,2024-07-07,concluido_falha,,3
C-CA-M-00397-02,CA-M-00397,caprino,2024-08-10,2024-09-20,concluido_falha,,3
C-CA-M-00397-03,CA-M-00397,caprino,2024-11-25,2025-01-08,concluido_falha,,3
C-CA-M-00397-04,CA-M-00397,caprino,2025-02-12,2025-02-12,concluido_sucesso,2025-07-12,1
C-CA-M-00397-05,CA-M-00397,caprino,2025-10-15,2025-10-15,concluido_sucesso,2026-03-14,1
C-CA-M-00398-00,CA-M-00398,caprino,2023-09-15,2023-10-03,concluido_sucesso,2024-03-01,2
C-CA-M-00398-01,CA-M-00398,caprino,2024-05-17,2024-05-17,concluido_sucesso,2024-10-14,1
C-CA-M-00398-02,CA-M-00398,caprino,2025-02-01,2025-02-01,concluido_sucesso,2025-07-01,1
C-CA-M-00398-03,CA-M-00398,caprino,2025-09-03,2025-09-03,concluido_sucesso,2026-01-31,1
C-CA-M-00399-00,CA-M-00399,caprino,2023-04-18,2023-04-18,concluido_sucesso,2023-09-15,1
C-CA-M-00399-01,CA-M-00399,caprino,2024-01-02,2024-01-02,concluido_sucesso,2024-05-31,1
C-CA-M-00399-02,CA-M-00399,caprino,2024-09-10,2024-09-10,concluido_sucesso,2025-02-07,1
C-CA-M-00399-03,CA-M-00399,caprino,2025-04-17,2025-05-07,concluido_sucesso,2025-10-04,2
C-CA-M-00400-00,CA-M-00400,caprino,2023-09-30,2023-09-30,concluido_sucesso,2024-02-27,1
C-CA-M-00400-01,CA-M-00400,caprino,2024-05-28,2024-05-28,concluido_sucesso,2024-10-25,1
C-CA-M-00400-02,CA-M-00400,caprino,2025-02-10,2025-02-10,concluido_sucesso,2025-07-10,1
C-CA-M-00400-03,CA-M-00400,caprino,2025-10-16,2025-11-29,concluido_falha,,3
C-CA-M-00400-04,CA-M-00400,caprino,2026-01-21,2026-03-05,concluido_falha,,3
C-CA-M-00401-00,CA-M-00401,caprino,2023-02-27,2023-04-09,concluido_falha,,3
C-CA-M-00401-01,CA-M-00401,caprino,2023-06-02,2023-06-24,concluido_sucesso,2023-11-21,2
C-CA-M-00401-02,CA-M-00401,caprino,2024-01-30,2024-01-30,concluido_sucesso,2024-06-28,1
C-CA-M-00401-03,CA-M-00401,caprino,2024-10-09,2024-11-19,concluido_sucesso,2025-04-18,3
C-CA-M-00402-00,CA-M-00402,caprino,2023-06-07,2023-07-01,concluido_sucesso,2023-11-28,2
C-CA-M-00402-01,CA-M-00402,caprino,2024-03-22,2024-03-22,concluido_sucesso,2024-08-19,1
C-CA-M-00402-02,CA-M-00402,caprino,2024-11-15,2024-11-15,concluido_sucesso,2025-04-14,1
C-CA-M-00402-03,CA-M-00402,caprino,2025-08-08,2025-08-08,concluido_sucesso,2026-01-05,1
C-CA-M-00402-04,CA-M-00402,caprino,2026-04-29,2026-04-29,concluido_falha,,1
C-CA-M-00403-00,CA-M-00403,caprino,2023-10-25,2023-10-25,concluido_sucesso,2024-03-23,1
C-CA-M-00403-01,CA-M-00403,caprino,2024-06-21,2024-06-21,concluido_sucesso,2024-11-18,1
C-CA-M-00403-02,CA-M-00403,caprino,2025-02-14,2025-02-14,concluido_sucesso,2025-07-14,1
C-CA-M-00403-03,CA-M-00403,caprino,2025-11-08,2025-11-08,concluido_sucesso,2026-04-07,1
C-CA-M-00404-00,CA-M-00404,caprino,2023-10-30,2023-10-30,concluido_sucesso,2024-03-28,1
C-CA-M-00404-01,CA-M-00404,caprino,2024-06-18,2024-06-18,concluido_sucesso,2024-11-15,1
C-CA-M-00404-02,CA-M-00404,caprino,2025-01-28,2025-02-17,concluido_sucesso,2025-07-17,2
C-CA-M-00405-00,CA-M-00405,caprino,2023-06-04,2023-06-04,concluido_sucesso,2023-11-01,1
C-CA-M-00406-00,CA-M-00406,caprino,2023-08-28,2023-09-17,concluido_sucesso,2024-02-14,2
C-CA-M-00406-01,CA-M-00406,caprino,2024-04-21,2024-05-11,concluido_sucesso,2024-10-08,2
C-CA-M-00406-02,CA-M-00406,caprino,2025-02-03,2025-02-22,concluido_sucesso,2025-07-22,2
C-CA-M-00406-03,CA-M-00406,caprino,2025-10-02,2025-10-02,concluido_sucesso,2026-03-01,1
C-CA-M-00407-00,CA-M-00407,caprino,2023-05-25,2023-05-25,concluido_sucesso,2023-10-22,1
C-CA-M-00407-01,CA-M-00407,caprino,2023-12-28,2024-01-16,concluido_sucesso,2024-06-14,2
C-CA-M-00407-02,CA-M-00407,caprino,2024-08-21,2024-08-21,concluido_sucesso,2025-01-18,1
C-CA-M-00407-03,CA-M-00407,caprino,2025-05-07,2025-05-07,concluido_sucesso,2025-10-04,1
C-CA-M-00407-04,CA-M-00407,caprino,2025-12-12,2026-01-04,concluido_sucesso,2026-06-03,2
C-CA-M-00408-00,CA-M-00408,caprino,2023-02-24,2023-02-24,concluido_sucesso,2023-07-24,1
C-CA-M-00408-01,CA-M-00408,caprino,2023-11-07,2023-11-07,concluido_sucesso,2024-04-05,1
C-CA-M-00408-02,CA-M-00408,caprino,2024-07-09,2024-07-09,concluido_sucesso,2024-12-06,1
C-CA-M-00408-03,CA-M-00408,caprino,2025-03-20,2025-03-20,concluido_sucesso,2025-08-17,1
C-CA-M-00408-04,CA-M-00408,caprino,2025-12-03,2025-12-03,concluido_sucesso,2026-05-02,1
C-CA-M-00409-00,CA-M-00409,caprino,2023-06-09,2023-06-09,concluido_sucesso,2023-11-06,1
C-CA-M-00409-01,CA-M-00409,caprino,2024-02-09,2024-02-09,concluido_sucesso,2024-07-08,1
C-CA-M-00409-02,CA-M-00409,caprino,2024-10-24,2024-10-24,concluido_sucesso,2025-03-23,1
C-CA-M-00409-03,CA-M-00409,caprino,2025-06-19,2025-06-19,concluido_sucesso,2025-11-16,1
C-CA-M-00409-04,CA-M-00409,caprino,2026-01-29,2026-02-17,concluido_sucesso,2026-07-17,2
C-CA-M-00410-00,CA-M-00410,caprino,2023-04-03,2023-04-03,concluido_sucesso,2023-08-31,1
C-CA-M-00410-01,CA-M-00410,caprino,2023-12-23,2024-01-11,concluido_sucesso,2024-06-09,2
C-CA-M-00410-02,CA-M-00410,caprino,2024-09-20,2024-10-13,concluido_sucesso,2025-03-12,2
C-CA-M-00410-03,CA-M-00410,caprino,2025-06-22,2025-06-22,concluido_sucesso,2025-11-19,1
C-CA-M-00410-04,CA-M-00410,caprino,2026-03-08,2026-03-30,concluido_sucesso,2026-08-27,2
C-CA-M-00411-00,CA-M-00411,caprino,2023-05-24,2023-05-24,concluido_sucesso,2023-10-21,1
C-CA-M-00411-01,CA-M-00411,caprino,2024-01-06,2024-01-06,concluido_sucesso,2024-06-04,1
C-CA-M-00411-02,CA-M-00411,caprino,2024-08-29,2024-08-29,concluido_sucesso,2025-01-26,1
C-CA-M-00411-03,CA-M-00411,caprino,2025-05-06,2025-05-06,concluido_sucesso,2025-10-03,1
C-CA-M-00412-00,CA-M-00412,caprino,2023-01-15,2023-01-15,concluido_sucesso,2023-06-14,1
C-CA-M-00412-01,CA-M-00412,caprino,2023-09-03,2023-10-14,concluido_sucesso,2024-03-12,3
C-CA-M-00412-02,CA-M-00412,caprino,2024-06-09,2024-06-09,concluido_sucesso,2024-11-06,1
C-CA-M-00412-03,CA-M-00412,caprino,2025-02-09,2025-02-09,concluido_sucesso,2025-07-09,1
C-CA-M-00412-04,CA-M-00412,caprino,2025-09-15,2025-10-30,concluido_falha,,3
C-CA-M-00412-05,CA-M-00412,caprino,2025-12-01,2025-12-01,concluido_sucesso,2026-04-30,1
C-CA-M-00413-00,CA-M-00413,caprino,2023-10-25,2023-12-07,concluido_sucesso,2024-05-05,3
C-CA-M-00413-01,CA-M-00413,caprino,2024-07-07,2024-07-27,concluido_sucesso,2024-12-24,2
C-CA-M-00413-02,CA-M-00413,caprino,2025-02-28,2025-02-28,concluido_sucesso,2025-07-28,1
C-CA-M-00413-03,CA-M-00413,caprino,2025-10-16,2025-10-16,concluido_sucesso,2026-03-15,1
C-CA-M-00414-00,CA-M-00414,caprino,2023-06-15,2023-06-15,concluido_sucesso,2023-11-12,1
C-CA-M-00414-01,CA-M-00414,caprino,2024-01-11,2024-01-11,concluido_sucesso,2024-06-09,1
C-CA-M-00414-02,CA-M-00414,caprino,2024-08-12,2024-09-02,concluido_sucesso,2025-01-30,2
C-CA-M-00414-03,CA-M-00414,caprino,2025-05-06,2025-05-06,concluido_sucesso,2025-10-03,1
C-CA-M-00414-04,CA-M-00414,caprino,2026-01-13,2026-01-13,concluido_sucesso,2026-06-12,1
C-CA-M-00415-00,CA-M-00415,caprino,2023-05-29,2023-05-29,concluido_sucesso,2023-10-26,1
C-CA-M-00415-01,CA-M-00415,caprino,2024-01-21,2024-01-21,concluido_sucesso,2024-06-19,1
C-CA-M-00415-02,CA-M-00415,caprino,2024-10-05,2024-10-05,concluido_sucesso,2025-03-04,1
C-CA-M-00416-00,CA-M-00416,caprino,2023-08-09,2023-09-01,concluido_sucesso,2024-01-29,2
C-CA-M-00416-01,CA-M-00416,caprino,2024-04-13,2024-04-13,concluido_sucesso,2024-09-10,1
C-CA-M-00416-02,CA-M-00416,caprino,2024-12-13,2024-12-13,concluido_sucesso,2025-05-12,1
C-CA-M-00416-03,CA-M-00416,caprino,2025-08-25,2025-08-25,concluido_sucesso,2026-01-22,1
C-CA-M-00416-04,CA-M-00416,caprino,2026-04-20,2026-04-20,concluido_sucesso,2026-09-17,1
C-CA-M-00417-00,CA-M-00417,caprino,2023-05-21,2023-06-13,concluido_sucesso,2023-11-10,2
C-CA-M-00417-01,CA-M-00417,caprino,2024-02-29,2024-02-29,concluido_sucesso,2024-07-28,1
C-CA-M-00417-02,CA-M-00417,caprino,2024-10-28,2024-10-28,concluido_sucesso,2025-03-27,1
C-CA-M-00418-00,CA-M-00418,caprino,2023-01-08,2023-01-08,concluido_sucesso,2023-06-07,1
C-CA-M-00418-01,CA-M-00418,caprino,2023-08-29,2023-09-22,concluido_sucesso,2024-02-19,2
C-CA-M-00418-02,CA-M-00418,caprino,2024-06-16,2024-06-16,concluido_sucesso,2024-11-13,1
C-CA-M-00418-03,CA-M-00418,caprino,2025-02-21,2025-03-15,concluido_sucesso,2025-08-12,2
C-CA-M-00418-04,CA-M-00418,caprino,2025-10-22,2025-10-22,concluido_sucesso,2026-03-21,1
C-CA-M-00419-00,CA-M-00419,caprino,2023-09-20,2023-10-08,concluido_sucesso,2024-03-06,2
C-CA-M-00419-01,CA-M-00419,caprino,2024-06-20,2024-06-20,concluido_sucesso,2024-11-17,1
C-CA-M-00419-02,CA-M-00419,caprino,2025-02-15,2025-02-15,concluido_sucesso,2025-07-15,1
C-CA-M-00419-03,CA-M-00419,caprino,2025-11-08,2025-11-08,concluido_sucesso,2026-04-07,1
C-CA-M-00420-00,CA-M-00420,caprino,2023-05-05,2023-05-05,concluido_sucesso,2023-10-02,1
C-CA-M-00420-01,CA-M-00420,caprino,2023-12-11,2023-12-11,concluido_sucesso,2024-05-09,1
C-CA-M-00420-02,CA-M-00420,caprino,2024-08-21,2024-09-13,concluido_sucesso,2025-02-10,2
C-CA-M-00421-00,CA-M-00421,caprino,2023-10-27,2023-11-14,concluido_sucesso,2024-04-12,2
C-CA-M-00421-01,CA-M-00421,caprino,2024-07-16,2024-08-05,concluido_sucesso,2025-01-02,2
C-CA-M-00421-02,CA-M-00421,caprino,2025-03-15,2025-03-15,concluido_sucesso,2025-08-12,1
C-CA-M-00421-03,CA-M-00421,caprino,2025-10-23,2025-10-23,concluido_sucesso,2026-03-22,1
C-CA-M-00422-00,CA-M-00422,caprino,2023-01-27,2023-01-27,concluido_sucesso,2023-06-26,1
C-CA-M-00422-01,CA-M-00422,caprino,2023-09-29,2023-09-29,concluido_sucesso,2024-02-26,1
C-CA-M-00422-02,CA-M-00422,caprino,2024-05-12,2024-06-03,concluido_sucesso,2024-10-31,2
C-CA-M-00423-00,CA-M-00423,caprino,2023-07-14,2023-07-14,concluido_sucesso,2023-12-11,1
C-CA-M-00423-01,CA-M-00423,caprino,2024-03-04,2024-04-15,concluido_falha,,3
C-CA-M-00423-02,CA-M-00423,caprino,2024-06-14,2024-06-14,concluido_sucesso,2024-11-11,1
C-CA-M-00423-03,CA-M-00423,caprino,2025-02-17,2025-03-11,concluido_sucesso,2025-08-08,2
C-CA-M-00423-04,CA-M-00423,caprino,2025-10-25,2025-10-25,concluido_sucesso,2026-03-24,1
C-CA-M-00424-00,CA-M-00424,caprino,2023-10-11,2023-10-29,concluido_sucesso,2024-03-27,2
C-CA-M-00424-01,CA-M-00424,caprino,2024-06-05,2024-06-05,concluido_sucesso,2024-11-02,1
C-CA-M-00424-02,CA-M-00424,caprino,2025-02-06,2025-02-06,concluido_sucesso,2025-07-06,1
C-CA-M-00425-00,CA-M-00425,caprino,2023-03-05,2023-03-05,concluido_sucesso,2023-08-02,1
C-CA-M-00425-01,CA-M-00425,caprino,2023-11-28,2023-11-28,concluido_sucesso,2024-04-26,1
C-CA-M-00425-02,CA-M-00425,caprino,2024-07-21,2024-08-31,concluido_sucesso,2025-01-28,3
C-CA-M-00425-03,CA-M-00425,caprino,2025-04-09,2025-04-09,concluido_sucesso,2025-09-06,1
C-CA-M-00425-04,CA-M-00425,caprino,2025-11-06,2025-11-06,concluido_sucesso,2026-04-05,1
C-CA-M-00426-00,CA-M-00426,caprino,2023-04-08,2023-04-27,concluido_sucesso,2023-09-24,2
C-CA-M-00426-01,CA-M-00426,caprino,2023-11-27,2023-11-27,concluido_sucesso,2024-04-25,1
C-CA-M-00426-02,CA-M-00426,caprino,2024-08-10,2024-09-25,concluido_falha,,3
C-CA-M-00427-00,CA-M-00427,caprino,2023-01-29,2023-02-17,concluido_sucesso,2023-07-17,2
C-CA-M-00427-01,CA-M-00427,caprino,2023-10-29,2023-11-16,concluido_sucesso,2024-04-14,2
C-CA-M-00427-02,CA-M-00427,caprino,2024-08-09,2024-08-09,concluido_sucesso,2025-01-06,1
C-CA-M-00427-03,CA-M-00427,caprino,2025-05-04,2025-05-04,concluido_sucesso,2025-10-01,1
C-CA-M-00427-04,CA-M-00427,caprino,2026-01-10,2026-01-10,concluido_sucesso,2026-06-09,1
C-CA-M-00428-00,CA-M-00428,caprino,2023-10-28,2023-12-07,concluido_sucesso,2024-05-05,3
C-CA-M-00428-01,CA-M-00428,caprino,2024-08-16,2024-08-16,concluido_sucesso,2025-01-13,1
C-CA-M-00428-02,CA-M-00428,caprino,2025-03-27,2025-03-27,concluido_sucesso,2025-08-24,1
C-CA-M-00428-03,CA-M-00428,caprino,2025-11-30,2026-01-10,concluido_sucesso,2026-06-09,3
C-CA-M-00429-00,CA-M-00429,caprino,2023-07-17,2023-08-05,concluido_sucesso,2024-01-02,2
C-CA-M-00429-01,CA-M-00429,caprino,2024-03-03,2024-03-03,concluido_sucesso,2024-07-31,1
C-CA-M-00429-02,CA-M-00429,caprino,2024-10-18,2024-10-18,concluido_sucesso,2025-03-17,1
C-CA-M-00430-00,CA-M-00430,caprino,2023-01-05,2023-01-05,concluido_sucesso,2023-06-04,1
C-CA-M-00430-01,CA-M-00430,caprino,2023-08-24,2023-10-07,concluido_falha,,3
C-CA-M-00430-02,CA-M-00430,caprino,2023-11-07,2023-12-17,concluido_falha,,3
C-CA-M-00430-03,CA-M-00430,caprino,2024-02-03,2024-03-11,concluido_sucesso,2024-08-08,3
C-CA-M-00430-04,CA-M-00430,caprino,2024-10-26,2024-10-26,concluido_sucesso,2025-03-25,1
C-CA-M-00430-05,CA-M-00430,caprino,2025-06-16,2025-07-31,concluido_sucesso,2025-12-28,3
C-CA-M-00431-00,CA-M-00431,caprino,2023-09-22,2023-09-22,concluido_sucesso,2024-02-19,1
C-CA-M-00431-01,CA-M-00431,caprino,2024-05-14,2024-05-14,concluido_sucesso,2024-10-11,1
C-CA-M-00431-02,CA-M-00431,caprino,2025-02-01,2025-02-01,concluido_sucesso,2025-07-01,1
C-CA-M-00431-03,CA-M-00431,caprino,2025-09-05,2025-09-05,concluido_sucesso,2026-02-02,1
C-CA-M-00432-00,CA-M-00432,caprino,2023-08-21,2023-09-09,concluido_sucesso,2024-02-06,2
C-CA-M-00432-01,CA-M-00432,caprino,2024-05-16,2024-05-16,concluido_sucesso,2024-10-13,1
C-CA-M-00433-00,CA-M-00433,caprino,2023-09-22,2023-09-22,concluido_sucesso,2024-02-19,1
C-CA-M-00433-01,CA-M-00433,caprino,2024-06-15,2024-06-15,concluido_sucesso,2024-11-12,1
C-CA-M-00433-02,CA-M-00433,caprino,2025-02-19,2025-02-19,concluido_sucesso,2025-07-19,1
C-CA-M-00433-03,CA-M-00433,caprino,2025-10-28,2025-10-28,concluido_sucesso,2026-03-27,1
C-CA-M-00434-00,CA-M-00434,caprino,2023-05-30,2023-05-30,concluido_sucesso,2023-10-27,1
C-CA-M-00434-01,CA-M-00434,caprino,2024-01-27,2024-01-27,concluido_sucesso,2024-06-25,1
C-CA-M-00434-02,CA-M-00434,caprino,2024-10-08,2024-10-31,concluido_sucesso,2025-03-30,2
C-CA-M-00434-03,CA-M-00434,caprino,2025-06-12,2025-06-12,concluido_sucesso,2025-11-09,1
C-CA-M-00434-04,CA-M-00434,caprino,2026-03-01,2026-03-01,concluido_sucesso,2026-07-29,1
C-CA-M-00435-00,CA-M-00435,caprino,2023-07-25,2023-07-25,concluido_sucesso,2023-12-22,1
C-CA-M-00435-01,CA-M-00435,caprino,2024-04-05,2024-04-05,concluido_sucesso,2024-09-02,1
C-CA-M-00435-02,CA-M-00435,caprino,2024-12-24,2025-02-08,concluido_falha,,3
C-CA-M-00435-03,CA-M-00435,caprino,2025-04-05,2025-04-26,concluido_sucesso,2025-09-23,2
C-CA-M-00435-04,CA-M-00435,caprino,2026-01-04,2026-01-04,concluido_sucesso,2026-06-03,1
C-CA-M-00436-00,CA-M-00436,caprino,2023-07-20,2023-07-20,concluido_sucesso,2023-12-17,1
C-CA-M-00436-01,CA-M-00436,caprino,2024-04-06,2024-04-06,concluido_sucesso,2024-09-03,1
C-CA-M-00436-02,CA-M-00436,caprino,2024-12-27,2024-12-27,concluido_sucesso,2025-05-26,1
C-CA-M-00436-03,CA-M-00436,caprino,2025-09-01,2025-09-01,concluido_sucesso,2026-01-29,1
C-CA-M-00437-00,CA-M-00437,caprino,2023-06-14,2023-06-14,concluido_sucesso,2023-11-11,1
C-CA-M-00437-01,CA-M-00437,caprino,2024-02-20,2024-02-20,concluido_sucesso,2024-07-19,1
C-CA-M-00437-02,CA-M-00437,caprino,2024-10-25,2024-11-13,concluido_sucesso,2025-04-12,2
C-CA-M-00437-03,CA-M-00437,caprino,2025-06-24,2025-08-06,concluido_falha,,3
C-CA-M-00437-04,CA-M-00437,caprino,2025-09-17,2025-10-27,concluido_falha,,3
C-CA-M-00437-05,CA-M-00437,caprino,2025-12-10,2025-12-10,concluido_sucesso,2026-05-09,1
C-CA-M-00438-00,CA-M-00438,caprino,2023-03-10,2023-04-23,concluido_sucesso,2023-09-20,3
C-CA-M-00438-01,CA-M-00438,caprino,2024-01-09,2024-01-28,concluido_sucesso,2024-06-26,2
C-CA-M-00439-00,CA-M-00439,caprino,2023-04-16,2023-04-16,concluido_sucesso,2023-09-13,1
C-CA-M-00439-01,CA-M-00439,caprino,2024-01-09,2024-01-09,concluido_sucesso,2024-06-07,1
C-CA-M-00439-02,CA-M-00439,caprino,2024-09-11,2024-09-11,concluido_sucesso,2025-02-08,1
C-CA-M-00439-03,CA-M-00439,caprino,2025-05-17,2025-05-17,concluido_sucesso,2025-10-14,1
C-CA-M-00439-04,CA-M-00439,caprino,2026-02-03,2026-02-03,concluido_sucesso,2026-07-03,1
C-CA-M-00440-00,CA-M-00440,caprino,2023-10-04,2023-10-04,concluido_sucesso,2024-03-02,1
C-CA-M-00440-01,CA-M-00440,caprino,2024-05-03,2024-05-03,concluido_sucesso,2024-09-30,1
C-CA-M-00440-02,CA-M-00440,caprino,2025-01-12,2025-01-12,concluido_sucesso,2025-06-11,1
C-CA-M-00440-03,CA-M-00440,caprino,2025-09-16,2025-09-16,concluido_sucesso,2026-02-13,1
C-CA-M-00440-04,CA-M-00440,caprino,2026-04-25,2026-04-25,concluido_falha,,1
C-CA-M-00441-00,CA-M-00441,caprino,2023-02-17,2023-03-08,concluido_sucesso,2023-08-05,2
C-CA-M-00441-01,CA-M-00441,caprino,2023-10-24,2023-12-10,concluido_falha,,3
C-CA-M-00441-02,CA-M-00441,caprino,2024-01-23,2024-01-23,concluido_sucesso,2024-06-21,1
C-CA-M-00441-03,CA-M-00441,caprino,2024-10-06,2024-10-06,concluido_sucesso,2025-03-05,1
C-CA-M-00442-00,CA-M-00442,caprino,2023-08-18,2023-08-18,concluido_sucesso,2024-01-15,1
C-CA-M-00443-00,CA-M-00443,caprino,2023-01-14,2023-01-14,concluido_sucesso,2023-06-13,1
C-CA-M-00443-01,CA-M-00443,caprino,2023-09-09,2023-09-30,concluido_sucesso,2024-02-27,2
C-CA-M-00443-02,CA-M-00443,caprino,2024-05-30,2024-06-19,concluido_sucesso,2024-11-16,2
C-CA-M-00443-03,CA-M-00443,caprino,2025-02-14,2025-02-14,concluido_sucesso,2025-07-14,1
C-CA-M-00443-04,CA-M-00443,caprino,2025-09-24,2025-09-24,concluido_sucesso,2026-02-21,1
C-CA-M-00444-00,CA-M-00444,caprino,2023-06-05,2023-06-05,concluido_sucesso,2023-11-02,1
C-CA-M-00444-01,CA-M-00444,caprino,2024-02-14,2024-02-14,concluido_sucesso,2024-07-13,1
C-CA-M-00444-02,CA-M-00444,caprino,2024-09-12,2024-10-06,concluido_sucesso,2025-03-05,2
C-CA-M-00444-03,CA-M-00444,caprino,2025-05-30,2025-05-30,concluido_sucesso,2025-10-27,1
C-CA-M-00444-04,CA-M-00444,caprino,2026-02-06,2026-02-06,concluido_sucesso,2026-07-06,1
C-CA-M-00445-00,CA-M-00445,caprino,2023-08-17,2023-08-17,concluido_sucesso,2024-01-14,1
C-CA-M-00445-01,CA-M-00445,caprino,2024-04-02,2024-04-02,concluido_sucesso,2024-08-30,1
C-CA-M-00445-02,CA-M-00445,caprino,2024-12-20,2024-12-20,concluido_sucesso,2025-05-19,1
C-CA-M-00446-00,CA-M-00446,caprino,2023-03-06,2023-04-17,concluido_sucesso,2023-09-14,3
C-CA-M-00446-01,CA-M-00446,caprino,2023-12-01,2023-12-19,concluido_sucesso,2024-05-17,2
C-CA-M-00446-02,CA-M-00446,caprino,2024-07-21,2024-09-03,concluido_falha,,3
C-CA-M-00447-00,CA-M-00447,caprino,2023-05-27,2023-05-27,concluido_sucesso,2023-10-24,1
C-CA-M-00447-01,CA-M-00447,caprino,2024-01-15,2024-01-15,concluido_sucesso,2024-06-13,1
C-CA-M-00447-02,CA-M-00447,caprino,2024-09-02,2024-09-02,concluido_sucesso,2025-01-30,1
C-CA-M-00447-03,CA-M-00447,caprino,2025-05-21,2025-05-21,concluido_sucesso,2025-10-18,1
C-CA-M-00447-04,CA-M-00447,caprino,2026-02-01,2026-02-01,concluido_sucesso,2026-07-01,1
C-CA-M-00448-00,CA-M-00448,caprino,2023-01-02,2023-02-11,concluido_sucesso,2023-07-11,3
C-CA-M-00448-01,CA-M-00448,caprino,2023-10-16,2023-10-16,concluido_sucesso,2024-03-14,1
C-CA-M-00448-02,CA-M-00448,caprino,2024-05-13,2024-05-31,concluido_sucesso,2024-10-28,2
C-CA-M-00448-03,CA-M-00448,caprino,2025-01-18,2025-03-03,concluido_falha,,3
C-CA-M-00448-04,CA-M-00448,caprino,2025-05-02,2025-05-25,concluido_sucesso,2025-10-22,2
C-CA-M-00448-05,CA-M-00448,caprino,2026-02-07,2026-02-07,concluido_sucesso,2026-07-07,1
C-CA-M-00449-00,CA-M-00449,caprino,2023-08-27,2023-09-14,concluido_sucesso,2024-02-11,2
C-CA-M-00449-01,CA-M-00449,caprino,2024-05-02,2024-05-26,concluido_sucesso,2024-10-23,2
C-CA-M-00449-02,CA-M-00449,caprino,2024-12-25,2024-12-25,concluido_sucesso,2025-05-24,1
C-CA-M-00449-03,CA-M-00449,caprino,2025-08-31,2025-10-10,concluido_falha,,3
C-CA-M-00449-04,CA-M-00449,caprino,2025-11-30,2025-11-30,concluido_sucesso,2026-04-29,1
C-CA-M-00450-00,CA-M-00450,caprino,2023-01-02,2023-01-02,concluido_sucesso,2023-06-01,1
C-CA-M-00450-01,CA-M-00450,caprino,2023-08-29,2023-09-18,concluido_sucesso,2024-02-15,2
C-CA-M-00450-02,CA-M-00450,caprino,2024-05-19,2024-05-19,concluido_sucesso,2024-10-16,1
C-CA-M-00450-03,CA-M-00450,caprino,2024-12-25,2025-01-18,concluido_sucesso,2025-06-17,2
C-CA-M-00450-04,CA-M-00450,caprino,2025-10-12,2025-11-02,concluido_sucesso,2026-04-01,2
C-CA-M-00451-00,CA-M-00451,caprino,2023-09-23,2023-09-23,concluido_sucesso,2024-02-20,1
C-CA-M-00451-01,CA-M-00451,caprino,2024-05-11,2024-05-30,concluido_sucesso,2024-10-27,2
C-CA-M-00451-02,CA-M-00451,caprino,2025-01-17,2025-02-26,concluido_falha,,3
C-CA-M-00451-03,CA-M-00451,caprino,2025-04-02,2025-05-13,concluido_falha,,3
C-CA-M-00451-04,CA-M-00451,caprino,2025-07-18,2025-09-02,concluido_falha,,3
C-CA-M-00452-00,CA-M-00452,caprino,2023-06-08,2023-07-25,concluido_sucesso,2023-12-22,3
C-CA-M-00452-01,CA-M-00452,caprino,2024-04-18,2024-04-18,concluido_sucesso,2024-09-15,1
C-CA-M-00452-02,CA-M-00452,caprino,2024-12-03,2024-12-03,concluido_sucesso,2025-05-02,1
C-CA-M-00452-03,CA-M-00452,caprino,2025-08-17,2025-08-17,concluido_sucesso,2026-01-14,1
C-CA-M-00452-04,CA-M-00452,caprino,2026-04-11,2026-04-11,concluido_falha,,1
C-CA-M-00453-00,CA-M-00453,caprino,2023-09-15,2023-10-09,concluido_sucesso,2024-03-07,2
C-CA-M-00453-01,CA-M-00453,caprino,2024-06-02,2024-06-02,concluido_sucesso,2024-10-30,1
C-CA-M-00453-02,CA-M-00453,caprino,2024-12-31,2024-12-31,concluido_sucesso,2025-05-30,1
C-CA-M-00453-03,CA-M-00453,caprino,2025-08-07,2025-08-07,concluido_sucesso,2026-01-04,1
C-CA-M-00453-04,CA-M-00453,caprino,2026-04-22,2026-04-22,concluido_sucesso,2026-09-19,1
C-CA-M-00454-00,CA-M-00454,caprino,2023-08-13,2023-08-13,concluido_sucesso,2024-01-10,1
C-CA-M-00454-01,CA-M-00454,caprino,2024-04-14,2024-04-14,concluido_sucesso,2024-09-11,1
C-CA-M-00454-02,CA-M-00454,caprino,2024-11-10,2024-11-10,concluido_sucesso,2025-04-09,1
C-CA-M-00454-03,CA-M-00454,caprino,2025-06-15,2025-06-15,concluido_sucesso,2025-11-12,1
C-CA-M-00454-04,CA-M-00454,caprino,2026-03-02,2026-04-15,concluido_sucesso,2026-09-12,3
C-CA-M-00455-00,CA-M-00455,caprino,2023-08-06,2023-09-16,concluido_falha,,3
C-CA-M-00455-01,CA-M-00455,caprino,2023-11-10,2023-12-02,concluido_sucesso,2024-04-30,2
C-CA-M-00456-00,CA-M-00456,caprino,2023-10-01,2023-10-01,concluido_sucesso,2024-02-28,1
C-CA-M-00456-01,CA-M-00456,caprino,2024-05-29,2024-05-29,concluido_sucesso,2024-10-26,1
C-CA-M-00456-02,CA-M-00456,caprino,2025-02-08,2025-02-08,concluido_sucesso,2025-07-08,1
C-CA-M-00456-03,CA-M-00456,caprino,2025-10-22,2025-10-22,concluido_sucesso,2026-03-21,1
C-CA-M-00457-00,CA-M-00457,caprino,2023-05-20,2023-05-20,concluido_sucesso,2023-10-17,1
C-CA-M-00457-01,CA-M-00457,caprino,2024-02-04,2024-02-25,concluido_sucesso,2024-07-24,2
C-CA-M-00457-02,CA-M-00457,caprino,2024-10-30,2024-12-13,concluido_falha,,3
C-CA-M-00457-03,CA-M-00457,caprino,2025-01-27,2025-01-27,concluido_sucesso,2025-06-26,1
C-CA-M-00457-04,CA-M-00457,caprino,2025-08-30,2025-10-16,concluido_falha,,3
C-CA-M-00458-00,CA-M-00458,caprino,2023-03-24,2023-03-24,concluido_sucesso,2023-08-21,1
C-CA-M-00458-01,CA-M-00458,caprino,2023-12-17,2024-01-08,concluido_sucesso,2024-06-06,2
C-CA-M-00458-02,CA-M-00458,caprino,2024-09-21,2024-09-21,concluido_sucesso,2025-02-18,1
C-CA-M-00458-03,CA-M-00458,caprino,2025-04-26,2025-04-26,concluido_sucesso,2025-09-23,1
C-CA-M-00458-04,CA-M-00458,caprino,2025-12-04,2026-01-13,concluido_falha,,3
C-CA-M-00458-05,CA-M-00458,caprino,2026-03-13,2026-04-26,concluido_falha,,3
C-CA-M-00459-00,CA-M-00459,caprino,2023-01-05,2023-01-05,concluido_sucesso,2023-06-04,1
C-CA-M-00459-01,CA-M-00459,caprino,2023-09-29,2023-09-29,concluido_sucesso,2024-02-26,1
C-CA-M-00459-02,CA-M-00459,caprino,2024-05-07,2024-05-07,concluido_sucesso,2024-10-04,1
C-CA-M-00459-03,CA-M-00459,caprino,2025-01-13,2025-01-13,concluido_sucesso,2025-06-12,1
C-CA-M-00459-04,CA-M-00459,caprino,2025-09-14,2025-09-14,concluido_sucesso,2026-02-11,1
C-CA-M-00460-00,CA-M-00460,caprino,2023-09-13,2023-09-13,concluido_sucesso,2024-02-10,1
C-CA-M-00460-01,CA-M-00460,caprino,2024-05-18,2024-05-18,concluido_sucesso,2024-10-15,1
C-CA-M-00460-02,CA-M-00460,caprino,2025-02-11,2025-02-11,concluido_sucesso,2025-07-11,1
C-CA-M-00460-03,CA-M-00460,caprino,2025-11-06,2025-11-06,concluido_sucesso,2026-04-05,1
C-CA-M-00461-00,CA-M-00461,caprino,2023-05-17,2023-05-17,concluido_sucesso,2023-10-14,1
C-CA-M-00461-01,CA-M-00461,caprino,2024-02-01,2024-02-21,concluido_sucesso,2024-07-20,2
C-CA-M-00461-02,CA-M-00461,caprino,2024-11-14,2024-11-14,concluido_sucesso,2025-04-13,1
C-CA-M-00461-03,CA-M-00461,caprino,2025-07-02,2025-08-15,concluido_falha,,3
C-CA-M-00461-04,CA-M-00461,caprino,2025-09-25,2025-10-14,concluido_sucesso,2026-03-13,2
C-CA-M-00462-00,CA-M-00462,caprino,2023-09-30,2023-10-21,concluido_sucesso,2024-03-19,2
C-CA-M-00462-01,CA-M-00462,caprino,2024-07-15,2024-07-15,concluido_sucesso,2024-12-12,1
C-CA-M-00462-02,CA-M-00462,caprino,2025-04-03,2025-04-03,concluido_sucesso,2025-08-31,1
C-CA-M-00462-03,CA-M-00462,caprino,2025-12-01,2025-12-01,concluido_sucesso,2026-04-30,1
C-CA-M-00463-00,CA-M-00463,caprino,2023-01-16,2023-01-16,concluido_sucesso,2023-06-15,1
C-CA-M-00463-01,CA-M-00463,caprino,2023-09-21,2023-09-21,concluido_sucesso,2024-02-18,1
C-CA-M-00463-02,CA-M-00463,caprino,2024-05-31,2024-05-31,concluido_sucesso,2024-10-28,1
C-CA-M-00463-03,CA-M-00463,caprino,2025-02-20,2025-02-20,concluido_sucesso,2025-07-20,1
C-CA-M-00463-04,CA-M-00463,caprino,2025-10-08,2025-10-08,concluido_sucesso,2026-03-07,1
C-CA-M-00464-00,CA-M-00464,caprino,2023-07-03,2023-07-23,concluido_sucesso,2023-12-20,2
C-CA-M-00464-01,CA-M-00464,caprino,2024-03-01,2024-03-01,concluido_sucesso,2024-07-29,1
C-CA-M-00464-02,CA-M-00464,caprino,2024-11-15,2024-11-15,concluido_sucesso,2025-04-14,1
C-CA-M-00464-03,CA-M-00464,caprino,2025-07-04,2025-07-04,concluido_sucesso,2025-12-01,1
C-CA-M-00465-00,CA-M-00465,caprino,2023-01-27,2023-02-20,concluido_sucesso,2023-07-20,2
C-CA-M-00465-01,CA-M-00465,caprino,2023-10-10,2023-10-28,concluido_sucesso,2024-03-26,2
C-CA-M-00465-02,CA-M-00465,caprino,2024-07-21,2024-07-21,concluido_sucesso,2024-12-18,1
C-CA-M-00466-00,CA-M-00466,caprino,2023-08-19,2023-08-19,concluido_sucesso,2024-01-16,1
C-CA-M-00466-01,CA-M-00466,caprino,2024-04-20,2024-05-09,concluido_sucesso,2024-10-06,2
C-CA-M-00466-02,CA-M-00466,caprino,2025-01-09,2025-01-09,concluido_sucesso,2025-06-08,1
C-CA-M-00466-03,CA-M-00466,caprino,2025-08-11,2025-08-11,concluido_sucesso,2026-01-08,1
C-CA-M-00466-04,CA-M-00466,caprino,2026-03-20,2026-04-08,concluido_sucesso,2026-09-05,2
C-CA-M-00467-00,CA-M-00467,caprino,2023-08-12,2023-08-12,concluido_sucesso,2024-01-09,1
C-CA-M-00467-01,CA-M-00467,caprino,2024-05-01,2024-05-01,concluido_sucesso,2024-09-28,1
C-CA-M-00467-02,CA-M-00467,caprino,2024-12-01,2024-12-01,concluido_sucesso,2025-04-30,1
C-CA-M-00467-03,CA-M-00467,caprino,2025-07-24,2025-09-05,concluido_sucesso,2026-02-02,3
C-CA-M-00468-00,CA-M-00468,caprino,2023-07-11,2023-07-11,concluido_sucesso,2023-12-08,1
C-CA-M-00468-01,CA-M-00468,caprino,2024-03-25,2024-03-25,concluido_sucesso,2024-08-22,1
C-CA-M-00468-02,CA-M-00468,caprino,2024-11-19,2024-11-19,concluido_sucesso,2025-04-18,1
C-CA-M-00468-03,CA-M-00468,caprino,2025-06-24,2025-06-24,concluido_sucesso,2025-11-21,1
C-CA-M-00468-04,CA-M-00468,caprino,2026-02-28,2026-02-28,concluido_sucesso,2026-07-28,1
C-CA-M-00469-00,CA-M-00469,caprino,2023-07-02,2023-08-13,concluido_sucesso,2024-01-10,3
C-CA-M-00469-01,CA-M-00469,caprino,2024-04-08,2024-04-08,concluido_sucesso,2024-09-05,1
C-CA-M-00470-00,CA-M-00470,caprino,2023-05-04,2023-06-16,concluido_sucesso,2023-11-13,3
C-CA-M-00470-01,CA-M-00470,caprino,2024-01-22,2024-02-09,concluido_sucesso,2024-07-08,2
C-CA-M-00470-02,CA-M-00470,caprino,2024-09-06,2024-09-06,concluido_sucesso,2025-02-03,1
C-CA-M-00470-03,CA-M-00470,caprino,2025-04-15,2025-04-15,concluido_sucesso,2025-09-12,1
C-CA-M-00470-04,CA-M-00470,caprino,2026-01-01,2026-01-01,concluido_sucesso,2026-05-31,1
C-CA-M-00471-00,CA-M-00471,caprino,2023-10-22,2023-10-22,concluido_sucesso,2024-03-20,1
C-CA-M-00471-01,CA-M-00471,caprino,2024-07-17,2024-07-17,concluido_sucesso,2024-12-14,1
C-CA-M-00471-02,CA-M-00471,caprino,2025-04-03,2025-04-24,concluido_sucesso,2025-09-21,2
C-CA-M-00472-00,CA-M-00472,caprino,2023-06-01,2023-06-20,concluido_sucesso,2023-11-17,2
C-CA-M-00472-01,CA-M-00472,caprino,2024-02-26,2024-02-26,concluido_sucesso,2024-07-25,1
C-CA-M-00472-02,CA-M-00472,caprino,2024-11-12,2024-11-12,concluido_sucesso,2025-04-11,1
C-CA-M-00473-00,CA-M-00473,caprino,2023-09-02,2023-09-25,concluido_sucesso,2024-02-22,2
C-CA-M-00473-01,CA-M-00473,caprino,2024-06-09,2024-06-09,concluido_sucesso,2024-11-06,1
C-CA-M-00474-00,CA-M-00474,caprino,2023-03-31,2023-03-31,concluido_sucesso,2023-08-28,1
C-CA-M-00474-01,CA-M-00474,caprino,2023-11-22,2023-12-11,concluido_sucesso,2024-05-09,2
C-CA-M-00474-02,CA-M-00474,caprino,2024-07-08,2024-07-08,concluido_sucesso,2024-12-05,1
C-CA-M-00474-03,CA-M-00474,caprino,2025-03-31,2025-03-31,concluido_sucesso,2025-08-28,1
C-CA-M-00474-04,CA-M-00474,caprino,2025-12-03,2025-12-03,concluido_sucesso,2026-05-02,1
C-CA-M-00475-00,CA-M-00475,caprino,2023-09-05,2023-09-05,concluido_sucesso,2024-02-02,1
C-CA-M-00475-01,CA-M-00475,caprino,2024-05-16,2024-05-16,concluido_sucesso,2024-10-13,1
C-CA-M-00475-02,CA-M-00475,caprino,2025-01-09,2025-01-09,concluido_sucesso,2025-06-08,1
C-CA-M-00475-03,CA-M-00475,caprino,2025-08-28,2025-10-07,concluido_sucesso,2026-03-06,3
C-CA-M-00476-00,CA-M-00476,caprino,2023-03-08,2023-03-08,concluido_sucesso,2023-08-05,1
C-CA-M-00476-01,CA-M-00476,caprino,2023-10-28,2023-10-28,concluido_sucesso,2024-03-26,1
C-CA-M-00476-02,CA-M-00476,caprino,2024-07-19,2024-08-10,concluido_sucesso,2025-01-07,2
C-CA-M-00476-03,CA-M-00476,caprino,2025-03-18,2025-05-01,concluido_sucesso,2025-09-28,3
C-CA-M-00476-04,CA-M-00476,caprino,2025-11-29,2026-01-11,concluido_sucesso,2026-06-10,3
C-CA-M-00477-00,CA-M-00477,caprino,2023-03-30,2023-03-30,concluido_sucesso,2023-08-27,1
C-CA-M-00477-01,CA-M-00477,caprino,2023-11-05,2023-12-21,concluido_falha,,3
C-CA-M-00477-02,CA-M-00477,caprino,2024-02-15,2024-02-15,concluido_sucesso,2024-07-14,1
C-CA-M-00477-03,CA-M-00477,caprino,2024-09-28,2024-09-28,concluido_sucesso,2025-02-25,1
C-CA-M-00477-04,CA-M-00477,caprino,2025-05-31,2025-05-31,concluido_sucesso,2025-10-28,1
C-CA-M-00478-00,CA-M-00478,caprino,2023-05-05,2023-05-05,concluido_sucesso,2023-10-02,1
C-CA-M-00478-01,CA-M-00478,caprino,2024-01-12,2024-02-05,concluido_sucesso,2024-07-04,2
C-CA-M-00478-02,CA-M-00478,caprino,2024-10-08,2024-10-08,concluido_sucesso,2025-03-07,1
C-CA-M-00478-03,CA-M-00478,caprino,2025-06-15,2025-06-15,concluido_sucesso,2025-11-12,1
C-CA-M-00478-04,CA-M-00478,caprino,2026-02-11,2026-03-19,concluido_falha,,3
C-CA-M-00479-00,CA-M-00479,caprino,2023-08-09,2023-08-09,concluido_sucesso,2024-01-06,1
C-CA-M-00479-01,CA-M-00479,caprino,2024-03-17,2024-03-17,concluido_sucesso,2024-08-14,1
C-CA-M-00479-02,CA-M-00479,caprino,2024-10-30,2024-10-30,concluido_sucesso,2025-03-29,1
C-CA-M-00479-03,CA-M-00479,caprino,2025-06-08,2025-06-08,concluido_sucesso,2025-11-05,1
C-CA-M-00480-00,CA-M-00480,caprino,2023-05-26,2023-05-26,concluido_sucesso,2023-10-23,1
C-CA-M-00480-01,CA-M-00480,caprino,2024-02-02,2024-02-02,concluido_sucesso,2024-07-01,1
C-CA-M-00480-02,CA-M-00480,caprino,2024-10-24,2024-10-24,concluido_sucesso,2025-03-23,1
C-CA-M-00481-00,CA-M-00481,caprino,2023-06-16,2023-07-31,concluido_falha,,3
C-CA-M-00481-01,CA-M-00481,caprino,2023-10-07,2023-10-07,concluido_sucesso,2024-03-05,1
C-CA-M-00481-02,CA-M-00481,caprino,2024-05-31,2024-07-12,concluido_sucesso,2024-12-09,3
C-CA-M-00481-03,CA-M-00481,caprino,2025-02-10,2025-03-30,concluido_falha,,3
C-CA-M-00481-04,CA-M-00481,caprino,2025-06-03,2025-06-25,concluido_sucesso,2025-11-22,2
C-CA-M-00481-05,CA-M-00481,caprino,2026-03-21,2026-04-14,concluido_sucesso,2026-09-11,2
C-CA-M-00482-00,CA-M-00482,caprino,2023-09-29,2023-09-29,concluido_sucesso,2024-02-26,1
C-CA-M-00482-01,CA-M-00482,caprino,2024-05-04,2024-05-04,concluido_sucesso,2024-10-01,1
C-CA-M-00482-02,CA-M-00482,caprino,2024-12-17,2024-12-17,concluido_sucesso,2025-05-16,1
C-CA-M-00482-03,CA-M-00482,caprino,2025-08-08,2025-08-08,concluido_sucesso,2026-01-05,1
C-CA-M-00482-04,CA-M-00482,caprino,2026-03-16,2026-03-16,concluido_sucesso,2026-08-13,1
C-CA-M-00483-00,CA-M-00483,caprino,2023-07-28,2023-09-12,concluido_sucesso,2024-02-09,3
C-CA-M-00483-01,CA-M-00483,caprino,2024-05-12,2024-05-12,concluido_sucesso,2024-10-09,1
C-CA-M-00483-02,CA-M-00483,caprino,2024-12-15,2024-12-15,concluido_sucesso,2025-05-14,1
C-CA-M-00483-03,CA-M-00483,caprino,2025-08-25,2025-08-25,concluido_sucesso,2026-01-22,1
C-CA-M-00483-04,CA-M-00483,caprino,2026-04-02,2026-04-22,concluido_falha,,2
C-CA-M-00484-00,CA-M-00484,caprino,2023-04-29,2023-05-20,concluido_sucesso,2023-10-17,2
C-CA-M-00484-01,CA-M-00484,caprino,2024-01-24,2024-01-24,concluido_sucesso,2024-06-22,1
C-CA-M-00484-02,CA-M-00484,caprino,2024-09-13,2024-09-13,concluido_sucesso,2025-02-10,1
C-CA-M-00485-00,CA-M-00485,caprino,2023-07-14,2023-07-14,concluido_sucesso,2023-12-11,1
C-CA-M-00485-01,CA-M-00485,caprino,2024-04-07,2024-04-30,concluido_sucesso,2024-09-27,2
C-CA-M-00485-02,CA-M-00485,caprino,2024-12-13,2025-01-19,concluido_falha,,3
C-CA-M-00485-03,CA-M-00485,caprino,2025-03-14,2025-03-14,concluido_sucesso,2025-08-11,1
C-CA-M-00485-04,CA-M-00485,caprino,2025-12-02,2025-12-02,concluido_sucesso,2026-05-01,1
C-CA-M-00486-00,CA-M-00486,caprino,2023-02-09,2023-03-26,concluido_sucesso,2023-08-23,3
C-CA-M-00486-01,CA-M-00486,caprino,2023-11-30,2023-11-30,concluido_sucesso,2024-04-28,1
C-CA-M-00486-02,CA-M-00486,caprino,2024-07-14,2024-07-14,concluido_sucesso,2024-12-11,1
C-CA-M-00486-03,CA-M-00486,caprino,2025-02-18,2025-02-18,concluido_sucesso,2025-07-18,1
C-CA-M-00486-04,CA-M-00486,caprino,2025-10-05,2025-10-05,concluido_sucesso,2026-03-04,1
C-CA-M-00487-00,CA-M-00487,caprino,2023-07-09,2023-07-09,concluido_sucesso,2023-12-06,1
C-CA-M-00487-01,CA-M-00487,caprino,2024-03-27,2024-03-27,concluido_sucesso,2024-08-24,1
C-CA-M-00487-02,CA-M-00487,caprino,2024-11-30,2024-11-30,concluido_sucesso,2025-04-29,1
C-CA-M-00487-03,CA-M-00487,caprino,2025-07-29,2025-07-29,concluido_sucesso,2025-12-26,1
C-CA-M-00487-04,CA-M-00487,caprino,2026-04-08,2026-04-29,concluido_sucesso,2026-09-26,2
C-CA-M-00488-00,CA-M-00488,caprino,2023-03-11,2023-04-04,concluido_sucesso,2023-09-01,2
C-CA-M-00488-01,CA-M-00488,caprino,2023-12-04,2023-12-04,concluido_sucesso,2024-05-02,1
C-CA-M-00488-02,CA-M-00488,caprino,2024-08-16,2024-08-16,concluido_sucesso,2025-01-13,1
C-CA-M-00489-00,CA-M-00489,caprino,2023-07-25,2023-07-25,concluido_sucesso,2023-12-22,1
C-CA-M-00489-01,CA-M-00489,caprino,2024-04-03,2024-04-03,concluido_sucesso,2024-08-31,1
C-CA-M-00489-02,CA-M-00489,caprino,2024-11-08,2024-11-08,concluido_sucesso,2025-04-07,1
C-CA-M-00489-03,CA-M-00489,caprino,2025-07-16,2025-08-30,concluido_sucesso,2026-01-27,3
C-CA-M-00490-00,CA-M-00490,caprino,2023-02-25,2023-02-25,concluido_sucesso,2023-07-25,1
C-CA-M-00490-01,CA-M-00490,caprino,2023-10-24,2023-10-24,concluido_sucesso,2024-03-22,1
C-CA-M-00490-02,CA-M-00490,caprino,2024-07-02,2024-07-02,concluido_sucesso,2024-11-29,1
C-CA-M-00490-03,CA-M-00490,caprino,2025-03-04,2025-03-04,concluido_sucesso,2025-08-01,1
C-CA-M-00491-00,CA-M-00491,caprino,2023-03-27,2023-03-27,concluido_sucesso,2023-08-24,1
C-CA-M-00491-01,CA-M-00491,caprino,2023-11-02,2023-11-02,concluido_sucesso,2024-03-31,1
C-CA-M-00491-02,CA-M-00491,caprino,2024-06-22,2024-06-22,concluido_sucesso,2024-11-19,1
C-CA-M-00491-03,CA-M-00491,caprino,2025-01-24,2025-03-06,concluido_falha,,3
C-CA-M-00491-04,CA-M-00491,caprino,2025-05-11,2025-05-11,concluido_sucesso,2025-10-08,1
C-CA-M-00491-05,CA-M-00491,caprino,2026-01-26,2026-01-26,concluido_sucesso,2026-06-25,1
C-CA-M-00492-00,CA-M-00492,caprino,2023-06-28,2023-06-28,concluido_sucesso,2023-11-25,1
C-CA-M-00492-01,CA-M-00492,caprino,2024-03-02,2024-03-02,concluido_sucesso,2024-07-30,1
C-CA-M-00493-00,CA-M-00493,caprino,2023-08-22,2023-10-07,concluido_falha,,3
C-CA-M-00493-01,CA-M-00493,caprino,2023-12-14,2023-12-14,concluido_sucesso,2024-05-12,1
C-CA-M-00493-02,CA-M-00493,caprino,2024-07-20,2024-07-20,concluido_sucesso,2024-12-17,1
C-CA-M-00493-03,CA-M-00493,caprino,2025-02-24,2025-03-15,concluido_sucesso,2025-08-12,2
C-CA-M-00493-04,CA-M-00493,caprino,2025-10-20,2025-12-03,concluido_falha,,3
C-CA-M-00494-00,CA-M-00494,caprino,2023-05-03,2023-05-03,concluido_sucesso,2023-09-30,1
C-CA-M-00495-00,CA-M-00495,caprino,2023-06-16,2023-07-30,concluido_sucesso,2023-12-27,3
C-CA-M-00495-01,CA-M-00495,caprino,2024-03-29,2024-05-09,concluido_falha,,3
C-CA-M-00495-02,CA-M-00495,caprino,2024-06-20,2024-06-20,concluido_sucesso,2024-11-17,1
C-CA-M-00495-03,CA-M-00495,caprino,2025-03-07,2025-03-07,concluido_sucesso,2025-08-04,1
C-CA-M-00496-00,CA-M-00496,caprino,2023-05-05,2023-05-05,concluido_sucesso,2023-10-02,1
C-CA-M-00496-01,CA-M-00496,caprino,2024-01-08,2024-01-08,concluido_sucesso,2024-06-06,1
C-CA-M-00496-02,CA-M-00496,caprino,2024-09-07,2024-10-15,concluido_sucesso,2025-03-14,3
C-CA-M-00497-00,CA-M-00497,caprino,2023-08-31,2023-09-23,concluido_sucesso,2024-02-20,2
C-CA-M-00497-01,CA-M-00497,caprino,2024-05-10,2024-05-10,concluido_sucesso,2024-10-07,1
C-CA-M-00497-02,CA-M-00497,caprino,2025-01-30,2025-02-19,concluido_sucesso,2025-07-19,2
C-CA-M-00497-03,CA-M-00497,caprino,2025-11-12,2025-11-12,concluido_sucesso,2026-04-11,1
C-CA-M-00498-00,CA-M-00498,caprino,2023-05-17,2023-06-23,concluido_falha,,3
C-CA-M-00498-01,CA-M-00498,caprino,2023-08-30,2023-09-17,concluido_sucesso,2024-02-14,2
C-CA-M-00499-00,CA-M-00499,caprino,2023-02-11,2023-03-02,concluido_sucesso,2023-07-30,2
C-CA-M-00499-01,CA-M-00499,caprino,2023-10-19,2023-11-27,concluido_falha,,3
C-CA-M-00499-02,CA-M-00499,caprino,2023-12-31,2023-12-31,concluido_sucesso,2024-05-29,1
C-CA-M-00499-03,CA-M-00499,caprino,2024-08-10,2024-08-10,concluido_sucesso,2025-01-07,1
C-CA-M-00499-04,CA-M-00499,caprino,2025-03-28,2025-04-19,concluido_sucesso,2025-09-16,2
C-CA-M-00499-05,CA-M-00499,caprino,2025-11-24,2025-11-24,concluido_sucesso,2026-04-23,1
