ciclo_id,matriz_id,especie,data_inicio,data_fim,status,parto_data,tentativas
C-BO-M-00000-00,BO-M-00000,bovino,2023-02-20,2023-03-21,concluido_sucesso,2023-12-29,2
C-BO-M-00000-01,BO-M-00000,bovino,2024-04-17,2024-06-13,concluido_falha,,3
C-BO-M-00000-02,BO-M-00000,bovino,2024-07-17,2024-07-17,concluido_sucesso,2025-04-26,1
C-BO-M-00000-03,BO-M-00000,bovino,2025-08-13,2025-08-13,concluido_sucesso,2026-05-23,1
C-BO-M-00001-00,BO-M-00001,bovino,2023-07-24,2023-09-22,concluido_sucesso,2024-07-01,3
C-BO-M-00001-01,BO-M-00001,bovino,2024-09-28,2024-11-14,concluido_sucesso,2025-08-24,3
C-BO-M-00001-02,BO-M-00001,bovino,2025-12-18,2025-12-18,concluido_sucesso,2026-09-27,1
C-BO-M-00002-00,BO-M-00002,bovino,2023-04-27,2023-05-27,concluido_sucesso,2024-03-05,2
C-BO-M-00002-01,BO-M-00002,bovino,2024-06-02,2024-07-31,concluido_falha,,3
C-BO-M-00002-02,BO-M-00002,bovino,2024-09-11,2024-10-29,concluido_falha,,3
C-BO-M-00002-03,BO-M-00002,bovino,2025-01-02,2025-02-23,concluido_falha,,3
C-BO-M-00002-04,BO-M-00002,bovino,2025-04-16,2025-06-14,concluido_falha,,3
C-BO-M-00002-05,BO-M-00002,bovino,2025-07-16,2025-09-06,concluido_falha,,3
C-BO-M-00003-00,BO-M-00003,bovino,2023-04-22,2023-04-22,concluido_sucesso,2024-01-30,1
C-BO-M-00003-01,BO-M-00003,bovino,2024-05-10,2024-05-10,concluido_sucesso,2025-02-17,1
C-BO-M-00003-02,BO-M-00003,bovino,2025-05-28,2025-06-24,concluido_sucesso,2026-04-03,2
C-BO-M-00004-00,BO-M-00004,bovino,2023-10-13,2023-10-13,concluido_sucesso,2024-07-22,1
C-BO-M-00004-01,BO-M-00004,bovino,2024-09-26,2024-09-26,concluido_sucesso,2025-07-06,1
C-BO-M-00004-02,BO-M-00004,bovino,2025-10-31,2025-10-31,concluido_sucesso,2026-08-10,1
C-BO-M-00005-00,BO-M-00005,bovino,2023-03-18,2023-04-17,concluido_sucesso,2024-01-25,2
C-BO-M-00005-01,BO-M-00005,bovino,2024-04-09,2024-05-08,concluido_sucesso,2025-02-15,2
C-BO-M-00005-02,BO-M-00005,bovino,2025-05-28,2025-05-28,concluido_sucesso,2026-03-07,1
C-BO-M-00006-00,BO-M-00006,bovino,2023-01-24,2023-01-24,concluido_sucesso,2023-11-03,1
C-BO-M-00006-01,BO-M-00006,bovino,2024-01-03,2024-01-03,concluido_sucesso,2024-10-12,1
C-BO-M-00006-02,BO-M-00006,bovino,2025-01-09,2025-01-09,concluido_sucesso,2025-10-19,1
C-BO-M-00006-03,BO-M-00006,bovino,2026-01-10,2026-01-10,concluido_sucesso,2026-10-20,1
C-BO-M-00007-00,BO-M-00007,bovino,2023-10-21,2023-10-21,concluido_sucesso,2024-07-30,1
C-BO-M-00007-01,BO-M-00007,bovino,2024-10-29,2024-10-29,concluido_sucesso,2025-08-08,1
C-BO-M-00007-02,BO-M-00007,bovino,2025-10-13,2025-10-13,concluido_sucesso,2026-07-23,1
C-BO-M-00008-00,BO-M-00008,bovino,2023-08-26,2023-08-26,concluido_sucesso,2024-06-04,1
C-BO-M-00008-01,BO-M-00008,bovino,2024-08-11,2024-09-07,concluido_sucesso,2025-06-17,2
C-BO-M-00008-02,BO-M-00008,bovino,2025-09-18,2025-11-10,concluido_falha,,3
C-BO-M-00008-03,BO-M-00008,bovino,2026-01-11,2026-01-11,concluido_sucesso,2026-10-21,1
C-BO-M-00009-00,BO-M-00009,bovino,2023-09-17,2023-10-31,concluido_falha,,3
C-BO-M-00009-01,BO-M-00009,bovino,2023-12-01,2023-12-01,concluido_sucesso,2024-09-09,1
C-BO-M-00009-02,BO-M-00009,bovino,2024-11-11,2024-11-11,concluido_sucesso,2025-08-21,1
C-BO-M-00010-00,BO-M-00010,bovino,2023-09-11,2023-10-03,concluido_sucesso,2024-07-12,2
C-BO-M-00010-01,BO-M-00010,bovino,2024-09-14,2024-11-04,concluido_falha,,3
C-BO-M-00010-02,BO-M-00010,bovino,2025-01-12,2025-01-12,concluido_sucesso,2025-10-22,1
C-BO-M-00010-03,BO-M-00010,bovino,2026-01-03,2026-01-31,concluido_sucesso,2026-11-10,2
C-BO-M-00011-00,BO-M-00011,bovino,2023-06-23,2023-06-23,concluido_sucesso,2024-04-01,1
C-BO-M-00011-01,BO-M-00011,bovino,2024-07-08,2024-08-30,concluido_sucesso,2025-06-09,3
C-BO-M-00011-02,BO-M-00011,bovino,2025-09-12,2025-09-12,concluido_sucesso,2026-06-22,1
C-BO-M-00012-00,BO-M-00012,bovino,2023-07-19,2023-08-18,concluido_sucesso,2024-05-27,2
C-BO-M-00012-01,BO-M-00012,bovino,2024-07-26,2024-08-17,concluido_sucesso,2025-05-27,2
C-BO-M-00012-02,BO-M-00012,bovino,2025-09-22,2025-09-22,concluido_sucesso,2026-07-02,1
C-BO-M-00013-00,BO-M-00013,bovino,2023-08-09,2023-08-09,concluido_sucesso,2024-05-18,1
C-BO-M-00013-01,BO-M-00013,bovino,2024-07-19,2024-08-13,concluido_sucesso,2025-05-23,2
C-BO-M-00013-02,BO-M-00013,bovino,2025-09-09,2025-10-09,concluido_sucesso,2026-07-19,2
C-BO-M-00014-00,BO-M-00014,bovino,2023-01-30,2023-01-30,concluido_sucesso,2023-11-09,1
C-BO-M-00014-01,BO-M-00014,bovino,2024-02-07,2024-02-07,concluido_sucesso,2024-11-16,1
C-BO-M-00014-02,BO-M-00014,bovino,2025-01-28,2025-02-24,concluido_sucesso,2025-12-04,2
C-BO-M-00014-03,BO-M-00014,bovino,2026-02-26,2026-02-26,concluido_sucesso,2026-12-06,1
C-BO-M-00015-00,BO-M-00015,bovino,2023-01-08,2023-01-08,concluido_sucesso,2023-10-18,1
C-BO-M-00015-01,BO-M-00015,bovino,2024-01-11,2024-03-01,concluido_sucesso,2024-12-09,3
C-BO-M-00015-02,BO-M-00015,bovino,2025-04-04,2025-04-04,concluido_sucesso,2026-01-12,1
C-BO-M-00016-00,BO-M-00016,bovino,2023-04-16,2023-04-16,concluido_sucesso,2024-01-24,1
C-BO-M-00016-01,BO-M-00016,bovino,2024-03-27,2024-03-27,concluido_sucesso,2025-01-04,1
C-BO-M-00016-02,BO-M-00016,bovino,2025-05-02,2025-05-02,concluido_sucesso,2026-02-09,1
C-BO-M-00016-03,BO-M-00016,bovino,2026-04-18,2026-04-18,concluido_falha,,1
C-BO-M-00017-00,BO-M-00017,bovino,2023-10-25,2023-10-25,concluido_sucesso,2024-08-03,1
C-BO-M-00017-01,BO-M-00017,bovino,2024-10-24,2024-10-24,concluido_sucesso,2025-08-03,1
C-BO-M-00017-02,BO-M-00017,bovino,2025-10-17,2025-12-02,concluido_sucesso,2026-09-11,3
C-BO-M-00018-00,BO-M-00018,bovino,2023-10-22,2023-10-22,concluido_sucesso,2024-07-31,1
C-BO-M-00018-01,BO-M-00018,bovino,2024-10-18,2024-10-18,concluido_sucesso,2025-07-28,1
C-BO-M-00018-02,BO-M-00018,bovino,2025-11-15,2025-11-15,concluido_sucesso,2026-08-25,1
C-BO-M-00019-00,BO-M-00019,bovino,2023-05-16,2023-05-16,concluido_sucesso,2024-02-23,1
C-BO-M-00019-01,BO-M-00019,bovino,2024-05-02,2024-05-02,concluido_sucesso,2025-02-09,1
C-BO-M-00019-02,BO-M-00019,bovino,2025-05-19,2025-05-19,concluido_sucesso,2026-02-26,1
C-BO-M-00020-00,BO-M-00020,bovino,2023-03-02,2023-03-02,concluido_sucesso,2023-12-10,1
C-BO-M-00020-01,BO-M-00020,bovino,2024-03-11,2024-04-26,concluido_falha,,3
C-BO-M-00020-02,BO-M-00020,bovino,2024-06-08,2024-06-08,concluido_sucesso,2025-03-18,1
C-BO-M-00020-03,BO-M-00020,bovino,2025-07-14,2025-08-09,concluido_sucesso,2026-05-19,2
C-BO-M-00021-00,BO-M-00021,bovino,2023-10-23,2023-10-23,concluido_sucesso,2024-08-01,1
C-BO-M-00021-01,BO-M-00021,bovino,2024-10-05,2024-10-05,concluido_sucesso,2025-07-15,1
C-BO-M-00021-02,BO-M-00021,bovino,2025-10-29,2025-10-29,concluido_sucesso,2026-08-08,1
C-BO-M-00022-00,BO-M-00022,bovino,2023-05-28,2023-05-28,concluido_sucesso,2024-03-06,1
C-BO-M-00022-01,BO-M-00022,bovino,2024-05-29,2024-07-23,concluido_falha,,3
C-BO-M-00022-02,BO-M-00022,bovino,2024-09-11,2024-09-11,concluido_sucesso,2025-06-21,1
C-BO-M-00022-03,BO-M-00022,bovino,2025-10-13,2025-10-13,concluido_sucesso,2026-07-23,1
C-BO-M-00023-00,BO-M-00023,bovino,2023-03-01,2023-03-01,concluido_sucesso,2023-12-09,1
C-BO-M-00023-01,BO-M-00023,bovino,2024-03-04,2024-03-04,concluido_sucesso,2024-12-12,1
C-BO-M-00023-02,BO-M-00023,bovino,2025-03-12,2025-04-07,concluido_sucesso,2026-01-15,2
C-BO-M-00024-00,BO-M-00024,bovino,2023-01-30,2023-02-25,concluido_sucesso,2023-12-05,2
C-BO-M-00024-01,BO-M-00024,bovino,2024-02-13,2024-04-04,concluido_falha,,3
C-BO-M-00024-02,BO-M-00024,bovino,2024-06-09,2024-06-09,concluido_sucesso,2025-03-19,1
C-BO-M-00024-03,BO-M-00024,bovino,2025-05-24,2025-07-16,concluido_sucesso,2026-04-25,3
C-BO-M-00025-00,BO-M-00025,bovino,2023-07-07,2023-09-02,concluido_falha,,3
C-BO-M-00025-01,BO-M-00025,bovino,2023-10-24,2023-12-27,concluido_falha,,3
C-BO-M-00025-02,BO-M-00025,bovino,2024-02-25,2024-03-27,concluido_sucesso,2025-01-04,2
C-BO-M-00025-03,BO-M-00025,bovino,2025-03-09,2025-03-09,concluido_sucesso,2025-12-17,1
C-BO-M-00025-04,BO-M-00025,bovino,2026-04-07,2026-04-07,concluido_sucesso,2027-01-15,1
C-BO-M-00026-00,BO-M-00026,bovino,2023-07-30,2023-09-18,concluido_falha,,3
C-BO-M-00026-01,BO-M-00026,bovino,2023-11-16,2023-12-12,concluido_sucesso,2024-09-20,2
C-BO-M-00026-02,BO-M-00026,bovino,2024-12-22,2025-01-23,concluido_sucesso,2025-11-02,2
C-BO-M-00026-03,BO-M-00026,bovino,2026-02-22,2026-04-17,concluido_falha,,3
C-BO-M-00027-00,BO-M-00027,bovino,2023-06-22,2023-06-22,concluido_sucesso,2024-03-31,1
C-BO-M-00027-01,BO-M-00027,bovino,2024-07-25,2024-07-25,concluido_sucesso,2025-05-04,1
C-BO-M-00027-02,BO-M-00027,bovino,2025-07-26,2025-07-26,concluido_sucesso,2026-05-05,1
C-BO-M-00028-00,BO-M-00028,bovino,2023-10-23,2023-10-23,concluido_sucesso,2024-08-01,1
C-BO-M-00028-01,BO-M-00028,bovino,2024-10-17,2024-11-10,concluido_sucesso,2025-08-20,2
C-BO-M-00028-02,BO-M-00028,bovino,2025-11-27,2025-12-21,concluido_sucesso,2026-09-30,2
C-BO-M-00029-00,BO-M-00029,bovino,2023-03-02,2023-03-28,concluido_sucesso,2024-01-05,2
C-BO-M-00029-01,BO-M-00029,bovino,2024-03-23,2024-03-23,concluido_sucesso,2024-12-31,1
C-BO-M-00029-02,BO-M-00029,bovino,2025-03-08,2025-04-25,concluido_falha,,3
C-BO-M-00029-03,BO-M-00029,bovino,2025-06-02,2025-06-02,concluido_sucesso,2026-03-12,1
C-BO-M-00030-00,BO-M-00030,bovino,2023-07-31,2023-07-31,concluido_sucesso,2024-05-09,1
C-BO-M-00030-01,BO-M-00030,bovino,2024-07-25,2024-07-25,concluido_sucesso,2025-05-04,1
C-BO-M-00030-02,BO-M-00030,bovino,2025-08-27,2025-09-23,concluido_sucesso,2026-07-03,2
C-BO-M-00031-00,BO-M-00031,bovino,2023-09-17,2023-10-13,concluido_sucesso,2024-07-22,2
C-BO-M-00031-01,BO-M-00031,bovino,2024-10-03,2024-10-03,concluido_sucesso,2025-07-13,1
C-BO-M-00031-02,BO-M-00031,bovino,2025-10-22,2025-10-22,concluido_sucesso,2026-08-01,1
C-BO-M-00032-00,BO-M-00032,bovino,2023-10-27,2023-10-27,concluido_sucesso,2024-08-05,1
C-BO-M-00032-01,BO-M-00032,bovino,2024-10-09,2024-10-09,concluido_sucesso,2025-07-19,1
C-BO-M-00032-02,BO-M-00032,bovino,2025-10-29,2025-10-29,concluido_sucesso,2026-08-08,1
C-BO-M-00033-00,BO-M-00033,bovino,2023-08-12,2023-09-12,concluido_sucesso,2024-06-21,2
C-BO-M-00033-01,BO-M-00033,bovino,2024-09-23,2024-09-23,concluido_sucesso,2025-07-03,1
C-BO-M-00033-02,BO-M-00033,bovino,2025-09-26,2025-11-22,concluido_falha,,3
C-BO-M-00033-03,BO-M-00033,bovino,2026-01-04,2026-01-04,concluido_sucesso,2026-10-14,1
C-BO-M-00034-00,BO-M-00034,bovino,2023-05-15,2023-07-06,concluido_falha,,3
C-BO-M-00034-01,BO-M-00034,bovino,2023-09-09,2023-09-09,concluido_sucesso,2024-06-18,1
C-BO-M-00034-02,BO-M-00034,bovino,2024-08-29,2024-10-22,concluido_falha,,3
C-BO-M-00034-03,BO-M-00034,bovino,2024-12-30,2024-12-30,concluido_sucesso,2025-10-09,1
C-BO-M-00034-04,BO-M-00034,bovino,2025-12-09,2025-12-09,concluido_sucesso,2026-09-18,1
C-BO-M-00035-00,BO-M-00035,bovino,2023-06-02,2023-07-15,concluido_falha,,3
C-BO-M-00035-01,BO-M-00035,bovino,2023-08-15,2023-10-14,concluido_falha,,3
C-BO-M-00035-02,BO-M-00035,bovino,2023-12-09,2023-12-09,concluido_sucesso,2024-09-17,1
C-BO-M-00035-03,BO-M-00035,bovino,2024-12-17,2025-02-06,concluido_falha,,3
C-BO-M-00035-04,BO-M-00035,bovino,2025-04-01,2025-05-29,concluido_falha,,3
C-BO-M-00035-05,BO-M-00035,bovino,2025-08-01,2025-09-20,concluido_falha,,3
C-BO-M-00036-00,BO-M-00036,bovino,2023-04-26,2023-06-12,concluido_falha,,3
C-BO-M-00036-01,BO-M-00036,bovino,2023-07-17,2023-07-17,concluido_sucesso,2024-04-25,1
C-BO-M-00036-02,BO-M-00036,bovino,2024-08-14,2024-08-14,concluido_sucesso,2025-05-24,1
C-BO-M-00036-03,BO-M-00036,bovino,2025-08-08,2025-09-08,concluido_sucesso,2026-06-18,2
C-BO-M-00037-00,BO-M-00037,bovino,2023-07-10,2023-07-10,concluido_sucesso,2024-04-18,1
C-BO-M-00037-01,BO-M-00037,bovino,2024-07-16,2024-09-11,concluido_sucesso,2025-06-21,3
C-BO-M-00037-02,BO-M-00037,bovino,2025-10-15,2025-12-04,concluido_falha,,3
C-BO-M-00037-03,BO-M-00037,bovino,2026-01-16,2026-01-16,concluido_sucesso,2026-10-26,1
C-BO-M-00038-00,BO-M-00038,bovino,2023-08-07,2023-08-07,concluido_sucesso,2024-05-16,1
C-BO-M-00038-01,BO-M-00038,bovino,2024-09-06,2024-11-03,concluido_falha,,3
C-BO-M-00038-02,BO-M-00038,bovino,2025-01-07,2025-03-09,concluido_falha,,3
C-BO-M-00038-03,BO-M-00038,bovino,2025-04-22,2025-04-22,concluido_sucesso,2026-01-30,1
C-BO-M-00038-04,BO-M-00038,bovino,2026-04-29,2026-04-29,concluido_falha,,1
C-BO-M-00039-00,BO-M-00039,bovino,2023-01-19,2023-01-19,concluido_sucesso,2023-10-29,1
C-BO-M-00039-01,BO-M-00039,bovino,2024-01-23,2024-01-23,concluido_sucesso,2024-11-01,1
C-BO-M-00039-02,BO-M-00039,bovino,2025-02-06,2025-02-06,concluido_sucesso,2025-11-16,1
C-BO-M-00040-00,BO-M-00040,bovino,2023-09-13,2023-09-13,concluido_sucesso,2024-06-22,1
C-BO-M-00040-01,BO-M-00040,bovino,2024-10-10,2024-10-10,concluido_sucesso,2025-07-20,1
C-BO-M-00040-02,BO-M-00040,bovino,2025-10-10,2025-10-10,concluido_sucesso,2026-07-20,1
C-BO-M-00041-00,BO-M-00041,bovino,2023-02-13,2023-02-13,concluido_sucesso,2023-11-23,1
C-BO-M-00041-01,BO-M-00041,bovino,2024-03-07,2024-03-29,concluido_sucesso,2025-01-06,2
C-BO-M-00041-02,BO-M-00041,bovino,2025-03-24,2025-03-24,concluido_sucesso,2026-01-01,1
C-BO-M-00041-03,BO-M-00041,bovino,2026-04-28,2026-04-28,concluido_falha,,1
C-BO-M-00042-00,BO-M-00042,bovino,2023-02-04,2023-03-28,concluido_sucesso,2024-01-05,3
C-BO-M-00042-01,BO-M-00042,bovino,2024-03-20,2024-03-20,concluido_sucesso,2024-12-28,1
C-BO-M-00042-02,BO-M-00042,bovino,2025-04-15,2025-06-09,concluido_falha,,3
C-BO-M-00042-03,BO-M-00042,bovino,2025-07-30,2025-07-30,concluido_sucesso,2026-05-09,1
C-BO-M-00043-00,BO-M-00043,bovino,2023-06-26,2023-06-26,concluido_sucesso,2024-04-04,1
C-BO-M-00043-01,BO-M-00043,bovino,2024-06-08,2024-07-03,concluido_sucesso,2025-04-12,2
C-BO-M-00043-02,BO-M-00043,bovino,2025-06-19,2025-06-19,concluido_sucesso,2026-03-29,1
C-BO-M-00044-00,BO-M-00044,bovino,2023-06-18,2023-08-13,concluido_falha,,3
C-BO-M-00044-01,BO-M-00044,bovino,2023-10-07,2023-11-01,concluido_sucesso,2024-08-10,2
C-BO-M-00044-02,BO-M-00044,bovino,2024-10-10,2024-11-05,concluido_sucesso,2025-08-15,2
C-BO-M-00045-00,BO-M-00045,bovino,2023-09-19,2023-09-19,concluido_sucesso,2024-06-28,1
C-BO-M-00045-01,BO-M-00045,bovino,2024-10-10,2024-10-10,concluido_sucesso,2025-07-20,1
C-BO-M-00045-02,BO-M-00045,bovino,2025-11-15,2025-12-13,concluido_sucesso,2026-09-22,2
C-BO-M-00046-00,BO-M-00046,bovino,2023-03-19,2023-03-19,concluido_sucesso,2023-12-27,1
C-BO-M-00046-01,BO-M-00046,bovino,2024-03-30,2024-03-30,concluido_sucesso,2025-01-07,1
C-BO-M-00046-02,BO-M-00046,bovino,2025-04-11,2025-04-11,concluido_sucesso,2026-01-19,1
C-BO-M-00047-00,BO-M-00047,bovino,2023-03-12,2023-03-12,concluido_sucesso,2023-12-20,1
C-BO-M-00047-01,BO-M-00047,bovino,2024-03-01,2024-03-01,concluido_sucesso,2024-12-09,1
C-BO-M-00047-02,BO-M-00047,bovino,2025-02-12,2025-03-11,concluido_sucesso,2025-12-19,2
C-BO-M-00047-03,BO-M-00047,bovino,2026-03-29,2026-03-29,concluido_sucesso,2027-01-06,1
C-BO-M-00048-00,BO-M-00048,bovino,2023-10-01,2023-10-01,concluido_sucesso,2024-07-10,1
C-BO-M-00048-01,BO-M-00048,bovino,2024-10-30,2024-12-24,concluido_sucesso,2025-10-03,3
C-BO-M-00048-02,BO-M-00048,bovino,2026-01-16,2026-02-13,concluido_sucesso,2026-11-23,2
C-BO-M-00049-00,BO-M-00049,bovino,2023-06-10,2023-07-04,concluido_sucesso,2024-04-12,2
C-BO-M-00049-01,BO-M-00049,bovino,2024-07-29,2024-07-29,concluido_sucesso,2025-05-08,1
C-BO-M-00049-02,BO-M-00049,bovino,2025-08-12,2025-08-12,concluido_sucesso,2026-05-22,1
C-BO-M-00050-00,BO-M-00050,bovino,2023-01-28,2023-02-25,concluido_sucesso,2023-12-05,2
C-BO-M-00050-01,BO-M-00050,bovino,2024-02-23,2024-03-23,concluido_sucesso,2024-12-31,2
C-BO-M-00050-02,BO-M-00050,bovino,2025-04-11,2025-04-11,concluido_sucesso,2026-01-19,1
C-BO-M-00050-03,BO-M-00050,bovino,2026-04-27,2026-04-27,concluido_sucesso,2027-02-04,1
C-BO-M-00051-00,BO-M-00051,bovino,2023-06-16,2023-08-09,concluido_falha,,3
C-BO-M-00051-01,BO-M-00051,bovino,2023-09-09,2023-09-09,concluido_sucesso,2024-06-18,1
C-BO-M-00051-02,BO-M-00051,bovino,2024-08-31,2024-10-27,concluido_falha,,3
C-BO-M-00052-00,BO-M-00052,bovino,2023-08-02,2023-08-02,concluido_sucesso,2024-05-11,1
C-BO-M-00052-01,BO-M-00052,bovino,2024-08-21,2024-10-20,concluido_sucesso,2025-07-30,3
C-BO-M-00052-02,BO-M-00052,bovino,2025-10-02,2025-10-02,concluido_sucesso,2026-07-12,1
C-BO-M-00053-00,BO-M-00053,bovino,2023-10-03,2023-10-03,concluido_sucesso,2024-07-12,1
C-BO-M-00053-01,BO-M-00053,bovino,2024-10-27,2024-12-25,concluido_sucesso,2025-10-04,3
C-BO-M-00054-00,BO-M-00054,bovino,2023-06-24,2023-06-24,concluido_sucesso,2024-04-02,1
C-BO-M-00054-01,BO-M-00054,bovino,2024-06-24,2024-06-24,concluido_sucesso,2025-04-03,1
C-BO-M-00054-02,BO-M-00054,bovino,2025-07-03,2025-07-30,concluido_sucesso,2026-05-09,2
C-BO-M-00055-00,BO-M-00055,bovino,2023-06-08,2023-07-02,concluido_sucesso,2024-04-10,2
C-BO-M-00055-01,BO-M-00055,bovino,2024-06-22,2024-07-20,concluido_sucesso,2025-04-29,2
C-BO-M-00055-02,BO-M-00055,bovino,2025-08-22,2025-09-14,concluido_sucesso,2026-06-24,2
C-BO-M-00056-00,BO-M-00056,bovino,2023-10-25,2023-10-25,concluido_sucesso,2024-08-03,1
C-BO-M-00056-01,BO-M-00056,bovino,2024-10-04,2024-10-04,concluido_sucesso,2025-07-14,1
C-BO-M-00057-00,BO-M-00057,bovino,2023-06-27,2023-06-27,concluido_sucesso,2024-04-05,1
C-BO-M-00057-01,BO-M-00057,bovino,2024-06-14,2024-07-09,concluido_sucesso,2025-04-18,2
C-BO-M-00057-02,BO-M-00057,bovino,2025-07-12,2025-08-05,concluido_sucesso,2026-05-15,2
C-BO-M-00058-00,BO-M-00058,bovino,2023-03-28,2023-05-21,concluido_falha,,3
C-BO-M-00058-01,BO-M-00058,bovino,2023-07-12,2023-07-12,concluido_sucesso,2024-04-20,1
C-BO-M-00058-02,BO-M-00058,bovino,2024-08-04,2024-08-04,concluido_sucesso,2025-05-14,1
C-BO-M-00058-03,BO-M-00058,bovino,2025-08-02,2025-08-02,concluido_sucesso,2026-05-12,1
C-BO-M-00059-00,BO-M-00059,bovino,2023-08-31,2023-08-31,concluido_sucesso,2024-06-09,1
C-BO-M-00059-01,BO-M-00059,bovino,2024-08-17,2024-08-17,concluido_sucesso,2025-05-27,1
C-BO-M-00059-02,BO-M-00059,bovino,2025-09-06,2025-09-06,concluido_sucesso,2026-06-16,1
C-BO-M-00060-00,BO-M-00060,bovino,2023-04-27,2023-04-27,concluido_sucesso,2024-02-04,1
C-BO-M-00060-01,BO-M-00060,bovino,2024-04-17,2024-04-17,concluido_sucesso,2025-01-25,1
C-BO-M-00060-02,BO-M-00060,bovino,2025-05-22,2025-06-15,concluido_sucesso,2026-03-25,2
C-BO-M-00061-00,BO-M-00061,bovino,2023-10-27,2023-10-27,concluido_sucesso,2024-08-05,1
C-BO-M-00061-01,BO-M-00061,bovino,2024-11-02,2024-11-02,concluido_sucesso,2025-08-12,1
C-BO-M-00061-02,BO-M-00061,bovino,2025-10-31,2025-10-31,concluido_sucesso,2026-08-10,1
C-BO-M-00062-00,BO-M-00062,bovino,2023-08-09,2023-10-07,concluido_falha,,3
C-BO-M-00062-01,BO-M-00062,bovino,2023-11-24,2024-01-11,concluido_sucesso,2024-10-20,3
C-BO-M-00062-02,BO-M-00062,bovino,2024-12-29,2025-03-02,concluido_falha,,3
C-BO-M-00063-00,BO-M-00063,bovino,2023-04-24,2023-04-24,concluido_sucesso,2024-02-01,1
C-BO-M-00063-01,BO-M-00063,bovino,2024-05-09,2024-06-28,concluido_falha,,3
C-BO-M-00063-02,BO-M-00063,bovino,2024-08-24,2024-09-18,concluido_sucesso,2025-06-28,2
C-BO-M-00063-03,BO-M-00063,bovino,2025-09-20,2025-10-18,concluido_sucesso,2026-07-28,2
C-BO-M-00064-00,BO-M-00064,bovino,2023-10-04,2023-10-04,concluido_sucesso,2024-07-13,1
C-BO-M-00064-01,BO-M-00064,bovino,2024-09-26,2024-09-26,concluido_sucesso,2025-07-06,1
C-BO-M-00064-02,BO-M-00064,bovino,2025-10-04,2025-10-04,concluido_sucesso,2026-07-14,1
C-BO-M-00065-00,BO-M-00065,bovino,2023-02-28,2023-02-28,concluido_sucesso,2023-12-08,1
C-BO-M-00065-01,BO-M-00065,bovino,2024-02-24,2024-02-24,concluido_sucesso,2024-12-03,1
C-BO-M-00065-02,BO-M-00065,bovino,2025-03-09,2025-03-09,concluido_sucesso,2025-12-17,1
C-BO-M-00065-03,BO-M-00065,bovino,2026-03-15,2026-03-15,concluido_sucesso,2026-12-23,1
C-BO-M-00066-00,BO-M-00066,bovino,2023-08-02,2023-09-28,concluido_falha,,3
C-BO-M-00066-01,BO-M-00066,bovino,2023-12-03,2023-12-24,concluido_sucesso,2024-10-02,2
C-BO-M-00066-02,BO-M-00066,bovino,2024-12-02,2024-12-02,concluido_sucesso,2025-09-11,1
C-BO-M-00066-03,BO-M-00066,bovino,2025-12-17,2025-12-17,concluido_sucesso,2026-09-26,1
C-BO-M-00067-00,BO-M-00067,bovino,2023-09-15,2023-10-12,concluido_sucesso,2024-07-21,2
C-BO-M-00067-01,BO-M-00067,bovino,2024-11-01,2024-11-26,concluido_sucesso,2025-09-05,2
C-BO-M-00067-02,BO-M-00067,bovino,2025-11-15,2025-11-15,concluido_sucesso,2026-08-25,1
C-BO-M-00068-00,BO-M-00068,bovino,2023-07-16,2023-09-09,concluido_falha,,3
C-BO-M-00068-01,BO-M-00068,bovino,2023-11-10,2023-11-10,concluido_sucesso,2024-08-19,1
C-BO-M-00068-02,BO-M-00068,bovino,2024-11-20,2024-11-20,concluido_sucesso,2025-08-30,1
C-BO-M-00068-03,BO-M-00068,bovino,2025-12-03,2025-12-03,concluido_sucesso,2026-09-12,1
C-BO-M-00069-00,BO-M-00069,bovino,2023-04-10,2023-05-01,concluido_sucesso,2024-02-08,2
C-BO-M-00069-01,BO-M-00069,bovino,2024-04-28,2024-06-21,concluido_falha,,3
C-BO-M-00069-02,BO-M-00069,bovino,2024-07-26,2024-07-26,concluido_sucesso,2025-05-05,1
C-BO-M-00069-03,BO-M-00069,bovino,2025-07-25,2025-08-21,concluido_sucesso,2026-05-31,2
C-BO-M-00070-00,BO-M-00070,bovino,2023-10-17,2023-10-17,concluido_sucesso,2024-07-26,1
C-BO-M-00070-01,BO-M-00070,bovino,2024-10-23,2024-10-23,concluido_sucesso,2025-08-02,1
C-BO-M-00070-02,BO-M-00070,bovino,2025-10-17,2025-10-17,concluido_sucesso,2026-07-27,1
C-BO-M-00071-00,BO-M-00071,bovino,2023-02-14,2023-04-07,concluido_sucesso,2024-01-15,3
C-BO-M-00071-01,BO-M-00071,bovino,2024-05-11,2024-05-11,concluido_sucesso,2025-02-18,1
C-BO-M-00072-00,BO-M-00072,bovino,2023-04-26,2023-05-17,concluido_sucesso,2024-02-24,2
C-BO-M-00072-01,BO-M-00072,bovino,2024-05-01,2024-05-22,concluido_sucesso,2025-03-01,2
C-BO-M-00072-02,BO-M-00072,bovino,2025-06-22,2025-06-22,concluido_sucesso,2026-04-01,1
C-BO-M-00073-00,BO-M-00073,bovino,2023-02-21,2023-02-21,concluido_sucesso,2023-12-01,1
C-BO-M-00073-01,BO-M-00073,bovino,2024-01-31,2024-01-31,concluido_sucesso,2024-11-09,1
C-BO-M-00073-02,BO-M-00073,bovino,2025-02-25,2025-02-25,concluido_sucesso,2025-12-05,1
C-BO-M-00073-03,BO-M-00073,bovino,2026-03-12,2026-03-12,concluido_sucesso,2026-12-20,1
C-BO-M-00074-00,BO-M-00074,bovino,2023-05-21,2023-05-21,concluido_sucesso,2024-02-28,1
C-BO-M-00074-01,BO-M-00074,bovino,2024-05-04,2024-06-30,concluido_sucesso,2025-04-09,3
C-BO-M-00074-02,BO-M-00074,bovino,2025-07-20,2025-07-20,concluido_sucesso,2026-04-29,1
C-BO-M-00075-00,BO-M-00075,bovino,2023-05-09,2023-05-09,concluido_sucesso,2024-02-16,1
C-BO-M-00075-01,BO-M-00075,bovino,2024-05-30,2024-05-30,concluido_sucesso,2025-03-09,1
C-BO-M-00075-02,BO-M-00075,bovino,2025-05-30,2025-05-30,concluido_sucesso,2026-03-09,1
C-BO-M-00076-00,BO-M-00076,bovino,2023-04-06,2023-06-03,concluido_falha,,3
C-BO-M-00076-01,BO-M-00076,bovino,2023-07-25,2023-07-25,concluido_sucesso,2024-05-03,1
C-BO-M-00076-02,BO-M-00076,bovino,2024-08-27,2024-10-12,concluido_falha,,3
C-BO-M-00076-03,BO-M-00076,bovino,2024-12-01,2024-12-01,concluido_sucesso,2025-09-10,1
C-BO-M-00076-04,BO-M-00076,bovino,2025-12-12,2025-12-12,concluido_sucesso,2026-09-21,1
C-BO-M-00077-00,BO-M-00077,bovino,2023-02-08,2023-03-09,concluido_sucesso,2023-12-17,2
C-BO-M-00077-01,BO-M-00077,bovino,2024-03-14,2024-03-14,concluido_sucesso,2024-12-22,1
C-BO-M-00077-02,BO-M-00077,bovino,2025-03-14,2025-04-12,concluido_sucesso,2026-01-20,2
C-BO-M-00078-00,BO-M-00078,bovino,2023-06-15,2023-06-15,concluido_sucesso,2024-03-24,1
C-BO-M-00078-01,BO-M-00078,bovino,2024-07-03,2024-07-03,concluido_sucesso,2025-04-12,1
C-BO-M-00078-02,BO-M-00078,bovino,2025-07-21,2025-07-21,concluido_sucesso,2026-04-30,1
C-BO-M-00079-00,BO-M-00079,bovino,2023-03-30,2023-04-28,concluido_sucesso,2024-02-05,2
C-BO-M-00079-01,BO-M-00079,bovino,2024-04-17,2024-05-15,concluido_sucesso,2025-02-22,2
C-BO-M-00079-02,BO-M-00079,bovino,2025-05-20,2025-06-15,concluido_sucesso,2026-03-25,2
C-BO-M-00080-00,BO-M-00080,bovino,2023-02-04,2023-02-04,concluido_sucesso,2023-11-14,1
C-BO-M-00080-01,BO-M-00080,bovino,2024-03-06,2024-03-06,concluido_sucesso,2024-12-14,1
C-BO-M-00080-02,BO-M-00080,bovino,2025-03-24,2025-04-24,concluido_sucesso,2026-02-01,2
C-BO-M-00080-03,BO-M-00080,bovino,2026-04-09,2026-04-30,concluido_sucesso,2027-02-07,2
C-BO-M-00081-00,BO-M-00081,bovino,2023-03-07,2023-04-04,concluido_sucesso,2024-01-12,2
C-BO-M-00081-01,BO-M-00081,bovino,2024-04-22,2024-04-22,concluido_sucesso,2025-01-30,1
C-BO-M-00081-02,BO-M-00081,bovino,2025-05-27,2025-07-11,concluido_sucesso,2026-04-20,3
C-BO-M-00082-00,BO-M-00082,bovino,2023-08-02,2023-09-26,concluido_falha,,3
C-BO-M-00082-01,BO-M-00082,bovino,2023-11-12,2023-11-12,concluido_sucesso,2024-08-21,1
C-BO-M-00082-02,BO-M-00082,bovino,2024-11-05,2024-12-24,concluido_sucesso,2025-10-03,3
C-BO-M-00082-03,BO-M-00082,bovino,2025-12-12,2026-02-01,concluido_falha,,3
C-BO-M-00083-00,BO-M-00083,bovino,2023-05-29,2023-05-29,concluido_sucesso,2024-03-07,1
C-BO-M-00083-01,BO-M-00083,bovino,2024-06-11,2024-06-11,concluido_sucesso,2025-03-21,1
C-BO-M-00083-02,BO-M-00083,bovino,2025-06-09,2025-07-10,concluido_sucesso,2026-04-19,2
C-BO-M-00084-00,BO-M-00084,bovino,2023-08-20,2023-10-21,concluido_falha,,3
C-BO-M-00084-01,BO-M-00084,bovino,2023-12-06,2024-01-29,concluido_falha,,3
C-BO-M-00084-02,BO-M-00084,bovino,2024-04-07,2024-04-07,concluido_sucesso,2025-01-15,1
C-BO-M-00084-03,BO-M-00084,bovino,2025-04-12,2025-04-12,concluido_sucesso,2026-01-20,1
C-BO-M-00084-04,BO-M-00084,bovino,2026-04-19,2026-04-19,concluido_falha,,1
C-BO-M-00085-00,BO-M-00085,bovino,2023-03-10,2023-05-04,concluido_falha,,3
C-BO-M-00085-01,BO-M-00085,bovino,2023-06-10,2023-07-01,concluido_sucesso,2024-04-09,2
C-BO-M-00085-02,BO-M-00085,bovino,2024-06-20,2024-08-13,concluido_sucesso,2025-05-23,3
C-BO-M-00085-03,BO-M-00085,bovino,2025-09-14,2025-09-14,concluido_sucesso,2026-06-24,1
C-BO-M-00086-00,BO-M-00086,bovino,2023-07-19,2023-08-13,concluido_sucesso,2024-05-22,2
C-BO-M-00086-01,BO-M-00086,bovino,2024-09-03,2024-09-30,concluido_sucesso,2025-07-10,2
C-BO-M-00086-02,BO-M-00086,bovino,2025-10-25,2025-11-18,concluido_sucesso,2026-08-28,2
C-BO-M-00087-00,BO-M-00087,bovino,2023-01-14,2023-01-14,concluido_sucesso,2023-10-24,1
C-BO-M-00087-01,BO-M-00087,bovino,2024-01-19,2024-01-19,concluido_sucesso,2024-10-28,1
C-BO-M-00087-02,BO-M-00087,bovino,2025-02-05,2025-02-27,concluido_sucesso,2025-12-07,2
C-BO-M-00088-00,BO-M-00088,bovino,2023-01-29,2023-01-29,concluido_sucesso,2023-11-08,1
C-BO-M-00088-01,BO-M-00088,bovino,2024-03-04,2024-04-04,concluido_sucesso,2025-01-12,2
C-BO-M-00088-02,BO-M-00088,bovino,2025-03-30,2025-05-01,concluido_sucesso,2026-02-08,2
C-BO-M-00088-03,BO-M-00088,bovino,2026-04-23,2026-04-23,concluido_falha,,1
C-BO-M-00089-00,BO-M-00089,bovino,2023-03-15,2023-03-15,concluido_sucesso,2023-12-23,1
C-BO-M-00089-01,BO-M-00089,bovino,2024-03-14,2024-03-14,concluido_sucesso,2024-12-22,1
C-BO-M-00089-02,BO-M-00089,bovino,2025-03-13,2025-05-04,concluido_falha,,3
C-BO-M-00089-03,BO-M-00089,bovino,2025-06-16,2025-08-11,concluido_falha,,3
C-BO-M-00089-04,BO-M-00089,bovino,2025-09-17,2025-11-10,concluido_falha,,3
C-BO-M-00089-05,BO-M-00089,bovino,2026-01-07,2026-02-22,concluido_falha,,3
C-BO-M-00090-00,BO-M-00090,bovino,2023-08-30,2023-09-20,concluido_sucesso,2024-06-29,2
C-BO-M-00090-01,BO-M-00090,bovino,2024-10-20,2024-10-20,concluido_sucesso,2025-07-30,1
C-BO-M-00090-02,BO-M-00090,bovino,2025-11-21,2025-11-21,concluido_sucesso,2026-08-31,1
C-BO-M-00091-00,BO-M-00091,bovino,2023-01-14,2023-01-14,concluido_sucesso,2023-10-24,1
C-BO-M-00091-01,BO-M-00091,bovino,2023-12-28,2024-02-17,concluido_sucesso,2024-11-26,3
C-BO-M-00091-02,BO-M-00091,bovino,2025-02-15,2025-04-06,concluido_falha,,3
C-BO-M-00092-00,BO-M-00092,bovino,2023-04-20,2023-06-19,concluido_falha,,3
C-BO-M-00092-01,BO-M-00092,bovino,2023-08-05,2023-09-30,concluido_falha,,3
C-BO-M-00092-02,BO-M-00092,bovino,2023-11-06,2023-12-29,concluido_falha,,3
C-BO-M-00092-03,BO-M-00092,bovino,2024-01-29,2024-02-19,concluido_sucesso,2024-11-28,2
C-BO-M-00093-00,BO-M-00093,bovino,2023-10-11,2023-12-05,concluido_sucesso,2024-09-13,3
C-BO-M-00093-01,BO-M-00093,bovino,2024-12-03,2024-12-03,concluido_sucesso,2025-09-12,1
C-BO-M-00093-02,BO-M-00093,bovino,2025-11-19,2025-11-19,concluido_sucesso,2026-08-29,1
C-BO-M-00094-00,BO-M-00094,bovino,2023-06-25,2023-08-16,concluido_falha,,3
C-BO-M-00094-01,BO-M-00094,bovino,2023-10-02,2023-11-25,concluido_falha,,3
C-BO-M-00094-02,BO-M-00094,bovino,2024-01-04,2024-03-01,concluido_sucesso,2024-12-09,3
C-BO-M-00094-03,BO-M-00094,bovino,2025-03-27,2025-05-13,concluido_falha,,3
C-BO-M-00095-00,BO-M-00095,bovino,2023-02-24,2023-02-24,concluido_sucesso,2023-12-04,1
C-BO-M-00095-01,BO-M-00095,bovino,2024-03-07,2024-03-07,concluido_sucesso,2024-12-15,1
C-BO-M-00095-02,BO-M-00095,bovino,2025-04-01,2025-05-02,concluido_sucesso,2026-02-09,2
C-BO-M-00096-00,BO-M-00096,bovino,2023-04-08,2023-04-08,concluido_sucesso,2024-01-16,1
C-BO-M-00096-01,BO-M-00096,bovino,2024-05-06,2024-05-06,concluido_sucesso,2025-02-13,1
C-BO-M-00096-02,BO-M-00096,bovino,2025-06-03,2025-06-03,concluido_sucesso,2026-03-13,1
C-BO-M-00097-00,BO-M-00097,bovino,2023-07-27,2023-09-26,concluido_falha,,3
C-BO-M-00097-01,BO-M-00097,bovino,2023-11-23,2023-12-21,concluido_sucesso,2024-09-29,2
C-BO-M-00097-02,BO-M-00097,bovino,2025-01-23,2025-01-23,concluido_sucesso,2025-11-02,1
C-BO-M-00097-03,BO-M-00097,bovino,2026-01-08,2026-02-21,concluido_sucesso,2026-12-01,3
C-BO-M-00098-00,BO-M-00098,bovino,2023-07-17,2023-09-07,concluido_sucesso,2024-06-16,3
C-BO-M-00099-00,BO-M-00099,bovino,2023-09-19,2023-11-08,concluido_falha,,3
C-BO-M-00099-01,BO-M-00099,bovino,2023-12-15,2023-12-15,concluido_sucesso,2024-09-23,1
C-BO-M-00099-02,BO-M-00099,bovino,2025-01-15,2025-03-04,concluido_sucesso,2025-12-12,3
C-BO-M-00099-03,BO-M-00099,bovino,2026-04-07,2026-04-07,concluido_sucesso,2027-01-15,1
C-BO-M-00100-00,BO-M-00100,bovino,2023-07-05,2023-08-02,concluido_sucesso,2024-05-11,2
C-BO-M-00100-01,BO-M-00100,bovino,2024-07-25,2024-07-25,concluido_sucesso,2025-05-04,1
C-BO-M-00100-02,BO-M-00100,bovino,2025-08-18,2025-08-18,concluido_sucesso,2026-05-28,1
C-BO-M-00101-00,BO-M-00101,bovino,2023-07-14,2023-09-10,concluido_falha,,3
C-BO-M-00101-01,BO-M-00101,bovino,2023-10-18,2023-12-05,concluido_falha,,3
C-BO-M-00101-02,BO-M-00101,bovino,2024-02-06,2024-03-29,concluido_falha,,3
C-BO-M-00101-03,BO-M-00101,bovino,2024-05-18,2024-07-10,concluido_falha,,3
C-BO-M-00102-00,BO-M-00102,bovino,2023-06-07,2023-06-07,concluido_sucesso,2024-03-16,1
C-BO-M-00102-01,BO-M-00102,bovino,2024-05-27,2024-06-28,concluido_sucesso,2025-04-07,2
C-BO-M-00102-02,BO-M-00102,bovino,2025-06-28,2025-07-30,concluido_sucesso,2026-05-09,2
C-BO-M-00103-00,BO-M-00103,bovino,2023-08-10,2023-10-04,concluido_sucesso,2024-07-13,3
C-BO-M-00103-01,BO-M-00103,bovino,2024-09-12,2024-09-12,concluido_sucesso,2025-06-22,1
C-BO-M-00103-02,BO-M-00103,bovino,2025-09-26,2025-09-26,concluido_sucesso,2026-07-06,1
C-BO-M-00104-00,BO-M-00104,bovino,2023-10-09,2023-10-09,concluido_sucesso,2024-07-18,1
C-BO-M-00104-01,BO-M-00104,bovino,2024-10-26,2024-11-27,concluido_sucesso,2025-09-06,2
C-BO-M-00105-00,BO-M-00105,bovino,2023-01-12,2023-03-09,concluido_sucesso,2023-12-17,3
C-BO-M-00105-01,BO-M-00105,bovino,2024-02-17,2024-04-14,concluido_falha,,3
C-BO-M-00105-02,BO-M-00105,bovino,2024-06-12,2024-07-07,concluido_sucesso,2025-04-16,2
C-BO-M-00105-03,BO-M-00105,bovino,2025-07-04,2025-07-04,concluido_sucesso,2026-04-13,1
C-BO-M-00106-00,BO-M-00106,bovino,2023-02-14,2023-02-14,concluido_sucesso,2023-11-24,1
C-BO-M-00106-01,BO-M-00106,bovino,2024-03-21,2024-03-21,concluido_sucesso,2024-12-29,1
C-BO-M-00106-02,BO-M-00106,bovino,2025-03-26,2025-03-26,concluido_sucesso,2026-01-03,1
C-BO-M-00106-03,BO-M-00106,bovino,2026-04-29,2026-04-29,concluido_sucesso,2027-02-06,1
C-BO-M-00107-00,BO-M-00107,bovino,2023-03-08,2023-05-02,concluido_falha,,3
C-BO-M-00107-01,BO-M-00107,bovino,2023-06-21,2023-06-21,concluido_sucesso,2024-03-30,1
C-BO-M-00108-00,BO-M-00108,bovino,2023-05-11,2023-06-07,concluido_sucesso,2024-03-16,2
C-BO-M-00108-01,BO-M-00108,bovino,2024-05-27,2024-05-27,concluido_sucesso,2025-03-06,1
C-BO-M-00108-02,BO-M-00108,bovino,2025-06-02,2025-06-02,concluido_sucesso,2026-03-12,1
C-BO-M-00109-00,BO-M-00109,bovino,2023-04-01,2023-04-27,concluido_sucesso,2024-02-04,2
C-BO-M-00109-01,BO-M-00109,bovino,2024-05-07,2024-05-07,concluido_sucesso,2025-02-14,1
C-BO-M-00109-02,BO-M-00109,bovino,2025-04-26,2025-06-16,concluido_sucesso,2026-03-26,3
C-BO-M-00110-00,BO-M-00110,bovino,2023-10-01,2023-10-26,concluido_sucesso,2024-08-04,2
C-BO-M-00110-01,BO-M-00110,bovino,2024-11-17,2024-11-17,concluido_sucesso,2025-08-27,1
C-BO-M-00110-02,BO-M-00110,bovino,2025-11-27,2025-12-24,concluido_sucesso,2026-10-03,2
C-BO-M-00111-00,BO-M-00111,bovino,2023-03-23,2023-03-23,concluido_sucesso,2023-12-31,1
C-BO-M-00111-01,BO-M-00111,bovino,2024-03-08,2024-04-24,concluido_falha,,3
C-BO-M-00111-02,BO-M-00111,bovino,2024-07-02,2024-07-29,concluido_sucesso,2025-05-08,2
C-BO-M-00112-00,BO-M-00112,bovino,2023-04-01,2023-04-01,concluido_sucesso,2024-01-09,1
C-BO-M-00112-01,BO-M-00112,bovino,2024-03-17,2024-03-17,concluido_sucesso,2024-12-25,1
C-BO-M-00112-02,BO-M-00112,bovino,2025-03-12,2025-03-12,concluido_sucesso,2025-12-20,1
C-BO-M-00112-03,BO-M-00112,bovino,2026-02-21,2026-04-17,concluido_sucesso,2027-01-25,3
C-BO-M-00113-00,BO-M-00113,bovino,2023-01-08,2023-02-05,concluido_sucesso,2023-11-15,2
C-BO-M-00113-01,BO-M-00113,bovino,2024-03-01,2024-03-01,concluido_sucesso,2024-12-09,1
C-BO-M-00113-02,BO-M-00113,bovino,2025-02-25,2025-03-18,concluido_sucesso,2025-12-26,2
C-BO-M-00113-03,BO-M-00113,bovino,2026-04-12,2026-04-12,concluido_sucesso,2027-01-20,1
C-BO-M-00114-00,BO-M-00114,bovino,2023-04-06,2023-04-06,concluido_sucesso,2024-01-14,1
C-BO-M-00114-01,BO-M-00114,bovino,2024-03-16,2024-04-08,concluido_sucesso,2025-01-16,2
C-BO-M-00114-02,BO-M-00114,bovino,2025-04-27,2025-05-27,concluido_sucesso,2026-03-06,2
C-BO-M-00115-00,BO-M-00115,bovino,2023-08-30,2023-08-30,concluido_sucesso,2024-06-08,1
C-BO-M-00115-01,BO-M-00115,bovino,2024-08-23,2024-10-24,concluido_sucesso,2025-08-03,3
C-BO-M-00116-00,BO-M-00116,bovino,2023-01-02,2023-01-02,concluido_sucesso,2023-10-12,1
C-BO-M-00116-01,BO-M-00116,bovino,2023-12-19,2023-12-19,concluido_sucesso,2024-09-27,1
C-BO-M-00116-02,BO-M-00116,bovino,2025-01-16,2025-01-16,concluido_sucesso,2025-10-26,1
C-BO-M-00116-03,BO-M-00116,bovino,2026-01-14,2026-03-06,concluido_falha,,3
C-BO-M-00116-04,BO-M-00116,bovino,2026-04-11,2026-04-11,concluido_falha,,1
C-BO-M-00117-00,BO-M-00117,bovino,2023-10-22,2023-12-12,concluido_falha,,3
C-BO-M-00117-01,BO-M-00117,bovino,2024-02-05,2024-02-05,concluido_sucesso,2024-11-14,1
C-BO-M-00117-02,BO-M-00117,bovino,2025-01-21,2025-01-21,concluido_sucesso,2025-10-31,1
C-BO-M-00117-03,BO-M-00117,bovino,2026-02-26,2026-03-29,concluido_sucesso,2027-01-06,2
C-BO-M-00118-00,BO-M-00118,bovino,2023-07-17,2023-07-17,concluido_sucesso,2024-04-25,1
C-BO-M-00118-01,BO-M-00118,bovino,2024-08-05,2024-09-03,concluido_sucesso,2025-06-13,2
C-BO-M-00118-02,BO-M-00118,bovino,2025-08-26,2025-10-20,concluido_falha,,3
C-BO-M-00119-00,BO-M-00119,bovino,2023-01-07,2023-01-07,concluido_sucesso,2023-10-17,1
C-BO-M-00119-01,BO-M-00119,bovino,2024-01-22,2024-02-18,concluido_sucesso,2024-11-27,2
C-BO-M-00119-02,BO-M-00119,bovino,2025-02-03,2025-03-23,concluido_sucesso,2025-12-31,3
C-BO-M-00119-03,BO-M-00119,bovino,2026-03-26,2026-04-19,concluido_sucesso,2027-01-27,2
C-BO-M-00120-00,BO-M-00120,bovino,2023-03-18,2023-03-18,concluido_sucesso,2023-12-26,1
C-BO-M-00120-01,BO-M-00120,bovino,2024-04-01,2024-04-01,concluido_sucesso,2025-01-09,1
C-BO-M-00120-02,BO-M-00120,bovino,2025-04-29,2025-04-29,concluido_sucesso,2026-02-06,1
C-BO-M-00120-03,BO-M-00120,bovino,2026-04-14,2026-04-14,concluido_sucesso,2027-01-22,1
C-BO-M-00121-00,BO-M-00121,bovino,2023-04-02,2023-04-27,concluido_sucesso,2024-02-04,2
C-BO-M-00121-01,BO-M-00121,bovino,2024-04-04,2024-04-28,concluido_sucesso,2025-02-05,2
C-BO-M-00121-02,BO-M-00121,bovino,2025-04-23,2025-05-17,concluido_sucesso,2026-02-24,2
C-BO-M-00122-00,BO-M-00122,bovino,2023-07-03,2023-07-03,concluido_sucesso,2024-04-11,1
C-BO-M-00122-01,BO-M-00122,bovino,2024-06-28,2024-08-23,concluido_sucesso,2025-06-02,3
C-BO-M-00122-02,BO-M-00122,bovino,2025-08-30,2025-08-30,concluido_sucesso,2026-06-09,1
C-BO-M-00123-00,BO-M-00123,bovino,2023-04-17,2023-06-08,concluido_falha,,3
C-BO-M-00123-01,BO-M-00123,bovino,2023-07-25,2023-07-25,concluido_sucesso,2024-05-03,1
C-BO-M-00124-00,BO-M-00124,bovino,2023-01-10,2023-01-10,concluido_sucesso,2023-10-20,1
C-BO-M-00124-01,BO-M-00124,bovino,2024-01-18,2024-01-18,concluido_sucesso,2024-10-27,1
C-BO-M-00124-02,BO-M-00124,bovino,2025-02-11,2025-02-11,concluido_sucesso,2025-11-21,1
C-BO-M-00124-03,BO-M-00124,bovino,2026-01-29,2026-02-21,concluido_sucesso,2026-12-01,2
C-BO-M-00125-00,BO-M-00125,bovino,2023-02-23,2023-02-23,concluido_sucesso,2023-12-03,1
C-BO-M-00125-01,BO-M-00125,bovino,2024-02-06,2024-02-06,concluido_sucesso,2024-11-15,1
C-BO-M-00126-00,BO-M-00126,bovino,2023-01-18,2023-03-10,concluido_falha,,3
C-BO-M-00126-01,BO-M-00126,bovino,2023-04-13,2023-06-05,concluido_falha,,3
C-BO-M-00127-00,BO-M-00127,bovino,2023-08-11,2023-08-11,concluido_sucesso,2024-05-20,1
C-BO-M-00127-01,BO-M-00127,bovino,2024-09-03,2024-09-03,concluido_sucesso,2025-06-13,1
C-BO-M-00127-02,BO-M-00127,bovino,2025-09-08,2025-09-08,concluido_sucesso,2026-06-18,1
C-BO-M-00128-00,BO-M-00128,bovino,2023-03-14,2023-03-14,concluido_sucesso,2023-12-22,1
C-BO-M-00128-01,BO-M-00128,bovino,2024-02-29,2024-04-17,concluido_falha,,3
C-BO-M-00128-02,BO-M-00128,bovino,2024-06-08,2024-06-08,concluido_sucesso,2025-03-18,1
C-BO-M-00128-03,BO-M-00128,bovino,2025-06-16,2025-06-16,concluido_sucesso,2026-03-26,1
C-BO-M-00129-00,BO-M-00129,bovino,2023-07-01,2023-08-30,concluido_falha,,3
C-BO-M-00129-01,BO-M-00129,bovino,2023-10-21,2023-11-18,concluido_sucesso,2024-08-27,2
C-BO-M-00129-02,BO-M-00129,bovino,2024-12-22,2025-02-15,concluido_falha,,3
C-BO-M-00129-03,BO-M-00129,bovino,2025-04-24,2025-06-18,concluido_falha,,3
C-BO-M-00130-00,BO-M-00130,bovino,2023-08-08,2023-08-08,concluido_sucesso,2024-05-17,1
C-BO-M-00130-01,BO-M-00130,bovino,2024-07-26,2024-08-17,concluido_sucesso,2025-05-27,2
C-BO-M-00130-02,BO-M-00130,bovino,2025-09-02,2025-09-02,concluido_sucesso,2026-06-12,1
C-BO-M-00131-00,BO-M-00131,bovino,2023-09-30,2023-11-15,concluido_falha,,3
C-BO-M-00131-01,BO-M-00131,bovino,2023-12-22,2023-12-22,concluido_sucesso,2024-09-30,1
C-BO-M-00132-00,BO-M-00132,bovino,2023-06-20,2023-08-06,concluido_falha,,3
C-BO-M-00132-01,BO-M-00132,bovino,2023-09-05,2023-10-19,concluido_sucesso,2024-07-28,3
C-BO-M-00132-02,BO-M-00132,bovino,2024-11-03,2024-11-03,concluido_sucesso,2025-08-13,1
C-BO-M-00132-03,BO-M-00132,bovino,2025-10-14,2025-11-13,concluido_sucesso,2026-08-23,2
C-BO-M-00133-00,BO-M-00133,bovino,2023-06-20,2023-06-20,concluido_sucesso,2024-03-29,1
C-BO-M-00133-01,BO-M-00133,bovino,2024-06-22,2024-07-21,concluido_sucesso,2025-04-30,2
C-BO-M-00133-02,BO-M-00133,bovino,2025-08-10,2025-10-10,concluido_falha,,3
C-BO-M-00133-03,BO-M-00133,bovino,2025-12-08,2026-01-02,concluido_sucesso,2026-10-12,2
C-BO-M-00134-00,BO-M-00134,bovino,2023-09-23,2023-10-21,concluido_sucesso,2024-07-30,2
C-BO-M-00134-01,BO-M-00134,bovino,2024-11-02,2024-11-02,concluido_sucesso,2025-08-12,1
C-BO-M-00134-02,BO-M-00134,bovino,2025-10-26,2025-10-26,concluido_sucesso,2026-08-05,1
C-BO-M-00135-00,BO-M-00135,bovino,2023-08-08,2023-08-08,concluido_sucesso,2024-05-17,1
C-BO-M-00135-01,BO-M-00135,bovino,2024-07-25,2024-07-25,concluido_sucesso,2025-05-04,1
C-BO-M-00136-00,BO-M-00136,bovino,2023-03-07,2023-03-07,concluido_sucesso,2023-12-15,1
C-BO-M-00136-01,BO-M-00136,bovino,2024-03-08,2024-03-08,concluido_sucesso,2024-12-16,1
C-BO-M-00136-02,BO-M-00136,bovino,2025-03-24,2025-03-24,concluido_sucesso,2026-01-01,1
C-BO-M-00136-03,BO-M-00136,bovino,2026-04-14,2026-04-14,concluido_sucesso,2027-01-22,1
C-BO-M-00137-00,BO-M-00137,bovino,2023-09-09,2023-09-09,concluido_sucesso,2024-06-18,1
C-BO-M-00137-01,BO-M-00137,bovino,2024-09-03,2024-09-03,concluido_sucesso,2025-06-13,1
C-BO-M-00137-02,BO-M-00137,bovino,2025-09-24,2025-10-22,concluido_sucesso,2026-08-01,2
C-BO-M-00138-00,BO-M-00138,bovino,2023-02-04,2023-02-04,concluido_sucesso,2023-11-14,1
C-BO-M-00138-01,BO-M-00138,bovino,2024-02-29,2024-04-15,concluido_sucesso,2025-01-23,3
C-BO-M-00138-02,BO-M-00138,bovino,2025-05-10,2025-05-10,concluido_sucesso,2026-02-17,1
C-BO-M-00139-00,BO-M-00139,bovino,2023-01-10,2023-01-10,concluido_sucesso,2023-10-20,1
C-BO-M-00139-01,BO-M-00139,bovino,2024-01-29,2024-01-29,concluido_sucesso,2024-11-07,1
C-BO-M-00139-02,BO-M-00139,bovino,2025-02-25,2025-03-27,concluido_sucesso,2026-01-04,2
C-BO-M-00139-03,BO-M-00139,bovino,2026-04-03,2026-04-03,concluido_sucesso,2027-01-11,1
C-BO-M-00140-00,BO-M-00140,bovino,2023-04-20,2023-06-14,concluido_sucesso,2024-03-23,3
C-BO-M-00140-01,BO-M-00140,bovino,2024-07-03,2024-07-03,concluido_sucesso,2025-04-12,1
C-BO-M-00140-02,BO-M-00140,bovino,2025-07-09,2025-08-28,concluido_falha,,3
C-BO-M-00140-03,BO-M-00140,bovino,2025-09-28,2025-09-28,concluido_sucesso,2026-07-08,1
C-BO-M-00141-00,BO-M-00141,bovino,2023-02-24,2023-02-24,concluido_sucesso,2023-12-04,1
C-BO-M-00141-01,BO-M-00141,bovino,2024-02-21,2024-02-21,concluido_sucesso,2024-11-30,1
C-BO-M-00142-00,BO-M-00142,bovino,2023-04-08,2023-04-08,concluido_sucesso,2024-01-16,1
C-BO-M-00142-01,BO-M-00142,bovino,2024-04-25,2024-04-25,concluido_sucesso,2025-02-02,1
C-BO-M-00142-02,BO-M-00142,bovino,2025-05-14,2025-05-14,concluido_sucesso,2026-02-21,1
C-BO-M-00143-00,BO-M-00143,bovino,2023-09-26,2023-10-17,concluido_sucesso,2024-07-26,2
C-BO-M-00143-01,BO-M-00143,bovino,2024-10-17,2024-10-17,concluido_sucesso,2025-07-27,1
C-BO-M-00143-02,BO-M-00143,bovino,2025-11-13,2026-01-04,concluido_sucesso,2026-10-14,3
C-BO-M-00144-00,BO-M-00144,bovino,2023-09-04,2023-09-04,concluido_sucesso,2024-06-13,1
C-BO-M-00144-01,BO-M-00144,bovino,2024-10-10,2024-10-10,concluido_sucesso,2025-07-20,1
C-BO-M-00144-02,BO-M-00144,bovino,2025-10-14,2025-10-14,concluido_sucesso,2026-07-24,1
C-BO-M-00145-00,BO-M-00145,bovino,2023-03-15,2023-04-10,concluido_sucesso,2024-01-18,2
C-BO-M-00146-00,BO-M-00146,bovino,2023-07-17,2023-07-17,concluido_sucesso,2024-04-25,1
C-BO-M-00146-01,BO-M-00146,bovino,2024-08-07,2024-08-07,concluido_sucesso,2025-05-17,1
C-BO-M-00146-02,BO-M-00146,bovino,2025-08-26,2025-10-16,concluido_sucesso,2026-07-26,3
C-BO-M-00147-00,BO-M-00147,bovino,2023-02-08,2023-03-09,concluido_sucesso,2023-12-17,2
C-BO-M-00147-01,BO-M-00147,bovino,2024-03-03,2024-03-24,concluido_sucesso,2025-01-01,2
C-BO-M-00147-02,BO-M-00147,bovino,2025-04-27,2025-04-27,concluido_sucesso,2026-02-04,1
C-BO-M-00147-03,BO-M-00147,bovino,2026-04-21,2026-04-21,concluido_sucesso,2027-01-29,1
C-BO-M-00148-00,BO-M-00148,bovino,2023-10-02,2023-10-28,concluido_sucesso,2024-08-06,2
C-BO-M-00148-01,BO-M-00148,bovino,2024-10-30,2024-12-29,concluido_falha,,3
C-BO-M-00148-02,BO-M-00148,bovino,2025-02-05,2025-02-05,concluido_sucesso,2025-11-15,1
C-BO-M-00148-03,BO-M-00148,bovino,2026-02-27,2026-02-27,concluido_sucesso,2026-12-07,1
C-BO-M-00149-00,BO-M-00149,bovino,2023-04-18,2023-04-18,concluido_sucesso,2024-01-26,1
C-BO-M-00149-01,BO-M-00149,bovino,2024-05-15,2024-05-15,concluido_sucesso,2025-02-22,1
C-BO-M-00149-02,BO-M-00149,bovino,2025-06-06,2025-06-28,concluido_sucesso,2026-04-07,2
C-BO-M-00150-00,BO-M-00150,bovino,2023-02-11,2023-02-11,concluido_sucesso,2023-11-21,1
C-BO-M-00150-01,BO-M-00150,bovino,2024-02-11,2024-02-11,concluido_sucesso,2024-11-20,1
C-BO-M-00150-02,BO-M-00150,bovino,2025-03-07,2025-03-07,concluido_sucesso,2025-12-15,1
C-BO-M-00150-03,BO-M-00150,bovino,2026-04-01,2026-04-01,concluido_sucesso,2027-01-09,1
C-BO-M-00151-00,BO-M-00151,bovino,2023-04-20,2023-04-20,concluido_sucesso,2024-01-28,1
C-BO-M-00151-01,BO-M-00151,bovino,2024-05-14,2024-05-14,concluido_sucesso,2025-02-21,1
C-BO-M-00151-02,BO-M-00151,bovino,2025-04-23,2025-06-11,concluido_falha,,3
C-BO-M-00151-03,BO-M-00151,bovino,2025-07-19,2025-08-14,concluido_sucesso,2026-05-24,2
C-BO-M-00152-00,BO-M-00152,bovino,2023-08-06,2023-10-06,concluido_sucesso,2024-07-15,3
C-BO-M-00152-01,BO-M-00152,bovino,2024-09-15,2024-10-17,concluido_sucesso,2025-07-27,2
C-BO-M-00152-02,BO-M-00152,bovino,2025-10-05,2025-10-05,concluido_sucesso,2026-07-15,1
C-BO-M-00153-00,BO-M-00153,bovino,2023-10-12,2023-10-12,concluido_sucesso,2024-07-21,1
C-BO-M-00153-01,BO-M-00153,bovino,2024-10-02,2024-10-24,concluido_sucesso,2025-08-03,2
C-BO-M-00153-02,BO-M-00153,bovino,2025-10-08,2025-10-08,concluido_sucesso,2026-07-18,1
C-BO-M-00154-00,BO-M-00154,bovino,2023-09-14,2023-09-14,concluido_sucesso,2024-06-23,1
C-BO-M-00155-00,BO-M-00155,bovino,2023-07-23,2023-07-23,concluido_sucesso,2024-05-01,1
C-BO-M-00155-01,BO-M-00155,bovino,2024-07-13,2024-08-04,concluido_sucesso,2025-05-14,2
C-BO-M-00155-02,BO-M-00155,bovino,2025-08-01,2025-08-01,concluido_sucesso,2026-05-11,1
C-BO-M-00156-00,BO-M-00156,bovino,2023-01-19,2023-03-16,concluido_sucesso,2023-12-24,3
C-BO-M-00156-01,BO-M-00156,bovino,2024-03-27,2024-05-22,concluido_falha,,3
C-BO-M-00156-02,BO-M-00156,bovino,2024-07-18,2024-08-30,concluido_falha,,3
C-BO-M-00156-03,BO-M-00156,bovino,2024-10-09,2024-11-30,concluido_falha,,3
C-BO-M-00156-04,BO-M-00156,bovino,2025-01-04,2025-03-08,concluido_sucesso,2025-12-16,3
C-BO-M-00156-05,BO-M-00156,bovino,2026-03-07,2026-03-07,concluido_sucesso,2026-12-15,1
C-BO-M-00157-00,BO-M-00157,bovino,2023-08-14,2023-10-08,concluido_falha,,3
C-BO-M-00157-01,BO-M-00157,bovino,2023-12-05,2023-12-05,concluido_sucesso,2024-09-13,1
C-BO-M-00157-02,BO-M-00157,bovino,2024-12-24,2024-12-24,concluido_sucesso,2025-10-03,1
C-BO-M-00157-03,BO-M-00157,bovino,2025-12-28,2025-12-28,concluido_sucesso,2026-10-07,1
C-BO-M-00158-00,BO-M-00158,bovino,2023-01-11,2023-03-01,concluido_sucesso,2023-12-09,3
C-BO-M-00159-00,BO-M-00159,bovino,2023-10-12,2023-12-02,concluido_sucesso,2024-09-10,3
C-BO-M-00159-01,BO-M-00159,bovino,2024-11-17,2024-11-17,concluido_sucesso,2025-08-27,1
C-BO-M-00159-02,BO-M-00159,bovino,2025-11-07,2025-11-29,concluido_sucesso,2026-09-08,2
C-BO-M-00160-00,BO-M-00160,bovino,2023-06-28,2023-06-28,concluido_sucesso,2024-04-06,1
C-BO-M-00160-01,BO-M-00160,bovino,2024-07-27,2024-07-27,concluido_sucesso,2025-05-06,1
C-BO-M-00160-02,BO-M-00160,bovino,2025-09-01,2025-09-01,concluido_sucesso,2026-06-11,1
C-BO-M-00161-00,BO-M-00161,bovino,2023-10-28,2023-10-28,concluido_sucesso,2024-08-06,1
C-BO-M-00161-01,BO-M-00161,bovino,2024-10-22,2024-10-22,concluido_sucesso,2025-08-01,1
C-BO-M-00161-02,BO-M-00161,bovino,2025-11-28,2026-01-10,concluido_falha,,3
C-BO-M-00161-03,BO-M-00161,bovino,2026-03-18,2026-03-18,concluido_sucesso,2026-12-26,1
C-BO-M-00162-00,BO-M-00162,bovino,2023-08-25,2023-08-25,concluido_sucesso,2024-06-03,1
C-BO-M-00162-01,BO-M-00162,bovino,2024-08-28,2024-08-28,concluido_sucesso,2025-06-07,1
C-BO-M-00162-02,BO-M-00162,bovino,2025-09-30,2025-09-30,concluido_sucesso,2026-07-10,1
C-BO-M-00163-00,BO-M-00163,bovino,2023-08-08,2023-08-08,concluido_sucesso,2024-05-17,1
C-BO-M-00163-01,BO-M-00163,bovino,2024-08-20,2024-10-06,concluido_sucesso,2025-07-16,3
C-BO-M-00163-02,BO-M-00163,bovino,2025-09-15,2025-11-08,concluido_falha,,3
C-BO-M-00163-03,BO-M-00163,bovino,2025-12-19,2026-02-09,concluido_falha,,3
C-BO-M-00163-04,BO-M-00163,bovino,2026-03-16,2026-03-16,concluido_sucesso,2026-12-24,1
C-BO-M-00164-00,BO-M-00164,bovino,2023-07-17,2023-07-17,concluido_sucesso,2024-04-25,1
C-BO-M-00164-01,BO-M-00164,bovino,2024-07-04,2024-07-04,concluido_sucesso,2025-04-13,1
C-BO-M-00164-02,BO-M-00164,bovino,2025-07-14,2025-07-14,concluido_sucesso,2026-04-23,1
C-BO-M-00165-00,BO-M-00165,bovino,2023-03-16,2023-03-16,concluido_sucesso,2023-12-24,1
C-BO-M-00165-01,BO-M-00165,bovino,2024-02-26,2024-02-26,concluido_sucesso,2024-12-05,1
C-BO-M-00165-02,BO-M-00165,bovino,2025-02-28,2025-02-28,concluido_sucesso,2025-12-08,1
C-BO-M-00165-03,BO-M-00165,bovino,2026-02-14,2026-02-14,concluido_sucesso,2026-11-24,1
C-BO-M-00166-00,BO-M-00166,bovino,2023-06-06,2023-06-06,concluido_sucesso,2024-03-15,1
C-BO-M-00166-01,BO-M-00166,bovino,2024-05-25,2024-07-13,concluido_falha,,3
C-BO-M-00167-00,BO-M-00167,bovino,2023-02-24,2023-02-24,concluido_sucesso,2023-12-04,1
C-BO-M-00167-01,BO-M-00167,bovino,2024-03-22,2024-03-22,concluido_sucesso,2024-12-30,1
C-BO-M-00167-02,BO-M-00167,bovino,2025-04-04,2025-05-27,concluido_falha,,3
C-BO-M-00167-03,BO-M-00167,bovino,2025-07-02,2025-08-26,concluido_falha,,3
C-BO-M-00167-04,BO-M-00167,bovino,2025-10-24,2025-12-15,concluido_falha,,3
C-BO-M-00167-05,BO-M-00167,bovino,2026-02-02,2026-03-31,concluido_sucesso,2027-01-08,3
C-BO-M-00168-00,BO-M-00168,bovino,2023-08-04,2023-09-25,concluido_falha,,3
C-BO-M-00169-00,BO-M-00169,bovino,2023-03-10,2023-03-10,concluido_sucesso,2023-12-18,1
C-BO-M-00169-01,BO-M-00169,bovino,2024-03-20,2024-03-20,concluido_sucesso,2024-12-28,1
C-BO-M-00169-02,BO-M-00169,bovino,2025-03-05,2025-05-04,concluido_sucesso,2026-02-11,3
C-BO-M-00170-00,BO-M-00170,bovino,2023-02-26,2023-04-14,concluido_falha,,3
C-BO-M-00170-01,BO-M-00170,bovino,2023-06-03,2023-07-23,concluido_falha,,3
C-BO-M-00170-02,BO-M-00170,bovino,2023-09-01,2023-10-28,concluido_falha,,3
C-BO-M-00170-03,BO-M-00170,bovino,2023-12-26,2024-01-20,concluido_sucesso,2024-10-29,2
C-BO-M-00170-04,BO-M-00170,bovino,2025-01-23,2025-03-11,concluido_falha,,3
C-BO-M-00170-05,BO-M-00170,bovino,2025-04-15,2025-04-15,concluido_sucesso,2026-01-23,1
C-BO-M-00171-00,BO-M-00171,bovino,2023-09-30,2023-09-30,concluido_sucesso,2024-07-09,1
C-BO-M-00171-01,BO-M-00171,bovino,2024-10-21,2024-10-21,concluido_sucesso,2025-07-31,1
C-BO-M-00171-02,BO-M-00171,bovino,2025-11-23,2025-11-23,concluido_sucesso,2026-09-02,1
C-BO-M-00172-00,BO-M-00172,bovino,2023-07-18,2023-08-09,concluido_sucesso,2024-05-18,2
C-BO-M-00172-01,BO-M-00172,bovino,2024-08-18,2024-09-15,concluido_sucesso,2025-06-25,2
C-BO-M-00172-02,BO-M-00172,bovino,2025-09-24,2025-10-22,concluido_sucesso,2026-08-01,2
C-BO-M-00173-00,BO-M-00173,bovino,2023-03-30,2023-03-30,concluido_sucesso,2024-01-07,1
C-BO-M-00173-01,BO-M-00173,bovino,2024-04-24,2024-04-24,concluido_sucesso,2025-02-01,1
C-BO-M-00173-02,BO-M-00173,bovino,2025-04-21,2025-05-15,concluido_sucesso,2026-02-22,2
C-BO-M-00173-03,BO-M-00173,bovino,2026-04-25,2026-04-25,concluido_sucesso,2027-02-02,1
C-BO-M-00174-00,BO-M-00174,bovino,2023-07-11,2023-07-11,concluido_sucesso,2024-04-19,1
C-BO-M-00174-01,BO-M-00174,bovino,2024-08-15,2024-09-09,concluido_sucesso,2025-06-19,2
C-BO-M-00174-02,BO-M-00174,bovino,2025-09-19,2025-11-18,concluido_falha,,3
C-BO-M-00175-00,BO-M-00175,bovino,2023-10-21,2023-10-21,concluido_sucesso,2024-07-30,1
C-BO-M-00175-01,BO-M-00175,bovino,2024-10-10,2024-10-10,concluido_sucesso,2025-07-20,1
C-BO-M-00175-02,BO-M-00175,bovino,2025-10-21,2025-11-11,concluido_sucesso,2026-08-21,2
C-BO-M-00176-00,BO-M-00176,bovino,2023-10-14,2023-12-04,concluido_falha,,3
C-BO-M-00176-01,BO-M-00176,bovino,2024-01-09,2024-02-22,concluido_sucesso,2024-12-01,3
C-BO-M-00176-02,BO-M-00176,bovino,2025-02-09,2025-02-09,concluido_sucesso,2025-11-19,1
C-BO-M-00177-00,BO-M-00177,bovino,2023-07-02,2023-07-02,concluido_sucesso,2024-04-10,1
C-BO-M-00177-01,BO-M-00177,bovino,2024-06-10,2024-06-10,concluido_sucesso,2025-03-20,1
C-BO-M-00177-02,BO-M-00177,bovino,2025-06-28,2025-07-30,concluido_sucesso,2026-05-09,2
C-BO-M-00178-00,BO-M-00178,bovino,2023-03-03,2023-03-03,concluido_sucesso,2023-12-11,1
C-BO-M-00178-01,BO-M-00178,bovino,2024-03-10,2024-05-07,concluido_falha,,3
C-BO-M-00178-02,BO-M-00178,bovino,2024-06-20,2024-08-15,concluido_falha,,3
C-BO-M-00178-03,BO-M-00178,bovino,2024-09-17,2024-11-06,concluido_falha,,3
C-BO-M-00178-04,BO-M-00178,bovino,2024-12-18,2025-01-15,concluido_sucesso,2025-10-25,2
C-BO-M-00178-05,BO-M-00178,bovino,2026-01-27,2026-02-24,concluido_sucesso,2026-12-04,2
C-BO-M-00179-00,BO-M-00179,bovino,2023-04-13,2023-05-30,concluido_sucesso,2024-03-08,3
C-BO-M-00179-01,BO-M-00179,bovino,2024-06-07,2024-06-07,concluido_sucesso,2025-03-17,1
C-BO-M-00179-02,BO-M-00179,bovino,2025-06-05,2025-06-05,concluido_sucesso,2026-03-15,1
C-BO-M-00180-00,BO-M-00180,bovino,2023-05-08,2023-07-07,concluido_falha,,3
C-BO-M-00180-01,BO-M-00180,bovino,2023-08-20,2023-10-09,concluido_falha,,3
C-BO-M-00180-02,BO-M-00180,bovino,2023-11-23,2023-11-23,concluido_sucesso,2024-09-01,1
C-BO-M-00180-03,BO-M-00180,bovino,2024-12-02,2024-12-02,concluido_sucesso,2025-09-11,1
C-BO-M-00180-04,BO-M-00180,bovino,2025-11-15,2025-12-12,concluido_sucesso,2026-09-21,2
C-BO-M-00181-00,BO-M-00181,bovino,2023-03-28,2023-05-21,concluido_falha,,3
C-BO-M-00181-01,BO-M-00181,bovino,2023-07-16,2023-09-08,concluido_falha,,3
C-BO-M-00181-02,BO-M-00181,bovino,2023-11-02,2023-11-02,concluido_sucesso,2024-08-11,1
C-BO-M-00181-03,BO-M-00181,bovino,2024-12-06,2025-01-25,concluido_falha,,3
C-BO-M-00181-04,BO-M-00181,bovino,2025-03-14,2025-05-04,concluido_falha,,3
C-BO-M-00182-00,BO-M-00182,bovino,2023-03-17,2023-05-03,concluido_falha,,3
C-BO-M-00182-01,BO-M-00182,bovino,2023-06-08,2023-06-08,concluido_sucesso,2024-03-17,1
C-BO-M-00182-02,BO-M-00182,bovino,2024-06-25,2024-06-25,concluido_sucesso,2025-04-04,1
C-BO-M-00182-03,BO-M-00182,bovino,2025-07-25,2025-09-17,concluido_falha,,3
C-BO-M-00183-00,BO-M-00183,bovino,2023-04-20,2023-05-14,concluido_sucesso,2024-02-21,2
C-BO-M-00183-01,BO-M-00183,bovino,2024-05-17,2024-05-17,concluido_sucesso,2025-02-24,1
C-BO-M-00183-02,BO-M-00183,bovino,2025-05-13,2025-05-13,concluido_sucesso,2026-02-20,1
C-BO-M-00183-03,BO-M-00183,bovino,2026-04-28,2026-04-28,concluido_sucesso,2027-02-05,1
C-BO-M-00184-00,BO-M-00184,bovino,2023-10-03,2023-11-25,concluido_falha,,3
C-BO-M-00185-00,BO-M-00185,bovino,2023-09-27,2023-09-27,concluido_sucesso,2024-07-06,1
C-BO-M-00185-01,BO-M-00185,bovino,2024-09-09,2024-10-09,concluido_sucesso,2025-07-19,2
C-BO-M-00185-02,BO-M-00185,bovino,2025-09-22,2025-09-22,concluido_sucesso,2026-07-02,1
C-BO-M-00186-00,BO-M-00186,bovino,2023-08-15,2023-10-13,concluido_sucesso,2024-07-22,3
C-BO-M-00186-01,BO-M-00186,bovino,2024-09-28,2024-11-19,concluido_sucesso,2025-08-29,3
C-BO-M-00186-02,BO-M-00186,bovino,2025-12-03,2025-12-03,concluido_sucesso,2026-09-12,1
C-BO-M-00187-00,BO-M-00187,bovino,2023-04-15,2023-04-15,concluido_sucesso,2024-01-23,1
C-BO-M-00187-01,BO-M-00187,bovino,2024-04-29,2024-06-23,concluido_sucesso,2025-04-02,3
C-BO-M-00187-02,BO-M-00187,bovino,2025-07-09,2025-07-09,concluido_sucesso,2026-04-18,1
C-BO-M-00188-00,BO-M-00188,bovino,2023-03-20,2023-03-20,concluido_sucesso,2023-12-28,1
C-BO-M-00188-01,BO-M-00188,bovino,2024-02-26,2024-02-26,concluido_sucesso,2024-12-05,1
C-BO-M-00188-02,BO-M-00188,bovino,2025-03-17,2025-03-17,concluido_sucesso,2025-12-25,1
C-BO-M-00188-03,BO-M-00188,bovino,2026-02-26,2026-02-26,concluido_sucesso,2026-12-06,1
C-BO-M-00189-00,BO-M-00189,bovino,2023-05-16,2023-05-16,concluido_sucesso,2024-02-23,1
C-BO-M-00189-01,BO-M-00189,bovino,2024-04-29,2024-04-29,concluido_sucesso,2025-02-06,1
C-BO-M-00189-02,BO-M-00189,bovino,2025-05-19,2025-05-19,concluido_sucesso,2026-02-26,1
C-BO-M-00190-00,BO-M-00190,bovino,2023-05-02,2023-05-02,concluido_sucesso,2024-02-09,1
C-BO-M-00190-01,BO-M-00190,bovino,2024-04-09,2024-04-09,concluido_sucesso,2025-01-17,1
C-BO-M-00190-02,BO-M-00190,bovino,2025-05-04,2025-06-05,concluido_sucesso,2026-03-15,2
C-BO-M-00191-00,BO-M-00191,bovino,2023-01-31,2023-02-27,concluido_sucesso,2023-12-07,2
C-BO-M-00191-01,BO-M-00191,bovino,2024-03-26,2024-03-26,concluido_sucesso,2025-01-03,1
C-BO-M-00191-02,BO-M-00191,bovino,2025-04-04,2025-05-05,concluido_sucesso,2026-02-12,2
C-BO-M-00191-03,BO-M-00191,bovino,2026-04-22,2026-04-22,concluido_falha,,1
C-BO-M-00192-00,BO-M-00192,bovino,2023-03-12,2023-03-12,concluido_sucesso,2023-12-20,1
C-BO-M-00192-01,BO-M-00192,bovino,2024-03-08,2024-03-08,concluido_sucesso,2024-12-16,1
C-BO-M-00192-02,BO-M-00192,bovino,2025-03-17,2025-03-17,concluido_sucesso,2025-12-25,1
C-BO-M-00192-03,BO-M-00192,bovino,2026-04-15,2026-04-15,concluido_falha,,1
C-BO-M-00193-00,BO-M-00193,bovino,2023-03-25,2023-04-26,concluido_sucesso,2024-02-03,2
C-BO-M-00193-01,BO-M-00193,bovino,2024-04-28,2024-04-28,concluido_sucesso,2025-02-05,1
C-BO-M-00193-02,BO-M-00193,bovino,2025-05-02,2025-06-15,concluido_sucesso,2026-03-25,3
C-BO-M-00194-00,BO-M-00194,bovino,2023-06-26,2023-06-26,concluido_sucesso,2024-04-04,1
C-BO-M-00194-01,BO-M-00194,bovino,2024-06-03,2024-07-25,concluido_falha,,3
C-BO-M-00194-02,BO-M-00194,bovino,2024-09-10,2024-10-29,concluido_sucesso,2025-08-08,3
C-BO-M-00194-03,BO-M-00194,bovino,2025-10-22,2025-12-17,concluido_falha,,3
C-BO-M-00194-04,BO-M-00194,bovino,2026-01-19,2026-01-19,concluido_sucesso,2026-10-29,1
C-BO-M-00195-00,BO-M-00195,bovino,2023-01-18,2023-01-18,concluido_sucesso,2023-10-28,1
C-BO-M-00195-01,BO-M-00195,bovino,2023-12-30,2023-12-30,concluido_sucesso,2024-10-08,1
C-BO-M-00195-02,BO-M-00195,bovino,2024-12-29,2025-01-24,concluido_sucesso,2025-11-03,2
C-BO-M-00195-03,BO-M-00195,bovino,2026-01-05,2026-01-05,concluido_sucesso,2026-10-15,1
C-BO-M-00196-00,BO-M-00196,bovino,2023-02-28,2023-02-28,concluido_sucesso,2023-12-08,1
C-BO-M-00196-01,BO-M-00196,bovino,2024-04-02,2024-04-02,concluido_sucesso,2025-01-10,1
C-BO-M-00196-02,BO-M-00196,bovino,2025-04-06,2025-04-06,concluido_sucesso,2026-01-14,1
C-BO-M-00197-00,BO-M-00197,bovino,2023-07-14,2023-07-14,concluido_sucesso,2024-04-22,1
C-BO-M-00197-01,BO-M-00197,bovino,2024-06-26,2024-06-26,concluido_sucesso,2025-04-05,1
C-BO-M-00197-02,BO-M-00197,bovino,2025-07-19,2025-08-12,concluido_sucesso,2026-05-22,2
C-BO-M-00198-00,BO-M-00198,bovino,2023-01-06,2023-01-06,concluido_sucesso,2023-10-16,1
C-BO-M-00199-00,BO-M-00199,bovino,2023-06-25,2023-06-25,concluido_sucesso,2024-04-03,1
C-BO-M-00199-01,BO-M-00199,bovino,2024-07-08,2024-07-08,concluido_sucesso,2025-04-17,1
C-BO-M-00200-00,BO-M-00200,bovino,2023-07-10,2023-08-05,concluido_sucesso,2024-05-14,2
C-BO-M-00200-01,BO-M-00200,bovino,2024-09-05,2024-09-05,concluido_sucesso,2025-06-15,1
C-BO-M-00200-02,BO-M-00200,bovino,2025-09-05,2025-09-05,concluido_sucesso,2026-06-15,1
C-BO-M-00201-00,BO-M-00201,bovino,2023-03-11,2023-05-05,concluido_falha,,3
C-BO-M-00201-01,BO-M-00201,bovino,2023-07-12,2023-07-12,concluido_sucesso,2024-04-20,1
C-BO-M-00201-02,BO-M-00201,bovino,2024-06-19,2024-08-06,concluido_falha,,3
C-BO-M-00201-03,BO-M-00201,bovino,2024-09-22,2024-11-16,concluido_falha,,3
C-BO-M-00202-00,BO-M-00202,bovino,2023-10-25,2023-12-24,concluido_sucesso,2024-10-02,3
C-BO-M-00202-01,BO-M-00202,bovino,2025-01-24,2025-03-11,concluido_falha,,3
C-BO-M-00202-02,BO-M-00202,bovino,2025-05-16,2025-07-07,concluido_falha,,3
C-BO-M-00202-03,BO-M-00202,bovino,2025-08-10,2025-08-10,concluido_sucesso,2026-05-20,1
C-BO-M-00203-00,BO-M-00203,bovino,2023-04-15,2023-06-03,concluido_sucesso,2024-03-12,3
C-BO-M-00203-01,BO-M-00203,bovino,2024-05-20,2024-07-19,concluido_falha,,3
C-BO-M-00203-02,BO-M-00203,bovino,2024-09-09,2024-09-09,concluido_sucesso,2025-06-19,1
C-BO-M-00203-03,BO-M-00203,bovino,2025-10-13,2025-10-13,concluido_sucesso,2026-07-23,1
C-BO-M-00204-00,BO-M-00204,bovino,2023-05-11,2023-07-07,concluido_falha,,3
C-BO-M-00204-01,BO-M-00204,bovino,2023-08-08,2023-09-24,concluido_falha,,3
C-BO-M-00204-02,BO-M-00204,bovino,2023-10-26,2023-11-23,concluido_sucesso,2024-09-01,2
C-BO-M-00204-03,BO-M-00204,bovino,2024-11-13,2024-12-12,concluido_sucesso,2025-09-21,2
C-BO-M-00205-00,BO-M-00205,bovino,2023-10-18,2023-10-18,concluido_sucesso,2024-07-27,1
C-BO-M-00205-01,BO-M-00205,bovino,2024-11-12,2024-11-12,concluido_sucesso,2025-08-22,1
C-BO-M-00205-02,BO-M-00205,bovino,2025-10-23,2025-12-10,concluido_sucesso,2026-09-19,3
C-BO-M-00206-00,BO-M-00206,bovino,2023-01-20,2023-01-20,concluido_sucesso,2023-10-30,1
C-BO-M-00206-01,BO-M-00206,bovino,2024-02-03,2024-02-03,concluido_sucesso,2024-11-12,1
C-BO-M-00206-02,BO-M-00206,bovino,2025-02-18,2025-02-18,concluido_sucesso,2025-11-28,1
C-BO-M-00206-03,BO-M-00206,bovino,2026-03-21,2026-04-21,concluido_falha,,2
C-BO-M-00207-00,BO-M-00207,bovino,2023-03-22,2023-05-15,concluido_sucesso,2024-02-22,3
C-BO-M-00207-01,BO-M-00207,bovino,2024-05-19,2024-05-19,concluido_sucesso,2025-02-26,1
C-BO-M-00207-02,BO-M-00207,bovino,2025-06-25,2025-06-25,concluido_sucesso,2026-04-04,1
C-BO-M-00208-00,BO-M-00208,bovino,2023-07-18,2023-07-18,concluido_sucesso,2024-04-26,1
C-BO-M-00208-01,BO-M-00208,bovino,2024-06-29,2024-06-29,concluido_sucesso,2025-04-08,1
C-BO-M-00208-02,BO-M-00208,bovino,2025-06-07,2025-06-07,concluido_sucesso,2026-03-17,1
C-BO-M-00209-00,BO-M-00209,bovino,2023-09-10,2023-09-10,concluido_sucesso,2024-06-19,1
C-BO-M-00209-01,BO-M-00209,bovino,2024-10-07,2024-11-07,concluido_sucesso,2025-08-17,2
C-BO-M-00209-02,BO-M-00209,bovino,2025-11-15,2025-11-15,concluido_sucesso,2026-08-25,1
C-BO-M-00210-00,BO-M-00210,bovino,2023-05-01,2023-05-01,concluido_sucesso,2024-02-08,1
C-BO-M-00210-01,BO-M-00210,bovino,2024-04-24,2024-04-24,concluido_sucesso,2025-02-01,1
C-BO-M-00210-02,BO-M-00210,bovino,2025-05-06,2025-05-29,concluido_sucesso,2026-03-08,2
C-BO-M-00211-00,BO-M-00211,bovino,2023-07-06,2023-07-06,concluido_sucesso,2024-04-14,1
C-BO-M-00211-01,BO-M-00211,bovino,2024-07-13,2024-07-13,concluido_sucesso,2025-04-22,1
C-BO-M-00211-02,BO-M-00211,bovino,2025-07-01,2025-09-01,concluido_sucesso,2026-06-11,3
C-BO-M-00212-00,BO-M-00212,bovino,2023-05-26,2023-06-23,concluido_sucesso,2024-04-01,2
C-BO-M-00212-01,BO-M-00212,bovino,2024-06-30,2024-06-30,concluido_sucesso,2025-04-09,1
C-BO-M-00212-02,BO-M-00212,bovino,2025-06-27,2025-06-27,concluido_sucesso,2026-04-06,1
C-BO-M-00213-00,BO-M-00213,bovino,2023-03-22,2023-05-10,concluido_falha,,3
C-BO-M-00213-01,BO-M-00213,bovino,2023-06-10,2023-07-30,concluido_falha,,3
C-BO-M-00213-02,BO-M-00213,bovino,2023-10-03,2023-11-25,concluido_falha,,3
C-BO-M-00213-03,BO-M-00213,bovino,2024-01-05,2024-01-05,concluido_sucesso,2024-10-14,1
C-BO-M-00213-04,BO-M-00213,bovino,2025-01-04,2025-02-25,concluido_falha,,3
C-BO-M-00213-05,BO-M-00213,bovino,2025-05-03,2025-06-21,concluido_falha,,3
C-BO-M-00214-00,BO-M-00214,bovino,2023-02-25,2023-04-18,concluido_sucesso,2024-01-26,3
C-BO-M-00214-01,BO-M-00214,bovino,2024-04-13,2024-04-13,concluido_sucesso,2025-01-21,1
C-BO-M-00215-00,BO-M-00215,bovino,2023-10-15,2023-10-15,concluido_sucesso,2024-07-24,1
C-BO-M-00215-01,BO-M-00215,bovino,2024-11-07,2024-12-02,concluido_sucesso,2025-09-11,2
C-BO-M-00215-02,BO-M-00215,bovino,2025-11-24,2026-01-08,concluido_sucesso,2026-10-18,3
C-BO-M-00216-00,BO-M-00216,bovino,2023-03-05,2023-03-05,concluido_sucesso,2023-12-13,1
C-BO-M-00216-01,BO-M-00216,bovino,2024-02-27,2024-02-27,concluido_sucesso,2024-12-06,1
C-BO-M-00216-02,BO-M-00216,bovino,2025-04-03,2025-04-03,concluido_sucesso,2026-01-11,1
C-BO-M-00216-03,BO-M-00216,bovino,2026-03-27,2026-03-27,concluido_sucesso,2027-01-04,1
C-BO-M-00217-00,BO-M-00217,bovino,2023-10-14,2023-11-30,concluido_falha,,3
C-BO-M-00217-01,BO-M-00217,bovino,2024-02-02,2024-02-02,concluido_sucesso,2024-11-11,1
C-BO-M-00217-02,BO-M-00217,bovino,2025-02-20,2025-02-20,concluido_sucesso,2025-11-30,1
C-BO-M-00217-03,BO-M-00217,bovino,2026-01-30,2026-01-30,concluido_sucesso,2026-11-09,1
C-BO-M-00218-00,BO-M-00218,bovino,2023-03-08,2023-05-11,concluido_falha,,3
C-BO-M-00218-01,BO-M-00218,bovino,2023-07-04,2023-07-25,concluido_sucesso,2024-05-03,2
C-BO-M-00218-02,BO-M-00218,bovino,2024-07-24,2024-07-24,concluido_sucesso,2025-05-03,1
C-BO-M-00218-03,BO-M-00218,bovino,2025-08-26,2025-08-26,concluido_sucesso,2026-06-05,1
C-BO-M-00219-00,BO-M-00219,bovino,2023-09-23,2023-11-26,concluido_falha,,3
C-BO-M-00219-01,BO-M-00219,bovino,2024-02-02,2024-02-02,concluido_sucesso,2024-11-11,1
C-BO-M-00219-02,BO-M-00219,bovino,2025-02-06,2025-04-04,concluido_falha,,3
C-BO-M-00219-03,BO-M-00219,bovino,2025-05-16,2025-07-06,concluido_falha,,3
C-BO-M-00220-00,BO-M-00220,bovino,2023-08-03,2023-08-03,concluido_sucesso,2024-05-12,1
C-BO-M-00220-01,BO-M-00220,bovino,2024-07-15,2024-07-15,concluido_sucesso,2025-04-24,1
C-BO-M-00221-00,BO-M-00221,bovino,2023-08-05,2023-08-27,concluido_sucesso,2024-06-05,2
C-BO-M-00221-01,BO-M-00221,bovino,2024-09-15,2024-09-15,concluido_sucesso,2025-06-25,1
C-BO-M-00221-02,BO-M-00221,bovino,2025-10-12,2025-10-12,concluido_sucesso,2026-07-22,1
C-BO-M-00222-00,BO-M-00222,bovino,2023-08-07,2023-08-07,concluido_sucesso,2024-05-16,1
C-BO-M-00222-01,BO-M-00222,bovino,2024-08-09,2024-09-06,concluido_sucesso,2025-06-16,2
C-BO-M-00222-02,BO-M-00222,bovino,2025-09-26,2025-09-26,concluido_sucesso,2026-07-06,1
C-BO-M-00223-00,BO-M-00223,bovino,2023-02-11,2023-03-09,concluido_sucesso,2023-12-17,2
C-BO-M-00223-01,BO-M-00223,bovino,2024-02-29,2024-02-29,concluido_sucesso,2024-12-08,1
C-BO-M-00223-02,BO-M-00223,bovino,2025-03-07,2025-05-05,concluido_falha,,3
C-BO-M-00223-03,BO-M-00223,bovino,2025-06-06,2025-07-25,concluido_falha,,3
C-BO-M-00223-04,BO-M-00223,bovino,2025-09-22,2025-09-22,concluido_sucesso,2026-07-02,1
C-BO-M-00224-00,BO-M-00224,bovino,2023-01-15,2023-01-15,concluido_sucesso,2023-10-25,1
C-BO-M-00224-01,BO-M-00224,bovino,2024-01-14,2024-02-07,concluido_sucesso,2024-11-16,2
C-BO-M-00224-02,BO-M-00224,bovino,2025-01-22,2025-01-22,concluido_sucesso,2025-11-01,1
C-BO-M-00224-03,BO-M-00224,bovino,2026-02-20,2026-04-06,concluido_falha,,3
C-BO-M-00225-00,BO-M-00225,bovino,2023-05-16,2023-06-17,concluido_sucesso,2024-03-26,2
C-BO-M-00225-01,BO-M-00225,bovino,2024-07-05,2024-08-24,concluido_falha,,3
C-BO-M-00225-02,BO-M-00225,bovino,2024-10-07,2024-10-07,concluido_sucesso,2025-07-17,1
C-BO-M-00225-03,BO-M-00225,bovino,2025-10-16,2025-10-16,concluido_sucesso,2026-07-26,1
C-BO-M-00226-00,BO-M-00226,bovino,2023-01-13,2023-02-06,concluido_sucesso,2023-11-16,2
C-BO-M-00226-01,BO-M-00226,bovino,2024-01-24,2024-03-21,concluido_falha,,3
C-BO-M-00226-02,BO-M-00226,bovino,2024-05-09,2024-06-02,concluido_sucesso,2025-03-12,2
C-BO-M-00227-00,BO-M-00227,bovino,2023-08-08,2023-08-08,concluido_sucesso,2024-05-17,1
C-BO-M-00227-01,BO-M-00227,bovino,2024-08-05,2024-08-05,concluido_sucesso,2025-05-15,1
C-BO-M-00228-00,BO-M-00228,bovino,2023-01-11,2023-01-11,concluido_sucesso,2023-10-21,1
C-BO-M-00228-01,BO-M-00228,bovino,2024-02-10,2024-04-07,concluido_falha,,3
C-BO-M-00228-02,BO-M-00228,bovino,2024-06-12,2024-08-04,concluido_falha,,3
C-BO-M-00228-03,BO-M-00228,bovino,2024-09-05,2024-11-01,concluido_sucesso,2025-08-11,3
C-BO-M-00229-00,BO-M-00229,bovino,2023-03-19,2023-04-11,concluido_sucesso,2024-01-19,2
C-BO-M-00229-01,BO-M-00229,bovino,2024-04-13,2024-05-15,concluido_sucesso,2025-02-22,2
C-BO-M-00229-02,BO-M-00229,bovino,2025-05-14,2025-07-10,concluido_sucesso,2026-04-19,3
C-BO-M-00230-00,BO-M-00230,bovino,2023-03-17,2023-03-17,concluido_sucesso,2023-12-25,1
C-BO-M-00230-01,BO-M-00230,bovino,2024-04-06,2024-05-08,concluido_sucesso,2025-02-15,2
C-BO-M-00230-02,BO-M-00230,bovino,2025-05-21,2025-05-21,concluido_sucesso,2026-02-28,1
C-BO-M-00231-00,BO-M-00231,bovino,2023-06-26,2023-08-24,concluido_sucesso,2024-06-02,3
C-BO-M-00232-00,BO-M-00232,bovino,2023-05-25,2023-07-14,concluido_falha,,3
C-BO-M-00232-01,BO-M-00232,bovino,2023-09-07,2023-11-07,concluido_falha,,3
C-BO-M-00232-02,BO-M-00232,bovino,2023-12-19,2024-02-09,concluido_falha,,3
C-BO-M-00232-03,BO-M-00232,bovino,2024-04-13,2024-06-07,concluido_falha,,3
C-BO-M-00232-04,BO-M-00232,bovino,2024-08-07,2024-08-07,concluido_sucesso,2025-05-17,1
C-BO-M-00232-05,BO-M-00232,bovino,2025-07-31,2025-09-16,concluido_falha,,3
C-BO-M-00233-00,BO-M-00233,bovino,2023-04-12,2023-04-12,concluido_sucesso,2024-01-20,1
C-BO-M-00233-01,BO-M-00233,bovino,2024-05-10,2024-07-02,concluido_falha,,3
C-BO-M-00233-02,BO-M-00233,bovino,2024-08-21,2024-08-21,concluido_sucesso,2025-05-31,1
C-BO-M-00233-03,BO-M-00233,bovino,2025-08-01,2025-09-13,concluido_falha,,3
C-BO-M-00234-00,BO-M-00234,bovino,2023-08-12,2023-08-12,concluido_sucesso,2024-05-21,1
C-BO-M-00234-01,BO-M-00234,bovino,2024-09-05,2024-09-27,concluido_sucesso,2025-07-07,2
C-BO-M-00234-02,BO-M-00234,bovino,2025-09-16,2025-09-16,concluido_sucesso,2026-06-26,1
C-BO-M-00235-00,BO-M-00235,bovino,2023-05-12,2023-05-12,concluido_sucesso,2024-02-19,1
C-BO-M-00235-01,BO-M-00235,bovino,2024-06-15,2024-06-15,concluido_sucesso,2025-03-25,1
C-BO-M-00235-02,BO-M-00235,bovino,2025-06-11,2025-06-11,concluido_sucesso,2026-03-21,1
C-BO-M-00236-00,BO-M-00236,bovino,2023-04-10,2023-06-08,concluido_falha,,3
C-BO-M-00236-01,BO-M-00236,bovino,2023-08-10,2023-09-23,concluido_falha,,3
C-BO-M-00236-02,BO-M-00236,bovino,2023-10-26,2023-12-18,concluido_sucesso,2024-09-26,3
C-BO-M-00236-03,BO-M-00236,bovino,2024-12-27,2025-02-17,concluido_falha,,3
C-BO-M-00236-04,BO-M-00236,bovino,2025-04-08,2025-05-03,concluido_sucesso,2026-02-10,2
C-BO-M-00236-05,BO-M-00236,bovino,2026-04-30,2026-04-30,concluido_falha,,1
C-BO-M-00237-00,BO-M-00237,bovino,2023-03-19,2023-04-15,concluido_sucesso,2024-01-23,2
C-BO-M-00237-01,BO-M-00237,bovino,2024-03-28,2024-03-28,concluido_sucesso,2025-01-05,1
C-BO-M-00237-02,BO-M-00237,bovino,2025-04-28,2025-06-21,concluido_sucesso,2026-03-31,3
C-BO-M-00238-00,BO-M-00238,bovino,2023-01-04,2023-01-04,concluido_sucesso,2023-10-14,1
C-BO-M-00238-01,BO-M-00238,bovino,2024-02-09,2024-02-09,concluido_sucesso,2024-11-18,1
C-BO-M-00238-02,BO-M-00238,bovino,2025-02-14,2025-02-14,concluido_sucesso,2025-11-24,1
C-BO-M-00238-03,BO-M-00238,bovino,2026-03-10,2026-03-10,concluido_sucesso,2026-12-18,1
C-BO-M-00239-00,BO-M-00239,bovino,2023-08-12,2023-08-12,concluido_sucesso,2024-05-21,1
C-BO-M-00239-01,BO-M-00239,bovino,2024-07-21,2024-09-09,concluido_sucesso,2025-06-19,3
C-BO-M-00239-02,BO-M-00239,bovino,2025-09-23,2025-09-23,concluido_sucesso,2026-07-03,1
C-BO-M-00240-00,BO-M-00240,bovino,2023-04-03,2023-04-03,concluido_sucesso,2024-01-11,1
C-BO-M-00240-01,BO-M-00240,bovino,2024-04-20,2024-04-20,concluido_sucesso,2025-01-28,1
C-BO-M-00240-02,BO-M-00240,bovino,2025-05-01,2025-05-29,concluido_sucesso,2026-03-08,2
C-BO-M-00241-00,BO-M-00241,bovino,2023-08-08,2023-08-08,concluido_sucesso,2024-05-17,1
C-BO-M-00241-01,BO-M-00241,bovino,2024-08-21,2024-10-12,concluido_sucesso,2025-07-22,3
C-BO-M-00241-02,BO-M-00241,bovino,2025-10-15,2025-10-15,concluido_sucesso,2026-07-25,1
C-BO-M-00242-00,BO-M-00242,bovino,2023-03-20,2023-04-20,concluido_sucesso,2024-01-28,2
C-BO-M-00242-01,BO-M-00242,bovino,2024-04-15,2024-05-15,concluido_sucesso,2025-02-22,2
C-BO-M-00242-02,BO-M-00242,bovino,2025-06-03,2025-07-25,concluido_falha,,3
C-BO-M-00242-03,BO-M-00242,bovino,2025-09-01,2025-10-23,concluido_falha,,3
C-BO-M-00243-00,BO-M-00243,bovino,2023-05-09,2023-07-04,concluido_sucesso,2024-04-12,3
C-BO-M-00243-01,BO-M-00243,bovino,2024-07-31,2024-08-23,concluido_sucesso,2025-06-02,2
C-BO-M-00243-02,BO-M-00243,bovino,2025-08-06,2025-08-29,concluido_sucesso,2026-06-08,2
C-BO-M-00244-00,BO-M-00244,bovino,2023-06-30,2023-06-30,concluido_sucesso,2024-04-08,1
C-BO-M-00244-01,BO-M-00244,bovino,2024-08-02,2024-08-02,concluido_sucesso,2025-05-12,1
C-BO-M-00244-02,BO-M-00244,bovino,2025-09-05,2025-10-25,concluido_falha,,3
C-BO-M-00244-03,BO-M-00244,bovino,2026-01-01,2026-02-14,concluido_falha,,3
C-BO-M-00244-04,BO-M-00244,bovino,2026-04-22,2026-04-22,concluido_falha,,1
C-BO-M-00245-00,BO-M-00245,bovino,2023-06-04,2023-07-25,concluido_sucesso,2024-05-03,3
C-BO-M-00245-01,BO-M-00245,bovino,2024-08-04,2024-08-04,concluido_sucesso,2025-05-14,1
C-BO-M-00245-02,BO-M-00245,bovino,2025-08-06,2025-08-06,concluido_sucesso,2026-05-16,1
C-BO-M-00246-00,BO-M-00246,bovino,2023-10-15,2023-10-15,concluido_sucesso,2024-07-24,1
C-BO-M-00246-01,BO-M-00246,bovino,2024-10-13,2024-11-14,concluido_sucesso,2025-08-24,2
C-BO-M-00246-02,BO-M-00246,bovino,2025-11-08,2025-11-08,concluido_sucesso,2026-08-18,1
C-BO-M-00247-00,BO-M-00247,bovino,2023-02-27,2023-02-27,concluido_sucesso,2023-12-07,1
C-BO-M-00247-01,BO-M-00247,bovino,2024-02-29,2024-03-30,concluido_sucesso,2025-01-07,2
C-BO-M-00247-02,BO-M-00247,bovino,2025-03-14,2025-04-05,concluido_sucesso,2026-01-13,2
C-BO-M-00247-03,BO-M-00247,bovino,2026-04-26,2026-04-26,concluido_falha,,1
C-BO-M-00248-00,BO-M-00248,bovino,2023-06-11,2023-08-05,concluido_falha,,3
C-BO-M-00248-01,BO-M-00248,bovino,2023-09-19,2023-11-09,concluido_falha,,3
C-BO-M-00248-02,BO-M-00248,bovino,2024-01-17,2024-03-04,concluido_falha,,3
C-BO-M-00248-03,BO-M-00248,bovino,2024-04-14,2024-04-14,concluido_sucesso,2025-01-22,1
C-BO-M-00248-04,BO-M-00248,bovino,2025-04-17,2025-05-19,concluido_sucesso,2026-02-26,2
C-BO-M-00248-05,BO-M-00248,bovino,2026-04-27,2026-04-27,concluido_sucesso,2027-02-04,1
C-BO-M-00249-00,BO-M-00249,bovino,2023-06-22,2023-06-22,concluido_sucesso,2024-03-31,1
C-BO-M-00249-01,BO-M-00249,bovino,2024-05-31,2024-07-19,concluido_falha,,3
C-BO-M-00249-02,BO-M-00249,bovino,2024-09-12,2024-10-05,concluido_sucesso,2025-07-15,2
C-BO-M-00249-03,BO-M-00249,bovino,2025-10-03,2025-10-28,concluido_sucesso,2026-08-07,2
C-BO-M-00250-00,BO-M-00250,bovino,2023-08-05,2023-08-05,concluido_sucesso,2024-05-14,1
C-BO-M-00250-01,BO-M-00250,bovino,2024-09-04,2024-09-28,concluido_sucesso,2025-07-08,2
C-BO-M-00250-02,BO-M-00250,bovino,2025-09-09,2025-09-30,concluido_sucesso,2026-07-10,2
C-BO-M-00251-00,BO-M-00251,bovino,2023-03-16,2023-03-16,concluido_sucesso,2023-12-24,1
C-BO-M-00251-01,BO-M-00251,bovino,2024-02-29,2024-02-29,concluido_sucesso,2024-12-08,1
C-BO-M-00251-02,BO-M-00251,bovino,2025-02-22,2025-03-22,concluido_sucesso,2025-12-30,2
C-BO-M-00251-03,BO-M-00251,bovino,2026-04-07,2026-04-07,concluido_sucesso,2027-01-15,1
C-BO-M-00252-00,BO-M-00252,bovino,2023-04-23,2023-04-23,concluido_sucesso,2024-01-31,1
C-BO-M-00252-01,BO-M-00252,bovino,2024-05-13,2024-05-13,concluido_sucesso,2025-02-20,1
C-BO-M-00252-02,BO-M-00252,bovino,2025-05-15,2025-06-16,concluido_sucesso,2026-03-26,2
C-BO-M-00253-00,BO-M-00253,bovino,2023-06-26,2023-06-26,concluido_sucesso,2024-04-04,1
C-BO-M-00253-01,BO-M-00253,bovino,2024-07-20,2024-07-20,concluido_sucesso,2025-04-29,1
C-BO-M-00253-02,BO-M-00253,bovino,2025-08-03,2025-08-03,concluido_sucesso,2026-05-13,1
C-BO-M-00254-00,BO-M-00254,bovino,2023-02-25,2023-04-22,concluido_sucesso,2024-01-30,3
C-BO-M-00255-00,BO-M-00255,bovino,2023-05-28,2023-05-28,concluido_sucesso,2024-03-06,1
C-BO-M-00255-01,BO-M-00255,bovino,2024-06-09,2024-06-09,concluido_sucesso,2025-03-19,1
C-BO-M-00255-02,BO-M-00255,bovino,2025-06-07,2025-07-23,concluido_falha,,3
C-BO-M-00255-03,BO-M-00255,bovino,2025-08-29,2025-10-24,concluido_falha,,3
C-BO-M-00256-00,BO-M-00256,bovino,2023-09-27,2023-09-27,concluido_sucesso,2024-07-06,1
C-BO-M-00256-01,BO-M-00256,bovino,2024-10-06,2024-10-06,concluido_sucesso,2025-07-16,1
C-BO-M-00256-02,BO-M-00256,bovino,2025-10-19,2025-10-19,concluido_sucesso,2026-07-29,1
C-BO-M-00257-00,BO-M-00257,bovino,2023-09-30,2023-10-25,concluido_sucesso,2024-08-03,2
C-BO-M-00257-01,BO-M-00257,bovino,2024-10-16,2024-11-07,concluido_sucesso,2025-08-17,2
C-BO-M-00257-02,BO-M-00257,bovino,2025-12-06,2026-01-06,concluido_sucesso,2026-10-16,2
C-BO-M-00258-00,BO-M-00258,bovino,2023-05-02,2023-05-02,concluido_sucesso,2024-02-09,1
C-BO-M-00258-01,BO-M-00258,bovino,2024-05-03,2024-06-16,concluido_sucesso,2025-03-26,3
C-BO-M-00258-02,BO-M-00258,bovino,2025-07-22,2025-07-22,concluido_sucesso,2026-05-01,1
C-BO-M-00259-00,BO-M-00259,bovino,2023-03-12,2023-03-12,concluido_sucesso,2023-12-20,1
C-BO-M-00259-01,BO-M-00259,bovino,2024-02-29,2024-03-23,concluido_sucesso,2024-12-31,2
C-BO-M-00259-02,BO-M-00259,bovino,2025-03-16,2025-04-15,concluido_sucesso,2026-01-23,2
C-BO-M-00260-00,BO-M-00260,bovino,2023-09-28,2023-09-28,concluido_sucesso,2024-07-07,1
C-BO-M-00260-01,BO-M-00260,bovino,2024-10-06,2024-10-06,concluido_sucesso,2025-07-16,1
C-BO-M-00260-02,BO-M-00260,bovino,2025-10-24,2025-10-24,concluido_sucesso,2026-08-03,1
C-BO-M-00261-00,BO-M-00261,bovino,2023-04-29,2023-05-31,concluido_sucesso,2024-03-09,2
C-BO-M-00261-01,BO-M-00261,bovino,2024-05-24,2024-06-21,concluido_sucesso,2025-03-31,2
C-BO-M-00261-02,BO-M-00261,bovino,2025-06-19,2025-06-19,concluido_sucesso,2026-03-29,1
C-BO-M-00262-00,BO-M-00262,bovino,2023-09-05,2023-10-31,concluido_falha,,3
C-BO-M-00262-01,BO-M-00262,bovino,2023-12-15,2024-02-08,concluido_falha,,3
C-BO-M-00262-02,BO-M-00262,bovino,2024-03-11,2024-04-23,concluido_falha,,3
C-BO-M-00262-03,BO-M-00262,bovino,2024-06-06,2024-07-25,concluido_falha,,3
C-BO-M-00263-00,BO-M-00263,bovino,2023-08-22,2023-09-13,concluido_sucesso,2024-06-22,2
C-BO-M-00263-01,BO-M-00263,bovino,2024-09-04,2024-09-04,concluido_sucesso,2025-06-14,1
C-BO-M-00263-02,BO-M-00263,bovino,2025-09-05,2025-09-05,concluido_sucesso,2026-06-15,1
C-BO-M-00264-00,BO-M-00264,bovino,2023-09-28,2023-10-19,concluido_sucesso,2024-07-28,2
C-BO-M-00264-01,BO-M-00264,bovino,2024-11-12,2024-11-12,concluido_sucesso,2025-08-22,1
C-BO-M-00264-02,BO-M-00264,bovino,2025-12-17,2026-02-08,concluido_falha,,3
C-BO-M-00264-03,BO-M-00264,bovino,2026-03-21,2026-03-21,concluido_sucesso,2026-12-29,1
C-BO-M-00265-00,BO-M-00265,bovino,2023-01-24,2023-03-17,concluido_falha,,3
C-BO-M-00266-00,BO-M-00266,bovino,2023-10-15,2023-12-07,concluido_sucesso,2024-09-15,3
C-BO-M-00266-01,BO-M-00266,bovino,2024-12-01,2025-01-14,concluido_falha,,3
C-BO-M-00266-02,BO-M-00266,bovino,2025-02-24,2025-02-24,concluido_sucesso,2025-12-04,1
C-BO-M-00266-03,BO-M-00266,bovino,2026-03-05,2026-03-05,concluido_sucesso,2026-12-13,1
C-BO-M-00267-00,BO-M-00267,bovino,2023-01-13,2023-01-13,concluido_sucesso,2023-10-23,1
C-BO-M-00267-01,BO-M-00267,bovino,2023-12-28,2023-12-28,concluido_sucesso,2024-10-06,1
C-BO-M-00267-02,BO-M-00267,bovino,2025-02-02,2025-02-02,concluido_sucesso,2025-11-12,1
C-BO-M-00267-03,BO-M-00267,bovino,2026-01-27,2026-01-27,concluido_sucesso,2026-11-06,1
C-BO-M-00268-00,BO-M-00268,bovino,2023-04-27,2023-04-27,concluido_sucesso,2024-02-04,1
C-BO-M-00268-01,BO-M-00268,bovino,2024-04-12,2024-06-12,concluido_falha,,3
C-BO-M-00268-02,BO-M-00268,bovino,2024-07-30,2024-09-20,concluido_falha,,3
C-BO-M-00269-00,BO-M-00269,bovino,2023-07-03,2023-08-25,concluido_falha,,3
C-BO-M-00269-01,BO-M-00269,bovino,2023-10-21,2023-12-19,concluido_falha,,3
C-BO-M-00269-02,BO-M-00269,bovino,2024-02-13,2024-04-16,concluido_falha,,3
C-BO-M-00269-03,BO-M-00269,bovino,2024-06-03,2024-06-03,concluido_sucesso,2025-03-13,1
C-BO-M-00269-04,BO-M-00269,bovino,2025-05-24,2025-05-24,concluido_sucesso,2026-03-03,1
C-BO-M-00270-00,BO-M-00270,bovino,2023-08-10,2023-08-10,concluido_sucesso,2024-05-19,1
C-BO-M-00270-01,BO-M-00270,bovino,2024-08-08,2024-10-02,concluido_sucesso,2025-07-12,3
C-BO-M-00270-02,BO-M-00270,bovino,2025-09-27,2025-09-27,concluido_sucesso,2026-07-07,1
C-BO-M-00271-00,BO-M-00271,bovino,2023-07-30,2023-08-22,concluido_sucesso,2024-05-31,2
C-BO-M-00271-01,BO-M-00271,bovino,2024-09-27,2024-10-19,concluido_sucesso,2025-07-29,2
C-BO-M-00271-02,BO-M-00271,bovino,2025-11-06,2025-12-27,concluido_falha,,3
C-BO-M-00272-00,BO-M-00272,bovino,2023-09-19,2023-09-19,concluido_sucesso,2024-06-28,1
C-BO-M-00272-01,BO-M-00272,bovino,2024-09-20,2024-09-20,concluido_sucesso,2025-06-30,1
C-BO-M-00272-02,BO-M-00272,bovino,2025-09-08,2025-10-05,concluido_sucesso,2026-07-15,2
C-BO-M-00273-00,BO-M-00273,bovino,2023-09-24,2023-09-24,concluido_sucesso,2024-07-03,1
C-BO-M-00273-01,BO-M-00273,bovino,2024-10-22,2024-12-20,concluido_falha,,3
C-BO-M-00273-02,BO-M-00273,bovino,2025-02-12,2025-02-12,concluido_sucesso,2025-11-22,1
C-BO-M-00273-03,BO-M-00273,bovino,2026-02-15,2026-04-16,concluido_sucesso,2027-01-24,3
C-BO-M-00274-00,BO-M-00274,bovino,2023-03-21,2023-03-21,concluido_sucesso,2023-12-29,1
C-BO-M-00274-01,BO-M-00274,bovino,2024-04-05,2024-04-29,concluido_sucesso,2025-02-06,2
C-BO-M-00274-02,BO-M-00274,bovino,2025-04-09,2025-04-09,concluido_sucesso,2026-01-17,1
C-BO-M-00274-03,BO-M-00274,bovino,2026-04-08,2026-04-08,concluido_falha,,1
C-BO-M-00275-00,BO-M-00275,bovino,2023-04-18,2023-04-18,concluido_sucesso,2024-01-26,1
C-BO-M-00275-01,BO-M-00275,bovino,2024-04-06,2024-05-04,concluido_sucesso,2025-02-11,2
C-BO-M-00275-02,BO-M-00275,bovino,2025-05-24,2025-05-24,concluido_sucesso,2026-03-03,1
C-BO-M-00276-00,BO-M-00276,bovino,2023-07-17,2023-09-12,concluido_sucesso,2024-06-21,3
C-BO-M-00276-01,BO-M-00276,bovino,2024-09-27,2024-09-27,concluido_sucesso,2025-07-07,1
C-BO-M-00276-02,BO-M-00276,bovino,2025-10-03,2025-10-31,concluido_sucesso,2026-08-10,2
C-BO-M-00277-00,BO-M-00277,bovino,2023-02-07,2023-02-07,concluido_sucesso,2023-11-17,1
C-BO-M-00277-01,BO-M-00277,bovino,2024-03-03,2024-04-26,concluido_falha,,3
C-BO-M-00277-02,BO-M-00277,bovino,2024-06-12,2024-08-13,concluido_sucesso,2025-05-23,3
C-BO-M-00277-03,BO-M-00277,bovino,2025-09-08,2025-09-08,concluido_sucesso,2026-06-18,1
C-BO-M-00278-00,BO-M-00278,bovino,2023-03-22,2023-05-13,concluido_falha,,3
C-BO-M-00278-01,BO-M-00278,bovino,2023-06-30,2023-07-28,concluido_sucesso,2024-05-06,2
C-BO-M-00278-02,BO-M-00278,bovino,2024-08-13,2024-08-13,concluido_sucesso,2025-05-23,1
C-BO-M-00278-03,BO-M-00278,bovino,2025-08-03,2025-09-02,concluido_sucesso,2026-06-12,2
C-BO-M-00279-00,BO-M-00279,bovino,2023-10-05,2023-11-20,concluido_sucesso,2024-08-29,3
C-BO-M-00279-01,BO-M-00279,bovino,2024-11-25,2024-12-27,concluido_sucesso,2025-10-06,2
C-BO-M-00279-02,BO-M-00279,bovino,2026-02-01,2026-02-01,concluido_sucesso,2026-11-11,1
C-BO-M-00280-00,BO-M-00280,bovino,2023-07-22,2023-08-20,concluido_sucesso,2024-05-29,2
C-BO-M-00281-00,BO-M-00281,bovino,2023-01-16,2023-01-16,concluido_sucesso,2023-10-26,1
C-BO-M-00281-01,BO-M-00281,bovino,2024-01-01,2024-01-01,concluido_sucesso,2024-10-10,1
C-BO-M-00281-02,BO-M-00281,bovino,2024-12-19,2025-01-13,concluido_sucesso,2025-10-23,2
C-BO-M-00281-03,BO-M-00281,bovino,2026-01-31,2026-02-27,concluido_sucesso,2026-12-07,2
C-BO-M-00282-00,BO-M-00282,bovino,2023-04-02,2023-04-02,concluido_sucesso,2024-01-10,1
C-BO-M-00282-01,BO-M-00282,bovino,2024-03-25,2024-03-25,concluido_sucesso,2025-01-02,1
C-BO-M-00282-02,BO-M-00282,bovino,2025-04-28,2025-04-28,concluido_sucesso,2026-02-05,1
C-BO-M-00282-03,BO-M-00282,bovino,2026-04-27,2026-04-27,concluido_sucesso,2027-02-04,1
C-BO-M-00283-00,BO-M-00283,bovino,2023-08-06,2023-08-31,concluido_sucesso,2024-06-09,2
C-BO-M-00283-01,BO-M-00283,bovino,2024-08-13,2024-08-13,concluido_sucesso,2025-05-23,1
C-BO-M-00283-02,BO-M-00283,bovino,2025-08-15,2025-09-05,concluido_sucesso,2026-06-15,2
C-BO-M-00284-00,BO-M-00284,bovino,2023-07-12,2023-09-11,concluido_falha,,3
C-BO-M-00284-01,BO-M-00284,bovino,2023-10-27,2023-11-28,concluido_sucesso,2024-09-06,2
C-BO-M-00285-00,BO-M-00285,bovino,2023-08-30,2023-09-25,concluido_sucesso,2024-07-04,2
C-BO-M-00285-01,BO-M-00285,bovino,2024-10-18,2024-10-18,concluido_sucesso,2025-07-28,1
C-BO-M-00285-02,BO-M-00285,bovino,2025-10-31,2025-10-31,concluido_sucesso,2026-08-10,1
C-BO-M-00286-00,BO-M-00286,bovino,2023-08-28,2023-10-24,concluido_falha,,3
C-BO-M-00286-01,BO-M-00286,bovino,2023-12-09,2023-12-09,concluido_sucesso,2024-09-17,1
C-BO-M-00286-02,BO-M-00286,bovino,2024-11-24,2024-11-24,concluido_sucesso,2025-09-03,1
C-BO-M-00286-03,BO-M-00286,bovino,2025-11-10,2025-11-10,concluido_sucesso,2026-08-20,1
C-BO-M-00287-00,BO-M-00287,bovino,2023-02-04,2023-03-04,concluido_sucesso,2023-12-12,2
C-BO-M-00287-01,BO-M-00287,bovino,2024-03-23,2024-03-23,concluido_sucesso,2024-12-31,1
C-BO-M-00287-02,BO-M-00287,bovino,2025-03-21,2025-03-21,concluido_sucesso,2025-12-29,1
C-BO-M-00287-03,BO-M-00287,bovino,2026-03-16,2026-03-16,concluido_sucesso,2026-12-24,1
C-BO-M-00288-00,BO-M-00288,bovino,2023-07-19,2023-09-06,concluido_falha,,3
C-BO-M-00288-01,BO-M-00288,bovino,2023-10-14,2023-12-13,concluido_falha,,3
C-BO-M-00288-02,BO-M-00288,bovino,2024-02-08,2024-03-29,concluido_falha,,3
C-BO-M-00288-03,BO-M-00288,bovino,2024-05-30,2024-06-27,concluido_sucesso,2025-04-06,2
C-BO-M-00288-04,BO-M-00288,bovino,2025-07-23,2025-08-24,concluido_sucesso,2026-06-03,2
C-BO-M-00289-00,BO-M-00289,bovino,2023-09-19,2023-10-21,concluido_sucesso,2024-07-30,2
C-BO-M-00289-01,BO-M-00289,bovino,2024-11-09,2024-11-09,concluido_sucesso,2025-08-19,1
C-BO-M-00289-02,BO-M-00289,bovino,2025-11-21,2025-11-21,concluido_sucesso,2026-08-31,1
C-BO-M-00290-00,BO-M-00290,bovino,2023-03-18,2023-03-18,concluido_sucesso,2023-12-26,1
C-BO-M-00290-01,BO-M-00290,bovino,2024-03-24,2024-03-24,concluido_sucesso,2025-01-01,1
C-BO-M-00290-02,BO-M-00290,bovino,2025-04-02,2025-05-02,concluido_sucesso,2026-02-09,2
C-BO-M-00290-03,BO-M-00290,bovino,2026-04-16,2026-04-16,concluido_falha,,1
C-BO-M-00291-00,BO-M-00291,bovino,2023-03-14,2023-03-14,concluido_sucesso,2023-12-22,1
C-BO-M-00291-01,BO-M-00291,bovino,2024-04-12,2024-05-09,concluido_sucesso,2025-02-16,2
C-BO-M-00291-02,BO-M-00291,bovino,2025-06-15,2025-07-13,concluido_sucesso,2026-04-22,2
C-BO-M-00292-00,BO-M-00292,bovino,2023-05-31,2023-07-20,concluido_falha,,3
C-BO-M-00292-01,BO-M-00292,bovino,2023-08-21,2023-09-20,concluido_sucesso,2024-06-29,2
C-BO-M-00292-02,BO-M-00292,bovino,2024-10-19,2024-11-18,concluido_sucesso,2025-08-28,2
C-BO-M-00292-03,BO-M-00292,bovino,2025-12-08,2026-02-05,concluido_sucesso,2026-11-15,3
C-BO-M-00293-00,BO-M-00293,bovino,2023-02-17,2023-02-17,concluido_sucesso,2023-11-27,1
C-BO-M-00293-01,BO-M-00293,bovino,2024-02-02,2024-02-02,concluido_sucesso,2024-11-11,1
C-BO-M-00293-02,BO-M-00293,bovino,2025-03-10,2025-03-10,concluido_sucesso,2025-12-18,1
C-BO-M-00293-03,BO-M-00293,bovino,2026-03-01,2026-03-31,concluido_sucesso,2027-01-08,2
C-BO-M-00294-00,BO-M-00294,bovino,2023-10-21,2023-10-21,concluido_sucesso,2024-07-30,1
C-BO-M-00294-01,BO-M-00294,bovino,2024-11-17,2025-01-08,concluido_falha,,3
C-BO-M-00294-02,BO-M-00294,bovino,2025-03-15,2025-03-15,concluido_sucesso,2025-12-23,1
C-BO-M-00294-03,BO-M-00294,bovino,2026-02-22,2026-03-24,concluido_sucesso,2027-01-01,2
C-BO-M-00295-00,BO-M-00295,bovino,2023-05-21,2023-05-21,concluido_sucesso,2024-02-28,1
C-BO-M-00295-01,BO-M-00295,bovino,2024-05-23,2024-05-23,concluido_sucesso,2025-03-02,1
C-BO-M-00295-02,BO-M-00295,bovino,2025-05-29,2025-05-29,concluido_sucesso,2026-03-08,1
C-BO-M-00296-00,BO-M-00296,bovino,2023-06-29,2023-06-29,concluido_sucesso,2024-04-07,1
C-BO-M-00296-01,BO-M-00296,bovino,2024-07-11,2024-09-09,concluido_falha,,3
C-BO-M-00296-02,BO-M-00296,bovino,2024-11-17,2025-01-09,concluido_sucesso,2025-10-19,3
C-BO-M-00297-00,BO-M-00297,bovino,2023-10-16,2023-10-16,concluido_sucesso,2024-07-25,1
C-BO-M-00297-01,BO-M-00297,bovino,2024-10-31,2024-10-31,concluido_sucesso,2025-08-10,1
C-BO-M-00297-02,BO-M-00297,bovino,2025-11-11,2025-11-11,concluido_sucesso,2026-08-21,1
C-BO-M-00298-00,BO-M-00298,bovino,2023-04-17,2023-06-04,concluido_sucesso,2024-03-13,3
C-BO-M-00299-00,BO-M-00299,bovino,2023-09-14,2023-10-06,concluido_sucesso,2024-07-15,2
C-BO-M-00299-01,BO-M-00299,bovino,2024-10-01,2024-12-01,concluido_falha,,3
C-BO-M-00299-02,BO-M-00299,bovino,2025-01-28,2025-03-21,concluido_sucesso,2025-12-29,3
C-BO-M-00299-03,BO-M-00299,bovino,2026-03-14,2026-04-05,concluido_sucesso,2027-01-13,2
C-BO-M-00300-00,BO-M-00300,bovino,2023-05-25,2023-07-20,concluido_falha,,3
C-BO-M-00300-01,BO-M-00300,bovino,2023-08-31,2023-10-25,concluido_falha,,3
C-BO-M-00300-02,BO-M-00300,bovino,2023-12-01,2023-12-01,concluido_sucesso,2024-09-09,1
C-BO-M-00300-03,BO-M-00300,bovino,2024-12-04,2024-12-04,concluido_sucesso,2025-09-13,1
C-BO-M-00301-00,BO-M-00301,bovino,2023-06-13,2023-06-13,concluido_sucesso,2024-03-22,1
C-BO-M-00301-01,BO-M-00301,bovino,2024-06-02,2024-06-02,concluido_sucesso,2025-03-12,1
C-BO-M-00301-02,BO-M-00301,bovino,2025-06-23,2025-08-18,concluido_falha,,3
C-BO-M-00301-03,BO-M-00301,bovino,2025-10-25,2025-11-22,concluido_sucesso,2026-09-01,2
C-BO-M-00302-00,BO-M-00302,bovino,2023-01-10,2023-01-10,concluido_sucesso,2023-10-20,1
C-BO-M-00302-01,BO-M-00302,bovino,2023-12-31,2023-12-31,concluido_sucesso,2024-10-09,1
C-BO-M-00302-02,BO-M-00302,bovino,2025-02-01,2025-02-01,concluido_sucesso,2025-11-11,1
C-BO-M-00302-03,BO-M-00302,bovino,2026-01-11,2026-01-11,concluido_sucesso,2026-10-21,1
C-BO-M-00303-00,BO-M-00303,bovino,2023-07-10,2023-07-10,concluido_sucesso,2024-04-18,1
C-BO-M-00303-01,BO-M-00303,bovino,2024-06-25,2024-07-26,concluido_sucesso,2025-05-05,2
C-BO-M-00303-02,BO-M-00303,bovino,2025-09-01,2025-10-21,concluido_falha,,3
C-BO-M-00303-03,BO-M-00303,bovino,2025-12-11,2025-12-11,concluido_sucesso,2026-09-20,1
C-BO-M-00304-00,BO-M-00304,bovino,2023-08-26,2023-08-26,concluido_sucesso,2024-06-04,1
C-BO-M-00304-01,BO-M-00304,bovino,2024-08-05,2024-09-29,concluido_sucesso,2025-07-09,3
C-BO-M-00304-02,BO-M-00304,bovino,2025-09-10,2025-10-07,concluido_sucesso,2026-07-17,2
C-BO-M-00305-00,BO-M-00305,bovino,2023-09-10,2023-11-06,concluido_sucesso,2024-08-15,3
C-BO-M-00305-01,BO-M-00305,bovino,2024-11-18,2024-11-18,concluido_sucesso,2025-08-28,1
C-BO-M-00305-02,BO-M-00305,bovino,2025-12-04,2025-12-04,concluido_sucesso,2026-09-13,1
C-BO-M-00306-00,BO-M-00306,bovino,2023-08-17,2023-08-17,concluido_sucesso,2024-05-26,1
C-BO-M-00306-01,BO-M-00306,bovino,2024-07-26,2024-09-15,concluido_sucesso,2025-06-25,3
C-BO-M-00306-02,BO-M-00306,bovino,2025-09-19,2025-09-19,concluido_sucesso,2026-06-29,1
C-BO-M-00307-00,BO-M-00307,bovino,2023-01-25,2023-02-15,concluido_sucesso,2023-11-25,2
C-BO-M-00307-01,BO-M-00307,bovino,2024-02-10,2024-02-10,concluido_sucesso,2024-11-19,1
C-BO-M-00307-02,BO-M-00307,bovino,2025-01-21,2025-02-18,concluido_sucesso,2025-11-28,2
C-BO-M-00307-03,BO-M-00307,bovino,2026-02-02,2026-03-31,concluido_falha,,3
C-BO-M-00307-04,BO-M-00307,bovino,2026-04-30,2026-04-30,concluido_falha,,1
C-BO-M-00308-00,BO-M-00308,bovino,2023-03-20,2023-04-15,concluido_sucesso,2024-01-23,2
C-BO-M-00308-01,BO-M-00308,bovino,2024-05-16,2024-05-16,concluido_sucesso,2025-02-23,1
C-BO-M-00308-02,BO-M-00308,bovino,2025-05-17,2025-05-17,concluido_sucesso,2026-02-24,1
C-BO-M-00309-00,BO-M-00309,bovino,2023-07-19,2023-07-19,concluido_sucesso,2024-04-27,1
C-BO-M-00309-01,BO-M-00309,bovino,2024-08-14,2024-08-14,concluido_sucesso,2025-05-24,1
C-BO-M-00309-02,BO-M-00309,bovino,2025-07-25,2025-07-25,concluido_sucesso,2026-05-04,1
C-BO-M-00310-00,BO-M-00310,bovino,2023-07-24,2023-07-24,concluido_sucesso,2024-05-02,1
C-BO-M-00310-01,BO-M-00310,bovino,2024-08-14,2024-08-14,concluido_sucesso,2025-05-24,1
C-BO-M-00310-02,BO-M-00310,bovino,2025-08-06,2025-08-06,concluido_sucesso,2026-05-16,1
C-BO-M-00311-00,BO-M-00311,bovino,2023-07-15,2023-09-01,concluido_falha,,3
C-BO-M-00311-01,BO-M-00311,bovino,2023-10-28,2023-10-28,concluido_sucesso,2024-08-06,1
C-BO-M-00311-02,BO-M-00311,bovino,2024-11-27,2024-11-27,concluido_sucesso,2025-09-06,1
C-BO-M-00311-03,BO-M-00311,bovino,2025-11-25,2026-01-18,concluido_falha,,3
C-BO-M-00312-00,BO-M-00312,bovino,2023-04-05,2023-05-31,concluido_falha,,3
C-BO-M-00312-01,BO-M-00312,bovino,2023-07-10,2023-07-10,concluido_sucesso,2024-04-18,1
C-BO-M-00312-02,BO-M-00312,bovino,2024-07-07,2024-08-30,concluido_sucesso,2025-06-09,3
C-BO-M-00312-03,BO-M-00312,bovino,2025-09-10,2025-09-10,concluido_sucesso,2026-06-20,1
C-BO-M-00313-00,BO-M-00313,bovino,2023-08-25,2023-08-25,concluido_sucesso,2024-06-03,1
C-BO-M-00313-01,BO-M-00313,bovino,2024-08-19,2024-08-19,concluido_sucesso,2025-05-29,1
C-BO-M-00313-02,BO-M-00313,bovino,2025-07-30,2025-07-30,concluido_sucesso,2026-05-09,1
C-BO-M-00314-00,BO-M-00314,bovino,2023-02-02,2023-03-25,concluido_sucesso,2024-01-02,3
C-BO-M-00314-01,BO-M-00314,bovino,2024-04-22,2024-04-22,concluido_sucesso,2025-01-30,1
C-BO-M-00314-02,BO-M-00314,bovino,2025-05-15,2025-07-06,concluido_falha,,3
C-BO-M-00314-03,BO-M-00314,bovino,2025-08-13,2025-08-13,concluido_sucesso,2026-05-23,1
C-BO-M-00315-00,BO-M-00315,bovino,2023-09-18,2023-11-15,concluido_sucesso,2024-08-24,3
C-BO-M-00315-01,BO-M-00315,bovino,2024-12-07,2024-12-07,concluido_sucesso,2025-09-16,1
C-BO-M-00315-02,BO-M-00315,bovino,2026-01-13,2026-01-13,concluido_sucesso,2026-10-23,1
C-BO-M-00316-00,BO-M-00316,bovino,2023-05-18,2023-05-18,concluido_sucesso,2024-02-25,1
C-BO-M-00316-01,BO-M-00316,bovino,2024-04-26,2024-05-27,concluido_sucesso,2025-03-06,2
C-BO-M-00316-02,BO-M-00316,bovino,2025-06-26,2025-06-26,concluido_sucesso,2026-04-05,1
C-BO-M-00317-00,BO-M-00317,bovino,2023-02-01,2023-02-01,concluido_sucesso,2023-11-11,1
C-BO-M-00317-01,BO-M-00317,bovino,2024-02-07,2024-02-07,concluido_sucesso,2024-11-16,1
C-BO-M-00318-00,BO-M-00318,bovino,2023-02-05,2023-03-30,concluido_sucesso,2024-01-07,3
C-BO-M-00318-01,BO-M-00318,bovino,2024-03-21,2024-03-21,concluido_sucesso,2024-12-29,1
C-BO-M-00318-02,BO-M-00318,bovino,2025-04-27,2025-04-27,concluido_sucesso,2026-02-04,1
C-BO-M-00319-00,BO-M-00319,bovino,2023-04-29,2023-04-29,concluido_sucesso,2024-02-06,1
C-BO-M-00319-01,BO-M-00319,bovino,2024-05-06,2024-05-06,concluido_sucesso,2025-02-13,1
C-BO-M-00320-00,BO-M-00320,bovino,2023-04-02,2023-04-02,concluido_sucesso,2024-01-10,1
C-BO-M-00320-01,BO-M-00320,bovino,2024-03-17,2024-04-17,concluido_sucesso,2025-01-25,2
C-BO-M-00320-02,BO-M-00320,bovino,2025-04-02,2025-05-27,concluido_falha,,3
C-BO-M-00320-03,BO-M-00320,bovino,2025-07-13,2025-09-11,concluido_falha,,3
C-BO-M-00320-04,BO-M-00320,bovino,2025-10-28,2025-12-18,concluido_falha,,3
C-BO-M-00321-00,BO-M-00321,bovino,2023-02-15,2023-03-19,concluido_sucesso,2023-12-27,2
C-BO-M-00321-01,BO-M-00321,bovino,2024-03-20,2024-04-15,concluido_sucesso,2025-01-23,2
C-BO-M-00321-02,BO-M-00321,bovino,2025-04-11,2025-06-08,concluido_falha,,3
C-BO-M-00321-03,BO-M-00321,bovino,2025-07-19,2025-08-15,concluido_sucesso,2026-05-25,2
C-BO-M-00322-00,BO-M-00322,bovino,2023-03-21,2023-03-21,concluido_sucesso,2023-12-29,1
C-BO-M-00322-01,BO-M-00322,bovino,2024-04-11,2024-04-11,concluido_sucesso,2025-01-19,1
C-BO-M-00322-02,BO-M-00322,bovino,2025-05-06,2025-05-06,concluido_sucesso,2026-02-13,1
C-BO-M-00323-00,BO-M-00323,bovino,2023-01-22,2023-01-22,concluido_sucesso,2023-11-01,1
C-BO-M-00323-01,BO-M-00323,bovino,2024-02-20,2024-02-20,concluido_sucesso,2024-11-29,1
C-BO-M-00323-02,BO-M-00323,bovino,2025-03-07,2025-03-07,concluido_sucesso,2025-12-15,1
C-BO-M-00323-03,BO-M-00323,bovino,2026-02-28,2026-02-28,concluido_sucesso,2026-12-08,1
C-BO-M-00324-00,BO-M-00324,bovino,2023-10-22,2023-11-13,concluido_sucesso,2024-08-22,2
C-BO-M-00324-01,BO-M-00324,bovino,2024-12-02,2025-01-18,concluido_falha,,3
C-BO-M-00324-02,BO-M-00324,bovino,2025-03-04,2025-05-07,concluido_falha,,3
C-BO-M-00324-03,BO-M-00324,bovino,2025-06-24,2025-06-24,concluido_sucesso,2026-04-03,1
C-BO-M-00325-00,BO-M-00325,bovino,2023-06-29,2023-06-29,concluido_sucesso,2024-04-07,1
C-BO-M-00325-01,BO-M-00325,bovino,2024-07-02,2024-07-25,concluido_sucesso,2025-05-04,2
C-BO-M-00325-02,BO-M-00325,bovino,2025-08-18,2025-08-18,concluido_sucesso,2026-05-28,1
C-BO-M-00326-00,BO-M-00326,bovino,2023-04-01,2023-05-19,concluido_falha,,3
C-BO-M-00326-01,BO-M-00326,bovino,2023-07-26,2023-07-26,concluido_sucesso,2024-05-04,1
C-BO-M-00326-02,BO-M-00326,bovino,2024-08-24,2024-08-24,concluido_sucesso,2025-06-03,1
C-BO-M-00326-03,BO-M-00326,bovino,2025-09-29,2025-09-29,concluido_sucesso,2026-07-09,1
C-BO-M-00327-00,BO-M-00327,bovino,2023-08-17,2023-09-29,concluido_falha,,3
C-BO-M-00327-01,BO-M-00327,bovino,2023-11-28,2024-01-21,concluido_falha,,3
C-BO-M-00327-02,BO-M-00327,bovino,2024-02-24,2024-04-15,concluido_falha,,3
C-BO-M-00327-03,BO-M-00327,bovino,2024-06-07,2024-07-06,concluido_sucesso,2025-04-15,2
C-BO-M-00327-04,BO-M-00327,bovino,2025-06-20,2025-08-05,concluido_falha,,3
C-BO-M-00327-05,BO-M-00327,bovino,2025-09-08,2025-09-08,concluido_sucesso,2026-06-18,1
C-BO-M-00328-00,BO-M-00328,bovino,2023-07-22,2023-08-15,concluido_sucesso,2024-05-24,2
C-BO-M-00328-01,BO-M-00328,bovino,2024-07-24,2024-09-16,concluido_falha,,3
C-BO-M-00328-02,BO-M-00328,bovino,2024-10-26,2024-10-26,concluido_sucesso,2025-08-05,1
C-BO-M-00328-03,BO-M-00328,bovino,2025-10-09,2025-12-06,concluido_falha,,3
C-BO-M-00328-04,BO-M-00328,bovino,2026-01-20,2026-01-20,concluido_sucesso,2026-10-30,1
C-BO-M-00329-00,BO-M-00329,bovino,2023-10-15,2023-12-08,concluido_falha,,3
C-BO-M-00329-01,BO-M-00329,bovino,2024-01-28,2024-01-28,concluido_sucesso,2024-11-06,1
C-BO-M-00329-02,BO-M-00329,bovino,2025-01-14,2025-01-14,concluido_sucesso,2025-10-24,1
C-BO-M-00329-03,BO-M-00329,bovino,2025-12-26,2025-12-26,concluido_sucesso,2026-10-05,1
C-BO-M-00330-00,BO-M-00330,bovino,2023-04-06,2023-04-06,concluido_sucesso,2024-01-14,1
C-BO-M-00330-01,BO-M-00330,bovino,2024-04-20,2024-04-20,concluido_sucesso,2025-01-28,1
C-BO-M-00330-02,BO-M-00330,bovino,2025-04-19,2025-04-19,concluido_sucesso,2026-01-27,1
C-BO-M-00330-03,BO-M-00330,bovino,2026-04-28,2026-04-28,concluido_falha,,1
C-BO-M-00331-00,BO-M-00331,bovino,2023-05-02,2023-05-31,concluido_sucesso,2024-03-09,2
C-BO-M-00331-01,BO-M-00331,bovino,2024-06-10,2024-06-10,concluido_sucesso,2025-03-20,1
C-BO-M-00331-02,BO-M-00331,bovino,2025-06-14,2025-06-14,concluido_sucesso,2026-03-24,1
C-BO-M-00332-00,BO-M-00332,bovino,2023-08-22,2023-08-22,concluido_sucesso,2024-05-31,1
C-BO-M-00332-01,BO-M-00332,bovino,2024-09-11,2024-10-31,concluido_falha,,3
C-BO-M-00332-02,BO-M-00332,bovino,2024-12-26,2025-02-26,concluido_falha,,3
C-BO-M-00332-03,BO-M-00332,bovino,2025-04-02,2025-04-02,concluido_sucesso,2026-01-10,1
C-BO-M-00333-00,BO-M-00333,bovino,2023-03-12,2023-05-07,concluido_falha,,3
C-BO-M-00334-00,BO-M-00334,bovino,2023-08-15,2023-09-14,concluido_sucesso,2024-06-23,2
C-BO-M-00334-01,BO-M-00334,bovino,2024-09-20,2024-10-13,concluido_sucesso,2025-07-23,2
C-BO-M-00334-02,BO-M-00334,bovino,2025-10-21,2025-10-21,concluido_sucesso,2026-07-31,1
C-BO-M-00335-00,BO-M-00335,bovino,2023-07-03,2023-07-03,concluido_sucesso,2024-04-11,1
C-BO-M-00335-01,BO-M-00335,bovino,2024-07-29,2024-08-26,concluido_sucesso,2025-06-05,2
C-BO-M-00335-02,BO-M-00335,bovino,2025-09-30,2025-09-30,concluido_sucesso,2026-07-10,1
C-BO-M-00336-00,BO-M-00336,bovino,2023-03-01,2023-03-01,concluido_sucesso,2023-12-09,1
C-BO-M-00336-01,BO-M-00336,bovino,2024-02-28,2024-02-28,concluido_sucesso,2024-12-07,1
C-BO-M-00336-02,BO-M-00336,bovino,2025-03-30,2025-03-30,concluido_sucesso,2026-01-07,1
C-BO-M-00336-03,BO-M-00336,bovino,2026-04-30,2026-04-30,concluido_sucesso,2027-02-07,1
C-BO-M-00337-00,BO-M-00337,bovino,2023-09-03,2023-10-31,concluido_falha,,3
C-BO-M-00337-01,BO-M-00337,bovino,2023-12-26,2024-01-26,concluido_sucesso,2024-11-04,2
C-BO-M-00337-02,BO-M-00337,bovino,2025-01-06,2025-02-05,concluido_sucesso,2025-11-15,2
C-BO-M-00337-03,BO-M-00337,bovino,2026-02-23,2026-04-20,concluido_falha,,3
C-BO-M-00338-00,BO-M-00338,bovino,2023-09-29,2023-09-29,concluido_sucesso,2024-07-08,1
C-BO-M-00338-01,BO-M-00338,bovino,2024-09-26,2024-09-26,concluido_sucesso,2025-07-06,1
C-BO-M-00338-02,BO-M-00338,bovino,2025-10-21,2025-10-21,concluido_sucesso,2026-07-31,1
C-BO-M-00339-00,BO-M-00339,bovino,2023-10-21,2023-10-21,concluido_sucesso,2024-07-30,1
C-BO-M-00339-01,BO-M-00339,bovino,2024-11-16,2024-11-16,concluido_sucesso,2025-08-26,1
C-BO-M-00339-02,BO-M-00339,bovino,2025-11-13,2025-11-13,concluido_sucesso,2026-08-23,1
C-BO-M-00340-00,BO-M-00340,bovino,2023-09-13,2023-09-13,concluido_sucesso,2024-06-22,1
C-BO-M-00340-01,BO-M-00340,bovino,2024-09-15,2024-09-15,concluido_sucesso,2025-06-25,1
C-BO-M-00340-02,BO-M-00340,bovino,2025-10-12,2025-10-12,concluido_sucesso,2026-07-22,1
C-BO-M-00341-00,BO-M-00341,bovino,2023-05-20,2023-07-11,concluido_falha,,3
C-BO-M-00341-01,BO-M-00341,bovino,2023-08-18,2023-08-18,concluido_sucesso,2024-05-27,1
C-BO-M-00341-02,BO-M-00341,bovino,2024-07-26,2024-07-26,concluido_sucesso,2025-05-05,1
C-BO-M-00341-03,BO-M-00341,bovino,2025-07-18,2025-09-05,concluido_falha,,3
C-BO-M-00341-04,BO-M-00341,bovino,2025-10-11,2025-11-09,concluido_sucesso,2026-08-19,2
C-BO-M-00342-00,BO-M-00342,bovino,2023-04-22,2023-04-22,concluido_sucesso,2024-01-30,1
C-BO-M-00342-01,BO-M-00342,bovino,2024-05-11,2024-06-07,concluido_sucesso,2025-03-17,2
C-BO-M-00342-02,BO-M-00342,bovino,2025-06-08,2025-08-05,concluido_falha,,3
C-BO-M-00342-03,BO-M-00342,bovino,2025-09-17,2025-11-05,concluido_falha,,3
C-BO-M-00342-04,BO-M-00342,bovino,2025-12-20,2025-12-20,concluido_sucesso,2026-09-29,1
C-BO-M-00343-00,BO-M-00343,bovino,2023-04-30,2023-06-20,concluido_falha,,3
C-BO-M-00343-01,BO-M-00343,bovino,2023-08-07,2023-08-07,concluido_sucesso,2024-05-16,1
C-BO-M-00343-02,BO-M-00343,bovino,2024-07-31,2024-08-26,concluido_sucesso,2025-06-05,2
C-BO-M-00344-00,BO-M-00344,bovino,2023-01-18,2023-01-18,concluido_sucesso,2023-10-28,1
C-BO-M-00344-01,BO-M-00344,bovino,2024-01-13,2024-01-13,concluido_sucesso,2024-10-22,1
C-BO-M-00344-02,BO-M-00344,bovino,2025-01-27,2025-03-23,concluido_falha,,3
C-BO-M-00344-03,BO-M-00344,bovino,2025-04-30,2025-04-30,concluido_sucesso,2026-02-07,1
C-BO-M-00345-00,BO-M-00345,bovino,2023-06-03,2023-06-03,concluido_sucesso,2024-03-12,1
C-BO-M-00345-01,BO-M-00345,bovino,2024-06-11,2024-06-11,concluido_sucesso,2025-03-21,1
C-BO-M-00345-02,BO-M-00345,bovino,2025-07-12,2025-08-30,concluido_falha,,3
C-BO-M-00345-03,BO-M-00345,bovino,2025-11-01,2025-12-24,concluido_falha,,3
C-BO-M-00345-04,BO-M-00345,bovino,2026-02-26,2026-04-20,concluido_falha,,3
C-BO-M-00346-00,BO-M-00346,bovino,2023-05-09,2023-05-09,concluido_sucesso,2024-02-16,1
C-BO-M-00346-01,BO-M-00346,bovino,2024-05-24,2024-05-24,concluido_sucesso,2025-03-03,1
C-BO-M-00346-02,BO-M-00346,bovino,2025-06-25,2025-07-18,concluido_sucesso,2026-04-27,2
C-BO-M-00347-00,BO-M-00347,bovino,2023-03-11,2023-03-11,concluido_sucesso,2023-12-19,1
C-BO-M-00347-01,BO-M-00347,bovino,2024-03-20,2024-03-20,concluido_sucesso,2024-12-28,1
C-BO-M-00347-02,BO-M-00347,bovino,2025-03-27,2025-03-27,concluido_sucesso,2026-01-04,1
C-BO-M-00347-03,BO-M-00347,bovino,2026-04-29,2026-04-29,concluido_sucesso,2027-02-06,1
C-BO-M-00348-00,BO-M-00348,bovino,2023-02-16,2023-04-04,concluido_falha,,3
C-BO-M-00348-01,BO-M-00348,bovino,2023-06-02,2023-07-17,concluido_falha,,3
C-BO-M-00348-02,BO-M-00348,bovino,2023-09-07,2023-09-07,concluido_sucesso,2024-06-16,1
C-BO-M-00348-03,BO-M-00348,bovino,2024-09-05,2024-10-27,concluido_sucesso,2025-08-06,3
C-BO-M-00348-04,BO-M-00348,bovino,2025-10-28,2025-10-28,concluido_sucesso,2026-08-07,1
C-BO-M-00349-00,BO-M-00349,bovino,2023-10-15,2023-10-15,concluido_sucesso,2024-07-24,1
C-BO-M-00349-01,BO-M-00349,bovino,2024-10-30,2024-10-30,concluido_sucesso,2025-08-09,1
C-BO-M-00349-02,BO-M-00349,bovino,2025-11-26,2025-11-26,concluido_sucesso,2026-09-05,1
C-BO-M-00350-00,BO-M-00350,bovino,2023-01-13,2023-02-09,concluido_sucesso,2023-11-19,2
C-BO-M-00350-01,BO-M-00350,bovino,2024-03-06,2024-03-06,concluido_sucesso,2024-12-14,1
C-BO-M-00350-02,BO-M-00350,bovino,2025-02-28,2025-04-24,concluido_falha,,3
C-BO-M-00350-03,BO-M-00350,bovino,2025-07-02,2025-07-02,concluido_sucesso,2026-04-11,1
C-BO-M-00351-00,BO-M-00351,bovino,2023-10-30,2023-10-30,concluido_sucesso,2024-08-08,1
C-BO-M-00351-01,BO-M-00351,bovino,2024-11-17,2024-11-17,concluido_sucesso,2025-08-27,1
C-BO-M-00351-02,BO-M-00351,bovino,2025-11-19,2026-01-10,concluido_falha,,3
C-BO-M-00351-03,BO-M-00351,bovino,2026-02-12,2026-03-16,concluido_sucesso,2026-12-24,2
C-BO-M-00352-00,BO-M-00352,bovino,2023-03-08,2023-03-08,concluido_sucesso,2023-12-16,1
C-BO-M-00352-01,BO-M-00352,bovino,2024-03-26,2024-05-19,concluido_falha,,3
C-BO-M-00352-02,BO-M-00352,bovino,2024-07-01,2024-07-01,concluido_sucesso,2025-04-10,1
C-BO-M-00352-03,BO-M-00352,bovino,2025-07-17,2025-08-09,concluido_sucesso,2026-05-19,2
C-BO-M-00353-00,BO-M-00353,bovino,2023-05-06,2023-05-06,concluido_sucesso,2024-02-13,1
C-BO-M-00353-01,BO-M-00353,bovino,2024-04-20,2024-04-20,concluido_sucesso,2025-01-28,1
C-BO-M-00353-02,BO-M-00353,bovino,2025-04-23,2025-06-21,concluido_falha,,3
C-BO-M-00353-03,BO-M-00353,bovino,2025-07-26,2025-07-26,concluido_sucesso,2026-05-05,1
C-BO-M-00354-00,BO-M-00354,bovino,2023-10-11,2023-10-11,concluido_sucesso,2024-07-20,1
C-BO-M-00355-00,BO-M-00355,bovino,2023-08-25,2023-09-26,concluido_sucesso,2024-07-05,2
C-BO-M-00356-00,BO-M-00356,bovino,2023-03-07,2023-03-07,concluido_sucesso,2023-12-15,1
C-BO-M-00356-01,BO-M-00356,bovino,2024-02-21,2024-02-21,concluido_sucesso,2024-11-30,1
C-BO-M-00356-02,BO-M-00356,bovino,2025-03-15,2025-03-15,concluido_sucesso,2025-12-23,1
C-BO-M-00356-03,BO-M-00356,bovino,2026-04-08,2026-04-08,concluido_sucesso,2027-01-16,1
C-BO-M-00357-00,BO-M-00357,bovino,2023-07-26,2023-08-21,concluido_sucesso,2024-05-30,2
C-BO-M-00357-01,BO-M-00357,bovino,2024-09-06,2024-09-28,concluido_sucesso,2025-07-08,2
C-BO-M-00357-02,BO-M-00357,bovino,2025-10-31,2025-10-31,concluido_sucesso,2026-08-10,1
C-BO-M-00358-00,BO-M-00358,bovino,2023-02-13,2023-02-13,concluido_sucesso,2023-11-23,1
C-BO-M-00358-01,BO-M-00358,bovino,2024-03-21,2024-03-21,concluido_sucesso,2024-12-29,1
C-BO-M-00358-02,BO-M-00358,bovino,2025-03-28,2025-03-28,concluido_sucesso,2026-01-05,1
C-BO-M-00358-03,BO-M-00358,bovino,2026-03-20,2026-03-20,concluido_sucesso,2026-12-28,1
C-BO-M-00359-00,BO-M-00359,bovino,2023-02-07,2023-04-08,concluido_falha,,3
C-BO-M-00359-01,BO-M-00359,bovino,2023-05-18,2023-05-18,concluido_sucesso,2024-02-25,1
C-BO-M-00359-02,BO-M-00359,bovino,2024-05-08,2024-05-08,concluido_sucesso,2025-02-15,1
C-BO-M-00359-03,BO-M-00359,bovino,2025-04-29,2025-05-25,concluido_sucesso,2026-03-04,2
C-BO-M-00360-00,BO-M-00360,bovino,2023-03-22,2023-03-22,concluido_sucesso,2023-12-30,1
C-BO-M-00360-01,BO-M-00360,bovino,2024-04-02,2024-04-30,concluido_sucesso,2025-02-07,2
C-BO-M-00360-02,BO-M-00360,bovino,2025-04-15,2025-04-15,concluido_sucesso,2026-01-23,1
C-BO-M-00360-03,BO-M-00360,bovino,2026-04-12,2026-04-12,concluido_sucesso,2027-01-20,1
C-BO-M-00361-00,BO-M-00361,bovino,2023-05-24,2023-06-22,concluido_sucesso,2024-03-31,2
C-BO-M-00361-01,BO-M-00361,bovino,2024-06-19,2024-06-19,concluido_sucesso,2025-03-29,1
C-BO-M-00361-02,BO-M-00361,bovino,2025-07-14,2025-08-29,concluido_sucesso,2026-06-08,3
C-BO-M-00362-00,BO-M-00362,bovino,2023-10-10,2023-10-10,concluido_sucesso,2024-07-19,1
C-BO-M-00362-01,BO-M-00362,bovino,2024-11-09,2024-11-09,concluido_sucesso,2025-08-19,1
C-BO-M-00362-02,BO-M-00362,bovino,2025-10-22,2025-11-23,concluido_sucesso,2026-09-02,2
C-BO-M-00363-00,BO-M-00363,bovino,2023-04-10,2023-04-10,concluido_sucesso,2024-01-18,1
C-BO-M-00363-01,BO-M-00363,bovino,2024-04-18,2024-05-16,concluido_sucesso,2025-02-23,2
C-BO-M-00363-02,BO-M-00363,bovino,2025-05-10,2025-07-01,concluido_falha,,3
C-BO-M-00363-03,BO-M-00363,bovino,2025-09-04,2025-09-04,concluido_sucesso,2026-06-14,1
C-BO-M-00364-00,BO-M-00364,bovino,2023-03-29,2023-03-29,concluido_sucesso,2024-01-06,1
C-BO-M-00364-01,BO-M-00364,bovino,2024-03-07,2024-04-05,concluido_sucesso,2025-01-13,2
C-BO-M-00365-00,BO-M-00365,bovino,2023-06-07,2023-07-09,concluido_sucesso,2024-04-17,2
C-BO-M-00365-01,BO-M-00365,bovino,2024-07-25,2024-07-25,concluido_sucesso,2025-05-04,1
C-BO-M-00365-02,BO-M-00365,bovino,2025-08-30,2025-08-30,concluido_sucesso,2026-06-09,1
C-BO-M-00366-00,BO-M-00366,bovino,2023-09-18,2023-11-07,concluido_falha,,3
C-BO-M-00366-01,BO-M-00366,bovino,2023-12-25,2024-01-26,concluido_sucesso,2024-11-04,2
C-BO-M-00366-02,BO-M-00366,bovino,2025-02-11,2025-04-13,concluido_falha,,3
C-BO-M-00366-03,BO-M-00366,bovino,2025-06-13,2025-08-05,concluido_falha,,3
C-BO-M-00366-04,BO-M-00366,bovino,2025-10-13,2025-11-14,concluido_sucesso,2026-08-24,2
C-BO-M-00367-00,BO-M-00367,bovino,2023-09-04,2023-09-04,concluido_sucesso,2024-06-13,1
C-BO-M-00367-01,BO-M-00367,bovino,2024-09-13,2024-09-13,concluido_sucesso,2025-06-23,1
C-BO-M-00367-02,BO-M-00367,bovino,2025-09-16,2025-10-12,concluido_sucesso,2026-07-22,2
C-BO-M-00368-00,BO-M-00368,bovino,2023-09-12,2023-09-12,concluido_sucesso,2024-06-21,1
C-BO-M-00368-01,BO-M-00368,bovino,2024-09-28,2024-09-28,concluido_sucesso,2025-07-08,1
C-BO-M-00368-02,BO-M-00368,bovino,2025-10-12,2025-10-12,concluido_sucesso,2026-07-22,1
C-BO-M-00369-00,BO-M-00369,bovino,2023-06-16,2023-08-09,concluido_falha,,3
C-BO-M-00369-01,BO-M-00369,bovino,2023-09-29,2023-11-22,concluido_falha,,3
C-BO-M-00369-02,BO-M-00369,bovino,2024-01-06,2024-02-21,concluido_falha,,3
C-BO-M-00369-03,BO-M-00369,bovino,2024-04-24,2024-05-21,concluido_sucesso,2025-02-28,2
C-BO-M-00369-04,BO-M-00369,bovino,2025-04-30,2025-05-25,concluido_sucesso,2026-03-04,2
C-BO-M-00370-00,BO-M-00370,bovino,2023-02-23,2023-03-26,concluido_sucesso,2024-01-03,2
C-BO-M-00370-01,BO-M-00370,bovino,2024-03-17,2024-03-17,concluido_sucesso,2024-12-25,1
C-BO-M-00370-02,BO-M-00370,bovino,2025-04-17,2025-04-17,concluido_sucesso,2026-01-25,1
C-BO-M-00370-03,BO-M-00370,bovino,2026-04-16,2026-04-16,concluido_falha,,1
C-BO-M-00371-00,BO-M-00371,bovino,2023-03-24,2023-03-24,concluido_sucesso,2024-01-01,1
C-BO-M-00371-01,BO-M-00371,bovino,2024-04-03,2024-04-27,concluido_sucesso,2025-02-04,2
C-BO-M-00371-02,BO-M-00371,bovino,2025-04-27,2025-04-27,concluido_sucesso,2026-02-04,1
C-BO-M-00371-03,BO-M-00371,bovino,2026-04-13,2026-04-13,concluido_falha,,1
C-BO-M-00372-00,BO-M-00372,bovino,2023-01-19,2023-03-20,concluido_falha,,3
C-BO-M-00372-01,BO-M-00372,bovino,2023-05-01,2023-06-21,concluido_falha,,3
C-BO-M-00372-02,BO-M-00372,bovino,2023-08-17,2023-10-03,concluido_falha,,3
C-BO-M-00372-03,BO-M-00372,bovino,2023-11-18,2024-01-04,concluido_falha,,3
C-BO-M-00372-04,BO-M-00372,bovino,2024-02-13,2024-04-04,concluido_falha,,3
C-BO-M-00372-05,BO-M-00372,bovino,2024-05-18,2024-07-15,concluido_falha,,3
C-BO-M-00373-00,BO-M-00373,bovino,2023-09-23,2023-10-24,concluido_sucesso,2024-08-02,2
C-BO-M-00373-01,BO-M-00373,bovino,2024-11-01,2024-11-01,concluido_sucesso,2025-08-11,1
C-BO-M-00373-02,BO-M-00373,bovino,2025-10-30,2025-10-30,concluido_sucesso,2026-08-09,1
C-BO-M-00374-00,BO-M-00374,bovino,2023-05-09,2023-06-30,concluido_falha,,3
C-BO-M-00374-01,BO-M-00374,bovino,2023-08-26,2023-08-26,concluido_sucesso,2024-06-04,1
C-BO-M-00374-02,BO-M-00374,bovino,2024-08-12,2024-08-12,concluido_sucesso,2025-05-22,1
C-BO-M-00374-03,BO-M-00374,bovino,2025-07-21,2025-08-22,concluido_sucesso,2026-06-01,2
C-BO-M-00375-00,BO-M-00375,bovino,2023-02-26,2023-04-15,concluido_falha,,3
C-BO-M-00375-01,BO-M-00375,bovino,2023-06-23,2023-06-23,concluido_sucesso,2024-04-01,1
C-BO-M-00375-02,BO-M-00375,bovino,2024-06-10,2024-06-10,concluido_sucesso,2025-03-20,1
C-BO-M-00375-03,BO-M-00375,bovino,2025-05-22,2025-05-22,concluido_sucesso,2026-03-01,1
C-BO-M-00376-00,BO-M-00376,bovino,2023-09-28,2023-10-22,concluido_sucesso,2024-07-31,2
C-BO-M-00376-01,BO-M-00376,bovino,2024-10-28,2024-10-28,concluido_sucesso,2025-08-07,1
C-BO-M-00376-02,BO-M-00376,bovino,2025-12-01,2025-12-29,concluido_sucesso,2026-10-08,2
C-BO-M-00377-00,BO-M-00377,bovino,2023-03-14,2023-04-12,concluido_sucesso,2024-01-20,2
C-BO-M-00377-01,BO-M-00377,bovino,2024-04-13,2024-04-13,concluido_sucesso,2025-01-21,1
C-BO-M-00377-02,BO-M-00377,bovino,2025-03-27,2025-03-27,concluido_sucesso,2026-01-04,1
C-BO-M-00377-03,BO-M-00377,bovino,2026-03-08,2026-03-08,concluido_sucesso,2026-12-16,1
C-BO-M-00378-00,BO-M-00378,bovino,2023-03-18,2023-03-18,concluido_sucesso,2023-12-26,1
C-BO-M-00378-01,BO-M-00378,bovino,2024-03-15,2024-03-15,concluido_sucesso,2024-12-23,1
C-BO-M-00378-02,BO-M-00378,bovino,2025-02-27,2025-02-27,concluido_sucesso,2025-12-07,1
C-BO-M-00378-03,BO-M-00378,bovino,2026-03-29,2026-03-29,concluido_sucesso,2027-01-06,1
C-BO-M-00379-00,BO-M-00379,bovino,2023-03-13,2023-03-13,concluido_sucesso,2023-12-21,1
C-BO-M-00379-01,BO-M-00379,bovino,2024-02-22,2024-04-21,concluido_sucesso,2025-01-29,3
C-BO-M-00379-02,BO-M-00379,bovino,2025-04-04,2025-05-30,concluido_falha,,3
C-BO-M-00379-03,BO-M-00379,bovino,2025-07-25,2025-07-25,concluido_sucesso,2026-05-04,1
C-BO-M-00380-00,BO-M-00380,bovino,2023-08-23,2023-08-23,concluido_sucesso,2024-06-01,1
C-BO-M-00380-01,BO-M-00380,bovino,2024-09-03,2024-09-03,concluido_sucesso,2025-06-13,1
C-BO-M-00380-02,BO-M-00380,bovino,2025-09-01,2025-09-01,concluido_sucesso,2026-06-11,1
C-BO-M-00381-00,BO-M-00381,bovino,2023-03-25,2023-03-25,concluido_sucesso,2024-01-02,1
C-BO-M-00381-01,BO-M-00381,bovino,2024-03-12,2024-03-12,concluido_sucesso,2024-12-20,1
C-BO-M-00381-02,BO-M-00381,bovino,2025-04-16,2025-04-16,concluido_sucesso,2026-01-24,1
C-BO-M-00382-00,BO-M-00382,bovino,2023-04-16,2023-06-15,concluido_falha,,3
C-BO-M-00382-01,BO-M-00382,bovino,2023-08-12,2023-08-12,concluido_sucesso,2024-05-21,1
C-BO-M-00382-02,BO-M-00382,bovino,2024-09-02,2024-10-02,concluido_sucesso,2025-07-12,2
C-BO-M-00382-03,BO-M-00382,bovino,2025-09-14,2025-09-14,concluido_sucesso,2026-06-24,1
C-BO-M-00383-00,BO-M-00383,bovino,2023-07-20,2023-09-20,concluido_sucesso,2024-06-29,3
C-BO-M-00384-00,BO-M-00384,bovino,2023-06-06,2023-06-29,concluido_sucesso,2024-04-07,2
C-BO-M-00384-01,BO-M-00384,bovino,2024-08-02,2024-08-02,concluido_sucesso,2025-05-12,1
C-BO-M-00385-00,BO-M-00385,bovino,2023-07-09,2023-08-28,concluido_falha,,3
C-BO-M-00385-01,BO-M-00385,bovino,2023-10-30,2023-10-30,concluido_sucesso,2024-08-08,1
C-BO-M-00385-02,BO-M-00385,bovino,2024-11-03,2024-12-28,concluido_sucesso,2025-10-07,3
C-BO-M-00385-03,BO-M-00385,bovino,2026-01-04,2026-02-27,concluido_falha,,3
C-BO-M-00385-04,BO-M-00385,bovino,2026-03-30,2026-03-30,concluido_sucesso,2027-01-07,1
C-BO-M-00386-00,BO-M-00386,bovino,2023-04-04,2023-04-04,concluido_sucesso,2024-01-12,1
C-BO-M-00386-01,BO-M-00386,bovino,2024-03-28,2024-04-26,concluido_sucesso,2025-02-03,2
C-BO-M-00386-02,BO-M-00386,bovino,2025-05-15,2025-05-15,concluido_sucesso,2026-02-22,1
C-BO-M-00387-00,BO-M-00387,bovino,2023-06-21,2023-08-15,concluido_falha,,3
C-BO-M-00387-01,BO-M-00387,bovino,2023-09-27,2023-11-09,concluido_falha,,3
C-BO-M-00387-02,BO-M-00387,bovino,2023-12-13,2024-02-03,concluido_falha,,3
C-BO-M-00387-03,BO-M-00387,bovino,2024-03-23,2024-05-11,concluido_falha,,3
C-BO-M-00387-04,BO-M-00387,bovino,2024-06-28,2024-08-21,concluido_falha,,3
C-BO-M-00388-00,BO-M-00388,bovino,2023-02-15,2023-04-01,concluido_falha,,3
C-BO-M-00388-01,BO-M-00388,bovino,2023-05-10,2023-06-05,concluido_sucesso,2024-03-14,2
C-BO-M-00388-02,BO-M-00388,bovino,2024-06-19,2024-08-19,concluido_falha,,3
C-BO-M-00389-00,BO-M-00389,bovino,2023-03-10,2023-04-07,concluido_sucesso,2024-01-15,2
C-BO-M-00389-01,BO-M-00389,bovino,2024-04-22,2024-05-18,concluido_sucesso,2025-02-25,2
C-BO-M-00389-02,BO-M-00389,bovino,2025-05-14,2025-05-14,concluido_sucesso,2026-02-21,1
C-BO-M-00390-00,BO-M-00390,bovino,2023-09-21,2023-09-21,concluido_sucesso,2024-06-30,1
C-BO-M-00390-01,BO-M-00390,bovino,2024-09-07,2024-09-07,concluido_sucesso,2025-06-17,1
C-BO-M-00390-02,BO-M-00390,bovino,2025-08-27,2025-08-27,concluido_sucesso,2026-06-06,1
C-BO-M-00391-00,BO-M-00391,bovino,2023-05-27,2023-05-27,concluido_sucesso,2024-03-05,1
C-BO-M-00391-01,BO-M-00391,bovino,2024-05-12,2024-05-12,concluido_sucesso,2025-02-19,1
C-BO-M-00391-02,BO-M-00391,bovino,2025-04-30,2025-04-30,concluido_sucesso,2026-02-07,1
C-BO-M-00391-03,BO-M-00391,bovino,2026-04-17,2026-04-17,concluido_falha,,1
C-BO-M-00392-00,BO-M-00392,bovino,2023-08-15,2023-08-15,concluido_sucesso,2024-05-24,1
C-BO-M-00392-01,BO-M-00392,bovino,2024-08-20,2024-08-20,concluido_sucesso,2025-05-30,1
C-BO-M-00392-02,BO-M-00392,bovino,2025-09-24,2025-09-24,concluido_sucesso,2026-07-04,1
C-BO-M-00393-00,BO-M-00393,bovino,2023-10-01,2023-10-01,concluido_sucesso,2024-07-10,1
C-BO-M-00393-01,BO-M-00393,bovino,2024-09-14,2024-10-29,concluido_falha,,3
C-BO-M-00393-02,BO-M-00393,bovino,2024-12-29,2024-12-29,concluido_sucesso,2025-10-08,1
C-BO-M-00393-03,BO-M-00393,bovino,2026-01-23,2026-01-23,concluido_sucesso,2026-11-02,1
C-BO-M-00394-00,BO-M-00394,bovino,2023-01-29,2023-01-29,concluido_sucesso,2023-11-08,1
C-BO-M-00394-01,BO-M-00394,bovino,2024-02-12,2024-02-12,concluido_sucesso,2024-11-21,1
C-BO-M-00395-00,BO-M-00395,bovino,2023-04-05,2023-05-01,concluido_sucesso,2024-02-08,2
C-BO-M-00395-01,BO-M-00395,bovino,2024-04-22,2024-05-13,concluido_sucesso,2025-02-20,2
C-BO-M-00395-02,BO-M-00395,bovino,2025-06-19,2025-06-19,concluido_sucesso,2026-03-29,1
C-BO-M-00396-00,BO-M-00396,bovino,2023-05-21,2023-06-12,concluido_sucesso,2024-03-21,2
C-BO-M-00396-01,BO-M-00396,bovino,2024-05-25,2024-07-22,concluido_sucesso,2025-05-01,3
C-BO-M-00396-02,BO-M-00396,bovino,2025-08-17,2025-10-16,concluido_sucesso,2026-07-26,3
C-BO-M-00397-00,BO-M-00397,bovino,2023-02-03,2023-02-03,concluido_sucesso,2023-11-13,1
C-BO-M-00397-01,BO-M-00397,bovino,2024-02-22,2024-02-22,concluido_sucesso,2024-12-01,1
C-BO-M-00397-02,BO-M-00397,bovino,2025-02-09,2025-04-05,concluido_falha,,3
C-BO-M-00397-03,BO-M-00397,bovino,2025-05-20,2025-06-18,concluido_sucesso,2026-03-28,2
C-BO-M-00398-00,BO-M-00398,bovino,2023-01-16,2023-03-06,concluido_sucesso,2023-12-14,3
C-BO-M-00398-01,BO-M-00398,bovino,2024-03-18,2024-03-18,concluido_sucesso,2024-12-26,1
C-BO-M-00398-02,BO-M-00398,bovino,2025-03-01,2025-04-21,concluido_falha,,3
C-BO-M-00398-03,BO-M-00398,bovino,2025-06-28,2025-08-22,concluido_falha,,3
C-BO-M-00398-04,BO-M-00398,bovino,2025-10-13,2025-10-13,concluido_sucesso,2026-07-23,1
C-BO-M-00399-00,BO-M-00399,bovino,2023-10-16,2023-10-16,concluido_sucesso,2024-07-25,1
C-BO-M-00399-01,BO-M-00399,bovino,2024-10-13,2024-10-13,concluido_sucesso,2025-07-23,1
C-BO-M-00399-02,BO-M-00399,bovino,2025-10-24,2025-10-24,concluido_sucesso,2026-08-03,1
C-BO-M-00400-00,BO-M-00400,bovino,2023-02-12,2023-02-12,concluido_sucesso,2023-11-22,1
C-BO-M-00400-01,BO-M-00400,bovino,2024-02-29,2024-02-29,concluido_sucesso,2024-12-08,1
C-BO-M-00400-02,BO-M-00400,bovino,2025-02-14,2025-02-14,concluido_sucesso,2025-11-24,1
C-BO-M-00400-03,BO-M-00400,bovino,2026-02-11,2026-02-11,concluido_sucesso,2026-11-21,1
C-BO-M-00401-00,BO-M-00401,bovino,2023-01-31,2023-01-31,concluido_sucesso,2023-11-10,1
C-BO-M-00401-01,BO-M-00401,bovino,2024-01-16,2024-01-16,concluido_sucesso,2024-10-25,1
C-BO-M-00401-02,BO-M-00401,bovino,2025-02-04,2025-02-04,concluido_sucesso,2025-11-14,1
C-BO-M-00401-03,BO-M-00401,bovino,2026-01-30,2026-01-30,concluido_sucesso,2026-11-09,1
C-BO-M-00402-00,BO-M-00402,bovino,2023-04-03,2023-04-03,concluido_sucesso,2024-01-11,1
C-BO-M-00402-01,BO-M-00402,bovino,2024-05-06,2024-05-06,concluido_sucesso,2025-02-13,1
C-BO-M-00402-02,BO-M-00402,bovino,2025-05-15,2025-07-07,concluido_sucesso,2026-04-16,3
C-BO-M-00403-00,BO-M-00403,bovino,2023-07-09,2023-07-31,concluido_sucesso,2024-05-09,2
C-BO-M-00403-01,BO-M-00403,bovino,2024-08-24,2024-09-25,concluido_sucesso,2025-07-05,2
C-BO-M-00403-02,BO-M-00403,bovino,2025-09-09,2025-10-11,concluido_sucesso,2026-07-21,2
C-BO-M-00404-00,BO-M-00404,bovino,2023-05-04,2023-07-05,concluido_sucesso,2024-04-13,3
C-BO-M-00404-01,BO-M-00404,bovino,2024-06-24,2024-08-11,concluido_sucesso,2025-05-21,3
C-BO-M-00404-02,BO-M-00404,bovino,2025-08-29,2025-09-25,concluido_sucesso,2026-07-05,2
C-BO-M-00405-00,BO-M-00405,bovino,2023-06-26,2023-07-17,concluido_sucesso,2024-04-25,2
C-BO-M-00405-01,BO-M-00405,bovino,2024-08-11,2024-08-11,concluido_sucesso,2025-05-21,1
C-BO-M-00405-02,BO-M-00405,bovino,2025-07-28,2025-07-28,concluido_sucesso,2026-05-07,1
C-BO-M-00406-00,BO-M-00406,bovino,2023-08-25,2023-08-25,concluido_sucesso,2024-06-03,1
C-BO-M-00406-01,BO-M-00406,bovino,2024-09-04,2024-09-04,concluido_sucesso,2025-06-14,1
C-BO-M-00406-02,BO-M-00406,bovino,2025-10-11,2025-10-11,concluido_sucesso,2026-07-21,1
C-BO-M-00407-00,BO-M-00407,bovino,2023-06-08,2023-06-08,concluido_sucesso,2024-03-17,1
C-BO-M-00407-01,BO-M-00407,bovino,2024-06-18,2024-06-18,concluido_sucesso,2025-03-28,1
C-BO-M-00407-02,BO-M-00407,bovino,2025-05-28,2025-05-28,concluido_sucesso,2026-03-07,1
C-BO-M-00408-00,BO-M-00408,bovino,2023-04-11,2023-06-04,concluido_falha,,3
C-BO-M-00408-01,BO-M-00408,bovino,2023-07-09,2023-08-08,concluido_sucesso,2024-05-17,2
C-BO-M-00408-02,BO-M-00408,bovino,2024-08-10,2024-09-04,concluido_sucesso,2025-06-14,2
C-BO-M-00408-03,BO-M-00408,bovino,2025-09-12,2025-10-10,concluido_sucesso,2026-07-20,2
C-BO-M-00409-00,BO-M-00409,bovino,2023-03-02,2023-03-24,concluido_sucesso,2024-01-01,2
C-BO-M-00409-01,BO-M-00409,bovino,2024-03-25,2024-03-25,concluido_sucesso,2025-01-02,1
C-BO-M-00409-02,BO-M-00409,bovino,2025-04-26,2025-06-15,concluido_falha,,3
C-BO-M-00409-03,BO-M-00409,bovino,2025-07-31,2025-07-31,concluido_sucesso,2026-05-10,1
C-BO-M-00410-00,BO-M-00410,bovino,2023-10-25,2023-12-22,concluido_sucesso,2024-09-30,3
C-BO-M-00410-01,BO-M-00410,bovino,2024-12-19,2025-01-18,concluido_sucesso,2025-10-28,2
C-BO-M-00410-02,BO-M-00410,bovino,2026-01-19,2026-01-19,concluido_sucesso,2026-10-29,1
C-BO-M-00411-00,BO-M-00411,bovino,2023-10-24,2023-12-11,concluido_falha,,3
C-BO-M-00411-01,BO-M-00411,bovino,2024-02-16,2024-02-16,concluido_sucesso,2024-11-25,1
C-BO-M-00411-02,BO-M-00411,bovino,2025-02-24,2025-02-24,concluido_sucesso,2025-12-04,1
C-BO-M-00411-03,BO-M-00411,bovino,2026-02-17,2026-03-21,concluido_sucesso,2026-12-29,2
C-BO-M-00412-00,BO-M-00412,bovino,2023-05-31,2023-07-20,concluido_falha,,3
C-BO-M-00413-00,BO-M-00413,bovino,2023-06-01,2023-06-01,concluido_sucesso,2024-03-10,1
C-BO-M-00413-01,BO-M-00413,bovino,2024-06-06,2024-07-30,concluido_falha,,3
C-BO-M-00413-02,BO-M-00413,bovino,2024-09-03,2024-10-03,concluido_sucesso,2025-07-13,2
C-BO-M-00413-03,BO-M-00413,bovino,2025-09-25,2025-09-25,concluido_sucesso,2026-07-05,1
C-BO-M-00414-00,BO-M-00414,bovino,2023-06-28,2023-06-28,concluido_sucesso,2024-04-06,1
C-BO-M-00414-01,BO-M-00414,bovino,2024-06-17,2024-07-11,concluido_sucesso,2025-04-20,2
C-BO-M-00414-02,BO-M-00414,bovino,2025-08-11,2025-10-10,concluido_falha,,3
C-BO-M-00414-03,BO-M-00414,bovino,2025-12-05,2025-12-05,concluido_sucesso,2026-09-14,1
C-BO-M-00415-00,BO-M-00415,bovino,2023-07-19,2023-07-19,concluido_sucesso,2024-04-27,1
C-BO-M-00415-01,BO-M-00415,bovino,2024-07-15,2024-07-15,concluido_sucesso,2025-04-24,1
C-BO-M-00415-02,BO-M-00415,bovino,2025-07-21,2025-07-21,concluido_sucesso,2026-04-30,1
C-BO-M-00416-00,BO-M-00416,bovino,2023-03-06,2023-03-06,concluido_sucesso,2023-12-14,1
C-BO-M-00416-01,BO-M-00416,bovino,2024-04-09,2024-04-30,concluido_sucesso,2025-02-07,2
C-BO-M-00417-00,BO-M-00417,bovino,2023-08-12,2023-09-12,concluido_sucesso,2024-06-21,2
C-BO-M-00417-01,BO-M-00417,bovino,2024-09-25,2024-09-25,concluido_sucesso,2025-07-05,1
C-BO-M-00417-02,BO-M-00417,bovino,2025-09-22,2025-11-19,concluido_falha,,3
C-BO-M-00417-03,BO-M-00417,bovino,2025-12-19,2026-01-19,concluido_sucesso,2026-10-29,2
C-BO-M-00418-00,BO-M-00418,bovino,2023-05-01,2023-05-01,concluido_sucesso,2024-02-08,1
C-BO-M-00418-01,BO-M-00418,bovino,2024-04-21,2024-05-23,concluido_sucesso,2025-03-02,2
C-BO-M-00418-02,BO-M-00418,bovino,2025-06-08,2025-06-08,concluido_sucesso,2026-03-18,1
C-BO-M-00419-00,BO-M-00419,bovino,2023-04-08,2023-05-09,concluido_sucesso,2024-02-16,2
C-BO-M-00419-01,BO-M-00419,bovino,2024-05-22,2024-05-22,concluido_sucesso,2025-03-01,1
C-BO-M-00419-02,BO-M-00419,bovino,2025-05-29,2025-05-29,concluido_sucesso,2026-03-08,1
C-BO-M-00420-00,BO-M-00420,bovino,2023-04-07,2023-04-07,concluido_sucesso,2024-01-15,1
C-BO-M-00420-01,BO-M-00420,bovino,2024-05-10,2024-05-10,concluido_sucesso,2025-02-17,1
C-BO-M-00420-02,BO-M-00420,bovino,2025-04-27,2025-05-25,concluido_sucesso,2026-03-04,2
C-BO-M-00421-00,BO-M-00421,bovino,2023-09-23,2023-11-13,concluido_sucesso,2024-08-22,3
C-BO-M-00421-01,BO-M-00421,bovino,2024-11-03,2024-12-27,concluido_falha,,3
C-BO-M-00422-00,BO-M-00422,bovino,2023-08-15,2023-08-15,concluido_sucesso,2024-05-24,1
C-BO-M-00422-01,BO-M-00422,bovino,2024-09-09,2024-10-22,concluido_sucesso,2025-08-01,3
C-BO-M-00423-00,BO-M-00423,bovino,2023-02-07,2023-03-06,concluido_sucesso,2023-12-14,2
C-BO-M-00423-01,BO-M-00423,bovino,2024-03-31,2024-04-28,concluido_sucesso,2025-02-05,2
C-BO-M-00423-02,BO-M-00423,bovino,2025-05-03,2025-06-03,concluido_sucesso,2026-03-13,2
C-BO-M-00424-00,BO-M-00424,bovino,2023-07-27,2023-09-22,concluido_falha,,3
C-BO-M-00424-01,BO-M-00424,bovino,2023-11-29,2024-01-20,concluido_falha,,3
C-BO-M-00424-02,BO-M-00424,bovino,2024-03-18,2024-03-18,concluido_sucesso,2024-12-26,1
C-BO-M-00425-00,BO-M-00425,bovino,2023-06-10,2023-06-10,concluido_sucesso,2024-03-19,1
C-BO-M-00425-01,BO-M-00425,bovino,2024-05-18,2024-07-12,concluido_falha,,3
C-BO-M-00425-02,BO-M-00425,bovino,2024-09-16,2024-10-15,concluido_sucesso,2025-07-25,2
C-BO-M-00426-00,BO-M-00426,bovino,2023-10-20,2023-12-08,concluido_falha,,3
C-BO-M-00426-01,BO-M-00426,bovino,2024-01-29,2024-03-25,concluido_falha,,3
C-BO-M-00426-02,BO-M-00426,bovino,2024-05-31,2024-05-31,concluido_sucesso,2025-03-10,1
C-BO-M-00427-00,BO-M-00427,bovino,2023-06-20,2023-06-20,concluido_sucesso,2024-03-29,1
C-BO-M-00428-00,BO-M-00428,bovino,2023-07-23,2023-07-23,concluido_sucesso,2024-05-01,1
C-BO-M-00428-01,BO-M-00428,bovino,2024-07-04,2024-08-26,concluido_sucesso,2025-06-05,3
C-BO-M-00428-02,BO-M-00428,bovino,2025-09-11,2025-10-04,concluido_sucesso,2026-07-14,2
C-BO-M-00429-00,BO-M-00429,bovino,2023-04-10,2023-04-10,concluido_sucesso,2024-01-18,1
C-BO-M-00429-01,BO-M-00429,bovino,2024-03-18,2024-03-18,concluido_sucesso,2024-12-26,1
C-BO-M-00429-02,BO-M-00429,bovino,2025-03-03,2025-03-03,concluido_sucesso,2025-12-11,1
C-BO-M-00430-00,BO-M-00430,bovino,2023-06-11,2023-06-11,concluido_sucesso,2024-03-20,1
C-BO-M-00430-01,BO-M-00430,bovino,2024-07-13,2024-08-14,concluido_sucesso,2025-05-24,2
C-BO-M-00430-02,BO-M-00430,bovino,2025-09-18,2025-09-18,concluido_sucesso,2026-06-28,1
C-BO-M-00431-00,BO-M-00431,bovino,2023-08-07,2023-09-27,concluido_falha,,3
C-BO-M-00431-01,BO-M-00431,bovino,2023-11-18,2023-12-11,concluido_sucesso,2024-09-19,2
C-BO-M-00431-02,BO-M-00431,bovino,2024-11-23,2024-11-23,concluido_sucesso,2025-09-02,1
C-BO-M-00431-03,BO-M-00431,bovino,2025-11-14,2025-11-14,concluido_sucesso,2026-08-24,1
C-BO-M-00432-00,BO-M-00432,bovino,2023-01-26,2023-01-26,concluido_sucesso,2023-11-05,1
C-BO-M-00432-01,BO-M-00432,bovino,2024-01-06,2024-01-06,concluido_sucesso,2024-10-15,1
C-BO-M-00432-02,BO-M-00432,bovino,2025-01-11,2025-01-11,concluido_sucesso,2025-10-21,1
C-BO-M-00432-03,BO-M-00432,bovino,2026-02-12,2026-02-12,concluido_sucesso,2026-11-22,1
C-BO-M-00433-00,BO-M-00433,bovino,2023-01-21,2023-01-21,concluido_sucesso,2023-10-31,1
C-BO-M-00433-01,BO-M-00433,bovino,2024-02-12,2024-03-15,concluido_sucesso,2024-12-23,2
C-BO-M-00433-02,BO-M-00433,bovino,2025-02-23,2025-02-23,concluido_sucesso,2025-12-03,1
C-BO-M-00433-03,BO-M-00433,bovino,2026-03-20,2026-04-10,concluido_sucesso,2027-01-18,2
C-BO-M-00434-00,BO-M-00434,bovino,2023-10-23,2023-10-23,concluido_sucesso,2024-08-01,1
C-BO-M-00434-01,BO-M-00434,bovino,2024-11-06,2024-11-06,concluido_sucesso,2025-08-16,1
C-BO-M-00434-02,BO-M-00434,bovino,2025-11-16,2025-11-16,concluido_sucesso,2026-08-26,1
C-BO-M-00435-00,BO-M-00435,bovino,2023-08-13,2023-10-03,concluido_falha,,3
C-BO-M-00435-01,BO-M-00435,bovino,2023-11-09,2023-12-04,concluido_sucesso,2024-09-12,2
C-BO-M-00435-02,BO-M-00435,bovino,2025-01-09,2025-02-06,concluido_sucesso,2025-11-16,2
C-BO-M-00435-03,BO-M-00435,bovino,2026-03-14,2026-04-05,concluido_falha,,2
C-BO-M-00436-00,BO-M-00436,bovino,2023-06-17,2023-07-16,concluido_sucesso,2024-04-24,2
C-BO-M-00436-01,BO-M-00436,bovino,2024-08-03,2024-08-27,concluido_sucesso,2025-06-06,2
C-BO-M-00436-02,BO-M-00436,bovino,2025-09-08,2025-09-08,concluido_sucesso,2026-06-18,1
C-BO-M-00437-00,BO-M-00437,bovino,2023-09-06,2023-09-06,concluido_sucesso,2024-06-15,1
C-BO-M-00437-01,BO-M-00437,bovino,2024-10-11,2024-10-11,concluido_sucesso,2025-07-21,1
C-BO-M-00437-02,BO-M-00437,bovino,2025-10-05,2025-11-27,concluido_sucesso,2026-09-06,3
C-BO-M-00438-00,BO-M-00438,bovino,2023-04-20,2023-04-20,concluido_sucesso,2024-01-28,1
C-BO-M-00438-01,BO-M-00438,bovino,2024-05-26,2024-05-26,concluido_sucesso,2025-03-05,1
C-BO-M-00438-02,BO-M-00438,bovino,2025-06-22,2025-06-22,concluido_sucesso,2026-04-01,1
C-BO-M-00439-00,BO-M-00439,bovino,2023-08-02,2023-09-22,concluido_falha,,3
C-BO-M-00439-01,BO-M-00439,bovino,2023-11-07,2023-11-29,concluido_sucesso,2024-09-07,2
C-BO-M-00439-02,BO-M-00439,bovino,2025-01-02,2025-01-02,concluido_sucesso,2025-10-12,1
C-BO-M-00439-03,BO-M-00439,bovino,2026-01-06,2026-01-06,concluido_sucesso,2026-10-16,1
C-BO-M-00440-00,BO-M-00440,bovino,2023-07-04,2023-07-04,concluido_sucesso,2024-04-12,1
C-BO-M-00440-01,BO-M-00440,bovino,2024-07-27,2024-07-27,concluido_sucesso,2025-05-06,1
C-BO-M-00440-02,BO-M-00440,bovino,2025-08-27,2025-08-27,concluido_sucesso,2026-06-06,1
C-BO-M-00441-00,BO-M-00441,bovino,2023-04-29,2023-06-24,concluido_falha,,3
C-BO-M-00441-01,BO-M-00441,bovino,2023-08-23,2023-10-20,concluido_falha,,3
C-BO-M-00441-02,BO-M-00441,bovino,2023-11-19,2024-01-16,concluido_falha,,3
C-BO-M-00441-03,BO-M-00441,bovino,2024-02-28,2024-04-15,concluido_falha,,3
C-BO-M-00441-04,BO-M-00441,bovino,2024-05-15,2024-06-30,concluido_falha,,3
C-BO-M-00441-05,BO-M-00441,bovino,2024-08-14,2024-10-11,concluido_falha,,3
C-BO-M-00442-00,BO-M-00442,bovino,2023-10-27,2023-11-24,concluido_sucesso,2024-09-02,2
C-BO-M-00442-01,BO-M-00442,bovino,2024-11-20,2025-01-11,concluido_falha,,3
C-BO-M-00442-02,BO-M-00442,bovino,2025-02-16,2025-03-20,concluido_sucesso,2025-12-28,2
C-BO-M-00442-03,BO-M-00442,bovino,2026-03-16,2026-03-16,concluido_sucesso,2026-12-24,1
C-BO-M-00443-00,BO-M-00443,bovino,2023-01-30,2023-03-01,concluido_sucesso,2023-12-09,2
C-BO-M-00443-01,BO-M-00443,bovino,2024-02-22,2024-03-17,concluido_sucesso,2024-12-25,2
C-BO-M-00443-02,BO-M-00443,bovino,2025-03-16,2025-05-08,concluido_falha,,3
C-BO-M-00443-03,BO-M-00443,bovino,2025-07-11,2025-09-06,concluido_falha,,3
C-BO-M-00443-04,BO-M-00443,bovino,2025-10-16,2025-10-16,concluido_sucesso,2026-07-26,1
C-BO-M-00444-00,BO-M-00444,bovino,2023-04-21,2023-05-18,concluido_sucesso,2024-02-25,2
C-BO-M-00444-01,BO-M-00444,bovino,2024-06-12,2024-06-12,concluido_sucesso,2025-03-22,1
C-BO-M-00444-02,BO-M-00444,bovino,2025-07-15,2025-09-07,concluido_sucesso,2026-06-17,3
C-BO-M-00445-00,BO-M-00445,bovino,2023-05-27,2023-05-27,concluido_sucesso,2024-03-05,1
C-BO-M-00445-01,BO-M-00445,bovino,2024-05-15,2024-06-11,concluido_sucesso,2025-03-21,2
C-BO-M-00445-02,BO-M-00445,bovino,2025-06-06,2025-07-26,concluido_sucesso,2026-05-05,3
C-BO-M-00446-00,BO-M-00446,bovino,2023-04-17,2023-05-13,concluido_sucesso,2024-02-20,2
C-BO-M-00446-01,BO-M-00446,bovino,2024-05-27,2024-05-27,concluido_sucesso,2025-03-06,1
C-BO-M-00446-02,BO-M-00446,bovino,2025-07-02,2025-07-02,concluido_sucesso,2026-04-11,1
C-BO-M-00447-00,BO-M-00447,bovino,2023-06-06,2023-06-27,concluido_sucesso,2024-04-05,2
C-BO-M-00447-01,BO-M-00447,bovino,2024-06-13,2024-06-13,concluido_sucesso,2025-03-23,1
C-BO-M-00447-02,BO-M-00447,bovino,2025-05-26,2025-07-17,concluido_falha,,3
C-BO-M-00447-03,BO-M-00447,bovino,2025-08-31,2025-10-26,concluido_sucesso,2026-08-05,3
C-BO-M-00448-00,BO-M-00448,bovino,2023-07-10,2023-07-10,concluido_sucesso,2024-04-18,1
C-BO-M-00448-01,BO-M-00448,bovino,2024-08-13,2024-08-13,concluido_sucesso,2025-05-23,1
C-BO-M-00448-02,BO-M-00448,bovino,2025-08-13,2025-10-05,concluido_sucesso,2026-07-15,3
C-BO-M-00449-00,BO-M-00449,bovino,2023-06-26,2023-06-26,concluido_sucesso,2024-04-04,1
C-BO-M-00449-01,BO-M-00449,bovino,2024-06-22,2024-06-22,concluido_sucesso,2025-04-01,1
C-BO-M-00449-02,BO-M-00449,bovino,2025-07-07,2025-08-04,concluido_sucesso,2026-05-14,2
C-BO-M-00450-00,BO-M-00450,bovino,2023-04-21,2023-04-21,concluido_sucesso,2024-01-29,1
C-BO-M-00450-01,BO-M-00450,bovino,2024-05-08,2024-06-01,concluido_sucesso,2025-03-11,2
C-BO-M-00450-02,BO-M-00450,bovino,2025-06-26,2025-06-26,concluido_sucesso,2026-04-05,1
C-BO-M-00451-00,BO-M-00451,bovino,2023-09-25,2023-10-19,concluido_sucesso,2024-07-28,2
C-BO-M-00451-01,BO-M-00451,bovino,2024-10-23,2024-10-23,concluido_sucesso,2025-08-02,1
C-BO-M-00451-02,BO-M-00451,bovino,2025-10-15,2025-10-15,concluido_sucesso,2026-07-25,1
C-BO-M-00452-00,BO-M-00452,bovino,2023-06-07,2023-07-07,concluido_sucesso,2024-04-15,2
C-BO-M-00452-01,BO-M-00452,bovino,2024-06-30,2024-07-25,concluido_sucesso,2025-05-04,2
C-BO-M-00452-02,BO-M-00452,bovino,2025-08-02,2025-08-02,concluido_sucesso,2026-05-12,1
C-BO-M-00453-00,BO-M-00453,bovino,2023-09-08,2023-09-29,concluido_sucesso,2024-07-08,2
C-BO-M-00453-01,BO-M-00453,bovino,2024-10-31,2024-10-31,concluido_sucesso,2025-08-10,1
C-BO-M-00453-02,BO-M-00453,bovino,2025-12-05,2025-12-05,concluido_sucesso,2026-09-14,1
C-BO-M-00454-00,BO-M-00454,bovino,2023-05-30,2023-05-30,concluido_sucesso,2024-03-08,1
C-BO-M-00454-01,BO-M-00454,bovino,2024-06-08,2024-06-08,concluido_sucesso,2025-03-18,1
C-BO-M-00454-02,BO-M-00454,bovino,2025-06-02,2025-06-02,concluido_sucesso,2026-03-12,1
C-BO-M-00455-00,BO-M-00455,bovino,2023-07-25,2023-07-25,concluido_sucesso,2024-05-03,1
C-BO-M-00455-01,BO-M-00455,bovino,2024-07-30,2024-07-30,concluido_sucesso,2025-05-09,1
C-BO-M-00455-02,BO-M-00455,bovino,2025-07-25,2025-09-25,concluido_falha,,3
C-BO-M-00455-03,BO-M-00455,bovino,2025-10-28,2025-12-12,concluido_falha,,3
C-BO-M-00455-04,BO-M-00455,bovino,2026-02-17,2026-04-02,concluido_falha,,3
C-BO-M-00456-00,BO-M-00456,bovino,2023-07-01,2023-07-22,concluido_sucesso,2024-04-30,2
C-BO-M-00456-01,BO-M-00456,bovino,2024-08-13,2024-08-13,concluido_sucesso,2025-05-23,1
C-BO-M-00456-02,BO-M-00456,bovino,2025-07-22,2025-07-22,concluido_sucesso,2026-05-01,1
C-BO-M-00457-00,BO-M-00457,bovino,2023-01-09,2023-03-01,concluido_falha,,3
C-BO-M-00457-01,BO-M-00457,bovino,2023-05-08,2023-07-01,concluido_falha,,3
C-BO-M-00457-02,BO-M-00457,bovino,2023-08-22,2023-08-22,concluido_sucesso,2024-05-31,1
C-BO-M-00457-03,BO-M-00457,bovino,2024-09-06,2024-11-04,concluido_falha,,3
C-BO-M-00457-04,BO-M-00457,bovino,2024-12-21,2025-02-15,concluido_falha,,3
C-BO-M-00457-05,BO-M-00457,bovino,2025-03-28,2025-05-19,concluido_falha,,3
C-BO-M-00458-00,BO-M-00458,bovino,2023-04-30,2023-05-30,concluido_sucesso,2024-03-08,2
C-BO-M-00458-01,BO-M-00458,bovino,2024-06-29,2024-06-29,concluido_sucesso,2025-04-08,1
C-BO-M-00458-02,BO-M-00458,bovino,2025-07-05,2025-08-02,concluido_sucesso,2026-05-12,2
C-BO-M-00459-00,BO-M-00459,bovino,2023-10-12,2023-10-12,concluido_sucesso,2024-07-21,1
C-BO-M-00459-01,BO-M-00459,bovino,2024-09-19,2024-09-19,concluido_sucesso,2025-06-29,1
C-BO-M-00459-02,BO-M-00459,bovino,2025-09-25,2025-10-27,concluido_sucesso,2026-08-06,2
C-BO-M-00460-00,BO-M-00460,bovino,2023-04-19,2023-05-10,concluido_sucesso,2024-02-17,2
C-BO-M-00460-01,BO-M-00460,bovino,2024-06-12,2024-06-12,concluido_sucesso,2025-03-22,1
C-BO-M-00460-02,BO-M-00460,bovino,2025-06-21,2025-06-21,concluido_sucesso,2026-03-31,1
C-BO-M-00461-00,BO-M-00461,bovino,2023-07-19,2023-07-19,concluido_sucesso,2024-04-27,1
C-BO-M-00461-01,BO-M-00461,bovino,2024-06-29,2024-06-29,concluido_sucesso,2025-04-08,1
C-BO-M-00461-02,BO-M-00461,bovino,2025-07-28,2025-07-28,concluido_sucesso,2026-05-07,1
C-BO-M-00462-00,BO-M-00462,bovino,2023-07-29,2023-08-27,concluido_sucesso,2024-06-05,2
C-BO-M-00462-01,BO-M-00462,bovino,2024-08-20,2024-10-09,concluido_falha,,3
C-BO-M-00462-02,BO-M-00462,bovino,2024-11-29,2024-12-27,concluido_sucesso,2025-10-06,2
C-BO-M-00462-03,BO-M-00462,bovino,2025-12-23,2026-01-18,concluido_sucesso,2026-10-28,2
C-BO-M-00463-00,BO-M-00463,bovino,2023-08-22,2023-08-22,concluido_sucesso,2024-05-31,1
C-BO-M-00463-01,BO-M-00463,bovino,2024-09-22,2024-09-22,concluido_sucesso,2025-07-02,1
C-BO-M-00463-02,BO-M-00463,bovino,2025-10-05,2025-11-26,concluido_falha,,3
C-BO-M-00464-00,BO-M-00464,bovino,2023-03-04,2023-03-04,concluido_sucesso,2023-12-12,1
C-BO-M-00464-01,BO-M-00464,bovino,2024-02-13,2024-04-03,concluido_falha,,3
C-BO-M-00464-02,BO-M-00464,bovino,2024-05-27,2024-05-27,concluido_sucesso,2025-03-06,1
C-BO-M-00464-03,BO-M-00464,bovino,2025-05-15,2025-05-15,concluido_sucesso,2026-02-22,1
C-BO-M-00465-00,BO-M-00465,bovino,2023-08-31,2023-08-31,concluido_sucesso,2024-06-09,1
C-BO-M-00465-01,BO-M-00465,bovino,2024-09-15,2024-09-15,concluido_sucesso,2025-06-25,1
C-BO-M-00465-02,BO-M-00465,bovino,2025-10-21,2025-10-21,concluido_sucesso,2026-07-31,1
C-BO-M-00466-00,BO-M-00466,bovino,2023-06-09,2023-06-09,concluido_sucesso,2024-03-18,1
C-BO-M-00466-01,BO-M-00466,bovino,2024-06-09,2024-07-26,concluido_falha,,3
C-BO-M-00466-02,BO-M-00466,bovino,2024-09-24,2024-10-16,concluido_sucesso,2025-07-26,2
C-BO-M-00466-03,BO-M-00466,bovino,2025-11-10,2025-12-12,concluido_sucesso,2026-09-21,2
C-BO-M-00467-00,BO-M-00467,bovino,2023-08-23,2023-08-23,concluido_sucesso,2024-06-01,1
C-BO-M-00467-01,BO-M-00467,bovino,2024-09-02,2024-09-02,concluido_sucesso,2025-06-12,1
C-BO-M-00467-02,BO-M-00467,bovino,2025-09-25,2025-10-18,concluido_sucesso,2026-07-28,2
C-BO-M-00468-00,BO-M-00468,bovino,2023-01-06,2023-01-06,concluido_sucesso,2023-10-16,1
C-BO-M-00468-01,BO-M-00468,bovino,2024-02-12,2024-02-12,concluido_sucesso,2024-11-21,1
C-BO-M-00468-02,BO-M-00468,bovino,2025-02-13,2025-04-10,concluido_falha,,3
C-BO-M-00469-00,BO-M-00469,bovino,2023-07-27,2023-07-27,concluido_sucesso,2024-05-05,1
C-BO-M-00469-01,BO-M-00469,bovino,2024-08-28,2024-08-28,concluido_sucesso,2025-06-07,1
C-BO-M-00469-02,BO-M-00469,bovino,2025-09-19,2025-11-22,concluido_falha,,3
C-BO-M-00469-03,BO-M-00469,bovino,2026-01-27,2026-02-27,concluido_sucesso,2026-12-07,2
C-BO-M-00470-00,BO-M-00470,bovino,2023-10-21,2023-10-21,concluido_sucesso,2024-07-30,1
C-BO-M-00470-01,BO-M-00470,bovino,2024-10-18,2024-12-06,concluido_sucesso,2025-09-15,3
C-BO-M-00470-02,BO-M-00470,bovino,2026-01-09,2026-01-09,concluido_sucesso,2026-10-19,1
C-BO-M-00471-00,BO-M-00471,bovino,2023-10-31,2023-10-31,concluido_sucesso,2024-08-09,1
C-BO-M-00471-01,BO-M-00471,bovino,2024-10-14,2024-12-02,concluido_falha,,3
C-BO-M-00471-02,BO-M-00471,bovino,2025-01-21,2025-02-22,concluido_sucesso,2025-12-02,2
C-BO-M-00471-03,BO-M-00471,bovino,2026-03-10,2026-03-10,concluido_sucesso,2026-12-18,1
C-BO-M-00472-00,BO-M-00472,bovino,2023-02-02,2023-03-28,concluido_sucesso,2024-01-05,3
C-BO-M-00472-01,BO-M-00472,bovino,2024-04-19,2024-04-19,concluido_sucesso,2025-01-27,1
C-BO-M-00472-02,BO-M-00472,bovino,2025-05-01,2025-06-28,concluido_falha,,3
C-BO-M-00472-03,BO-M-00472,bovino,2025-08-19,2025-10-11,concluido_falha,,3
C-BO-M-00473-00,BO-M-00473,bovino,2023-08-10,2023-10-06,concluido_falha,,3
C-BO-M-00473-01,BO-M-00473,bovino,2023-11-21,2023-11-21,concluido_sucesso,2024-08-30,1
C-BO-M-00473-02,BO-M-00473,bovino,2024-11-22,2025-01-16,concluido_falha,,3
C-BO-M-00473-03,BO-M-00473,bovino,2025-02-27,2025-02-27,concluido_sucesso,2025-12-07,1
C-BO-M-00473-04,BO-M-00473,bovino,2026-02-18,2026-02-18,concluido_sucesso,2026-11-28,1
C-BO-M-00474-00,BO-M-00474,bovino,2023-02-22,2023-02-22,concluido_sucesso,2023-12-02,1
C-BO-M-00474-01,BO-M-00474,bovino,2024-02-10,2024-03-11,concluido_sucesso,2024-12-19,2
C-BO-M-00474-02,BO-M-00474,bovino,2025-03-03,2025-03-03,concluido_sucesso,2025-12-11,1
C-BO-M-00474-03,BO-M-00474,bovino,2026-02-20,2026-02-20,concluido_sucesso,2026-11-30,1
C-BO-M-00475-00,BO-M-00475,bovino,2023-03-27,2023-03-27,concluido_sucesso,2024-01-04,1
C-BO-M-00476-00,BO-M-00476,bovino,2023-05-26,2023-05-26,concluido_sucesso,2024-03-04,1
C-BO-M-00476-01,BO-M-00476,bovino,2024-06-28,2024-07-19,concluido_sucesso,2025-04-28,2
C-BO-M-00476-02,BO-M-00476,bovino,2025-08-23,2025-09-24,concluido_sucesso,2026-07-04,2
C-BO-M-00477-00,BO-M-00477,bovino,2023-10-15,2023-10-15,concluido_sucesso,2024-07-24,1
C-BO-M-00477-01,BO-M-00477,bovino,2024-10-15,2024-12-10,concluido_sucesso,2025-09-19,3
C-BO-M-00478-00,BO-M-00478,bovino,2023-08-12,2023-10-07,concluido_sucesso,2024-07-16,3
C-BO-M-00478-01,BO-M-00478,bovino,2024-10-28,2024-11-27,concluido_sucesso,2025-09-06,2
C-BO-M-00478-02,BO-M-00478,bovino,2025-12-07,2025-12-30,concluido_sucesso,2026-10-09,2
C-BO-M-00479-00,BO-M-00479,bovino,2023-06-22,2023-06-22,concluido_sucesso,2024-03-31,1
C-BO-M-00479-01,BO-M-00479,bovino,2024-06-12,2024-06-12,concluido_sucesso,2025-03-22,1
C-BO-M-00479-02,BO-M-00479,bovino,2025-06-29,2025-08-20,concluido_falha,,3
C-BO-M-00480-00,BO-M-00480,bovino,2023-01-13,2023-01-13,concluido_sucesso,2023-10-23,1
C-BO-M-00480-01,BO-M-00480,bovino,2023-12-28,2023-12-28,concluido_sucesso,2024-10-06,1
C-BO-M-00480-02,BO-M-00480,bovino,2024-12-06,2025-01-30,concluido_falha,,3
C-BO-M-00480-03,BO-M-00480,bovino,2025-04-04,2025-04-04,concluido_sucesso,2026-01-12,1
C-BO-M-00481-00,BO-M-00481,bovino,2023-08-14,2023-10-08,concluido_falha,,3
C-BO-M-00481-01,BO-M-00481,bovino,2023-11-26,2023-11-26,concluido_sucesso,2024-09-04,1
C-BO-M-00481-02,BO-M-00481,bovino,2024-12-30,2024-12-30,concluido_sucesso,2025-10-09,1
C-BO-M-00482-00,BO-M-00482,bovino,2023-04-09,2023-05-08,concluido_sucesso,2024-02-15,2
C-BO-M-00482-01,BO-M-00482,bovino,2024-04-29,2024-05-29,concluido_sucesso,2025-03-08,2
C-BO-M-00482-02,BO-M-00482,bovino,2025-06-14,2025-06-14,concluido_sucesso,2026-03-24,1
C-BO-M-00483-00,BO-M-00483,bovino,2023-08-08,2023-08-08,concluido_sucesso,2024-05-17,1
C-BO-M-00483-01,BO-M-00483,bovino,2024-08-24,2024-09-18,concluido_sucesso,2025-06-28,2
C-BO-M-00483-02,BO-M-00483,bovino,2025-10-09,2025-11-30,concluido_falha,,3
C-BO-M-00483-03,BO-M-00483,bovino,2026-01-01,2026-02-24,concluido_falha,,3
C-BO-M-00483-04,BO-M-00483,bovino,2026-04-17,2026-04-17,concluido_sucesso,2027-01-25,1
C-BO-M-00484-00,BO-M-00484,bovino,2023-10-20,2023-10-20,concluido_sucesso,2024-07-29,1
C-BO-M-00484-01,BO-M-00484,bovino,2024-11-03,2024-12-02,concluido_sucesso,2025-09-11,2
C-BO-M-00484-02,BO-M-00484,bovino,2025-12-04,2026-02-01,concluido_falha,,3
C-BO-M-00484-03,BO-M-00484,bovino,2026-03-14,2026-03-14,concluido_sucesso,2026-12-22,1
C-BO-M-00485-00,BO-M-00485,bovino,2023-10-20,2023-10-20,concluido_sucesso,2024-07-29,1
C-BO-M-00485-01,BO-M-00485,bovino,2024-10-31,2024-10-31,concluido_sucesso,2025-08-10,1
C-BO-M-00485-02,BO-M-00485,bovino,2025-10-23,2025-10-23,concluido_sucesso,2026-08-02,1
C-BO-M-00486-00,BO-M-00486,bovino,2023-01-31,2023-01-31,concluido_sucesso,2023-11-10,1
C-BO-M-00486-01,BO-M-00486,bovino,2024-01-27,2024-01-27,concluido_sucesso,2024-11-05,1
C-BO-M-00486-02,BO-M-00486,bovino,2025-02-20,2025-02-20,concluido_sucesso,2025-11-30,1
C-BO-M-00486-03,BO-M-00486,bovino,2026-03-20,2026-03-20,concluido_sucesso,2026-12-28,1
C-BO-M-00487-00,BO-M-00487,bovino,2023-07-25,2023-07-25,concluido_sucesso,2024-05-03,1
C-BO-M-00487-01,BO-M-00487,bovino,2024-07-13,2024-08-11,concluido_sucesso,2025-05-21,2
C-BO-M-00487-02,BO-M-00487,bovino,2025-09-14,2025-09-14,concluido_sucesso,2026-06-24,1
C-BO-M-00488-00,BO-M-00488,bovino,2023-02-28,2023-02-28,concluido_sucesso,2023-12-08,1
C-BO-M-00488-01,BO-M-00488,bovino,2024-03-04,2024-03-04,concluido_sucesso,2024-12-12,1
C-BO-M-00488-02,BO-M-00488,bovino,2025-03-22,2025-03-22,concluido_sucesso,2025-12-30,1
C-BO-M-00488-03,BO-M-00488,bovino,2026-03-12,2026-04-08,concluido_sucesso,2027-01-16,2
C-BO-M-00489-00,BO-M-00489,bovino,2023-06-01,2023-06-01,concluido_sucesso,2024-03-10,1
C-BO-M-00489-01,BO-M-00489,bovino,2024-06-18,2024-06-18,concluido_sucesso,2025-03-28,1
C-BO-M-00489-02,BO-M-00489,bovino,2025-07-13,2025-07-13,concluido_sucesso,2026-04-22,1
C-BO-M-00490-00,BO-M-00490,bovino,2023-01-30,2023-01-30,concluido_sucesso,2023-11-09,1
C-BO-M-00490-01,BO-M-00490,bovino,2024-02-03,2024-02-03,concluido_sucesso,2024-11-12,1
C-BO-M-00490-02,BO-M-00490,bovino,2025-02-13,2025-02-13,concluido_sucesso,2025-11-23,1
C-BO-M-00491-00,BO-M-00491,bovino,2023-02-03,2023-02-03,concluido_sucesso,2023-11-13,1
C-BO-M-00491-01,BO-M-00491,bovino,2024-03-06,2024-03-06,concluido_sucesso,2024-12-14,1
C-BO-M-00491-02,BO-M-00491,bovino,2025-02-20,2025-02-20,concluido_sucesso,2025-11-30,1
C-BO-M-00491-03,BO-M-00491,bovino,2026-02-08,2026-03-11,concluido_sucesso,2026-12-19,2
C-BO-M-00492-00,BO-M-00492,bovino,2023-04-26,2023-05-23,concluido_sucesso,2024-03-01,2
C-BO-M-00492-01,BO-M-00492,bovino,2024-06-13,2024-07-27,concluido_sucesso,2025-05-06,3
C-BO-M-00492-02,BO-M-00492,bovino,2025-07-31,2025-07-31,concluido_sucesso,2026-05-10,1
C-BO-M-00493-00,BO-M-00493,bovino,2023-02-13,2023-03-16,concluido_sucesso,2023-12-24,2
C-BO-M-00493-01,BO-M-00493,bovino,2024-04-15,2024-06-07,concluido_sucesso,2025-03-17,3
C-BO-M-00493-02,BO-M-00493,bovino,2025-06-29,2025-06-29,concluido_sucesso,2026-04-08,1
C-BO-M-00494-00,BO-M-00494,bovino,2023-06-29,2023-06-29,concluido_sucesso,2024-04-07,1
C-BO-M-00494-01,BO-M-00494,bovino,2024-06-16,2024-07-12,concluido_sucesso,2025-04-21,2
C-BO-M-00494-02,BO-M-00494,bovino,2025-08-07,2025-08-07,concluido_sucesso,2026-05-17,1
C-BO-M-00495-00,BO-M-00495,bovino,2023-07-12,2023-07-12,concluido_sucesso,2024-04-20,1
C-BO-M-00495-01,BO-M-00495,bovino,2024-08-13,2024-08-13,concluido_sucesso,2025-05-23,1
C-BO-M-00495-02,BO-M-00495,bovino,2025-08-27,2025-08-27,concluido_sucesso,2026-06-06,1
C-BO-M-00496-00,BO-M-00496,bovino,2023-04-16,2023-06-11,concluido_sucesso,2024-03-20,3
C-BO-M-00496-01,BO-M-00496,bovino,2024-06-27,2024-06-27,concluido_sucesso,2025-04-06,1
C-BO-M-00496-02,BO-M-00496,bovino,2025-06-13,2025-08-08,concluido_sucesso,2026-05-18,3
C-BO-M-00497-00,BO-M-00497,bovino,2023-04-21,2023-04-21,concluido_sucesso,2024-01-29,1
C-BO-M-00497-01,BO-M-00497,bovino,2024-03-31,2024-05-25,concluido_falha,,3
C-BO-M-00497-02,BO-M-00497,bovino,2024-06-30,2024-08-23,concluido_falha,,3
C-BO-M-00497-03,BO-M-00497,bovino,2024-10-13,2024-12-03,concluido_falha,,3
C-BO-M-00497-04,BO-M-00497,bovino,2025-01-04,2025-01-04,concluido_sucesso,2025-10-14,1
C-BO-M-00497-05,BO-M-00497,bovino,2026-01-10,2026-03-10,concluido_falha,,3
C-BO-M-00498-00,BO-M-00498,bovino,2023-02-27,2023-04-24,concluido_sucesso,2024-02-01,3
C-BO-M-00499-00,BO-M-00499,bovino,2023-09-23,2023-09-23,concluido_sucesso,2024-07-02,1
C-BO-M-00499-01,BO-M-00499,bovino,2024-09-17,2024-09-17,concluido_sucesso,2025-06-27,1
C-BO-M-00499-02,BO-M-00499,bovino,2025-10-21,2025-10-21,concluido_sucesso,2026-07-31,1
