evento_id,matriz_id,reprodutor_id,especie,raca_matriz,raca_reprodutor,idade_matriz,paridade,ecc,historico_matriz,taxa_reprodutor,tecnica,mes,estacao_favoravel,data_evento,prob_verdadeira,resultado
E-BO-000000,BO-M-00061,BO-R-0008,bovino,Senepol,Nelore,2.1,5,3.2,0.52,0.68,IATF,3,1,2024-03-14,0.512,prenhe
E-BO-000001,BO-M-00134,BO-R-0008,bovino,Senepol,Nelore,1.4,3,3.3,0.69,0.68,IATF,9,0,2024-09-24,0.585,prenhe
E-BO-000002,BO-M-00131,BO-R-0005,bovino,Guzera,Senepol,7.9,4,3.0,0.74,0.54,convencional,11,1,2025-11-03,0.95,prenhe
E-BO-000003,BO-M-00246,BO-R-0029,bovino,Angus,Guzera,4.5,5,3.1,0.38,0.69,convencional,2,1,2024-02-05,0.924,vazia
E-BO-000004,BO-M-00083,BO-R-0004,bovino,Nelore,Nelore,5.3,4,3.4,0.65,0.79,IATF,5,0,2024-05-16,0.842,vazia
E-BO-000005,BO-M-00072,BO-R-0021,bovino,Gir,Nelore,4.3,5,3.5,0.71,0.68,convencional,1,1,2024-01-22,0.869,prenhe
E-BO-000006,BO-M-00101,BO-R-0017,bovino,Angus,Angus,9.3,2,3.9,0.55,0.81,IA_repasse,10,1,2024-10-28,0.452,vazia
E-BO-000007,BO-M-00108,BO-R-0018,bovino,Nelore,Gir,2.0,2,3.8,0.5,0.73,IATF,12,1,2025-12-23,0.484,vazia
E-BO-000008,BO-M-00054,BO-R-0006,bovino,Brahman,Senepol,5.2,3,3.2,0.37,0.51,IATF,5,0,2025-05-14,0.741,prenhe
E-BO-000009,BO-M-00052,BO-R-0009,bovino,Brahman,Nelore,6.1,0,3.3,0.5,0.44,convencional,12,1,2024-12-26,0.707,prenhe
E-BO-000010,BO-M-00069,BO-R-0018,bovino,Nelore,Gir,9.1,0,3.1,0.49,0.73,IATF,4,0,2024-04-15,0.626,prenhe
E-BO-000011,BO-M-00140,BO-R-0008,bovino,Senepol,Nelore,8.7,3,2.7,0.31,0.68,convencional,9,0,2024-09-16,0.564,prenhe
E-BO-000012,BO-M-00103,BO-R-0020,bovino,Mestico,Nelore,2.0,5,2.1,0.5,0.76,IATF,1,1,2025-01-17,0.277,vazia
E-BO-000013,BO-M-00117,BO-R-0001,bovino,Brahman,Angus,8.0,3,3.9,0.56,0.62,IATF,7,0,2024-07-19,0.517,prenhe
E-BO-000014,BO-M-00215,BO-R-0002,bovino,Brahman,Nelore,2.6,4,3.5,0.39,0.66,convencional,5,0,2025-05-29,0.639,vazia
E-BO-000015,BO-M-00072,BO-R-0021,bovino,Gir,Nelore,4.3,5,3.5,0.71,0.68,IATF,12,1,2025-12-16,0.77,vazia
E-BO-000016,BO-M-00272,BO-R-0018,bovino,Nelore,Gir,5.3,2,4.1,0.47,0.73,IATF,5,0,2024-05-30,0.473,prenhe
E-BO-000017,BO-M-00225,BO-R-0001,bovino,Guzera,Angus,4.3,4,3.0,0.56,0.62,IATF,7,0,2024-07-03,0.87,prenhe
E-BO-000018,BO-M-00052,BO-R-0026,bovino,Brahman,Nelore,6.1,0,3.3,0.5,0.76,IATF,4,0,2024-04-02,0.61,prenhe
E-BO-000019,BO-M-00094,BO-R-0000,bovino,Nelore,Nelore,1.1,5,2.9,0.57,0.95,IATF,6,0,2025-06-13,0.485,prenhe
E-BO-000020,BO-M-00055,BO-R-0028,bovino,Brahman,Nelore,5.7,0,3.3,0.6,0.77,IATF,12,1,2024-12-03,0.799,prenhe
E-BO-000021,BO-M-00081,BO-R-0021,bovino,Nelore,Nelore,9.4,4,2.7,0.67,0.68,IATF,7,0,2024-07-26,0.466,prenhe
E-BO-000022,BO-M-00109,BO-R-0029,bovino,Guzera,Guzera,10.0,5,1.9,0.13,0.69,IATF,6,0,2024-06-09,0.188,vazia
E-BO-000023,BO-M-00039,BO-R-0028,bovino,Angus,Nelore,9.4,0,3.4,0.64,0.77,IATF,2,1,2024-02-21,0.594,prenhe
E-BO-000024,BO-M-00004,BO-R-0009,bovino,Nelore,Nelore,8.7,3,2.7,0.13,0.44,convencional,12,1,2024-12-13,0.447,prenhe
E-BO-000025,BO-M-00131,BO-R-0022,bovino,Guzera,Nelore,7.9,4,3.0,0.74,0.75,IATF,5,0,2025-05-13,0.834,prenhe
E-BO-000026,BO-M-00210,BO-R-0006,bovino,Angus,Senepol,1.6,0,3.2,0.44,0.51,IATF,6,0,2024-06-20,0.438,vazia
E-BO-000027,BO-M-00090,BO-R-0014,bovino,Nelore,Gir,6.7,1,3.1,0.85,0.94,IATF,1,1,2024-01-02,0.95,prenhe
E-BO-000028,BO-M-00258,BO-R-0007,bovino,Nelore,Nelore,6.3,1,2.5,0.62,0.64,IATF,12,1,2024-12-11,0.671,prenhe
E-BO-000029,BO-M-00110,BO-R-0014,bovino,Senepol,Gir,7.0,3,3.4,0.37,0.94,convencional,5,0,2025-05-08,0.95,prenhe
E-BO-000030,BO-M-00270,BO-R-0026,bovino,Nelore,Nelore,4.0,5,3.6,0.58,0.76,IATF,9,0,2024-09-08,0.534,prenhe
E-BO-000031,BO-M-00070,BO-R-0013,bovino,Nelore,Nelore,7.9,2,2.8,0.43,0.77,IATF,7,0,2024-07-01,0.525,prenhe
E-BO-000032,BO-M-00161,BO-R-0002,bovino,Guzera,Nelore,2.3,0,3.7,0.72,0.66,IA_repasse,4,0,2024-04-22,0.238,prenhe
E-BO-000033,BO-M-00228,BO-R-0009,bovino,Angus,Nelore,7.9,1,3.4,0.52,0.44,convencional,6,0,2025-06-28,0.679,prenhe
E-BO-000034,BO-M-00017,BO-R-0023,bovino,Nelore,Senepol,7.2,4,3.6,0.44,0.92,convencional,9,0,2025-09-20,0.759,prenhe
E-BO-000035,BO-M-00279,BO-R-0015,bovino,Gir,Mestico,4.1,2,3.6,0.36,0.69,convencional,7,0,2025-07-15,0.614,vazia
E-BO-000036,BO-M-00109,BO-R-0016,bovino,Guzera,Nelore,10.0,5,1.9,0.13,0.72,convencional,1,1,2025-01-13,0.327,vazia
E-BO-000037,BO-M-00149,BO-R-0012,bovino,Nelore,Guzera,6.5,3,3.2,0.48,0.64,IATF,6,0,2025-06-12,0.653,prenhe
E-BO-000038,BO-M-00188,BO-R-0008,bovino,Brahman,Nelore,6.2,5,3.2,1.0,0.68,IATF,10,1,2024-10-16,0.749,prenhe
E-BO-000039,BO-M-00192,BO-R-0017,bovino,Nelore,Angus,6.9,5,3.5,0.51,0.81,IATF,1,1,2024-01-18,0.774,prenhe
E-BO-000040,BO-M-00007,BO-R-0018,bovino,Brahman,Gir,6.8,4,3.6,0.56,0.73,IATF,9,0,2024-09-25,0.521,prenhe
E-BO-000041,BO-M-00260,BO-R-0026,bovino,Nelore,Nelore,1.8,4,3.4,0.79,0.76,IATF,5,0,2025-05-28,0.642,prenhe
E-BO-000042,BO-M-00187,BO-R-0018,bovino,Nelore,Gir,3.0,1,2.6,0.37,0.73,IATF,4,0,2025-04-17,0.486,prenhe
E-BO-000043,BO-M-00299,BO-R-0029,bovino,Angus,Guzera,6.6,5,3.5,0.79,0.69,IATF,12,1,2025-12-23,0.727,prenhe
E-BO-000044,BO-M-00141,BO-R-0024,bovino,Senepol,Mestico,2.4,0,2.5,0.48,0.8,convencional,12,1,2025-12-29,0.575,prenhe
E-BO-000045,BO-M-00184,BO-R-0002,bovino,Brahman,Nelore,1.3,2,2.9,0.42,0.66,convencional,6,0,2024-06-26,0.545,prenhe
E-BO-000046,BO-M-00132,BO-R-0011,bovino,Senepol,Nelore,7.3,2,3.7,0.6,0.83,IATF,1,1,2024-01-07,0.695,prenhe
E-BO-000047,BO-M-00266,BO-R-0011,bovino,Nelore,Nelore,7.9,3,2.5,0.28,0.83,IATF,7,0,2024-07-19,0.556,prenhe
E-BO-000048,BO-M-00249,BO-R-0000,bovino,Nelore,Nelore,4.9,0,3.2,0.67,0.95,IATF,10,1,2025-10-01,0.881,prenhe
E-BO-000049,BO-M-00272,BO-R-0005,bovino,Nelore,Senepol,5.3,2,4.1,0.47,0.54,IATF,8,0,2025-08-16,0.364,vazia
E-BO-000050,BO-M-00151,BO-R-0022,bovino,Guzera,Nelore,9.0,2,2.7,0.17,0.75,convencional,3,1,2024-03-13,0.535,vazia
E-BO-000051,BO-M-00237,BO-R-0010,bovino,Brahman,Nelore,2.5,3,4.3,0.54,0.67,convencional,4,0,2024-04-27,0.496,prenhe
E-BO-000052,BO-M-00107,BO-R-0004,bovino,Nelore,Nelore,8.5,1,3.1,0.53,0.79,convencional,2,1,2025-02-15,0.826,prenhe
E-BO-000053,BO-M-00138,BO-R-0008,bovino,Brahman,Nelore,7.7,4,2.2,0.06,0.68,convencional,4,0,2025-04-27,0.504,vazia
E-BO-000054,BO-M-00228,BO-R-0008,bovino,Angus,Nelore,7.9,1,3.4,0.52,0.68,IA_repasse,12,1,2025-12-18,0.712,prenhe
E-BO-000055,BO-M-00024,BO-R-0005,bovino,Brahman,Senepol,8.6,2,3.2,0.4,0.54,IATF,7,0,2025-07-05,0.427,vazia
E-BO-000056,BO-M-00213,BO-R-0003,bovino,Gir,Angus,3.5,4,4.0,0.57,0.71,IATF,6,0,2024-06-03,0.656,prenhe
E-BO-000057,BO-M-00004,BO-R-0022,bovino,Nelore,Nelore,8.7,3,2.7,0.13,0.75,IATF,1,1,2024-01-28,0.486,prenhe
E-BO-000058,BO-M-00174,BO-R-0024,bovino,Nelore,Mestico,3.5,5,3.0,0.94,0.8,IATF,4,0,2025-04-07,0.839,prenhe
E-BO-000059,BO-M-00143,BO-R-0014,bovino,Senepol,Gir,2.7,3,3.2,0.25,0.94,IATF,2,1,2025-02-08,0.755,prenhe
E-BO-000060,BO-M-00140,BO-R-0018,bovino,Senepol,Gir,8.7,3,2.7,0.31,0.73,IATF,11,1,2025-11-03,0.496,prenhe
E-BO-000061,BO-M-00148,BO-R-0027,bovino,Nelore,Brahman,1.5,4,2.9,0.47,0.48,IA_repasse,2,1,2025-02-24,0.312,vazia
E-BO-000062,BO-M-00147,BO-R-0025,bovino,Senepol,Mestico,6.5,4,3.0,0.91,0.71,IATF,12,1,2024-12-31,0.924,prenhe
E-BO-000063,BO-M-00122,BO-R-0000,bovino,Nelore,Nelore,1.0,3,4.1,0.15,0.95,IA_repasse,8,0,2024-08-09,0.254,vazia
E-BO-000064,BO-M-00135,BO-R-0028,bovino,Nelore,Nelore,2.8,5,3.2,0.57,0.77,convencional,3,1,2024-03-03,0.795,vazia
E-BO-000065,BO-M-00170,BO-R-0002,bovino,Nelore,Nelore,4.6,5,2.8,0.86,0.66,IATF,10,1,2025-10-01,0.547,prenhe
E-BO-000066,BO-M-00229,BO-R-0000,bovino,Nelore,Nelore,3.8,4,1.5,0.24,0.95,IATF,8,0,2025-08-26,0.491,vazia
E-BO-000067,BO-M-00165,BO-R-0012,bovino,Nelore,Guzera,7.3,0,3.3,0.27,0.64,IATF,4,0,2024-04-28,0.672,vazia
E-BO-000068,BO-M-00192,BO-R-0022,bovino,Nelore,Nelore,6.9,5,3.5,0.51,0.75,IATF,5,0,2025-05-28,0.651,prenhe
E-BO-000069,BO-M-00250,BO-R-0002,bovino,Angus,Nelore,5.2,1,3.1,0.86,0.66,IATF,9,0,2024-09-22,0.734,prenhe
E-BO-000070,BO-M-00296,BO-R-0008,bovino,Mestico,Nelore,7.3,3,3.2,0.51,0.68,convencional,11,1,2024-11-15,0.87,prenhe
E-BO-000071,BO-M-00032,BO-R-0007,bovino,Nelore,Nelore,7.3,5,2.7,0.57,0.64,IATF,9,0,2025-09-11,0.497,vazia
E-BO-000072,BO-M-00213,BO-R-0011,bovino,Gir,Nelore,3.5,4,4.0,0.57,0.83,IATF,9,0,2025-09-06,0.599,vazia
E-BO-000073,BO-M-00067,BO-R-0029,bovino,Nelore,Guzera,7.0,2,3.1,0.24,0.69,convencional,5,0,2024-05-19,0.775,vazia
E-BO-000074,BO-M-00059,BO-R-0009,bovino,Nelore,Nelore,6.4,4,2.5,0.84,0.44,IATF,8,0,2024-08-12,0.576,prenhe
E-BO-000075,BO-M-00237,BO-R-0006,bovino,Brahman,Senepol,2.5,3,4.3,0.54,0.51,IATF,8,0,2025-08-22,0.237,vazia
E-BO-000076,BO-M-00020,BO-R-0003,bovino,Brahman,Angus,9.2,3,3.7,0.36,0.71,IATF,10,1,2025-10-31,0.535,vazia
E-BO-000077,BO-M-00254,BO-R-0005,bovino,Nelore,Senepol,1.4,3,2.7,0.43,0.54,IATF,2,1,2024-02-27,0.483,vazia
E-BO-000078,BO-M-00231,BO-R-0003,bovino,Nelore,Angus,7.3,1,3.4,0.85,0.71,IATF,8,0,2025-08-31,0.817,prenhe
E-BO-000079,BO-M-00298,BO-R-0017,bovino,Brahman,Angus,9.8,2,3.0,0.25,0.81,IATF,12,1,2024-12-23,0.691,vazia
E-BO-000080,BO-M-00200,BO-R-0012,bovino,Brahman,Guzera,7.6,5,3.0,0.54,0.64,IATF,3,1,2025-03-06,0.886,prenhe
E-BO-000081,BO-M-00261,BO-R-0014,bovino,Gir,Gir,3.2,1,2.4,0.12,0.94,IATF,2,1,2024-02-24,0.573,prenhe
E-BO-000082,BO-M-00035,BO-R-0024,bovino,Nelore,Mestico,6.5,2,3.8,0.84,0.8,IATF,5,0,2025-05-11,0.694,prenhe
E-BO-000083,BO-M-00266,BO-R-0017,bovino,Nelore,Angus,7.9,3,2.5,0.28,0.81,IATF,5,0,2025-05-09,0.526,prenhe
E-BO-000084,BO-M-00048,BO-R-0004,bovino,Angus,Nelore,6.3,1,2.6,0.84,0.79,IATF,4,0,2025-04-28,0.619,prenhe
E-BO-000085,BO-M-00094,BO-R-0011,bovino,Nelore,Nelore,1.1,5,2.9,0.57,0.83,IATF,7,0,2025-07-31,0.497,vazia
E-BO-000086,BO-M-00038,BO-R-0009,bovino,Nelore,Nelore,1.8,1,3.5,0.57,0.44,IATF,11,1,2025-11-21,0.635,vazia
E-BO-000087,BO-M-00120,BO-R-0024,bovino,Senepol,Mestico,6.9,0,4.2,0.89,0.8,IATF,9,0,2025-09-12,0.562,prenhe
E-BO-000088,BO-M-00224,BO-R-0009,bovino,Nelore,Nelore,2.1,1,3.3,0.76,0.44,IATF,6,0,2025-06-27,0.547,prenhe
E-BO-000089,BO-M-00080,BO-R-0004,bovino,Angus,Nelore,6.0,4,2.8,0.78,0.79,IATF,12,1,2025-12-17,0.679,prenhe
E-BO-000090,BO-M-00246,BO-R-0022,bovino,Angus,Nelore,4.5,5,3.1,0.38,0.75,convencional,5,0,2025-05-07,0.78,prenhe
E-BO-000091,BO-M-00181,BO-R-0012,bovino,Guzera,Guzera,3.0,1,3.3,0.45,0.64,IATF,5,0,2025-05-05,0.594,prenhe
E-BO-000092,BO-M-00188,BO-R-0002,bovino,Brahman,Nelore,6.2,5,3.2,1.0,0.66,convencional,1,1,2025-01-30,0.85,vazia
E-BO-000093,BO-M-00281,BO-R-0020,bovino,Nelore,Nelore,5.8,0,2.8,0.13,0.76,IATF,7,0,2025-07-15,0.432,prenhe
E-BO-000094,BO-M-00129,BO-R-0006,bovino,Senepol,Senepol,8.2,2,3.7,0.76,0.51,IATF,2,1,2024-02-22,0.522,vazia
E-BO-000095,BO-M-00103,BO-R-0026,bovino,Mestico,Nelore,2.0,5,2.1,0.5,0.76,convencional,1,1,2025-01-04,0.509,prenhe
E-BO-000096,BO-M-00298,BO-R-0024,bovino,Brahman,Mestico,9.8,2,3.0,0.25,0.8,convencional,11,1,2024-11-06,0.805,prenhe
E-BO-000097,BO-M-00167,BO-R-0011,bovino,Gir,Nelore,9.5,2,3.0,0.62,0.83,convencional,10,1,2025-10-28,0.893,prenhe
E-BO-000098,BO-M-00184,BO-R-0016,bovino,Brahman,Nelore,1.3,2,2.9,0.42,0.72,IATF,2,1,2024-02-22,0.463,vazia
E-BO-000099,BO-M-00088,BO-R-0017,bovino,Nelore,Angus,2.1,0,3.0,0.81,0.81,convencional,4,0,2025-04-14,0.711,prenhe
E-BO-000100,BO-M-00064,BO-R-0019,bovino,Angus,Angus,6.9,1,3.2,0.57,0.62,IATF,5,0,2024-05-14,0.597,vazia
E-BO-000101,BO-M-00050,BO-R-0002,bovino,Nelore,Nelore,6.5,1,4.1,0.51,0.66,IATF,10,1,2025-10-06,0.386,vazia
E-BO-000102,BO-M-00067,BO-R-0009,bovino,Nelore,Nelore,7.0,2,3.1,0.24,0.44,IATF,9,0,2025-09-13,0.621,prenhe
E-BO-000103,BO-M-00058,BO-R-0005,bovino,Nelore,Senepol,5.4,3,3.2,0.43,0.54,IA_repasse,6,0,2024-06-20,0.524,prenhe
E-BO-000104,BO-M-00224,BO-R-0020,bovino,Nelore,Nelore,2.1,1,3.3,0.76,0.76,IATF,9,0,2025-09-28,0.68,prenhe
E-BO-000105,BO-M-00017,BO-R-0002,bovino,Nelore,Nelore,7.2,4,3.6,0.44,0.66,convencional,12,1,2024-12-28,0.777,prenhe
E-BO-000106,BO-M-00188,BO-R-0015,bovino,Brahman,Mestico,6.2,5,3.2,1.0,0.69,IATF,12,1,2025-12-09,0.805,prenhe
E-BO-000107,BO-M-00284,BO-R-0021,bovino,Senepol,Nelore,9.3,2,3.2,0.5,0.68,convencional,6,0,2025-06-16,0.732,prenhe
E-BO-000108,BO-M-00229,BO-R-0028,bovino,Nelore,Nelore,3.8,4,1.5,0.24,0.77,convencional,1,1,2024-01-26,0.593,vazia
E-BO-000109,BO-M-00120,BO-R-0008,bovino,Senepol,Nelore,6.9,0,4.2,0.89,0.68,convencional,5,0,2024-05-27,0.448,prenhe
E-BO-000110,BO-M-00017,BO-R-0000,bovino,Nelore,Nelore,7.2,4,3.6,0.44,0.95,IATF,10,1,2024-10-21,0.744,vazia
E-BO-000111,BO-M-00250,BO-R-0021,bovino,Angus,Nelore,5.2,1,3.1,0.86,0.68,IATF,6,0,2024-06-03,0.73,prenhe
E-BO-000112,BO-M-00000,BO-R-0000,bovino,Brahman,Nelore,8.0,5,3.2,0.62,0.95,IATF,4,0,2024-04-06,0.762,prenhe
E-BO-000113,BO-M-00204,BO-R-0001,bovino,Nelore,Angus,5.7,1,3.1,0.37,0.62,IATF,12,1,2025-12-14,0.811,prenhe
E-BO-000114,BO-M-00201,BO-R-0029,bovino,Mestico,Guzera,9.0,1,2.8,0.81,0.69,IATF,9,0,2025-09-26,0.372,vazia
E-BO-000115,BO-M-00057,BO-R-0025,bovino,Senepol,Mestico,8.2,3,3.4,1.0,0.71,IATF,11,1,2024-11-13,0.813,prenhe
E-BO-000116,BO-M-00221,BO-R-0021,bovino,Senepol,Nelore,4.4,5,3.6,0.35,0.68,IATF,6,0,2024-06-05,0.402,vazia
E-BO-000117,BO-M-00052,BO-R-0025,bovino,Brahman,Mestico,6.1,0,3.3,0.5,0.71,IATF,5,0,2024-05-12,0.689,prenhe
E-BO-000118,BO-M-00067,BO-R-0002,bovino,Nelore,Nelore,7.0,2,3.1,0.24,0.66,IATF,10,1,2025-10-30,0.767,prenhe
E-BO-000119,BO-M-00243,BO-R-0002,bovino,Senepol,Nelore,9.9,2,3.1,0.46,0.66,convencional,8,0,2024-08-29,0.705,vazia
E-BO-000120,BO-M-00293,BO-R-0009,bovino,Nelore,Nelore,6.4,1,2.4,0.63,0.44,IATF,1,1,2024-01-10,0.375,vazia
E-BO-000121,BO-M-00079,BO-R-0000,bovino,Brahman,Nelore,7.6,5,3.2,0.8,0.95,IA_repasse,10,1,2024-10-17,0.762,prenhe
E-BO-000122,BO-M-00276,BO-R-0026,bovino,Nelore,Nelore,9.2,2,3.6,0.23,0.76,IA_repasse,11,1,2024-11-27,0.436,vazia
E-BO-000123,BO-M-00273,BO-R-0001,bovino,Senepol,Angus,7.9,1,3.9,0.12,0.62,IATF,3,1,2025-03-30,0.581,prenhe
E-BO-000124,BO-M-00230,BO-R-0016,bovino,Nelore,Nelore,7.2,2,2.3,0.74,0.72,convencional,9,0,2024-09-04,0.65,vazia
E-BO-000125,BO-M-00042,BO-R-0025,bovino,Brahman,Mestico,8.2,5,3.6,0.46,0.71,IATF,11,1,2025-11-04,0.391,prenhe
E-BO-000126,BO-M-00089,BO-R-0022,bovino,Senepol,Nelore,8.7,3,3.3,0.72,0.75,IATF,4,0,2025-04-14,0.691,prenhe
E-BO-000127,BO-M-00203,BO-R-0007,bovino,Nelore,Nelore,5.5,1,2.9,0.71,0.64,IATF,12,1,2025-12-21,0.739,prenhe
E-BO-000128,BO-M-00299,BO-R-0014,bovino,Angus,Gir,6.6,5,3.5,0.79,0.94,IATF,9,0,2024-09-24,0.819,prenhe
E-BO-000129,BO-M-00244,BO-R-0016,bovino,Angus,Nelore,2.3,0,3.2,0.54,0.72,IATF,4,0,2025-04-20,0.599,prenhe
E-BO-000130,BO-M-00126,BO-R-0023,bovino,Nelore,Senepol,3.1,4,4.8,0.64,0.92,IATF,9,0,2024-09-23,0.549,vazia
E-BO-000131,BO-M-00070,BO-R-0012,bovino,Nelore,Guzera,7.9,2,2.8,0.43,0.64,IA_repasse,5,0,2025-05-25,0.43,vazia
E-BO-000132,BO-M-00288,BO-R-0008,bovino,Senepol,Nelore,2.7,0,3.6,0.0,0.68,IATF,6,0,2025-06-28,0.263,prenhe
E-BO-000133,BO-M-00082,BO-R-0023,bovino,Gir,Senepol,8.0,2,3.4,0.67,0.92,convencional,8,0,2024-08-22,0.95,prenhe
E-BO-000134,BO-M-00102,BO-R-0026,bovino,Nelore,Nelore,8.0,4,2.6,0.4,0.76,IA_repasse,11,1,2025-11-15,0.516,vazia
E-BO-000135,BO-M-00289,BO-R-0014,bovino,Nelore,Gir,1.2,3,3.4,0.48,0.94,IATF,9,0,2025-09-17,0.662,vazia
E-BO-000136,BO-M-00168,BO-R-0000,bovino,Nelore,Nelore,2.3,5,1.9,0.67,0.95,IATF,10,1,2025-10-14,0.523,prenhe
E-BO-000137,BO-M-00079,BO-R-0015,bovino,Brahman,Mestico,7.6,5,3.2,0.8,0.69,convencional,6,0,2024-06-07,0.876,prenhe
E-BO-000138,BO-M-00001,BO-R-0026,bovino,Nelore,Nelore,2.2,2,3.8,0.61,0.76,IATF,6,0,2025-06-08,0.562,vazia
E-BO-000139,BO-M-00128,BO-R-0029,bovino,Nelore,Guzera,1.5,4,2.8,0.75,0.69,IATF,3,1,2024-03-18,0.656,prenhe
E-BO-000140,BO-M-00295,BO-R-0012,bovino,Guzera,Guzera,3.5,2,2.7,0.92,0.64,IATF,3,1,2024-03-18,0.717,prenhe
E-BO-000141,BO-M-00129,BO-R-0004,bovino,Senepol,Nelore,8.2,2,3.7,0.76,0.79,convencional,12,1,2025-12-11,0.692,vazia
E-BO-000142,BO-M-00209,BO-R-0017,bovino,Senepol,Angus,2.0,1,3.2,0.66,0.81,IATF,4,0,2024-04-21,0.704,prenhe
E-BO-000143,BO-M-00075,BO-R-0024,bovino,Nelore,Mestico,2.3,4,3.1,0.8,0.8,IATF,9,0,2025-09-22,0.746,vazia
E-BO-000144,BO-M-00232,BO-R-0028,bovino,Mestico,Nelore,4.5,1,3.4,0.39,0.77,IATF,11,1,2024-11-10,0.727,prenhe
E-BO-000145,BO-M-00232,BO-R-0001,bovino,Mestico,Angus,4.5,1,3.4,0.39,0.62,IATF,8,0,2024-08-09,0.584,vazia
E-BO-000146,BO-M-00182,BO-R-0008,bovino,Senepol,Nelore,6.3,2,3.1,0.63,0.68,IATF,2,1,2024-02-23,0.863,vazia
E-BO-000147,BO-M-00231,BO-R-0014,bovino,Nelore,Gir,7.3,1,3.4,0.85,0.94,convencional,5,0,2025-05-07,0.947,prenhe
E-BO-000148,BO-M-00173,BO-R-0002,bovino,Guzera,Nelore,2.2,2,3.2,0.7,0.66,convencional,6,0,2025-06-10,0.733,vazia
E-BO-000149,BO-M-00113,BO-R-0026,bovino,Senepol,Nelore,9.1,5,3.0,0.83,0.76,IATF,12,1,2024-12-06,0.754,prenhe
E-BO-000150,BO-M-00221,BO-R-0003,bovino,Senepol,Angus,4.4,5,3.6,0.35,0.71,IATF,8,0,2025-08-14,0.502,vazia
E-BO-000151,BO-M-00250,BO-R-0019,bovino,Angus,Angus,5.2,1,3.1,0.86,0.62,IATF,8,0,2024-08-23,0.796,prenhe
E-BO-000152,BO-M-00252,BO-R-0027,bovino,Senepol,Brahman,2.6,0,3.3,0.48,0.48,IATF,2,1,2025-02-06,0.401,prenhe
E-BO-000153,BO-M-00063,BO-R-0020,bovino,Brahman,Nelore,1.8,4,3.6,0.56,0.76,IATF,7,0,2024-07-28,0.489,prenhe
E-BO-000154,BO-M-00202,BO-R-0022,bovino,Senepol,Nelore,9.3,1,3.3,0.63,0.75,IATF,3,1,2025-03-01,0.721,prenhe
E-BO-000155,BO-M-00001,BO-R-0007,bovino,Nelore,Nelore,2.2,2,3.8,0.61,0.64,IATF,4,0,2024-04-09,0.362,prenhe
E-BO-000156,BO-M-00171,BO-R-0024,bovino,Senepol,Mestico,5.3,2,2.9,0.75,0.8,IATF,12,1,2024-12-13,0.707,prenhe
E-BO-000157,BO-M-00171,BO-R-0012,bovino,Senepol,Guzera,5.3,2,2.9,0.75,0.64,IATF,2,1,2025-02-05,0.634,vazia
E-BO-000158,BO-M-00109,BO-R-0001,bovino,Guzera,Angus,10.0,5,1.9,0.13,0.62,IATF,2,1,2025-02-10,0.235,vazia
E-BO-000159,BO-M-00298,BO-R-0010,bovino,Brahman,Nelore,9.8,2,3.0,0.25,0.67,IATF,11,1,2024-11-22,0.709,vazia
E-BO-000160,BO-M-00264,BO-R-0010,bovino,Guzera,Nelore,6.8,5,3.4,0.56,0.67,convencional,4,0,2025-04-14,0.861,prenhe
E-BO-000161,BO-M-00011,BO-R-0015,bovino,Guzera,Mestico,4.8,4,3.2,0.59,0.69,convencional,1,1,2025-01-08,0.893,prenhe
E-BO-000162,BO-M-00062,BO-R-0007,bovino,Senepol,Nelore,2.1,2,4.1,0.64,0.64,convencional,7,0,2024-07-25,0.47,prenhe
E-BO-000163,BO-M-00062,BO-R-0013,bovino,Senepol,Nelore,2.1,2,4.1,0.64,0.77,convencional,6,0,2024-06-06,0.524,vazia
E-BO-000164,BO-M-00269,BO-R-0012,bovino,Nelore,Guzera,5.9,0,3.0,0.71,0.64,IATF,4,0,2025-04-17,0.677,vazia
E-BO-000165,BO-M-00155,BO-R-0009,bovino,Angus,Nelore,2.7,2,2.2,0.23,0.44,convencional,11,1,2025-11-16,0.382,vazia
E-BO-000166,BO-M-00218,BO-R-0020,bovino,Guzera,Nelore,1.1,5,3.7,0.67,0.76,IATF,7,0,2025-07-03,0.433,vazia
E-BO-000167,BO-M-00242,BO-R-0009,bovino,Nelore,Nelore,8.6,5,2.7,0.71,0.44,IATF,4,0,2025-04-11,0.382,vazia
E-BO-000168,BO-M-00230,BO-R-0022,bovino,Nelore,Nelore,7.2,2,2.3,0.74,0.75,IATF,11,1,2025-11-03,0.673,prenhe
E-BO-000169,BO-M-00026,BO-R-0007,bovino,Senepol,Nelore,8.2,0,4.1,0.44,0.64,IATF,10,1,2025-10-18,0.231,vazia
E-BO-000170,BO-M-00042,BO-R-0025,bovino,Brahman,Mestico,8.2,5,3.6,0.46,0.71,IATF,1,1,2025-01-04,0.476,prenhe
E-BO-000171,BO-M-00118,BO-R-0010,bovino,Nelore,Nelore,2.8,2,4.1,0.53,0.67,IATF,3,1,2024-03-20,0.459,vazia
E-BO-000172,BO-M-00101,BO-R-0001,bovino,Angus,Angus,9.3,2,3.9,0.55,0.62,convencional,4,0,2025-04-08,0.534,prenhe
E-BO-000173,BO-M-00224,BO-R-0004,bovino,Nelore,Nelore,2.1,1,3.3,0.76,0.79,convencional,3,1,2025-03-30,0.885,prenhe
E-BO-000174,BO-M-00046,BO-R-0024,bovino,Nelore,Mestico,9.5,5,3.2,0.34,0.8,IATF,7,0,2024-07-21,0.547,prenhe
E-BO-000175,BO-M-00111,BO-R-0026,bovino,Nelore,Nelore,6.9,2,4.0,0.5,0.76,IATF,9,0,2025-09-12,0.604,prenhe
E-BO-000176,BO-M-00070,BO-R-0006,bovino,Nelore,Senepol,7.9,2,2.8,0.43,0.51,convencional,9,0,2025-09-27,0.586,vazia
E-BO-000177,BO-M-00056,BO-R-0018,bovino,Senepol,Gir,7.9,1,2.7,0.81,0.73,IATF,8,0,2024-08-29,0.493,prenhe
E-BO-000178,BO-M-00051,BO-R-0017,bovino,Nelore,Angus,2.5,2,3.9,0.33,0.81,IATF,12,1,2024-12-14,0.526,vazia
E-BO-000179,BO-M-00058,BO-R-0004,bovino,Nelore,Nelore,5.4,3,3.2,0.43,0.79,IATF,5,0,2024-05-22,0.729,prenhe
E-BO-000180,BO-M-00169,BO-R-0013,bovino,Mestico,Nelore,5.6,3,2.3,0.52,0.77,IATF,5,0,2024-05-10,0.443,vazia
E-BO-000181,BO-M-00123,BO-R-0020,bovino,Nelore,Nelore,1.5,5,3.2,0.44,0.76,IATF,7,0,2024-07-12,0.614,prenhe
E-BO-000182,BO-M-00130,BO-R-0029,bovino,Nelore,Guzera,9.4,2,3.0,0.59,0.69,convencional,9,0,2024-09-24,0.749,prenhe
E-BO-000183,BO-M-00143,BO-R-0025,bovino,Senepol,Mestico,2.7,3,3.2,0.25,0.71,convencional,7,0,2024-07-18,0.663,prenhe
E-BO-000184,BO-M-00222,BO-R-0002,bovino,Angus,Nelore,2.4,3,3.4,0.89,0.66,IATF,4,0,2024-04-20,0.644,prenhe
E-BO-000185,BO-M-00258,BO-R-0007,bovino,Nelore,Nelore,6.3,1,2.5,0.62,0.64,IATF,11,1,2024-11-22,0.615,vazia
E-BO-000186,BO-M-00157,BO-R-0013,bovino,Angus,Nelore,5.1,0,3.1,0.58,0.77,convencional,3,1,2025-03-31,0.914,vazia
E-BO-000187,BO-M-00192,BO-R-0004,bovino,Nelore,Nelore,6.9,5,3.5,0.51,0.79,IATF,8,0,2024-08-25,0.657,prenhe
E-BO-000188,BO-M-00221,BO-R-0017,bovino,Senepol,Angus,4.4,5,3.6,0.35,0.81,IATF,1,1,2025-01-24,0.584,prenhe
E-BO-000189,BO-M-00207,BO-R-0000,bovino,Angus,Nelore,8.5,5,3.4,0.43,0.95,IATF,7,0,2024-07-17,0.659,prenhe
E-BO-000190,BO-M-00040,BO-R-0003,bovino,Nelore,Angus,2.2,3,3.8,0.52,0.71,IATF,5,0,2025-05-28,0.351,vazia
E-BO-000191,BO-M-00294,BO-R-0001,bovino,Gir,Angus,1.1,2,2.7,0.66,0.62,IATF,4,0,2025-04-18,0.437,vazia
E-BO-000192,BO-M-00049,BO-R-0008,bovino,Nelore,Nelore,1.9,5,4.0,0.53,0.68,IATF,12,1,2025-12-01,0.417,prenhe
E-BO-000193,BO-M-00123,BO-R-0022,bovino,Nelore,Nelore,1.5,5,3.2,0.44,0.75,IATF,2,1,2024-02-08,0.611,vazia
E-BO-000194,BO-M-00195,BO-R-0005,bovino,Nelore,Senepol,5.9,3,3.8,0.27,0.54,IATF,9,0,2025-09-14,0.435,vazia
E-BO-000195,BO-M-00121,BO-R-0029,bovino,Angus,Guzera,1.3,1,3.2,0.09,0.69,IATF,9,0,2024-09-05,0.481,prenhe
E-BO-000196,BO-M-00072,BO-R-0008,bovino,Gir,Nelore,4.3,5,3.5,0.71,0.68,IATF,2,1,2024-02-18,0.87,prenhe
E-BO-000197,BO-M-00277,BO-R-0001,bovino,Senepol,Angus,6.3,2,3.3,0.42,0.62,IA_repasse,5,0,2025-05-18,0.576,prenhe
E-BO-000198,BO-M-00021,BO-R-0010,bovino,Nelore,Nelore,5.3,3,3.8,0.74,0.67,IATF,5,0,2024-05-05,0.621,prenhe
E-BO-000199,BO-M-00073,BO-R-0022,bovino,Nelore,Nelore,3.8,4,3.4,0.59,0.75,IATF,5,0,2024-05-08,0.878,prenhe
E-BO-000200,BO-M-00297,BO-R-0003,bovino,Gir,Angus,6.7,4,3.1,0.63,0.71,IATF,12,1,2025-12-16,0.822,prenhe
E-BO-000201,BO-M-00218,BO-R-0002,bovino,Guzera,Nelore,1.1,5,3.7,0.67,0.66,convencional,6,0,2024-06-10,0.569,prenhe
E-BO-000202,BO-M-00026,BO-R-0025,bovino,Senepol,Mestico,8.2,0,4.1,0.44,0.71,IATF,2,1,2025-02-03,0.312,vazia
E-BO-000203,BO-M-00226,BO-R-0017,bovino,Nelore,Angus,9.6,4,3.4,0.47,0.81,convencional,5,0,2024-05-26,0.837,vazia
E-BO-000204,BO-M-00290,BO-R-0010,bovino,Gir,Nelore,9.3,1,2.6,0.31,0.67,IATF,3,1,2024-03-31,0.458,vazia
E-BO-000205,BO-M-00029,BO-R-0022,bovino,Angus,Nelore,3.6,1,2.8,0.64,0.75,IATF,1,1,2024-01-01,0.663,prenhe
E-BO-000206,BO-M-00124,BO-R-0025,bovino,Nelore,Mestico,6.5,5,3.3,0.55,0.71,IATF,1,1,2024-01-12,0.751,prenhe
E-BO-000207,BO-M-00140,BO-R-0010,bovino,Senepol,Nelore,8.7,3,2.7,0.31,0.67,IATF,12,1,2024-12-11,0.439,prenhe
E-BO-000208,BO-M-00039,BO-R-0016,bovino,Angus,Nelore,9.4,0,3.4,0.64,0.72,convencional,11,1,2024-11-12,0.73,prenhe
E-BO-000209,BO-M-00060,BO-R-0000,bovino,Angus,Nelore,9.4,1,3.2,0.6,0.95,convencional,1,1,2024-01-29,0.905,vazia
E-BO-000210,BO-M-00052,BO-R-0009,bovino,Brahman,Nelore,6.1,0,3.3,0.5,0.44,IATF,9,0,2024-09-12,0.535,vazia
E-BO-000211,BO-M-00055,BO-R-0017,bovino,Brahman,Angus,5.7,0,3.3,0.6,0.81,IA_repasse,7,0,2024-07-18,0.588,prenhe
E-BO-000212,BO-M-00121,BO-R-0005,bovino,Angus,Senepol,1.3,1,3.2,0.09,0.54,IATF,2,1,2025-02-21,0.481,prenhe
E-BO-000213,BO-M-00139,BO-R-0029,bovino,Nelore,Guzera,6.7,2,3.5,0.27,0.69,IATF,12,1,2025-12-27,0.82,prenhe
E-BO-000214,BO-M-00071,BO-R-0029,bovino,Nelore,Guzera,3.4,0,2.6,0.55,0.69,IATF,5,0,2025-05-19,0.537,prenhe
E-BO-000215,BO-M-00086,BO-R-0007,bovino,Brahman,Nelore,7.5,5,3.1,0.28,0.64,IATF,11,1,2025-11-01,0.639,vazia
E-BO-000216,BO-M-00057,BO-R-0011,bovino,Senepol,Nelore,8.2,3,3.4,1.0,0.83,convencional,5,0,2024-05-20,0.829,prenhe
E-BO-000217,BO-M-00238,BO-R-0005,bovino,Nelore,Senepol,2.5,1,3.2,0.9,0.54,IATF,6,0,2024-06-06,0.595,prenhe
E-BO-000218,BO-M-00063,BO-R-0015,bovino,Brahman,Mestico,1.8,4,3.6,0.56,0.69,IATF,7,0,2025-07-02,0.524,prenhe
E-BO-000219,BO-M-00272,BO-R-0003,bovino,Nelore,Angus,5.3,2,4.1,0.47,0.71,IATF,8,0,2024-08-14,0.525,prenhe
E-BO-000220,BO-M-00161,BO-R-0011,bovino,Guzera,Nelore,2.3,0,3.7,0.72,0.83,IATF,9,0,2025-09-11,0.373,vazia
E-BO-000221,BO-M-00240,BO-R-0016,bovino,Gir,Nelore,9.9,4,4.0,0.75,0.72,IATF,12,1,2024-12-04,0.565,vazia
E-BO-000222,BO-M-00190,BO-R-0018,bovino,Guzera,Gir,7.3,1,2.8,0.73,0.73,IATF,5,0,2024-05-26,0.531,prenhe
E-BO-000223,BO-M-00079,BO-R-0017,bovino,Brahman,Angus,7.6,5,3.2,0.8,0.81,IATF,9,0,2025-09-08,0.751,prenhe
E-BO-000224,BO-M-00180,BO-R-0006,bovino,Guzera,Senepol,4.7,5,3.4,0.29,0.51,IATF,2,1,2025-02-05,0.702,prenhe
E-BO-000225,BO-M-00082,BO-R-0023,bovino,Gir,Senepol,8.0,2,3.4,0.67,0.92,IATF,8,0,2025-08-08,0.791,prenhe
E-BO-000226,BO-M-00035,BO-R-0020,bovino,Nelore,Nelore,6.5,2,3.8,0.84,0.76,IATF,11,1,2024-11-26,0.661,prenhe
E-BO-000227,BO-M-00076,BO-R-0022,bovino,Nelore,Nelore,9.4,3,3.7,0.87,0.75,IATF,4,0,2024-04-02,0.493,prenhe
E-BO-000228,BO-M-00082,BO-R-0014,bovino,Gir,Gir,8.0,2,3.4,0.67,0.94,convencional,5,0,2025-05-12,0.95,prenhe
E-BO-000229,BO-M-00040,BO-R-0026,bovino,Nelore,Nelore,2.2,3,3.8,0.52,0.76,IA_repasse,3,1,2024-03-31,0.479,prenhe
E-BO-000230,BO-M-00007,BO-R-0011,bovino,Brahman,Nelore,6.8,4,3.6,0.56,0.83,IATF,4,0,2025-04-29,0.656,vazia
E-BO-000231,BO-M-00283,BO-R-0024,bovino,Nelore,Mestico,4.6,0,3.5,0.7,0.8,IA_repasse,10,1,2024-10-31,0.759,prenhe
E-BO-000232,BO-M-00154,BO-R-0006,bovino,Nelore,Senepol,1.8,1,2.3,0.53,0.51,IATF,7,0,2025-07-31,0.132,vazia
E-BO-000233,BO-M-00120,BO-R-0007,bovino,Senepol,Nelore,6.9,0,4.2,0.89,0.64,IATF,9,0,2025-09-27,0.483,prenhe
E-BO-000234,BO-M-00278,BO-R-0015,bovino,Gir,Mestico,8.7,1,3.3,0.32,0.69,convencional,10,1,2024-10-24,0.684,vazia
E-BO-000235,BO-M-00067,BO-R-0016,bovino,Nelore,Nelore,7.0,2,3.1,0.24,0.72,convencional,10,1,2025-10-05,0.913,prenhe
E-BO-000236,BO-M-00120,BO-R-0022,bovino,Senepol,Nelore,6.9,0,4.2,0.89,0.75,convencional,3,1,2024-03-21,0.582,prenhe
E-BO-000237,BO-M-00254,BO-R-0008,bovino,Nelore,Nelore,1.4,3,2.7,0.43,0.68,IATF,3,1,2024-03-19,0.498,prenhe
E-BO-000238,BO-M-00189,BO-R-0026,bovino,Nelore,Nelore,6.1,5,2.7,0.61,0.76,IATF,12,1,2025-12-26,0.628,prenhe
E-BO-000239,BO-M-00119,BO-R-0009,bovino,Angus,Nelore,9.2,2,3.0,0.55,0.44,IATF,2,1,2025-02-23,0.654,vazia
E-BO-000240,BO-M-00076,BO-R-0016,bovino,Nelore,Nelore,9.4,3,3.7,0.87,0.72,IATF,11,1,2024-11-25,0.523,prenhe
E-BO-000241,BO-M-00010,BO-R-0027,bovino,Nelore,Brahman,5.3,3,3.4,0.79,0.48,IATF,4,0,2024-04-23,0.712,prenhe
E-BO-000242,BO-M-00025,BO-R-0016,bovino,Nelore,Nelore,6.9,5,3.7,0.38,0.72,IATF,7,0,2024-07-29,0.42,vazia
E-BO-000243,BO-M-00048,BO-R-0020,bovino,Angus,Nelore,6.3,1,2.6,0.84,0.76,IATF,5,0,2025-05-15,0.637,prenhe
E-BO-000244,BO-M-00235,BO-R-0027,bovino,Gir,Brahman,2.9,0,3.9,0.42,0.48,IATF,8,0,2025-08-22,0.275,vazia
E-BO-000245,BO-M-00191,BO-R-0029,bovino,Nelore,Guzera,6.8,3,3.4,0.45,0.69,IATF,10,1,2025-10-30,0.87,prenhe
E-BO-000246,BO-M-00130,BO-R-0014,bovino,Nelore,Gir,9.4,2,3.0,0.59,0.94,IATF,10,1,2024-10-24,0.777,vazia
E-BO-000247,BO-M-00234,BO-R-0012,bovino,Guzera,Guzera,1.1,1,2.8,0.4,0.64,IATF,11,1,2024-11-27,0.472,vazia
E-BO-000248,BO-M-00048,BO-R-0005,bovino,Angus,Senepol,6.3,1,2.6,0.84,0.54,IATF,4,0,2024-04-29,0.592,prenhe
E-BO-000249,BO-M-00063,BO-R-0016,bovino,Brahman,Nelore,1.8,4,3.6,0.56,0.72,IATF,3,1,2024-03-01,0.458,vazia
E-BO-000250,BO-M-00117,BO-R-0027,bovino,Brahman,Brahman,8.0,3,3.9,0.56,0.48,IATF,11,1,2024-11-15,0.605,vazia
E-BO-000251,BO-M-00275,BO-R-0014,bovino,Nelore,Gir,5.5,1,3.4,0.72,0.94,IATF,2,1,2025-02-26,0.95,prenhe
E-BO-000252,BO-M-00184,BO-R-0010,bovino,Brahman,Nelore,1.3,2,2.9,0.42,0.67,convencional,3,1,2024-03-17,0.579,prenhe
E-BO-000253,BO-M-00255,BO-R-0003,bovino,Brahman,Angus,3.1,0,2.7,0.55,0.71,IATF,10,1,2024-10-25,0.503,prenhe
E-BO-000254,BO-M-00074,BO-R-0011,bovino,Nelore,Nelore,2.4,4,2.3,0.42,0.83,IATF,4,0,2025-04-13,0.423,prenhe
E-BO-000255,BO-M-00254,BO-R-0007,bovino,Nelore,Nelore,1.4,3,2.7,0.43,0.64,IATF,8,0,2025-08-14,0.342,vazia
E-BO-000256,BO-M-00021,BO-R-0029,bovino,Nelore,Guzera,5.3,3,3.8,0.74,0.69,IA_repasse,11,1,2025-11-16,0.585,prenhe
E-BO-000257,BO-M-00068,BO-R-0015,bovino,Nelore,Mestico,4.0,5,2.7,0.68,0.69,convencional,9,0,2024-09-05,0.62,vazia
E-BO-000258,BO-M-00156,BO-R-0004,bovino,Nelore,Nelore,9.8,2,3.2,0.4,0.79,IATF,10,1,2024-10-12,0.742,vazia
E-BO-000259,BO-M-00015,BO-R-0002,bovino,Nelore,Nelore,3.9,0,3.3,0.55,0.66,IATF,9,0,2025-09-30,0.603,vazia
E-BO-000260,BO-M-00257,BO-R-0025,bovino,Nelore,Mestico,5.4,2,3.0,0.87,0.71,IATF,5,0,2025-05-21,0.784,prenhe
E-BO-000261,BO-M-00260,BO-R-0027,bovino,Nelore,Brahman,1.8,4,3.4,0.79,0.48,convencional,7,0,2024-07-18,0.685,prenhe
E-BO-000262,BO-M-00162,BO-R-0022,bovino,Nelore,Nelore,9.5,2,2.6,0.39,0.75,IATF,5,0,2025-05-15,0.488,prenhe
E-BO-000263,BO-M-00091,BO-R-0003,bovino,Angus,Angus,2.1,5,2.9,0.5,0.71,IATF,4,0,2024-04-24,0.478,prenhe
E-BO-000264,BO-M-00029,BO-R-0002,bovino,Angus,Nelore,3.6,1,2.8,0.64,0.66,IA_repasse,11,1,2024-11-23,0.437,prenhe
E-BO-000265,BO-M-00185,BO-R-0005,bovino,Angus,Senepol,4.8,1,4.2,0.42,0.54,convencional,8,0,2024-08-11,0.456,prenhe
E-BO-000266,BO-M-00161,BO-R-0022,bovino,Guzera,Nelore,2.3,0,3.7,0.72,0.75,IATF,12,1,2025-12-25,0.43,prenhe
E-BO-000267,BO-M-00227,BO-R-0022,bovino,Senepol,Nelore,10.0,5,1.7,0.19,0.75,IATF,1,1,2024-01-26,0.349,vazia
E-BO-000268,BO-M-00180,BO-R-0025,bovino,Guzera,Mestico,4.7,5,3.4,0.29,0.71,IATF,9,0,2025-09-17,0.575,prenhe
E-BO-000269,BO-M-00038,BO-R-0002,bovino,Nelore,Nelore,1.8,1,3.5,0.57,0.66,IATF,7,0,2024-07-24,0.524,prenhe
E-BO-000270,BO-M-00036,BO-R-0004,bovino,Nelore,Nelore,1.9,0,2.7,0.58,0.79,IATF,1,1,2024-01-27,0.443,prenhe
E-BO-000271,BO-M-00234,BO-R-0027,bovino,Guzera,Brahman,1.1,1,2.8,0.4,0.48,convencional,4,0,2025-04-26,0.378,vazia
E-BO-000272,BO-M-00047,BO-R-0027,bovino,Nelore,Brahman,3.3,2,2.9,0.64,0.48,convencional,5,0,2025-05-09,0.626,prenhe
E-BO-000273,BO-M-00281,BO-R-0021,bovino,Nelore,Nelore,5.8,0,2.8,0.13,0.68,IATF,4,0,2024-04-13,0.412,prenhe
E-BO-000274,BO-M-00031,BO-R-0003,bovino,Mestico,Angus,2.8,4,3.1,0.51,0.71,IATF,1,1,2024-01-28,0.696,prenhe
E-BO-000275,BO-M-00218,BO-R-0002,bovino,Guzera,Nelore,1.1,5,3.7,0.67,0.66,IATF,3,1,2024-03-22,0.392,vazia
E-BO-000276,BO-M-00292,BO-R-0001,bovino,Guzera,Angus,3.8,0,2.9,0.41,0.62,IATF,10,1,2024-10-25,0.536,vazia
E-BO-000277,BO-M-00132,BO-R-0020,bovino,Senepol,Nelore,7.3,2,3.7,0.6,0.76,convencional,4,0,2024-04-06,0.711,prenhe
E-BO-000278,BO-M-00017,BO-R-0025,bovino,Nelore,Mestico,7.2,4,3.6,0.44,0.71,IATF,5,0,2025-05-28,0.62,prenhe
E-BO-000279,BO-M-00263,BO-R-0018,bovino,Nelore,Gir,6.7,0,3.6,0.71,0.73,IATF,2,1,2024-02-26,0.569,vazia
E-BO-000280,BO-M-00056,BO-R-0007,bovino,Senepol,Nelore,7.9,1,2.7,0.81,0.64,IATF,7,0,2025-07-29,0.478,vazia
E-BO-000281,BO-M-00158,BO-R-0022,bovino,Brahman,Nelore,8.1,0,3.1,0.62,0.75,IATF,9,0,2025-09-30,0.552,prenhe
E-BO-000282,BO-M-00295,BO-R-0001,bovino,Guzera,Angus,3.5,2,2.7,0.92,0.62,IATF,6,0,2025-06-07,0.687,vazia
E-BO-000283,BO-M-00223,BO-R-0024,bovino,Mestico,Mestico,6.4,4,3.8,0.44,0.8,convencional,11,1,2025-11-20,0.786,prenhe
E-BO-000284,BO-M-00013,BO-R-0026,bovino,Gir,Nelore,4.3,5,3.1,0.65,0.76,convencional,11,1,2025-11-16,0.884,prenhe
E-BO-000285,BO-M-00246,BO-R-0021,bovino,Angus,Nelore,4.5,5,3.1,0.38,0.68,IATF,2,1,2024-02-03,0.664,prenhe
E-BO-000286,BO-M-00048,BO-R-0026,bovino,Angus,Nelore,6.3,1,2.6,0.84,0.76,convencional,9,0,2024-09-06,0.8,prenhe
E-BO-000287,BO-M-00224,BO-R-0017,bovino,Nelore,Angus,2.1,1,3.3,0.76,0.81,IATF,7,0,2025-07-08,0.605,vazia
E-BO-000288,BO-M-00186,BO-R-0014,bovino,Nelore,Gir,5.3,3,3.1,0.41,0.94,convencional,9,0,2024-09-04,0.882,prenhe
E-BO-000289,BO-M-00086,BO-R-0009,bovino,Brahman,Nelore,7.5,5,3.1,0.28,0.44,IATF,6,0,2025-06-22,0.541,prenhe
E-BO-000290,BO-M-00127,BO-R-0027,bovino,Nelore,Brahman,8.6,0,3.6,0.47,0.48,IATF,7,0,2025-07-19,0.153,vazia
E-BO-000291,BO-M-00035,BO-R-0020,bovino,Nelore,Nelore,6.5,2,3.8,0.84,0.76,convencional,12,1,2025-12-28,0.906,prenhe
E-BO-000292,BO-M-00296,BO-R-0005,bovino,Mestico,Senepol,7.3,3,3.2,0.51,0.54,IATF,8,0,2024-08-28,0.709,prenhe
E-BO-000293,BO-M-00071,BO-R-0028,bovino,Nelore,Nelore,3.4,0,2.6,0.55,0.77,IATF,9,0,2024-09-10,0.553,vazia
E-BO-000294,BO-M-00092,BO-R-0001,bovino,Nelore,Angus,6.3,2,3.3,0.32,0.62,IATF,1,1,2024-01-18,0.78,prenhe
E-BO-000295,BO-M-00150,BO-R-0017,bovino,Gir,Angus,1.4,0,3.3,0.32,0.81,IATF,7,0,2024-07-27,0.51,prenhe
E-BO-000296,BO-M-00201,BO-R-0005,bovino,Mestico,Senepol,9.0,1,2.8,0.81,0.54,IATF,7,0,2024-07-23,0.335,vazia
E-BO-000297,BO-M-00151,BO-R-0019,bovino,Guzera,Angus,9.0,2,2.7,0.17,0.62,IATF,11,1,2024-11-26,0.415,prenhe
E-BO-000298,BO-M-00151,BO-R-0012,bovino,Guzera,Guzera,9.0,2,2.7,0.17,0.64,convencional,11,1,2024-11-03,0.481,prenhe
E-BO-000299,BO-M-00174,BO-R-0013,bovino,Nelore,Nelore,3.5,5,3.0,0.94,0.77,IATF,9,0,2025-09-17,0.8,prenhe
E-BO-000300,BO-M-00257,BO-R-0020,bovino,Nelore,Nelore,5.4,2,3.0,0.87,0.76,IATF,7,0,2025-07-18,0.878,prenhe
E-BO-000301,BO-M-00118,BO-R-0022,bovino,Nelore,Nelore,2.8,2,4.1,0.53,0.75,IATF,6,0,2025-06-15,0.44,prenhe
E-BO-000302,BO-M-00249,BO-R-0011,bovino,Nelore,Nelore,4.9,0,3.2,0.67,0.83,convencional,1,1,2024-01-04,0.925,prenhe
E-BO-000303,BO-M-00236,BO-R-0029,bovino,Senepol,Guzera,5.7,2,3.0,0.7,0.69,IATF,12,1,2024-12-10,0.902,prenhe
E-BO-000304,BO-M-00288,BO-R-0014,bovino,Senepol,Gir,2.7,0,3.6,0.0,0.94,IATF,6,0,2025-06-16,0.321,prenhe
E-BO-000305,BO-M-00273,BO-R-0004,bovino,Senepol,Nelore,7.9,1,3.9,0.12,0.79,IATF,6,0,2024-06-27,0.456,prenhe
E-BO-000306,BO-M-00239,BO-R-0000,bovino,Nelore,Nelore,8.5,5,3.4,0.45,0.95,IATF,11,1,2024-11-06,0.724,prenhe
E-BO-000307,BO-M-00074,BO-R-0006,bovino,Nelore,Senepol,2.4,4,2.3,0.42,0.51,convencional,6,0,2025-06-14,0.329,vazia
E-BO-000308,BO-M-00232,BO-R-0020,bovino,Mestico,Nelore,4.5,1,3.4,0.39,0.76,IATF,8,0,2025-08-03,0.705,prenhe
E-BO-000309,BO-M-00220,BO-R-0016,bovino,Nelore,Nelore,8.7,5,3.3,0.81,0.72,convencional,9,0,2025-09-15,0.647,vazia
E-BO-000310,BO-M-00086,BO-R-0010,bovino,Brahman,Nelore,7.5,5,3.1,0.28,0.67,IATF,11,1,2024-11-09,0.64,vazia
E-BO-000311,BO-M-00203,BO-R-0014,bovino,Nelore,Gir,5.5,1,2.9,0.71,0.94,IATF,10,1,2024-10-18,0.77,prenhe
E-BO-000312,BO-M-00075,BO-R-0025,bovino,Nelore,Mestico,2.3,4,3.1,0.8,0.71,IATF,10,1,2024-10-06,0.798,prenhe
E-BO-000313,BO-M-00156,BO-R-0017,bovino,Nelore,Angus,9.8,2,3.2,0.4,0.81,IATF,5,0,2025-05-03,0.585,vazia
E-BO-000314,BO-M-00239,BO-R-0001,bovino,Nelore,Angus,8.5,5,3.4,0.45,0.62,IATF,11,1,2024-11-02,0.602,prenhe
E-BO-000315,BO-M-00056,BO-R-0001,bovino,Senepol,Angus,7.9,1,2.7,0.81,0.62,IATF,10,1,2024-10-19,0.603,prenhe
E-BO-000316,BO-M-00101,BO-R-0014,bovino,Angus,Gir,9.3,2,3.9,0.55,0.94,IATF,5,0,2024-05-02,0.547,vazia
E-BO-000317,BO-M-00238,BO-R-0012,bovino,Nelore,Guzera,2.5,1,3.2,0.9,0.64,IATF,12,1,2024-12-15,0.767,vazia
E-BO-000318,BO-M-00136,BO-R-0025,bovino,Mestico,Mestico,2.1,3,3.4,0.55,0.71,IATF,6,0,2024-06-22,0.664,prenhe
E-BO-000319,BO-M-00288,BO-R-0017,bovino,Senepol,Angus,2.7,0,3.6,0.0,0.81,IATF,1,1,2025-01-18,0.404,vazia
E-BO-000320,BO-M-00002,BO-R-0022,bovino,Gir,Nelore,5.8,5,2.1,0.63,0.75,IATF,10,1,2025-10-10,0.611,vazia
E-BO-000321,BO-M-00216,BO-R-0017,bovino,Nelore,Angus,3.8,3,2.6,0.56,0.81,IATF,7,0,2025-07-20,0.591,vazia
E-BO-000322,BO-M-00244,BO-R-0010,bovino,Angus,Nelore,2.3,0,3.2,0.54,0.67,IATF,12,1,2024-12-14,0.537,vazia
E-BO-000323,BO-M-00275,BO-R-0019,bovino,Nelore,Angus,5.5,1,3.4,0.72,0.62,IATF,12,1,2025-12-14,0.746,prenhe
E-BO-000324,BO-M-00047,BO-R-0018,bovino,Nelore,Gir,3.3,2,2.9,0.64,0.73,IATF,12,1,2025-12-16,0.677,prenhe
E-BO-000325,BO-M-00295,BO-R-0021,bovino,Guzera,Nelore,3.5,2,2.7,0.92,0.68,IATF,11,1,2024-11-20,0.608,prenhe
E-BO-000326,BO-M-00117,BO-R-0005,bovino,Brahman,Senepol,8.0,3,3.9,0.56,0.54,IATF,7,0,2025-07-11,0.508,prenhe
E-BO-000327,BO-M-00105,BO-R-0019,bovino,Brahman,Angus,8.9,4,3.2,0.5,0.62,IATF,9,0,2024-09-06,0.551,vazia
E-BO-000328,BO-M-00106,BO-R-0008,bovino,Nelore,Nelore,3.6,1,3.2,0.9,0.68,IATF,10,1,2025-10-03,0.881,prenhe
E-BO-000329,BO-M-00191,BO-R-0023,bovino,Nelore,Senepol,6.8,3,3.4,0.45,0.92,IATF,9,0,2024-09-29,0.836,vazia
E-BO-000330,BO-M-00197,BO-R-0023,bovino,Gir,Senepol,6.6,3,3.5,0.1,0.92,IATF,7,0,2024-07-07,0.718,prenhe
E-BO-000331,BO-M-00142,BO-R-0018,bovino,Guzera,Gir,7.6,0,3.2,0.5,0.73,convencional,4,0,2024-04-07,0.781,prenhe
E-BO-000332,BO-M-00021,BO-R-0028,bovino,Nelore,Nelore,5.3,3,3.8,0.74,0.77,IATF,9,0,2025-09-07,0.682,prenhe
E-BO-000333,BO-M-00295,BO-R-0016,bovino,Guzera,Nelore,3.5,2,2.7,0.92,0.72,convencional,8,0,2024-08-04,0.724,prenhe
E-BO-000334,BO-M-00066,BO-R-0000,bovino,Senepol,Nelore,8.0,0,3.2,0.27,0.95,IATF,8,0,2025-08-16,0.669,prenhe
E-BO-000335,BO-M-00028,BO-R-0018,bovino,Nelore,Gir,6.7,0,3.0,0.36,0.73,IATF,3,1,2024-03-04,0.593,prenhe
E-BO-000336,BO-M-00179,BO-R-0023,bovino,Brahman,Senepol,4.7,3,2.4,0.34,0.92,IATF,12,1,2024-12-31,0.551,prenhe
E-BO-000337,BO-M-00123,BO-R-0003,bovino,Nelore,Angus,1.5,5,3.2,0.44,0.71,IATF,11,1,2024-11-08,0.565,vazia
E-BO-000338,BO-M-00184,BO-R-0003,bovino,Brahman,Angus,1.3,2,2.9,0.42,0.71,convencional,11,1,2024-11-16,0.612,vazia
E-BO-000339,BO-M-00262,BO-R-0008,bovino,Nelore,Nelore,8.6,0,3.3,0.15,0.68,IATF,5,0,2024-05-02,0.385,prenhe
E-BO-000340,BO-M-00029,BO-R-0025,bovino,Angus,Mestico,3.6,1,2.8,0.64,0.71,IA_repasse,2,1,2024-02-23,0.506,prenhe
E-BO-000341,BO-M-00085,BO-R-0015,bovino,Nelore,Mestico,9.9,0,3.7,0.69,0.69,IATF,9,0,2024-09-09,0.313,prenhe
E-BO-000342,BO-M-00154,BO-R-0029,bovino,Nelore,Guzera,1.8,1,2.3,0.53,0.69,convencional,12,1,2024-12-09,0.481,vazia
E-BO-000343,BO-M-00236,BO-R-0026,bovino,Senepol,Nelore,5.7,2,3.0,0.7,0.76,convencional,8,0,2025-08-02,0.925,prenhe
E-BO-000344,BO-M-00180,BO-R-0016,bovino,Guzera,Nelore,4.7,5,3.4,0.29,0.72,IATF,12,1,2024-12-03,0.726,prenhe
E-BO-000345,BO-M-00114,BO-R-0020,bovino,Nelore,Nelore,1.3,5,2.8,0.52,0.76,IATF,6,0,2024-06-28,0.389,prenhe
E-BO-000346,BO-M-00183,BO-R-0009,bovino,Nelore,Nelore,3.9,5,4.0,0.53,0.44,IATF,7,0,2024-07-10,0.315,vazia
E-BO-000347,BO-M-00293,BO-R-0002,bovino,Nelore,Nelore,6.4,1,2.4,0.63,0.66,IATF,3,1,2025-03-22,0.479,vazia
E-BO-000348,BO-M-00144,BO-R-0011,bovino,Senepol,Nelore,3.4,1,2.9,0.35,0.83,convencional,11,1,2024-11-14,0.702,prenhe
E-BO-000349,BO-M-00265,BO-R-0017,bovino,Nelore,Angus,7.0,0,3.5,0.6,0.81,IATF,10,1,2025-10-19,0.764,prenhe
E-BO-000350,BO-M-00233,BO-R-0005,bovino,Senepol,Senepol,6.8,3,2.6,0.61,0.54,IATF,11,1,2024-11-17,0.612,prenhe
E-BO-000351,BO-M-00090,BO-R-0006,bovino,Nelore,Senepol,6.7,1,3.1,0.85,0.51,IATF,2,1,2025-02-17,0.835,prenhe
E-BO-000352,BO-M-00074,BO-R-0000,bovino,Nelore,Nelore,2.4,4,2.3,0.42,0.95,IATF,2,1,2024-02-16,0.545,prenhe
E-BO-000353,BO-M-00231,BO-R-0022,bovino,Nelore,Nelore,7.3,1,3.4,0.85,0.75,IA_repasse,5,0,2024-05-21,0.631,prenhe
E-BO-000354,BO-M-00062,BO-R-0026,bovino,Senepol,Nelore,2.1,2,4.1,0.64,0.76,IATF,9,0,2025-09-12,0.426,vazia
E-BO-000355,BO-M-00101,BO-R-0024,bovino,Angus,Mestico,9.3,2,3.9,0.55,0.8,convencional,9,0,2024-09-08,0.622,prenhe
E-BO-000356,BO-M-00070,BO-R-0011,bovino,Nelore,Nelore,7.9,2,2.8,0.43,0.83,convencional,11,1,2024-11-03,0.748,prenhe
E-BO-000357,BO-M-00181,BO-R-0017,bovino,Guzera,Angus,3.0,1,3.3,0.45,0.81,IATF,3,1,2025-03-06,0.846,prenhe
E-BO-000358,BO-M-00088,BO-R-0028,bovino,Nelore,Nelore,2.1,0,3.0,0.81,0.77,IATF,2,1,2024-02-12,0.672,prenhe
E-BO-000359,BO-M-00197,BO-R-0017,bovino,Gir,Angus,6.6,3,3.5,0.1,0.81,IATF,1,1,2025-01-04,0.714,vazia
E-BO-000360,BO-M-00280,BO-R-0008,bovino,Nelore,Nelore,5.5,0,3.2,0.56,0.68,IATF,9,0,2024-09-09,0.667,vazia
E-BO-000361,BO-M-00248,BO-R-0010,bovino,Nelore,Nelore,7.8,4,3.7,0.68,0.67,IATF,4,0,2024-04-18,0.605,prenhe
E-BO-000362,BO-M-00284,BO-R-0021,bovino,Senepol,Nelore,9.3,2,3.2,0.5,0.68,convencional,11,1,2024-11-01,0.771,vazia
E-BO-000363,BO-M-00007,BO-R-0013,bovino,Brahman,Nelore,6.8,4,3.6,0.56,0.77,IATF,11,1,2024-11-22,0.688,vazia
E-BO-000364,BO-M-00136,BO-R-0025,bovino,Mestico,Mestico,2.1,3,3.4,0.55,0.71,convencional,5,0,2024-05-16,0.688,vazia
E-BO-000365,BO-M-00066,BO-R-0025,bovino,Senepol,Mestico,8.0,0,3.2,0.27,0.71,convencional,1,1,2025-01-31,0.809,prenhe
E-BO-000366,BO-M-00275,BO-R-0001,bovino,Nelore,Angus,5.5,1,3.4,0.72,0.62,convencional,6,0,2025-06-28,0.8,prenhe
E-BO-000367,BO-M-00213,BO-R-0021,bovino,Gir,Nelore,3.5,4,4.0,0.57,0.68,IATF,7,0,2024-07-14,0.584,prenhe
E-BO-000368,BO-M-00096,BO-R-0011,bovino,Nelore,Nelore,8.4,1,3.0,0.78,0.83,IATF,12,1,2025-12-06,0.766,vazia
E-BO-000369,BO-M-00169,BO-R-0015,bovino,Mestico,Mestico,5.6,3,2.3,0.52,0.69,IATF,3,1,2025-03-23,0.492,vazia
E-BO-000370,BO-M-00181,BO-R-0007,bovino,Guzera,Nelore,3.0,1,3.3,0.45,0.64,IATF,7,0,2025-07-18,0.611,prenhe
E-BO-000371,BO-M-00148,BO-R-0011,bovino,Nelore,Nelore,1.5,4,2.9,0.47,0.83,IATF,2,1,2024-02-21,0.456,vazia
E-BO-000372,BO-M-00142,BO-R-0009,bovino,Guzera,Nelore,7.6,0,3.2,0.5,0.44,IATF,7,0,2025-07-14,0.564,prenhe
E-BO-000373,BO-M-00016,BO-R-0001,bovino,Senepol,Angus,4.4,3,3.6,0.75,0.62,IATF,9,0,2024-09-02,0.527,prenhe
E-BO-000374,BO-M-00135,BO-R-0023,bovino,Nelore,Senepol,2.8,5,3.2,0.57,0.92,IATF,6,0,2025-06-02,0.639,prenhe
E-BO-000375,BO-M-00104,BO-R-0004,bovino,Brahman,Nelore,10.0,3,2.3,0.51,0.79,IATF,8,0,2025-08-10,0.397,vazia
E-BO-000376,BO-M-00245,BO-R-0011,bovino,Gir,Nelore,5.0,0,2.5,0.53,0.83,IATF,7,0,2024-07-01,0.558,vazia
E-BO-000377,BO-M-00259,BO-R-0005,bovino,Senepol,Senepol,5.4,3,3.4,0.51,0.54,IATF,7,0,2024-07-08,0.618,vazia
E-BO-000378,BO-M-00225,BO-R-0004,bovino,Guzera,Nelore,4.3,4,3.0,0.56,0.79,convencional,2,1,2024-02-13,0.95,prenhe
E-BO-000379,BO-M-00009,BO-R-0011,bovino,Senepol,Nelore,2.3,5,2.6,0.76,0.83,IATF,3,1,2025-03-17,0.628,vazia
E-BO-000380,BO-M-00252,BO-R-0027,bovino,Senepol,Brahman,2.6,0,3.3,0.48,0.48,convencional,7,0,2025-07-19,0.604,prenhe
E-BO-000381,BO-M-00118,BO-R-0028,bovino,Nelore,Nelore,2.8,2,4.1,0.53,0.77,convencional,10,1,2024-10-26,0.603,vazia
E-BO-000382,BO-M-00124,BO-R-0011,bovino,Nelore,Nelore,6.5,5,3.3,0.55,0.83,IATF,4,0,2024-04-27,0.739,prenhe
E-BO-000383,BO-M-00283,BO-R-0015,bovino,Nelore,Mestico,4.6,0,3.5,0.7,0.69,IATF,8,0,2024-08-19,0.626,prenhe
E-BO-000384,BO-M-00260,BO-R-0029,bovino,Nelore,Guzera,1.8,4,3.4,0.79,0.69,IATF,10,1,2024-10-21,0.78,prenhe
E-BO-000385,BO-M-00015,BO-R-0007,bovino,Nelore,Nelore,3.9,0,3.3,0.55,0.64,IATF,10,1,2025-10-30,0.698,prenhe
E-BO-000386,BO-M-00107,BO-R-0028,bovino,Nelore,Nelore,8.5,1,3.1,0.53,0.77,IATF,3,1,2024-03-31,0.702,prenhe
E-BO-000387,BO-M-00224,BO-R-0003,bovino,Nelore,Angus,2.1,1,3.3,0.76,0.71,IATF,9,0,2024-09-07,0.584,prenhe
E-BO-000388,BO-M-00161,BO-R-0006,bovino,Guzera,Senepol,2.3,0,3.7,0.72,0.51,convencional,4,0,2025-04-10,0.399,prenhe
E-BO-000389,BO-M-00077,BO-R-0010,bovino,Angus,Nelore,4.9,4,3.7,0.65,0.67,convencional,6,0,2024-06-21,0.696,prenhe
E-BO-000390,BO-M-00157,BO-R-0001,bovino,Angus,Angus,5.1,0,3.1,0.58,0.62,convencional,10,1,2025-10-07,0.816,prenhe
E-BO-000391,BO-M-00259,BO-R-0024,bovino,Senepol,Mestico,5.4,3,3.4,0.51,0.8,IATF,10,1,2025-10-25,0.887,prenhe
E-BO-000392,BO-M-00066,BO-R-0025,bovino,Senepol,Mestico,8.0,0,3.2,0.27,0.71,IATF,10,1,2024-10-04,0.649,prenhe
E-BO-000393,BO-M-00223,BO-R-0011,bovino,Mestico,Nelore,6.4,4,3.8,0.44,0.83,IA_repasse,6,0,2025-06-28,0.443,prenhe
E-BO-000394,BO-M-00220,BO-R-0025,bovino,Nelore,Mestico,8.7,5,3.3,0.81,0.71,IATF,7,0,2025-07-05,0.677,vazia
E-BO-000395,BO-M-00265,BO-R-0023,bovino,Nelore,Senepol,7.0,0,3.5,0.6,0.92,IATF,5,0,2025-05-12,0.872,prenhe
E-BO-000396,BO-M-00089,BO-R-0024,bovino,Senepol,Mestico,8.7,3,3.3,0.72,0.8,IATF,5,0,2024-05-16,0.716,prenhe
E-BO-000397,BO-M-00064,BO-R-0024,bovino,Angus,Mestico,6.9,1,3.2,0.57,0.8,IATF,2,1,2024-02-06,0.758,prenhe
E-BO-000398,BO-M-00164,BO-R-0017,bovino,Senepol,Angus,6.2,3,2.7,0.55,0.81,IATF,9,0,2024-09-10,0.585,prenhe
E-BO-000399,BO-M-00159,BO-R-0003,bovino,Brahman,Angus,6.7,2,3.2,0.63,0.71,IATF,4,0,2024-04-05,0.795,prenhe
E-BO-000400,BO-M-00122,BO-R-0027,bovino,Nelore,Brahman,1.0,3,4.1,0.15,0.48,IATF,8,0,2024-08-01,0.249,vazia
E-BO-000401,BO-M-00233,BO-R-0018,bovino,Senepol,Gir,6.8,3,2.6,0.61,0.73,IATF,4,0,2025-04-10,0.543,prenhe
E-BO-000402,BO-M-00239,BO-R-0027,bovino,Nelore,Brahman,8.5,5,3.4,0.45,0.48,IATF,3,1,2025-03-05,0.506,vazia
E-BO-000403,BO-M-00073,BO-R-0028,bovino,Nelore,Nelore,3.8,4,3.4,0.59,0.77,IATF,6,0,2024-06-01,0.796,prenhe
E-BO-000404,BO-M-00238,BO-R-0005,bovino,Nelore,Senepol,2.5,1,3.2,0.9,0.54,IATF,1,1,2024-01-13,0.699,vazia
E-BO-000405,BO-M-00069,BO-R-0012,bovino,Nelore,Guzera,9.1,0,3.1,0.49,0.64,convencional,6,0,2024-06-13,0.567,vazia
E-BO-000406,BO-M-00122,BO-R-0005,bovino,Nelore,Senepol,1.0,3,4.1,0.15,0.54,IATF,11,1,2024-11-28,0.208,vazia
E-BO-000407,BO-M-00008,BO-R-0001,bovino,Nelore,Angus,3.4,1,2.6,0.55,0.62,IATF,7,0,2025-07-22,0.529,vazia
E-BO-000408,BO-M-00102,BO-R-0028,bovino,Nelore,Nelore,8.0,4,2.6,0.4,0.77,convencional,9,0,2024-09-23,0.734,vazia
E-BO-000409,BO-M-00287,BO-R-0027,bovino,Nelore,Brahman,4.0,0,3.0,0.8,0.48,IATF,7,0,2024-07-27,0.608,prenhe
E-BO-000410,BO-M-00132,BO-R-0027,bovino,Senepol,Brahman,7.3,2,3.7,0.6,0.48,convencional,2,1,2025-02-06,0.702,vazia
E-BO-000411,BO-M-00213,BO-R-0026,bovino,Gir,Nelore,3.5,4,4.0,0.57,0.76,IATF,2,1,2024-02-22,0.664,vazia
E-BO-000412,BO-M-00032,BO-R-0019,bovino,Nelore,Angus,7.3,5,2.7,0.57,0.62,IATF,6,0,2024-06-13,0.43,prenhe
E-BO-000413,BO-M-00190,BO-R-0015,bovino,Guzera,Mestico,7.3,1,2.8,0.73,0.69,IATF,1,1,2024-01-27,0.693,vazia
E-BO-000414,BO-M-00111,BO-R-0029,bovino,Nelore,Guzera,6.9,2,4.0,0.5,0.69,IATF,1,1,2025-01-18,0.665,prenhe
E-BO-000415,BO-M-00223,BO-R-0016,bovino,Mestico,Nelore,6.4,4,3.8,0.44,0.72,IA_repasse,11,1,2024-11-19,0.571,prenhe
E-BO-000416,BO-M-00278,BO-R-0019,bovino,Gir,Angus,8.7,1,3.3,0.32,0.62,convencional,3,1,2025-03-01,0.747,prenhe
E-BO-000417,BO-M-00159,BO-R-0006,bovino,Brahman,Senepol,6.7,2,3.2,0.63,0.51,convencional,3,1,2025-03-26,0.817,vazia
E-BO-000418,BO-M-00030,BO-R-0022,bovino,Brahman,Nelore,7.6,4,3.2,0.3,0.75,convencional,10,1,2024-10-15,0.872,prenhe
E-BO-000419,BO-M-00142,BO-R-0024,bovino,Guzera,Mestico,7.6,0,3.2,0.5,0.8,IATF,9,0,2025-09-26,0.688,prenhe
E-BO-000420,BO-M-00036,BO-R-0020,bovino,Nelore,Nelore,1.9,0,2.7,0.58,0.76,convencional,11,1,2025-11-01,0.532,prenhe
E-BO-000421,BO-M-00134,BO-R-0014,bovino,Senepol,Gir,1.4,3,3.3,0.69,0.94,IATF,3,1,2024-03-21,0.863,prenhe
E-BO-000422,BO-M-00018,BO-R-0005,bovino,Gir,Senepol,3.7,4,2.4,0.71,0.54,convencional,11,1,2025-11-02,0.619,vazia
E-BO-000423,BO-M-00192,BO-R-0001,bovino,Nelore,Angus,6.9,5,3.5,0.51,0.62,IATF,5,0,2024-05-23,0.58,vazia
E-BO-000424,BO-M-00093,BO-R-0018,bovino,Nelore,Gir,7.2,0,2.9,0.5,0.73,IATF,6,0,2024-06-30,0.485,prenhe
E-BO-000425,BO-M-00060,BO-R-0020,bovino,Angus,Nelore,9.4,1,3.2,0.6,0.76,convencional,1,1,2025-01-21,0.793,vazia
E-BO-000426,BO-M-00005,BO-R-0023,bovino,Mestico,Senepol,5.2,5,3.9,0.48,0.92,convencional,1,1,2024-01-22,0.801,vazia
E-BO-000427,BO-M-00266,BO-R-0028,bovino,Nelore,Nelore,7.9,3,2.5,0.28,0.77,IATF,9,0,2024-09-22,0.574,prenhe
E-BO-000428,BO-M-00251,BO-R-0014,bovino,Gir,Gir,2.4,0,3.1,0.84,0.94,IATF,5,0,2024-05-22,0.697,prenhe
E-BO-000429,BO-M-00243,BO-R-0024,bovino,Senepol,Mestico,9.9,2,3.1,0.46,0.8,IATF,12,1,2024-12-18,0.738,prenhe
E-BO-000430,BO-M-00017,BO-R-0021,bovino,Nelore,Nelore,7.2,4,3.6,0.44,0.68,IA_repasse,8,0,2025-08-17,0.441,prenhe
E-BO-000431,BO-M-00104,BO-R-0008,bovino,Brahman,Nelore,10.0,3,2.3,0.51,0.68,IATF,11,1,2025-11-05,0.378,prenhe
E-BO-000432,BO-M-00291,BO-R-0025,bovino,Nelore,Mestico,5.0,2,3.9,0.71,0.71,IATF,6,0,2024-06-03,0.63,prenhe
E-BO-000433,BO-M-00173,BO-R-0001,bovino,Guzera,Angus,2.2,2,3.2,0.7,0.62,IATF,2,1,2025-02-01,0.681,vazia
E-BO-000434,BO-M-00038,BO-R-0017,bovino,Nelore,Angus,1.8,1,3.5,0.57,0.81,IATF,12,1,2024-12-12,0.782,prenhe
E-BO-000435,BO-M-00042,BO-R-0028,bovino,Brahman,Nelore,8.2,5,3.6,0.46,0.77,IATF,10,1,2024-10-30,0.527,vazia
E-BO-000436,BO-M-00078,BO-R-0019,bovino,Senepol,Angus,4.4,0,3.7,0.74,0.62,IATF,4,0,2025-04-06,0.518,vazia
E-BO-000437,BO-M-00291,BO-R-0028,bovino,Nelore,Nelore,5.0,2,3.9,0.71,0.77,convencional,12,1,2025-12-23,0.839,prenhe
E-BO-000438,BO-M-00050,BO-R-0001,bovino,Nelore,Angus,6.5,1,4.1,0.51,0.62,convencional,10,1,2024-10-22,0.566,prenhe
E-BO-000439,BO-M-00270,BO-R-0015,bovino,Nelore,Mestico,4.0,5,3.6,0.58,0.69,convencional,2,1,2024-02-17,0.619,vazia
E-BO-000440,BO-M-00203,BO-R-0023,bovino,Nelore,Senepol,5.5,1,2.9,0.71,0.92,IATF,10,1,2025-10-30,0.719,vazia
E-BO-000441,BO-M-00276,BO-R-0019,bovino,Nelore,Angus,9.2,2,3.6,0.23,0.62,IATF,11,1,2025-11-11,0.439,prenhe
E-BO-000442,BO-M-00247,BO-R-0026,bovino,Nelore,Nelore,1.7,5,2.8,0.68,0.76,convencional,8,0,2024-08-23,0.531,vazia
E-BO-000443,BO-M-00099,BO-R-0013,bovino,Mestico,Nelore,5.0,0,2.6,0.35,0.77,convencional,1,1,2025-01-01,0.671,prenhe
E-BO-000444,BO-M-00248,BO-R-0020,bovino,Nelore,Nelore,7.8,4,3.7,0.68,0.76,IATF,9,0,2025-09-21,0.676,vazia
E-BO-000445,BO-M-00050,BO-R-0012,bovino,Nelore,Guzera,6.5,1,4.1,0.51,0.64,IATF,1,1,2025-01-02,0.443,vazia
E-BO-000446,BO-M-00087,BO-R-0026,bovino,Senepol,Nelore,9.6,1,2.6,0.39,0.76,convencional,12,1,2024-12-17,0.538,prenhe
E-BO-000447,BO-M-00063,BO-R-0003,bovino,Brahman,Angus,1.8,4,3.6,0.56,0.71,IATF,11,1,2025-11-04,0.609,prenhe
E-BO-000448,BO-M-00039,BO-R-0007,bovino,Angus,Nelore,9.4,0,3.4,0.64,0.64,convencional,8,0,2025-08-28,0.653,prenhe
E-BO-000449,BO-M-00027,BO-R-0002,bovino,Nelore,Nelore,5.8,5,3.5,0.66,0.66,IATF,1,1,2025-01-05,0.736,vazia
E-BO-000450,BO-M-00056,BO-R-0021,bovino,Senepol,Nelore,7.9,1,2.7,0.81,0.68,IATF,4,0,2024-04-27,0.569,vazia
E-BO-000451,BO-M-00036,BO-R-0006,bovino,Nelore,Senepol,1.9,0,2.7,0.58,0.51,IATF,11,1,2024-11-16,0.355,vazia
E-BO-000452,BO-M-00114,BO-R-0009,bovino,Nelore,Nelore,1.3,5,2.8,0.52,0.44,IATF,5,0,2025-05-08,0.262,prenhe
E-BO-000453,BO-M-00021,BO-R-0025,bovino,Nelore,Mestico,5.3,3,3.8,0.74,0.71,convencional,7,0,2024-07-17,0.746,prenhe
E-BO-000454,BO-M-00018,BO-R-0010,bovino,Gir,Nelore,3.7,4,2.4,0.71,0.67,IATF,1,1,2025-01-27,0.707,prenhe
E-BO-000455,BO-M-00296,BO-R-0004,bovino,Mestico,Nelore,7.3,3,3.2,0.51,0.79,IATF,4,0,2025-04-25,0.787,prenhe
E-BO-000456,BO-M-00026,BO-R-0000,bovino,Senepol,Nelore,8.2,0,4.1,0.44,0.95,convencional,3,1,2024-03-03,0.541,prenhe
E-BO-000457,BO-M-00022,BO-R-0006,bovino,Mestico,Senepol,4.0,5,2.7,0.69,0.51,convencional,2,1,2025-02-19,0.548,vazia
E-BO-000458,BO-M-00009,BO-R-0027,bovino,Senepol,Brahman,2.3,5,2.6,0.76,0.48,convencional,6,0,2025-06-22,0.4,prenhe
E-BO-000459,BO-M-00039,BO-R-0016,bovino,Angus,Nelore,9.4,0,3.4,0.64,0.72,IATF,6,0,2024-06-05,0.607,vazia
E-BO-000460,BO-M-00158,BO-R-0029,bovino,Brahman,Guzera,8.1,0,3.1,0.62,0.69,convencional,2,1,2025-02-04,0.73,vazia
E-BO-000461,BO-M-00248,BO-R-0006,bovino,Nelore,Senepol,7.8,4,3.7,0.68,0.51,IATF,6,0,2025-06-01,0.311,vazia
E-BO-000462,BO-M-00220,BO-R-0010,bovino,Nelore,Nelore,8.7,5,3.3,0.81,0.67,IATF,2,1,2024-02-02,0.694,prenhe
E-BO-000463,BO-M-00174,BO-R-0004,bovino,Nelore,Nelore,3.5,5,3.0,0.94,0.79,IATF,4,0,2025-04-15,0.88,vazia
E-BO-000464,BO-M-00025,BO-R-0011,bovino,Nelore,Nelore,6.9,5,3.7,0.38,0.83,IATF,7,0,2024-07-08,0.418,vazia
E-BO-000465,BO-M-00232,BO-R-0016,bovino,Mestico,Nelore,4.5,1,3.4,0.39,0.72,convencional,10,1,2024-10-17,0.932,prenhe
E-BO-000466,BO-M-00011,BO-R-0024,bovino,Guzera,Mestico,4.8,4,3.2,0.59,0.8,IATF,4,0,2025-04-18,0.659,vazia
E-BO-000467,BO-M-00189,BO-R-0011,bovino,Nelore,Nelore,6.1,5,2.7,0.61,0.83,IATF,1,1,2024-01-04,0.691,vazia
E-BO-000468,BO-M-00122,BO-R-0023,bovino,Nelore,Senepol,1.0,3,4.1,0.15,0.92,convencional,1,1,2024-01-13,0.538,prenhe
E-BO-000469,BO-M-00264,BO-R-0018,bovino,Guzera,Gir,6.8,5,3.4,0.56,0.73,IATF,11,1,2024-11-22,0.647,prenhe
E-BO-000470,BO-M-00092,BO-R-0008,bovino,Nelore,Nelore,6.3,2,3.3,0.32,0.68,IATF,11,1,2025-11-24,0.798,prenhe
E-BO-000471,BO-M-00191,BO-R-0027,bovino,Nelore,Brahman,6.8,3,3.4,0.45,0.48,IA_repasse,1,1,2024-01-05,0.68,prenhe
E-BO-000472,BO-M-00131,BO-R-0013,bovino,Guzera,Nelore,7.9,4,3.0,0.74,0.77,convencional,7,0,2025-07-29,0.934,prenhe
E-BO-000473,BO-M-00156,BO-R-0004,bovino,Nelore,Nelore,9.8,2,3.2,0.4,0.79,IA_repasse,2,1,2024-02-24,0.635,prenhe
E-BO-000474,BO-M-00281,BO-R-0028,bovino,Nelore,Nelore,5.8,0,2.8,0.13,0.77,IA_repasse,12,1,2024-12-22,0.383,vazia
E-BO-000475,BO-M-00213,BO-R-0027,bovino,Gir,Brahman,3.5,4,4.0,0.57,0.48,convencional,11,1,2024-11-10,0.583,prenhe
E-BO-000476,BO-M-00124,BO-R-0001,bovino,Nelore,Angus,6.5,5,3.3,0.55,0.62,convencional,12,1,2024-12-07,0.853,prenhe
E-BO-000477,BO-M-00134,BO-R-0027,bovino,Senepol,Brahman,1.4,3,3.3,0.69,0.48,IATF,2,1,2024-02-29,0.727,prenhe
E-BO-000478,BO-M-00211,BO-R-0028,bovino,Senepol,Nelore,8.6,3,3.4,0.33,0.77,IATF,7,0,2025-07-04,0.66,prenhe
E-BO-000479,BO-M-00103,BO-R-0024,bovino,Mestico,Mestico,2.0,5,2.1,0.5,0.8,IATF,7,0,2024-07-20,0.201,vazia
E-BO-000480,BO-M-00050,BO-R-0007,bovino,Nelore,Nelore,6.5,1,4.1,0.51,0.64,convencional,7,0,2025-07-16,0.422,prenhe
E-BO-000481,BO-M-00140,BO-R-0018,bovino,Senepol,Gir,8.7,3,2.7,0.31,0.73,IATF,4,0,2025-04-23,0.372,vazia
E-BO-000482,BO-M-00020,BO-R-0016,bovino,Brahman,Nelore,9.2,3,3.7,0.36,0.72,convencional,2,1,2025-02-06,0.52,vazia
E-BO-000483,BO-M-00050,BO-R-0018,bovino,Nelore,Gir,6.5,1,4.1,0.51,0.73,IATF,8,0,2024-08-13,0.436,vazia
E-BO-000484,BO-M-00126,BO-R-0018,bovino,Nelore,Gir,3.1,4,4.8,0.64,0.73,IATF,4,0,2025-04-21,0.53,prenhe
E-BO-000485,BO-M-00238,BO-R-0019,bovino,Nelore,Angus,2.5,1,3.2,0.9,0.62,IATF,12,1,2025-12-29,0.616,prenhe
E-BO-000486,BO-M-00234,BO-R-0015,bovino,Guzera,Mestico,1.1,1,2.8,0.4,0.69,IATF,11,1,2025-11-04,0.485,prenhe
E-BO-000487,BO-M-00078,BO-R-0020,bovino,Senepol,Nelore,4.4,0,3.7,0.74,0.76,IATF,10,1,2025-10-30,0.652,prenhe
E-BO-000488,BO-M-00126,BO-R-0015,bovino,Nelore,Mestico,3.1,4,4.8,0.64,0.69,IATF,6,0,2024-06-09,0.467,vazia
E-BO-000489,BO-M-00046,BO-R-0000,bovino,Nelore,Nelore,9.5,5,3.2,0.34,0.95,convencional,3,1,2025-03-03,0.769,prenhe
E-BO-000490,BO-M-00226,BO-R-0001,bovino,Nelore,Angus,9.6,4,3.4,0.47,0.62,IATF,10,1,2024-10-17,0.555,prenhe
E-BO-000491,BO-M-00073,BO-R-0028,bovino,Nelore,Nelore,3.8,4,3.4,0.59,0.77,IATF,12,1,2025-12-06,0.849,vazia
E-BO-000492,BO-M-00239,BO-R-0027,bovino,Nelore,Brahman,8.5,5,3.4,0.45,0.48,IATF,11,1,2025-11-24,0.512,prenhe
E-BO-000493,BO-M-00252,BO-R-0017,bovino,Senepol,Angus,2.6,0,3.3,0.48,0.81,IATF,9,0,2025-09-25,0.558,prenhe
E-BO-000494,BO-M-00206,BO-R-0005,bovino,Nelore,Senepol,3.8,2,3.1,0.7,0.54,IATF,4,0,2024-04-28,0.735,prenhe
E-BO-000495,BO-M-00099,BO-R-0023,bovino,Mestico,Senepol,5.0,0,2.6,0.35,0.92,convencional,8,0,2024-08-20,0.64,prenhe
E-BO-000496,BO-M-00285,BO-R-0004,bovino,Nelore,Nelore,6.7,5,3.4,0.05,0.79,convencional,6,0,2025-06-03,0.693,vazia
E-BO-000497,BO-M-00205,BO-R-0011,bovino,Nelore,Nelore,8.2,0,4.1,0.65,0.83,IATF,7,0,2025-07-01,0.336,vazia
E-BO-000498,BO-M-00193,BO-R-0009,bovino,Gir,Nelore,3.8,4,2.9,0.41,0.44,IATF,9,0,2024-09-12,0.498,vazia
E-BO-000499,BO-M-00256,BO-R-0000,bovino,Gir,Nelore,3.6,5,3.8,0.43,0.95,IATF,4,0,2024-04-09,0.571,prenhe
E-BO-000500,BO-M-00264,BO-R-0024,bovino,Guzera,Mestico,6.8,5,3.4,0.56,0.8,IATF,4,0,2024-04-09,0.728,vazia
E-BO-000501,BO-M-00023,BO-R-0015,bovino,Guzera,Mestico,5.8,3,2.3,0.57,0.69,convencional,5,0,2025-05-14,0.571,vazia
E-BO-000502,BO-M-00264,BO-R-0009,bovino,Guzera,Nelore,6.8,5,3.4,0.56,0.44,IATF,11,1,2024-11-27,0.616,prenhe
E-BO-000503,BO-M-00229,BO-R-0015,bovino,Nelore,Mestico,3.8,4,1.5,0.24,0.69,convencional,12,1,2024-12-24,0.62,prenhe
E-BO-000504,BO-M-00061,BO-R-0000,bovino,Senepol,Nelore,2.1,5,3.2,0.52,0.95,IATF,8,0,2025-08-18,0.606,vazia
E-BO-000505,BO-M-00092,BO-R-0013,bovino,Nelore,Nelore,6.3,2,3.3,0.32,0.77,IATF,1,1,2024-01-13,0.831,prenhe
E-BO-000506,BO-M-00225,BO-R-0015,bovino,Guzera,Mestico,4.3,4,3.0,0.56,0.69,IATF,7,0,2025-07-04,0.749,prenhe
E-BO-000507,BO-M-00064,BO-R-0010,bovino,Angus,Nelore,6.9,1,3.2,0.57,0.67,IATF,7,0,2024-07-19,0.677,vazia
E-BO-000508,BO-M-00135,BO-R-0024,bovino,Nelore,Mestico,2.8,5,3.2,0.57,0.8,IA_repasse,11,1,2025-11-10,0.548,prenhe
E-BO-000509,BO-M-00206,BO-R-0007,bovino,Nelore,Nelore,3.8,2,3.1,0.7,0.64,IATF,11,1,2025-11-28,0.811,prenhe
E-BO-000510,BO-M-00195,BO-R-0004,bovino,Nelore,Nelore,5.9,3,3.8,0.27,0.79,convencional,1,1,2025-01-01,0.658,prenhe
E-BO-000511,BO-M-00272,BO-R-0015,bovino,Nelore,Mestico,5.3,2,4.1,0.47,0.69,convencional,8,0,2024-08-18,0.579,prenhe
E-BO-000512,BO-M-00033,BO-R-0026,bovino,Nelore,Nelore,8.7,4,4.2,1.0,0.76,IATF,6,0,2024-06-19,0.476,vazia
E-BO-000513,BO-M-00088,BO-R-0011,bovino,Nelore,Nelore,2.1,0,3.0,0.81,0.83,IATF,5,0,2024-05-12,0.666,prenhe
E-BO-000514,BO-M-00295,BO-R-0001,bovino,Guzera,Angus,3.5,2,2.7,0.92,0.62,IATF,12,1,2025-12-30,0.675,prenhe
E-BO-000515,BO-M-00170,BO-R-0029,bovino,Nelore,Guzera,4.6,5,2.8,0.86,0.69,IATF,5,0,2024-05-16,0.653,prenhe
E-BO-000516,BO-M-00074,BO-R-0013,bovino,Nelore,Nelore,2.4,4,2.3,0.42,0.77,convencional,11,1,2024-11-21,0.513,prenhe
E-BO-000517,BO-M-00086,BO-R-0005,bovino,Brahman,Senepol,7.5,5,3.1,0.28,0.54,IATF,12,1,2024-12-15,0.588,vazia
E-BO-000518,BO-M-00101,BO-R-0018,bovino,Angus,Gir,9.3,2,3.9,0.55,0.73,convencional,5,0,2025-05-10,0.512,vazia
E-BO-000519,BO-M-00166,BO-R-0009,bovino,Gir,Nelore,6.8,1,3.8,0.49,0.44,IATF,9,0,2025-09-07,0.327,vazia
E-BO-000520,BO-M-00085,BO-R-0028,bovino,Nelore,Nelore,9.9,0,3.7,0.69,0.77,IATF,2,1,2025-02-11,0.563,prenhe
E-BO-000521,BO-M-00186,BO-R-0008,bovino,Nelore,Nelore,5.3,3,3.1,0.41,0.68,convencional,7,0,2025-07-07,0.883,prenhe
E-BO-000522,BO-M-00133,BO-R-0016,bovino,Nelore,Nelore,8.5,4,3.2,0.44,0.72,IATF,2,1,2025-02-17,0.716,prenhe
E-BO-000523,BO-M-00183,BO-R-0016,bovino,Nelore,Nelore,3.9,5,4.0,0.53,0.72,convencional,11,1,2024-11-14,0.639,prenhe
E-BO-000524,BO-M-00046,BO-R-0007,bovino,Nelore,Nelore,9.5,5,3.2,0.34,0.64,IATF,4,0,2024-04-25,0.565,vazia
E-BO-000525,BO-M-00187,BO-R-0014,bovino,Nelore,Gir,3.0,1,2.6,0.37,0.94,IA_repasse,6,0,2024-06-01,0.472,vazia
E-BO-000526,BO-M-00277,BO-R-0003,bovino,Senepol,Angus,6.3,2,3.3,0.42,0.71,convencional,11,1,2024-11-11,0.895,prenhe
E-BO-000527,BO-M-00040,BO-R-0019,bovino,Nelore,Angus,2.2,3,3.8,0.52,0.62,convencional,2,1,2024-02-03,0.664,vazia
E-BO-000528,BO-M-00098,BO-R-0022,bovino,Nelore,Nelore,5.1,3,3.3,0.62,0.75,IATF,8,0,2024-08-18,0.817,vazia
E-BO-000529,BO-M-00208,BO-R-0028,bovino,Nelore,Nelore,5.4,0,3.1,0.66,0.77,convencional,12,1,2024-12-03,0.95,prenhe
E-BO-000530,BO-M-00185,BO-R-0009,bovino,Angus,Nelore,4.8,1,4.2,0.42,0.44,IATF,12,1,2024-12-11,0.392,prenhe
E-BO-000531,BO-M-00202,BO-R-0008,bovino,Senepol,Nelore,9.3,1,3.3,0.63,0.68,convencional,8,0,2025-08-17,0.658,prenhe
E-BO-000532,BO-M-00167,BO-R-0016,bovino,Gir,Nelore,9.5,2,3.0,0.62,0.72,IATF,12,1,2025-12-07,0.691,vazia
E-BO-000533,BO-M-00204,BO-R-0020,bovino,Nelore,Nelore,5.7,1,3.1,0.37,0.76,IATF,6,0,2025-06-16,0.596,vazia
E-BO-000534,BO-M-00182,BO-R-0029,bovino,Senepol,Guzera,6.3,2,3.1,0.63,0.69,IATF,2,1,2024-02-28,0.828,vazia
E-BO-000535,BO-M-00022,BO-R-0000,bovino,Mestico,Nelore,4.0,5,2.7,0.69,0.95,IATF,10,1,2024-10-25,0.765,prenhe
E-BO-000536,BO-M-00225,BO-R-0007,bovino,Guzera,Nelore,4.3,4,3.0,0.56,0.64,IATF,6,0,2025-06-16,0.758,vazia
E-BO-000537,BO-M-00134,BO-R-0007,bovino,Senepol,Nelore,1.4,3,3.3,0.69,0.64,convencional,3,1,2025-03-10,0.805,prenhe
E-BO-000538,BO-M-00015,BO-R-0007,bovino,Nelore,Nelore,3.9,0,3.3,0.55,0.64,IATF,11,1,2024-11-30,0.656,vazia
E-BO-000539,BO-M-00122,BO-R-0013,bovino,Nelore,Nelore,1.0,3,4.1,0.15,0.77,convencional,11,1,2024-11-14,0.489,vazia
E-BO-000540,BO-M-00130,BO-R-0026,bovino,Nelore,Nelore,9.4,2,3.0,0.59,0.76,IATF,10,1,2024-10-23,0.783,prenhe
E-BO-000541,BO-M-00026,BO-R-0000,bovino,Senepol,Nelore,8.2,0,4.1,0.44,0.95,convencional,2,1,2025-02-26,0.53,prenhe
E-BO-000542,BO-M-00298,BO-R-0024,bovino,Brahman,Mestico,9.8,2,3.0,0.25,0.8,convencional,5,0,2024-05-10,0.708,vazia
E-BO-000543,BO-M-00066,BO-R-0018,bovino,Senepol,Gir,8.0,0,3.2,0.27,0.73,IATF,1,1,2025-01-12,0.646,prenhe
E-BO-000544,BO-M-00099,BO-R-0018,bovino,Mestico,Gir,5.0,0,2.6,0.35,0.73,convencional,5,0,2024-05-30,0.595,prenhe
E-BO-000545,BO-M-00132,BO-R-0020,bovino,Senepol,Nelore,7.3,2,3.7,0.6,0.76,convencional,5,0,2025-05-12,0.557,prenhe
E-BO-000546,BO-M-00249,BO-R-0003,bovino,Nelore,Angus,4.9,0,3.2,0.67,0.71,convencional,9,0,2025-09-23,0.797,prenhe
E-BO-000547,BO-M-00222,BO-R-0022,bovino,Angus,Nelore,2.4,3,3.4,0.89,0.75,IATF,1,1,2025-01-05,0.917,vazia
E-BO-000548,BO-M-00231,BO-R-0007,bovino,Nelore,Nelore,7.3,1,3.4,0.85,0.64,IATF,10,1,2024-10-09,0.741,prenhe
E-BO-000549,BO-M-00071,BO-R-0015,bovino,Nelore,Mestico,3.4,0,2.6,0.55,0.69,convencional,11,1,2025-11-17,0.644,prenhe
E-BO-000550,BO-M-00253,BO-R-0020,bovino,Nelore,Nelore,9.2,1,3.5,0.62,0.76,IATF,4,0,2025-04-26,0.608,vazia
E-BO-000551,BO-M-00248,BO-R-0018,bovino,Nelore,Gir,7.8,4,3.7,0.68,0.73,convencional,11,1,2024-11-08,0.775,prenhe
E-BO-000552,BO-M-00139,BO-R-0009,bovino,Nelore,Nelore,6.7,2,3.5,0.27,0.44,IATF,1,1,2024-01-22,0.722,prenhe
E-BO-000553,BO-M-00163,BO-R-0011,bovino,Nelore,Nelore,3.7,1,2.6,0.68,0.83,convencional,1,1,2024-01-12,0.812,prenhe
E-BO-000554,BO-M-00011,BO-R-0014,bovino,Guzera,Gir,4.8,4,3.2,0.59,0.94,IATF,6,0,2024-06-10,0.862,prenhe
E-BO-000555,BO-M-00228,BO-R-0001,bovino,Angus,Angus,7.9,1,3.4,0.52,0.62,IATF,6,0,2024-06-21,0.702,prenhe
E-BO-000556,BO-M-00288,BO-R-0021,bovino,Senepol,Nelore,2.7,0,3.6,0.0,0.68,IA_repasse,6,0,2025-06-10,0.133,prenhe
E-BO-000557,BO-M-00141,BO-R-0002,bovino,Senepol,Nelore,2.4,0,2.5,0.48,0.66,convencional,12,1,2024-12-31,0.659,prenhe
E-BO-000558,BO-M-00162,BO-R-0013,bovino,Nelore,Nelore,9.5,2,2.6,0.39,0.77,convencional,12,1,2025-12-30,0.634,vazia
E-BO-000559,BO-M-00149,BO-R-0019,bovino,Nelore,Angus,6.5,3,3.2,0.48,0.62,IA_repasse,1,1,2025-01-29,0.694,vazia
E-BO-000560,BO-M-00024,BO-R-0002,bovino,Brahman,Nelore,8.6,2,3.2,0.4,0.66,IATF,10,1,2025-10-21,0.568,vazia
E-BO-000561,BO-M-00185,BO-R-0029,bovino,Angus,Guzera,4.8,1,4.2,0.42,0.69,IATF,2,1,2025-02-07,0.453,prenhe
E-BO-000562,BO-M-00216,BO-R-0011,bovino,Nelore,Nelore,3.8,3,2.6,0.56,0.83,IATF,9,0,2024-09-18,0.691,prenhe
E-BO-000563,BO-M-00278,BO-R-0000,bovino,Gir,Nelore,8.7,1,3.3,0.32,0.95,IATF,6,0,2025-06-05,0.557,vazia
E-BO-000564,BO-M-00278,BO-R-0019,bovino,Gir,Angus,8.7,1,3.3,0.32,0.62,IATF,11,1,2024-11-24,0.464,vazia
E-BO-000565,BO-M-00147,BO-R-0016,bovino,Senepol,Nelore,6.5,4,3.0,0.91,0.72,convencional,7,0,2024-07-19,0.932,prenhe
E-BO-000566,BO-M-00287,BO-R-0019,bovino,Nelore,Angus,4.0,0,3.0,0.8,0.62,IATF,12,1,2024-12-11,0.817,prenhe
E-BO-000567,BO-M-00158,BO-R-0022,bovino,Brahman,Nelore,8.1,0,3.1,0.62,0.75,IATF,4,0,2025-04-30,0.556,prenhe
E-BO-000568,BO-M-00192,BO-R-0014,bovino,Nelore,Gir,6.9,5,3.5,0.51,0.94,IATF,10,1,2024-10-01,0.821,prenhe
E-BO-000569,BO-M-00180,BO-R-0024,bovino,Guzera,Mestico,4.7,5,3.4,0.29,0.8,IATF,5,0,2025-05-28,0.565,prenhe
E-BO-000570,BO-M-00299,BO-R-0011,bovino,Angus,Nelore,6.6,5,3.5,0.79,0.83,IATF,12,1,2025-12-16,0.873,prenhe
E-BO-000571,BO-M-00221,BO-R-0016,bovino,Senepol,Nelore,4.4,5,3.6,0.35,0.72,IATF,10,1,2024-10-27,0.581,vazia
E-BO-000572,BO-M-00036,BO-R-0004,bovino,Nelore,Nelore,1.9,0,2.7,0.58,0.79,IATF,8,0,2024-08-03,0.303,vazia
E-BO-000573,BO-M-00021,BO-R-0018,bovino,Nelore,Gir,5.3,3,3.8,0.74,0.73,IATF,10,1,2024-10-20,0.767,prenhe
E-BO-000574,BO-M-00122,BO-R-0007,bovino,Nelore,Nelore,1.0,3,4.1,0.15,0.64,convencional,9,0,2025-09-03,0.384,prenhe
E-BO-000575,BO-M-00154,BO-R-0020,bovino,Nelore,Nelore,1.8,1,2.3,0.53,0.76,IATF,5,0,2024-05-10,0.377,vazia
E-BO-000576,BO-M-00200,BO-R-0024,bovino,Brahman,Mestico,7.6,5,3.0,0.54,0.8,IATF,12,1,2025-12-11,0.817,prenhe
E-BO-000577,BO-M-00144,BO-R-0025,bovino,Senepol,Mestico,3.4,1,2.9,0.35,0.71,IATF,10,1,2024-10-29,0.607,prenhe
E-BO-000578,BO-M-00154,BO-R-0027,bovino,Nelore,Brahman,1.8,1,2.3,0.53,0.48,IATF,9,0,2025-09-06,0.234,vazia
E-BO-000579,BO-M-00276,BO-R-0003,bovino,Nelore,Angus,9.2,2,3.6,0.23,0.71,IATF,7,0,2025-07-28,0.433,vazia
E-BO-000580,BO-M-00100,BO-R-0004,bovino,Guzera,Nelore,3.7,4,3.0,0.64,0.79,IA_repasse,7,0,2025-07-26,0.613,vazia
E-BO-000581,BO-M-00148,BO-R-0027,bovino,Nelore,Brahman,1.5,4,2.9,0.47,0.48,IATF,10,1,2025-10-25,0.351,prenhe
E-BO-000582,BO-M-00167,BO-R-0011,bovino,Gir,Nelore,9.5,2,3.0,0.62,0.83,IATF,5,0,2024-05-14,0.649,vazia
E-BO-000583,BO-M-00140,BO-R-0000,bovino,Senepol,Nelore,8.7,3,2.7,0.31,0.95,IATF,3,1,2025-03-09,0.576,prenhe
E-BO-000584,BO-M-00290,BO-R-0008,bovino,Gir,Nelore,9.3,1,2.6,0.31,0.68,convencional,3,1,2024-03-13,0.543,prenhe
E-BO-000585,BO-M-00288,BO-R-0025,bovino,Senepol,Mestico,2.7,0,3.6,0.0,0.71,IATF,8,0,2024-08-06,0.26,prenhe
E-BO-000586,BO-M-00153,BO-R-0010,bovino,Senepol,Nelore,2.6,5,3.2,0.35,0.67,IATF,1,1,2024-01-30,0.624,prenhe
E-BO-000587,BO-M-00135,BO-R-0002,bovino,Nelore,Nelore,2.8,5,3.2,0.57,0.66,convencional,5,0,2025-05-13,0.685,prenhe
E-BO-000588,BO-M-00176,BO-R-0021,bovino,Nelore,Nelore,4.9,5,2.9,0.3,0.68,IATF,3,1,2025-03-19,0.478,vazia
E-BO-000589,BO-M-00054,BO-R-0005,bovino,Brahman,Senepol,5.2,3,3.2,0.37,0.54,IATF,6,0,2025-06-24,0.662,vazia
E-BO-000590,BO-M-00127,BO-R-0010,bovino,Nelore,Nelore,8.6,0,3.6,0.47,0.67,IATF,5,0,2024-05-08,0.28,prenhe
E-BO-000591,BO-M-00065,BO-R-0000,bovino,Senepol,Nelore,4.8,0,3.3,0.47,0.95,IATF,8,0,2024-08-30,0.725,vazia
E-BO-000592,BO-M-00043,BO-R-0018,bovino,Nelore,Gir,6.3,2,3.5,0.78,0.73,IA_repasse,5,0,2025-05-08,0.724,prenhe
E-BO-000593,BO-M-00028,BO-R-0013,bovino,Nelore,Nelore,6.7,0,3.0,0.36,0.77,IATF,8,0,2025-08-26,0.47,vazia
E-BO-000594,BO-M-00176,BO-R-0026,bovino,Nelore,Nelore,4.9,5,2.9,0.3,0.76,IATF,10,1,2025-10-08,0.675,vazia
E-BO-000595,BO-M-00000,BO-R-0010,bovino,Brahman,Nelore,8.0,5,3.2,0.62,0.67,IATF,2,1,2024-02-23,0.78,vazia
E-BO-000596,BO-M-00193,BO-R-0006,bovino,Gir,Senepol,3.8,4,2.9,0.41,0.51,IATF,10,1,2024-10-20,0.526,vazia
E-BO-000597,BO-M-00129,BO-R-0004,bovino,Senepol,Nelore,8.2,2,3.7,0.76,0.79,convencional,1,1,2024-01-08,0.804,prenhe
E-BO-000598,BO-M-00109,BO-R-0006,bovino,Guzera,Senepol,10.0,5,1.9,0.13,0.51,IATF,8,0,2025-08-20,0.093,vazia
E-BO-000599,BO-M-00230,BO-R-0013,bovino,Nelore,Nelore,7.2,2,2.3,0.74,0.77,convencional,3,1,2024-03-30,0.733,prenhe
E-BO-000600,BO-M-00161,BO-R-0002,bovino,Guzera,Nelore,2.3,0,3.7,0.72,0.66,IATF,8,0,2025-08-23,0.344,vazia
E-BO-000601,BO-M-00220,BO-R-0012,bovino,Nelore,Guzera,8.7,5,3.3,0.81,0.64,IATF,4,0,2024-04-23,0.651,prenhe
E-BO-000602,BO-M-00212,BO-R-0025,bovino,Nelore,Mestico,1.5,1,3.8,0.31,0.71,IATF,1,1,2024-01-12,0.431,prenhe
E-BO-000603,BO-M-00009,BO-R-0023,bovino,Senepol,Senepol,2.3,5,2.6,0.76,0.92,convencional,10,1,2025-10-03,0.687,prenhe
E-BO-000604,BO-M-00064,BO-R-0019,bovino,Angus,Angus,6.9,1,3.2,0.57,0.62,IATF,11,1,2024-11-16,0.812,vazia
E-BO-000605,BO-M-00170,BO-R-0026,bovino,Nelore,Nelore,4.6,5,2.8,0.86,0.76,IATF,11,1,2024-11-06,0.695,vazia
E-BO-000606,BO-M-00292,BO-R-0023,bovino,Guzera,Senepol,3.8,0,2.9,0.41,0.92,convencional,4,0,2025-04-17,0.637,vazia
E-BO-000607,BO-M-00046,BO-R-0019,bovino,Nelore,Angus,9.5,5,3.2,0.34,0.62,IATF,7,0,2024-07-19,0.522,vazia
E-BO-000608,BO-M-00031,BO-R-0025,bovino,Mestico,Mestico,2.8,4,3.1,0.51,0.71,IATF,5,0,2025-05-19,0.743,prenhe
E-BO-000609,BO-M-00282,BO-R-0003,bovino,Nelore,Angus,1.9,1,3.0,0.67,0.71,IATF,11,1,2024-11-09,0.694,prenhe
E-BO-000610,BO-M-00290,BO-R-0024,bovino,Gir,Mestico,9.3,1,2.6,0.31,0.8,convencional,7,0,2024-07-18,0.498,vazia
E-BO-000611,BO-M-00050,BO-R-0008,bovino,Nelore,Nelore,6.5,1,4.1,0.51,0.68,IATF,10,1,2024-10-15,0.503,vazia
E-BO-000612,BO-M-00120,BO-R-0021,bovino,Senepol,Nelore,6.9,0,4.2,0.89,0.68,IATF,1,1,2024-01-05,0.586,prenhe
E-BO-000613,BO-M-00187,BO-R-0027,bovino,Nelore,Brahman,3.0,1,2.6,0.37,0.48,IATF,8,0,2024-08-08,0.376,vazia
E-BO-000614,BO-M-00058,BO-R-0014,bovino,Nelore,Gir,5.4,3,3.2,0.43,0.94,IATF,3,1,2025-03-07,0.888,prenhe
E-BO-000615,BO-M-00097,BO-R-0002,bovino,Nelore,Nelore,3.7,4,3.3,0.48,0.66,IATF,4,0,2024-04-10,0.643,prenhe
E-BO-000616,BO-M-00118,BO-R-0011,bovino,Nelore,Nelore,2.8,2,4.1,0.53,0.83,IATF,3,1,2024-03-27,0.419,prenhe
E-BO-000617,BO-M-00192,BO-R-0012,bovino,Nelore,Guzera,6.9,5,3.5,0.51,0.64,IATF,4,0,2025-04-23,0.612,prenhe
E-BO-000618,BO-M-00092,BO-R-0028,bovino,Nelore,Nelore,6.3,2,3.3,0.32,0.77,IATF,11,1,2024-11-08,0.809,prenhe
E-BO-000619,BO-M-00123,BO-R-0028,bovino,Nelore,Nelore,1.5,5,3.2,0.44,0.77,convencional,4,0,2024-04-09,0.734,vazia
E-BO-000620,BO-M-00086,BO-R-0017,bovino,Brahman,Angus,7.5,5,3.1,0.28,0.81,IATF,6,0,2025-06-29,0.687,prenhe
E-BO-000621,BO-M-00227,BO-R-0028,bovino,Senepol,Nelore,10.0,5,1.7,0.19,0.77,IATF,7,0,2025-07-20,0.18,vazia
E-BO-000622,BO-M-00045,BO-R-0013,bovino,Gir,Nelore,8.2,5,2.3,0.54,0.77,convencional,1,1,2024-01-26,0.44,vazia
E-BO-000623,BO-M-00069,BO-R-0012,bovino,Nelore,Guzera,9.1,0,3.1,0.49,0.64,convencional,5,0,2024-05-27,0.653,prenhe
E-BO-000624,BO-M-00074,BO-R-0025,bovino,Nelore,Mestico,2.4,4,2.3,0.42,0.71,IATF,9,0,2024-09-27,0.384,vazia
E-BO-000625,BO-M-00271,BO-R-0020,bovino,Nelore,Nelore,8.6,4,3.9,0.46,0.76,IATF,6,0,2025-06-17,0.457,vazia
E-BO-000626,BO-M-00283,BO-R-0015,bovino,Nelore,Mestico,4.6,0,3.5,0.7,0.69,IATF,2,1,2024-02-24,0.734,prenhe
E-BO-000627,BO-M-00150,BO-R-0013,bovino,Gir,Nelore,1.4,0,3.3,0.32,0.77,IATF,8,0,2025-08-11,0.558,prenhe
E-BO-000628,BO-M-00046,BO-R-0021,bovino,Nelore,Nelore,9.5,5,3.2,0.34,0.68,IATF,8,0,2024-08-21,0.44,vazia
E-BO-000629,BO-M-00226,BO-R-0022,bovino,Nelore,Nelore,9.6,4,3.4,0.47,0.75,IATF,4,0,2024-04-01,0.644,vazia
E-BO-000630,BO-M-00147,BO-R-0014,bovino,Senepol,Gir,6.5,4,3.0,0.91,0.94,IATF,9,0,2025-09-22,0.95,prenhe
E-BO-000631,BO-M-00254,BO-R-0000,bovino,Nelore,Nelore,1.4,3,2.7,0.43,0.95,IATF,3,1,2024-03-04,0.616,prenhe
E-BO-000632,BO-M-00107,BO-R-0003,bovino,Nelore,Angus,8.5,1,3.1,0.53,0.71,IATF,4,0,2024-04-04,0.531,prenhe
E-BO-000633,BO-M-00299,BO-R-0004,bovino,Angus,Nelore,6.6,5,3.5,0.79,0.79,IATF,11,1,2025-11-24,0.855,prenhe
E-BO-000634,BO-M-00242,BO-R-0013,bovino,Nelore,Nelore,8.6,5,2.7,0.71,0.77,IATF,1,1,2025-01-14,0.486,vazia
E-BO-000635,BO-M-00067,BO-R-0018,bovino,Nelore,Gir,7.0,2,3.1,0.24,0.73,convencional,12,1,2024-12-04,0.81,prenhe
E-BO-000636,BO-M-00217,BO-R-0024,bovino,Nelore,Mestico,7.7,2,3.2,0.66,0.8,convencional,5,0,2025-05-16,0.947,prenhe
E-BO-000637,BO-M-00086,BO-R-0006,bovino,Brahman,Senepol,7.5,5,3.1,0.28,0.51,IATF,4,0,2025-04-05,0.596,prenhe
E-BO-000638,BO-M-00104,BO-R-0023,bovino,Brahman,Senepol,10.0,3,2.3,0.51,0.92,IATF,3,1,2025-03-23,0.494,prenhe
E-BO-000639,BO-M-00075,BO-R-0019,bovino,Nelore,Angus,2.3,4,3.1,0.8,0.62,IATF,1,1,2024-01-17,0.699,prenhe
E-BO-000640,BO-M-00204,BO-R-0001,bovino,Nelore,Angus,5.7,1,3.1,0.37,0.62,IATF,2,1,2025-02-06,0.664,prenhe
E-BO-000641,BO-M-00078,BO-R-0010,bovino,Senepol,Nelore,4.4,0,3.7,0.74,0.67,convencional,7,0,2024-07-22,0.599,prenhe
E-BO-000642,BO-M-00191,BO-R-0009,bovino,Nelore,Nelore,6.8,3,3.4,0.45,0.44,IATF,8,0,2025-08-12,0.598,prenhe
E-BO-000643,BO-M-00174,BO-R-0026,bovino,Nelore,Nelore,3.5,5,3.0,0.94,0.76,IATF,1,1,2025-01-03,0.801,prenhe
E-BO-000644,BO-M-00225,BO-R-0027,bovino,Guzera,Brahman,4.3,4,3.0,0.56,0.48,IATF,3,1,2024-03-31,0.839,vazia
E-BO-000645,BO-M-00298,BO-R-0024,bovino,Brahman,Mestico,9.8,2,3.0,0.25,0.8,IATF,10,1,2025-10-08,0.703,prenhe
E-BO-000646,BO-M-00002,BO-R-0015,bovino,Gir,Mestico,5.8,5,2.1,0.63,0.69,IATF,7,0,2024-07-26,0.441,vazia
E-BO-000647,BO-M-00297,BO-R-0014,bovino,Gir,Gir,6.7,4,3.1,0.63,0.94,IATF,7,0,2024-07-17,0.906,prenhe
E-BO-000648,BO-M-00032,BO-R-0009,bovino,Nelore,Nelore,7.3,5,2.7,0.57,0.44,IA_repasse,11,1,2025-11-14,0.419,vazia
E-BO-000649,BO-M-00158,BO-R-0023,bovino,Brahman,Senepol,8.1,0,3.1,0.62,0.92,IATF,7,0,2025-07-19,0.601,prenhe
E-BO-000650,BO-M-00102,BO-R-0002,bovino,Nelore,Nelore,8.0,4,2.6,0.4,0.66,IATF,9,0,2025-09-19,0.548,vazia
E-BO-000651,BO-M-00191,BO-R-0008,bovino,Nelore,Nelore,6.8,3,3.4,0.45,0.68,IATF,4,0,2025-04-28,0.709,prenhe
E-BO-000652,BO-M-00216,BO-R-0004,bovino,Nelore,Nelore,3.8,3,2.6,0.56,0.79,IATF,10,1,2025-10-26,0.72,prenhe
E-BO-000653,BO-M-00257,BO-R-0014,bovino,Nelore,Gir,5.4,2,3.0,0.87,0.94,IATF,3,1,2024-03-25,0.95,prenhe
E-BO-000654,BO-M-00120,BO-R-0008,bovino,Senepol,Nelore,6.9,0,4.2,0.89,0.68,IATF,3,1,2025-03-13,0.501,prenhe
E-BO-000655,BO-M-00279,BO-R-0005,bovino,Gir,Senepol,4.1,2,3.6,0.36,0.54,convencional,8,0,2024-08-02,0.512,vazia
E-BO-000656,BO-M-00096,BO-R-0011,bovino,Nelore,Nelore,8.4,1,3.0,0.78,0.83,IATF,10,1,2024-10-17,0.755,vazia
E-BO-000657,BO-M-00061,BO-R-0025,bovino,Senepol,Mestico,2.1,5,3.2,0.52,0.71,IATF,6,0,2024-06-22,0.528,vazia
E-BO-000658,BO-M-00113,BO-R-0016,bovino,Senepol,Nelore,9.1,5,3.0,0.83,0.72,IATF,5,0,2024-05-29,0.509,prenhe
E-BO-000659,BO-M-00158,BO-R-0024,bovino,Brahman,Mestico,8.1,0,3.1,0.62,0.8,IATF,11,1,2024-11-19,0.679,vazia
E-BO-000660,BO-M-00200,BO-R-0027,bovino,Brahman,Brahman,7.6,5,3.0,0.54,0.48,IATF,11,1,2025-11-01,0.708,vazia
E-BO-000661,BO-M-00249,BO-R-0027,bovino,Nelore,Brahman,4.9,0,3.2,0.67,0.48,convencional,4,0,2025-04-08,0.812,prenhe
E-BO-000662,BO-M-00067,BO-R-0010,bovino,Nelore,Nelore,7.0,2,3.1,0.24,0.67,IATF,9,0,2024-09-12,0.656,prenhe
E-BO-000663,BO-M-00090,BO-R-0026,bovino,Nelore,Nelore,6.7,1,3.1,0.85,0.76,IATF,11,1,2024-11-12,0.837,prenhe
E-BO-000664,BO-M-00281,BO-R-0027,bovino,Nelore,Brahman,5.8,0,2.8,0.13,0.48,IATF,1,1,2025-01-21,0.333,prenhe
E-BO-000665,BO-M-00131,BO-R-0028,bovino,Guzera,Nelore,7.9,4,3.0,0.74,0.77,IATF,6,0,2024-06-27,0.826,prenhe
E-BO-000666,BO-M-00072,BO-R-0010,bovino,Gir,Nelore,4.3,5,3.5,0.71,0.67,IATF,1,1,2025-01-15,0.78,prenhe
E-BO-000667,BO-M-00295,BO-R-0006,bovino,Guzera,Senepol,3.5,2,2.7,0.92,0.51,IATF,5,0,2025-05-22,0.537,prenhe
E-BO-000668,BO-M-00134,BO-R-0017,bovino,Senepol,Angus,1.4,3,3.3,0.69,0.81,IATF,6,0,2024-06-26,0.683,prenhe
E-BO-000669,BO-M-00295,BO-R-0027,bovino,Guzera,Brahman,3.5,2,2.7,0.92,0.48,IATF,3,1,2025-03-02,0.547,prenhe
E-BO-000670,BO-M-00275,BO-R-0027,bovino,Nelore,Brahman,5.5,1,3.4,0.72,0.48,convencional,6,0,2025-06-01,0.792,prenhe
E-BO-000671,BO-M-00271,BO-R-0017,bovino,Nelore,Angus,8.6,4,3.9,0.46,0.81,convencional,1,1,2025-01-14,0.617,vazia
E-BO-000672,BO-M-00174,BO-R-0004,bovino,Nelore,Nelore,3.5,5,3.0,0.94,0.79,convencional,8,0,2024-08-01,0.882,prenhe
E-BO-000673,BO-M-00239,BO-R-0012,bovino,Nelore,Guzera,8.5,5,3.4,0.45,0.64,IA_repasse,2,1,2025-02-08,0.405,vazia
E-BO-000674,BO-M-00288,BO-R-0021,bovino,Senepol,Nelore,2.7,0,3.6,0.0,0.68,convencional,8,0,2025-08-02,0.303,vazia
E-BO-000675,BO-M-00080,BO-R-0016,bovino,Angus,Nelore,6.0,4,2.8,0.78,0.72,convencional,6,0,2024-06-10,0.72,prenhe
E-BO-000676,BO-M-00011,BO-R-0010,bovino,Guzera,Nelore,4.8,4,3.2,0.59,0.67,convencional,2,1,2025-02-23,0.925,prenhe
E-BO-000677,BO-M-00096,BO-R-0010,bovino,Nelore,Nelore,8.4,1,3.0,0.78,0.67,convencional,5,0,2025-05-11,0.728,prenhe
E-BO-000678,BO-M-00191,BO-R-0001,bovino,Nelore,Angus,6.8,3,3.4,0.45,0.62,convencional,8,0,2024-08-22,0.87,prenhe
E-BO-000679,BO-M-00164,BO-R-0008,bovino,Senepol,Nelore,6.2,3,2.7,0.55,0.68,convencional,10,1,2024-10-09,0.789,prenhe
E-BO-000680,BO-M-00024,BO-R-0020,bovino,Brahman,Nelore,8.6,2,3.2,0.4,0.76,IATF,10,1,2025-10-10,0.742,prenhe
E-BO-000681,BO-M-00168,BO-R-0007,bovino,Nelore,Nelore,2.3,5,1.9,0.67,0.64,IATF,9,0,2024-09-22,0.342,vazia
E-BO-000682,BO-M-00052,BO-R-0029,bovino,Brahman,Guzera,6.1,0,3.3,0.5,0.69,IATF,3,1,2025-03-12,0.744,prenhe
E-BO-000683,BO-M-00151,BO-R-0002,bovino,Guzera,Nelore,9.0,2,2.7,0.17,0.66,convencional,4,0,2024-04-19,0.456,prenhe
E-BO-000684,BO-M-00172,BO-R-0017,bovino,Nelore,Angus,2.1,2,3.0,0.5,0.81,IATF,11,1,2025-11-06,0.784,prenhe
E-BO-000685,BO-M-00191,BO-R-0014,bovino,Nelore,Gir,6.8,3,3.4,0.45,0.94,convencional,3,1,2025-03-11,0.95,prenhe
E-BO-000686,BO-M-00123,BO-R-0024,bovino,Nelore,Mestico,1.5,5,3.2,0.44,0.8,convencional,7,0,2025-07-09,0.69,prenhe
E-BO-000687,BO-M-00122,BO-R-0026,bovino,Nelore,Nelore,1.0,3,4.1,0.15,0.76,IA_repasse,3,1,2025-03-15,0.201,vazia
E-BO-000688,BO-M-00203,BO-R-0016,bovino,Nelore,Nelore,5.5,1,2.9,0.71,0.72,IATF,9,0,2024-09-16,0.528,prenhe
E-BO-000689,BO-M-00224,BO-R-0018,bovino,Nelore,Gir,2.1,1,3.3,0.76,0.73,convencional,9,0,2024-09-05,0.71,prenhe
E-BO-000690,BO-M-00242,BO-R-0020,bovino,Nelore,Nelore,8.6,5,2.7,0.71,0.76,convencional,5,0,2025-05-26,0.565,prenhe
E-BO-000691,BO-M-00100,BO-R-0015,bovino,Guzera,Mestico,3.7,4,3.0,0.64,0.69,convencional,9,0,2025-09-19,0.863,prenhe
E-BO-000692,BO-M-00127,BO-R-0005,bovino,Nelore,Senepol,8.6,0,3.6,0.47,0.54,convencional,4,0,2024-04-03,0.427,vazia
E-BO-000693,BO-M-00099,BO-R-0012,bovino,Mestico,Guzera,5.0,0,2.6,0.35,0.64,IATF,9,0,2025-09-09,0.482,prenhe
E-BO-000694,BO-M-00158,BO-R-0007,bovino,Brahman,Nelore,8.1,0,3.1,0.62,0.64,IATF,8,0,2025-08-28,0.57,prenhe
E-BO-000695,BO-M-00038,BO-R-0013,bovino,Nelore,Nelore,1.8,1,3.5,0.57,0.77,IATF,3,1,2024-03-20,0.742,prenhe
E-BO-000696,BO-M-00129,BO-R-0018,bovino,Senepol,Gir,8.2,2,3.7,0.76,0.73,IA_repasse,3,1,2024-03-19,0.432,prenhe
E-BO-000697,BO-M-00056,BO-R-0006,bovino,Senepol,Senepol,7.9,1,2.7,0.81,0.51,IATF,5,0,2025-05-22,0.53,prenhe
E-BO-000698,BO-M-00159,BO-R-0007,bovino,Brahman,Nelore,6.7,2,3.2,0.63,0.64,convencional,9,0,2025-09-07,0.812,prenhe
E-BO-000699,BO-M-00255,BO-R-0024,bovino,Brahman,Mestico,3.1,0,2.7,0.55,0.8,convencional,10,1,2024-10-14,0.618,prenhe
E-BO-000700,BO-M-00295,BO-R-0011,bovino,Guzera,Nelore,3.5,2,2.7,0.92,0.83,IATF,4,0,2025-04-12,0.692,vazia
E-BO-000701,BO-M-00133,BO-R-0005,bovino,Nelore,Senepol,8.5,4,3.2,0.44,0.54,IATF,12,1,2025-12-30,0.68,prenhe
E-BO-000702,BO-M-00016,BO-R-0021,bovino,Senepol,Nelore,4.4,3,3.6,0.75,0.68,IATF,8,0,2024-08-23,0.635,vazia
E-BO-000703,BO-M-00068,BO-R-0021,bovino,Nelore,Nelore,4.0,5,2.7,0.68,0.68,convencional,6,0,2024-06-13,0.719,prenhe
E-BO-000704,BO-M-00031,BO-R-0024,bovino,Mestico,Mestico,2.8,4,3.1,0.51,0.8,IATF,12,1,2025-12-24,0.741,prenhe
E-BO-000705,BO-M-00227,BO-R-0022,bovino,Senepol,Nelore,10.0,5,1.7,0.19,0.75,IATF,7,0,2024-07-23,0.34,vazia
E-BO-000706,BO-M-00295,BO-R-0029,bovino,Guzera,Guzera,3.5,2,2.7,0.92,0.69,convencional,12,1,2024-12-10,0.839,prenhe
E-BO-000707,BO-M-00166,BO-R-0017,bovino,Gir,Angus,6.8,1,3.8,0.49,0.81,IATF,11,1,2024-11-18,0.643,vazia
E-BO-000708,BO-M-00053,BO-R-0008,bovino,Angus,Nelore,6.2,4,3.9,0.23,0.68,convencional,1,1,2025-01-16,0.624,vazia
E-BO-000709,BO-M-00006,BO-R-0025,bovino,Brahman,Mestico,4.5,3,3.3,0.11,0.71,IATF,7,0,2024-07-15,0.722,prenhe
E-BO-000710,BO-M-00292,BO-R-0007,bovino,Guzera,Nelore,3.8,0,2.9,0.41,0.64,IATF,5,0,2025-05-10,0.403,prenhe
E-BO-000711,BO-M-00094,BO-R-0008,bovino,Nelore,Nelore,1.1,5,2.9,0.57,0.68,IATF,5,0,2025-05-20,0.334,vazia
E-BO-000712,BO-M-00033,BO-R-0024,bovino,Nelore,Mestico,8.7,4,4.2,1.0,0.8,IATF,5,0,2024-05-26,0.544,prenhe
E-BO-000713,BO-M-00053,BO-R-0026,bovino,Angus,Nelore,6.2,4,3.9,0.23,0.76,IATF,12,1,2024-12-17,0.678,prenhe
E-BO-000714,BO-M-00076,BO-R-0010,bovino,Nelore,Nelore,9.4,3,3.7,0.87,0.67,convencional,2,1,2024-02-11,0.739,prenhe
E-BO-000715,BO-M-00196,BO-R-0021,bovino,Senepol,Nelore,4.9,3,3.9,0.19,0.68,IATF,6,0,2024-06-10,0.482,vazia
E-BO-000716,BO-M-00267,BO-R-0027,bovino,Nelore,Brahman,1.5,2,3.4,0.55,0.48,IATF,12,1,2025-12-21,0.609,vazia
E-BO-000717,BO-M-00082,BO-R-0023,bovino,Gir,Senepol,8.0,2,3.4,0.67,0.92,IATF,1,1,2025-01-04,0.939,prenhe
E-BO-000718,BO-M-00206,BO-R-0000,bovino,Nelore,Nelore,3.8,2,3.1,0.7,0.95,IATF,3,1,2025-03-30,0.95,prenhe
E-BO-000719,BO-M-00019,BO-R-0019,bovino,Angus,Angus,9.5,2,2.1,0.69,0.62,convencional,10,1,2025-10-10,0.604,vazia
E-BO-000720,BO-M-00003,BO-R-0005,bovino,Angus,Senepol,5.6,4,2.5,0.67,0.54,IATF,6,0,2025-06-05,0.558,vazia
E-BO-000721,BO-M-00016,BO-R-0025,bovino,Senepol,Mestico,4.4,3,3.6,0.75,0.71,IA_repasse,8,0,2025-08-01,0.623,prenhe
E-BO-000722,BO-M-00276,BO-R-0002,bovino,Nelore,Nelore,9.2,2,3.6,0.23,0.66,IATF,6,0,2025-06-03,0.415,prenhe
E-BO-000723,BO-M-00174,BO-R-0029,bovino,Nelore,Guzera,3.5,5,3.0,0.94,0.69,IATF,12,1,2024-12-30,0.812,vazia
E-BO-000724,BO-M-00241,BO-R-0005,bovino,Brahman,Senepol,6.0,3,3.3,0.57,0.54,IATF,4,0,2025-04-06,0.731,vazia
E-BO-000725,BO-M-00006,BO-R-0012,bovino,Brahman,Guzera,4.5,3,3.3,0.11,0.64,IATF,7,0,2024-07-29,0.723,vazia
E-BO-000726,BO-M-00006,BO-R-0007,bovino,Brahman,Nelore,4.5,3,3.3,0.11,0.64,convencional,10,1,2025-10-12,0.918,prenhe
E-BO-000727,BO-M-00254,BO-R-0024,bovino,Nelore,Mestico,1.4,3,2.7,0.43,0.8,IATF,5,0,2024-05-11,0.525,prenhe
E-BO-000728,BO-M-00030,BO-R-0011,bovino,Brahman,Nelore,7.6,4,3.2,0.3,0.83,IATF,10,1,2025-10-07,0.833,prenhe
E-BO-000729,BO-M-00046,BO-R-0022,bovino,Nelore,Nelore,9.5,5,3.2,0.34,0.75,IATF,10,1,2025-10-03,0.587,prenhe
E-BO-000730,BO-M-00155,BO-R-0002,bovino,Angus,Nelore,2.7,2,2.2,0.23,0.66,IATF,4,0,2024-04-13,0.299,vazia
E-BO-000731,BO-M-00181,BO-R-0013,bovino,Guzera,Nelore,3.0,1,3.3,0.45,0.77,convencional,6,0,2025-06-02,0.892,prenhe
E-BO-000732,BO-M-00068,BO-R-0027,bovino,Nelore,Brahman,4.0,5,2.7,0.68,0.48,IA_repasse,12,1,2025-12-23,0.44,vazia
E-BO-000733,BO-M-00133,BO-R-0027,bovino,Nelore,Brahman,8.5,4,3.2,0.44,0.48,IATF,2,1,2025-02-21,0.613,vazia
E-BO-000734,BO-M-00202,BO-R-0006,bovino,Senepol,Senepol,9.3,1,3.3,0.63,0.51,convencional,9,0,2024-09-05,0.613,vazia
E-BO-000735,BO-M-00132,BO-R-0011,bovino,Senepol,Nelore,7.3,2,3.7,0.6,0.83,convencional,10,1,2025-10-03,0.806,prenhe
E-BO-000736,BO-M-00114,BO-R-0012,bovino,Nelore,Guzera,1.3,5,2.8,0.52,0.64,IATF,1,1,2025-01-09,0.412,vazia
E-BO-000737,BO-M-00021,BO-R-0016,bovino,Nelore,Nelore,5.3,3,3.8,0.74,0.72,convencional,3,1,2024-03-29,0.813,prenhe
E-BO-000738,BO-M-00135,BO-R-0016,bovino,Nelore,Nelore,2.8,5,3.2,0.57,0.72,IATF,6,0,2024-06-30,0.638,prenhe
E-BO-000739,BO-M-00240,BO-R-0003,bovino,Gir,Angus,9.9,4,4.0,0.75,0.71,convencional,5,0,2025-05-13,0.582,prenhe
E-BO-000740,BO-M-00188,BO-R-0022,bovino,Brahman,Nelore,6.2,5,3.2,1.0,0.75,IA_repasse,11,1,2024-11-28,0.763,vazia
E-BO-000741,BO-M-00267,BO-R-0006,bovino,Nelore,Senepol,1.5,2,3.4,0.55,0.51,IATF,6,0,2024-06-07,0.501,vazia
E-BO-000742,BO-M-00037,BO-R-0009,bovino,Senepol,Nelore,7.5,0,3.6,0.63,0.44,convencional,8,0,2025-08-06,0.528,prenhe
E-BO-000743,BO-M-00003,BO-R-0025,bovino,Angus,Mestico,5.6,4,2.5,0.67,0.71,convencional,3,1,2024-03-29,0.856,prenhe
E-BO-000744,BO-M-00164,BO-R-0020,bovino,Senepol,Nelore,6.2,3,2.7,0.55,0.76,IATF,6,0,2024-06-08,0.685,prenhe
E-BO-000745,BO-M-00053,BO-R-0011,bovino,Angus,Nelore,6.2,4,3.9,0.23,0.83,IATF,12,1,2024-12-05,0.658,prenhe
E-BO-000746,BO-M-00178,BO-R-0027,bovino,Guzera,Brahman,6.7,3,3.4,0.85,0.48,convencional,1,1,2024-01-29,0.931,prenhe
E-BO-000747,BO-M-00271,BO-R-0011,bovino,Nelore,Nelore,8.6,4,3.9,0.46,0.83,IA_repasse,10,1,2024-10-09,0.456,prenhe
E-BO-000748,BO-M-00101,BO-R-0016,bovino,Angus,Nelore,9.3,2,3.9,0.55,0.72,IATF,10,1,2025-10-26,0.564,vazia
E-BO-000749,BO-M-00164,BO-R-0007,bovino,Senepol,Nelore,6.2,3,2.7,0.55,0.64,IATF,11,1,2025-11-18,0.652,prenhe
E-BO-000750,BO-M-00204,BO-R-0005,bovino,Nelore,Senepol,5.7,1,3.1,0.37,0.54,IATF,9,0,2025-09-28,0.603,prenhe
E-BO-000751,BO-M-00045,BO-R-0014,bovino,Gir,Gir,8.2,5,2.3,0.54,0.94,IATF,8,0,2024-08-24,0.371,prenhe
E-BO-000752,BO-M-00269,BO-R-0016,bovino,Nelore,Nelore,5.9,0,3.0,0.71,0.72,IATF,2,1,2024-02-17,0.793,vazia
E-BO-000753,BO-M-00060,BO-R-0024,bovino,Angus,Mestico,9.4,1,3.2,0.6,0.8,IATF,8,0,2025-08-17,0.605,vazia
E-BO-000754,BO-M-00242,BO-R-0011,bovino,Nelore,Nelore,8.6,5,2.7,0.71,0.83,IATF,9,0,2024-09-29,0.442,prenhe
E-BO-000755,BO-M-00197,BO-R-0026,bovino,Gir,Nelore,6.6,3,3.5,0.1,0.76,IATF,6,0,2025-06-30,0.769,prenhe
E-BO-000756,BO-M-00042,BO-R-0018,bovino,Brahman,Gir,8.2,5,3.6,0.46,0.73,IATF,3,1,2024-03-27,0.58,vazia
E-BO-000757,BO-M-00217,BO-R-0002,bovino,Nelore,Nelore,7.7,2,3.2,0.66,0.66,IATF,5,0,2025-05-02,0.696,vazia
E-BO-000758,BO-M-00058,BO-R-0022,bovino,Nelore,Nelore,5.4,3,3.2,0.43,0.75,convencional,3,1,2025-03-04,0.863,prenhe
E-BO-000759,BO-M-00179,BO-R-0017,bovino,Brahman,Angus,4.7,3,2.4,0.34,0.81,IATF,11,1,2025-11-02,0.514,vazia
E-BO-000760,BO-M-00287,BO-R-0011,bovino,Nelore,Nelore,4.0,0,3.0,0.8,0.83,IATF,3,1,2024-03-15,0.827,vazia
E-BO-000761,BO-M-00285,BO-R-0014,bovino,Nelore,Gir,6.7,5,3.4,0.05,0.94,IATF,10,1,2024-10-24,0.791,prenhe
E-BO-000762,BO-M-00261,BO-R-0009,bovino,Gir,Nelore,3.2,1,2.4,0.12,0.44,IATF,12,1,2025-12-23,0.35,vazia
E-BO-000763,BO-M-00148,BO-R-0018,bovino,Nelore,Gir,1.5,4,2.9,0.47,0.73,IATF,10,1,2024-10-11,0.535,prenhe
E-BO-000764,BO-M-00167,BO-R-0017,bovino,Gir,Angus,9.5,2,3.0,0.62,0.81,IATF,4,0,2025-04-25,0.704,prenhe
E-BO-000765,BO-M-00090,BO-R-0013,bovino,Nelore,Nelore,6.7,1,3.1,0.85,0.77,IATF,4,0,2024-04-27,0.753,vazia
E-BO-000766,BO-M-00276,BO-R-0008,bovino,Nelore,Nelore,9.2,2,3.6,0.23,0.68,IATF,6,0,2025-06-15,0.366,vazia
E-BO-000767,BO-M-00143,BO-R-0011,bovino,Senepol,Nelore,2.7,3,3.2,0.25,0.83,IATF,7,0,2024-07-20,0.611,prenhe
E-BO-000768,BO-M-00231,BO-R-0014,bovino,Nelore,Gir,7.3,1,3.4,0.85,0.94,IATF,2,1,2025-02-21,0.857,prenhe
E-BO-000769,BO-M-00107,BO-R-0014,bovino,Nelore,Gir,8.5,1,3.1,0.53,0.94,convencional,10,1,2025-10-04,0.784,vazia
E-BO-000770,BO-M-00222,BO-R-0009,bovino,Angus,Nelore,2.4,3,3.4,0.89,0.44,convencional,4,0,2025-04-27,0.628,vazia
E-BO-000771,BO-M-00067,BO-R-0017,bovino,Nelore,Angus,7.0,2,3.1,0.24,0.81,IATF,12,1,2024-12-12,0.85,prenhe
E-BO-000772,BO-M-00220,BO-R-0006,bovino,Nelore,Senepol,8.7,5,3.3,0.81,0.51,IATF,5,0,2024-05-18,0.528,prenhe
E-BO-000773,BO-M-00013,BO-R-0015,bovino,Gir,Mestico,4.3,5,3.1,0.65,0.69,IATF,9,0,2024-09-06,0.717,prenhe
E-BO-000774,BO-M-00031,BO-R-0003,bovino,Mestico,Angus,2.8,4,3.1,0.51,0.71,IATF,9,0,2025-09-11,0.524,vazia
E-BO-000775,BO-M-00105,BO-R-0014,bovino,Brahman,Gir,8.9,4,3.2,0.5,0.94,IATF,6,0,2024-06-06,0.632,vazia
E-BO-000776,BO-M-00144,BO-R-0023,bovino,Senepol,Senepol,3.4,1,2.9,0.35,0.92,IATF,4,0,2025-04-24,0.611,vazia
E-BO-000777,BO-M-00213,BO-R-0024,bovino,Gir,Mestico,3.5,4,4.0,0.57,0.8,IATF,12,1,2024-12-20,0.565,vazia
E-BO-000778,BO-M-00107,BO-R-0020,bovino,Nelore,Nelore,8.5,1,3.1,0.53,0.76,IATF,8,0,2024-08-22,0.651,prenhe
E-BO-000779,BO-M-00005,BO-R-0022,bovino,Mestico,Nelore,5.2,5,3.9,0.48,0.75,IATF,6,0,2025-06-07,0.415,prenhe
E-BO-000780,BO-M-00097,BO-R-0001,bovino,Nelore,Angus,3.7,4,3.3,0.48,0.62,convencional,9,0,2024-09-21,0.846,prenhe
E-BO-000781,BO-M-00131,BO-R-0010,bovino,Guzera,Nelore,7.9,4,3.0,0.74,0.67,convencional,7,0,2024-07-28,0.832,prenhe
E-BO-000782,BO-M-00163,BO-R-0019,bovino,Nelore,Angus,3.7,1,2.6,0.68,0.62,IATF,1,1,2025-01-21,0.656,vazia
E-BO-000783,BO-M-00193,BO-R-0024,bovino,Gir,Mestico,3.8,4,2.9,0.41,0.8,IATF,7,0,2025-07-07,0.752,prenhe
E-BO-000784,BO-M-00074,BO-R-0017,bovino,Nelore,Angus,2.4,4,2.3,0.42,0.81,IATF,9,0,2025-09-22,0.254,vazia
E-BO-000785,BO-M-00183,BO-R-0025,bovino,Nelore,Mestico,3.9,5,4.0,0.53,0.71,convencional,4,0,2025-04-04,0.635,prenhe
E-BO-000786,BO-M-00189,BO-R-0008,bovino,Nelore,Nelore,6.1,5,2.7,0.61,0.68,IATF,4,0,2025-04-28,0.414,vazia
E-BO-000787,BO-M-00232,BO-R-0004,bovino,Mestico,Nelore,4.5,1,3.4,0.39,0.79,IATF,7,0,2025-07-28,0.725,prenhe
E-BO-000788,BO-M-00156,BO-R-0002,bovino,Nelore,Nelore,9.8,2,3.2,0.4,0.66,IATF,7,0,2024-07-15,0.564,prenhe
E-BO-000789,BO-M-00243,BO-R-0017,bovino,Senepol,Angus,9.9,2,3.1,0.46,0.81,convencional,7,0,2024-07-02,0.752,prenhe
E-BO-000790,BO-M-00066,BO-R-0019,bovino,Senepol,Angus,8.0,0,3.2,0.27,0.62,IATF,12,1,2024-12-19,0.596,prenhe
E-BO-000791,BO-M-00213,BO-R-0008,bovino,Gir,Nelore,3.5,4,4.0,0.57,0.68,IATF,4,0,2025-04-05,0.615,vazia
E-BO-000792,BO-M-00013,BO-R-0023,bovino,Gir,Senepol,4.3,5,3.1,0.65,0.92,IATF,4,0,2025-04-16,0.706,vazia
E-BO-000793,BO-M-00030,BO-R-0022,bovino,Brahman,Nelore,7.6,4,3.2,0.3,0.75,IATF,4,0,2024-04-22,0.782,prenhe
E-BO-000794,BO-M-00259,BO-R-0010,bovino,Senepol,Nelore,5.4,3,3.4,0.51,0.67,IATF,7,0,2025-07-23,0.71,vazia
E-BO-000795,BO-M-00142,BO-R-0007,bovino,Guzera,Nelore,7.6,0,3.2,0.5,0.64,IATF,9,0,2024-09-22,0.546,prenhe
E-BO-000796,BO-M-00186,BO-R-0022,bovino,Nelore,Nelore,5.3,3,3.1,0.41,0.75,IATF,10,1,2025-10-02,0.902,prenhe
E-BO-000797,BO-M-00181,BO-R-0020,bovino,Guzera,Nelore,3.0,1,3.3,0.45,0.76,IATF,6,0,2025-06-12,0.701,vazia
E-BO-000798,BO-M-00208,BO-R-0005,bovino,Nelore,Senepol,5.4,0,3.1,0.66,0.54,IATF,12,1,2025-12-18,0.783,prenhe
E-BO-000799,BO-M-00073,BO-R-0007,bovino,Nelore,Nelore,3.8,4,3.4,0.59,0.64,convencional,4,0,2025-04-06,0.895,prenhe
E-BO-000800,BO-M-00053,BO-R-0014,bovino,Angus,Gir,6.2,4,3.9,0.23,0.94,IATF,1,1,2025-01-20,0.652,prenhe
E-BO-000801,BO-M-00012,BO-R-0015,bovino,Angus,Mestico,3.1,2,3.5,0.45,0.69,IATF,5,0,2024-05-17,0.722,prenhe
E-BO-000802,BO-M-00259,BO-R-0004,bovino,Senepol,Nelore,5.4,3,3.4,0.51,0.79,IATF,10,1,2024-10-18,0.864,vazia
E-BO-000803,BO-M-00067,BO-R-0028,bovino,Nelore,Nelore,7.0,2,3.1,0.24,0.77,IATF,9,0,2025-09-18,0.792,prenhe
E-BO-000804,BO-M-00172,BO-R-0011,bovino,Nelore,Nelore,2.1,2,3.0,0.5,0.83,IATF,10,1,2024-10-05,0.764,prenhe
E-BO-000805,BO-M-00136,BO-R-0011,bovino,Mestico,Nelore,2.1,3,3.4,0.55,0.83,IA_repasse,2,1,2024-02-08,0.661,prenhe
E-BO-000806,BO-M-00048,BO-R-0001,bovino,Angus,Angus,6.3,1,2.6,0.84,0.62,IATF,6,0,2024-06-27,0.546,vazia
E-BO-000807,BO-M-00124,BO-R-0026,bovino,Nelore,Nelore,6.5,5,3.3,0.55,0.76,convencional,3,1,2025-03-10,0.871,prenhe
E-BO-000808,BO-M-00024,BO-R-0007,bovino,Brahman,Nelore,8.6,2,3.2,0.4,0.64,convencional,4,0,2025-04-04,0.731,prenhe
E-BO-000809,BO-M-00053,BO-R-0029,bovino,Angus,Guzera,6.2,4,3.9,0.23,0.69,IATF,12,1,2025-12-19,0.592,vazia
E-BO-000810,BO-M-00041,BO-R-0014,bovino,Gir,Gir,9.6,4,3.5,0.84,0.94,IATF,11,1,2025-11-12,0.834,prenhe
E-BO-000811,BO-M-00247,BO-R-0026,bovino,Nelore,Nelore,1.7,5,2.8,0.68,0.76,IATF,1,1,2025-01-22,0.472,prenhe
E-BO-000812,BO-M-00170,BO-R-0005,bovino,Nelore,Senepol,4.6,5,2.8,0.86,0.54,IATF,2,1,2025-02-08,0.55,prenhe
E-BO-000813,BO-M-00277,BO-R-0004,bovino,Senepol,Nelore,6.3,2,3.3,0.42,0.79,IATF,8,0,2025-08-07,0.69,prenhe
E-BO-000814,BO-M-00130,BO-R-0024,bovino,Nelore,Mestico,9.4,2,3.0,0.59,0.8,IATF,2,1,2024-02-05,0.71,prenhe
E-BO-000815,BO-M-00060,BO-R-0024,bovino,Angus,Mestico,9.4,1,3.2,0.6,0.8,IATF,3,1,2025-03-10,0.775,vazia
E-BO-000816,BO-M-00182,BO-R-0016,bovino,Senepol,Nelore,6.3,2,3.1,0.63,0.72,IATF,12,1,2024-12-12,0.844,prenhe
E-BO-000817,BO-M-00278,BO-R-0000,bovino,Gir,Nelore,8.7,1,3.3,0.32,0.95,convencional,7,0,2025-07-25,0.759,prenhe
E-BO-000818,BO-M-00159,BO-R-0028,bovino,Brahman,Nelore,6.7,2,3.2,0.63,0.77,IATF,8,0,2025-08-07,0.67,prenhe
E-BO-000819,BO-M-00005,BO-R-0011,bovino,Mestico,Nelore,5.2,5,3.9,0.48,0.83,convencional,4,0,2025-04-23,0.666,prenhe
E-BO-000820,BO-M-00091,BO-R-0028,bovino,Angus,Nelore,2.1,5,2.9,0.5,0.77,IATF,4,0,2025-04-24,0.38,vazia
E-BO-000821,BO-M-00277,BO-R-0026,bovino,Senepol,Nelore,6.3,2,3.3,0.42,0.76,IATF,5,0,2025-05-19,0.724,vazia
E-BO-000822,BO-M-00155,BO-R-0025,bovino,Angus,Mestico,2.7,2,2.2,0.23,0.71,IATF,2,1,2025-02-27,0.379,vazia
E-BO-000823,BO-M-00285,BO-R-0020,bovino,Nelore,Nelore,6.7,5,3.4,0.05,0.76,IATF,6,0,2024-06-15,0.569,prenhe
E-BO-000824,BO-M-00152,BO-R-0020,bovino,Nelore,Nelore,7.4,2,3.6,0.53,0.76,IATF,7,0,2024-07-26,0.494,vazia
E-BO-000825,BO-M-00003,BO-R-0015,bovino,Angus,Mestico,5.6,4,2.5,0.67,0.69,convencional,6,0,2025-06-25,0.746,prenhe
E-BO-000826,BO-M-00261,BO-R-0000,bovino,Gir,Nelore,3.2,1,2.4,0.12,0.95,IATF,3,1,2025-03-27,0.536,vazia
E-BO-000827,BO-M-00228,BO-R-0011,bovino,Angus,Nelore,7.9,1,3.4,0.52,0.83,IATF,6,0,2024-06-22,0.73,prenhe
E-BO-000828,BO-M-00214,BO-R-0021,bovino,Brahman,Nelore,4.0,3,3.4,0.62,0.68,IATF,10,1,2025-10-02,0.788,vazia
E-BO-000829,BO-M-00291,BO-R-0024,bovino,Nelore,Mestico,5.0,2,3.9,0.71,0.8,IATF,12,1,2025-12-16,0.659,prenhe
E-BO-000830,BO-M-00058,BO-R-0016,bovino,Nelore,Nelore,5.4,3,3.2,0.43,0.72,IATF,4,0,2025-04-02,0.745,prenhe
E-BO-000831,BO-M-00271,BO-R-0021,bovino,Nelore,Nelore,8.6,4,3.9,0.46,0.68,IATF,6,0,2024-06-15,0.505,vazia
E-BO-000832,BO-M-00069,BO-R-0000,bovino,Nelore,Nelore,9.1,0,3.1,0.49,0.95,IATF,11,1,2025-11-15,0.698,prenhe
E-BO-000833,BO-M-00291,BO-R-0014,bovino,Nelore,Gir,5.0,2,3.9,0.71,0.94,IATF,6,0,2024-06-21,0.639,prenhe
E-BO-000834,BO-M-00057,BO-R-0015,bovino,Senepol,Mestico,8.2,3,3.4,1.0,0.69,IATF,11,1,2024-11-11,0.797,prenhe
E-BO-000835,BO-M-00165,BO-R-0026,bovino,Nelore,Nelore,7.3,0,3.3,0.27,0.76,IA_repasse,9,0,2025-09-18,0.515,vazia
E-BO-000836,BO-M-00236,BO-R-0009,bovino,Senepol,Nelore,5.7,2,3.0,0.7,0.44,IATF,1,1,2025-01-15,0.799,prenhe
E-BO-000837,BO-M-00023,BO-R-0006,bovino,Guzera,Senepol,5.8,3,2.3,0.57,0.51,IATF,6,0,2024-06-26,0.438,vazia
E-BO-000838,BO-M-00020,BO-R-0010,bovino,Brahman,Nelore,9.2,3,3.7,0.36,0.67,IA_repasse,2,1,2024-02-28,0.231,vazia
E-BO-000839,BO-M-00254,BO-R-0005,bovino,Nelore,Senepol,1.4,3,2.7,0.43,0.54,IATF,9,0,2024-09-20,0.389,vazia
E-BO-000840,BO-M-00018,BO-R-0016,bovino,Gir,Nelore,3.7,4,2.4,0.71,0.72,IATF,5,0,2025-05-05,0.47,vazia
E-BO-000841,BO-M-00184,BO-R-0019,bovino,Brahman,Angus,1.3,2,2.9,0.42,0.62,convencional,6,0,2025-06-05,0.421,prenhe
E-BO-000842,BO-M-00281,BO-R-0024,bovino,Nelore,Mestico,5.8,0,2.8,0.13,0.8,convencional,6,0,2024-06-11,0.527,vazia
E-BO-000843,BO-M-00184,BO-R-0029,bovino,Brahman,Guzera,1.3,2,2.9,0.42,0.69,convencional,4,0,2024-04-25,0.541,vazia
E-BO-000844,BO-M-00144,BO-R-0002,bovino,Senepol,Nelore,3.4,1,2.9,0.35,0.66,IATF,5,0,2025-05-27,0.392,vazia
E-BO-000845,BO-M-00125,BO-R-0007,bovino,Senepol,Nelore,8.2,1,3.4,0.69,0.64,IA_repasse,4,0,2024-04-26,0.509,vazia
E-BO-000846,BO-M-00191,BO-R-0009,bovino,Nelore,Nelore,6.8,3,3.4,0.45,0.44,IATF,2,1,2024-02-16,0.744,prenhe
E-BO-000847,BO-M-00171,BO-R-0007,bovino,Senepol,Nelore,5.3,2,2.9,0.75,0.64,IA_repasse,12,1,2024-12-21,0.578,prenhe
E-BO-000848,BO-M-00150,BO-R-0024,bovino,Gir,Mestico,1.4,0,3.3,0.32,0.8,convencional,2,1,2025-02-20,0.651,vazia
E-BO-000849,BO-M-00046,BO-R-0004,bovino,Nelore,Nelore,9.5,5,3.2,0.34,0.79,convencional,6,0,2024-06-26,0.585,prenhe
E-BO-000850,BO-M-00198,BO-R-0000,bovino,Nelore,Nelore,4.2,0,3.9,0.31,0.95,IATF,6,0,2024-06-03,0.583,vazia
E-BO-000851,BO-M-00221,BO-R-0025,bovino,Senepol,Mestico,4.4,5,3.6,0.35,0.71,IATF,6,0,2024-06-21,0.388,vazia
E-BO-000852,BO-M-00212,BO-R-0028,bovino,Nelore,Nelore,1.5,1,3.8,0.31,0.77,IATF,9,0,2024-09-07,0.433,vazia
E-BO-000853,BO-M-00022,BO-R-0006,bovino,Mestico,Senepol,4.0,5,2.7,0.69,0.51,IATF,1,1,2024-01-07,0.524,prenhe
E-BO-000854,BO-M-00210,BO-R-0009,bovino,Angus,Nelore,1.6,0,3.2,0.44,0.44,IATF,1,1,2024-01-09,0.469,prenhe
E-BO-000855,BO-M-00218,BO-R-0015,bovino,Guzera,Mestico,1.1,5,3.7,0.67,0.69,convencional,9,0,2024-09-27,0.405,prenhe
E-BO-000856,BO-M-00055,BO-R-0015,bovino,Brahman,Mestico,5.7,0,3.3,0.6,0.69,IATF,1,1,2024-01-15,0.729,prenhe
E-BO-000857,BO-M-00254,BO-R-0029,bovino,Nelore,Guzera,1.4,3,2.7,0.43,0.69,IATF,8,0,2024-08-20,0.453,prenhe
E-BO-000858,BO-M-00157,BO-R-0012,bovino,Angus,Guzera,5.1,0,3.1,0.58,0.64,IATF,2,1,2025-02-28,0.645,prenhe
E-BO-000859,BO-M-00141,BO-R-0000,bovino,Senepol,Nelore,2.4,0,2.5,0.48,0.95,IATF,1,1,2024-01-23,0.541,prenhe
E-BO-000860,BO-M-00216,BO-R-0012,bovino,Nelore,Guzera,3.8,3,2.6,0.56,0.64,IATF,3,1,2025-03-27,0.642,prenhe
E-BO-000861,BO-M-00152,BO-R-0016,bovino,Nelore,Nelore,7.4,2,3.6,0.53,0.72,IATF,3,1,2025-03-29,0.632,prenhe
E-BO-000862,BO-M-00163,BO-R-0015,bovino,Nelore,Mestico,3.7,1,2.6,0.68,0.69,convencional,2,1,2025-02-22,0.775,vazia
E-BO-000863,BO-M-00093,BO-R-0015,bovino,Nelore,Mestico,7.2,0,2.9,0.5,0.69,convencional,4,0,2025-04-02,0.456,prenhe
E-BO-000864,BO-M-00278,BO-R-0027,bovino,Gir,Brahman,8.7,1,3.3,0.32,0.48,IATF,8,0,2025-08-13,0.453,vazia
E-BO-000865,BO-M-00290,BO-R-0024,bovino,Gir,Mestico,9.3,1,2.6,0.31,0.8,IATF,2,1,2024-02-21,0.553,prenhe
E-BO-000866,BO-M-00039,BO-R-0007,bovino,Angus,Nelore,9.4,0,3.4,0.64,0.64,IATF,5,0,2024-05-03,0.586,prenhe
E-BO-000867,BO-M-00219,BO-R-0010,bovino,Nelore,Nelore,8.4,2,3.6,0.86,0.67,convencional,8,0,2024-08-19,0.619,prenhe
E-BO-000868,BO-M-00007,BO-R-0020,bovino,Brahman,Nelore,6.8,4,3.6,0.56,0.76,convencional,5,0,2025-05-17,0.691,prenhe
E-BO-000869,BO-M-00110,BO-R-0012,bovino,Senepol,Guzera,7.0,3,3.4,0.37,0.64,IATF,9,0,2025-09-29,0.658,prenhe
E-BO-000870,BO-M-00290,BO-R-0012,bovino,Gir,Guzera,9.3,1,2.6,0.31,0.64,convencional,11,1,2025-11-01,0.493,vazia
E-BO-000871,BO-M-00052,BO-R-0005,bovino,Brahman,Senepol,6.1,0,3.3,0.5,0.54,IATF,2,1,2025-02-28,0.683,prenhe
E-BO-000872,BO-M-00113,BO-R-0007,bovino,Senepol,Nelore,9.1,5,3.0,0.83,0.64,IATF,10,1,2024-10-26,0.612,prenhe
E-BO-000873,BO-M-00065,BO-R-0022,bovino,Senepol,Nelore,4.8,0,3.3,0.47,0.75,convencional,10,1,2024-10-27,0.872,prenhe
E-BO-000874,BO-M-00218,BO-R-0025,bovino,Guzera,Mestico,1.1,5,3.7,0.67,0.71,IATF,2,1,2024-02-13,0.585,vazia
E-BO-000875,BO-M-00139,BO-R-0023,bovino,Nelore,Senepol,6.7,2,3.5,0.27,0.92,IATF,12,1,2024-12-05,0.859,prenhe
E-BO-000876,BO-M-00177,BO-R-0009,bovino,Mestico,Nelore,6.5,4,2.8,0.36,0.44,IATF,1,1,2025-01-09,0.451,vazia
E-BO-000877,BO-M-00282,BO-R-0004,bovino,Nelore,Nelore,1.9,1,3.0,0.67,0.79,IATF,6,0,2024-06-01,0.563,prenhe
E-BO-000878,BO-M-00156,BO-R-0004,bovino,Nelore,Nelore,9.8,2,3.2,0.4,0.79,IATF,7,0,2025-07-14,0.665,prenhe
E-BO-000879,BO-M-00220,BO-R-0011,bovino,Nelore,Nelore,8.7,5,3.3,0.81,0.83,IATF,8,0,2025-08-15,0.641,prenhe
E-BO-000880,BO-M-00029,BO-R-0015,bovino,Angus,Mestico,3.6,1,2.8,0.64,0.69,IATF,8,0,2024-08-08,0.588,prenhe
E-BO-000881,BO-M-00064,BO-R-0026,bovino,Angus,Nelore,6.9,1,3.2,0.57,0.76,IATF,10,1,2025-10-29,0.781,prenhe
E-BO-000882,BO-M-00284,BO-R-0026,bovino,Senepol,Nelore,9.3,2,3.2,0.5,0.76,convencional,3,1,2024-03-19,0.856,prenhe
E-BO-000883,BO-M-00257,BO-R-0000,bovino,Nelore,Nelore,5.4,2,3.0,0.87,0.95,IATF,10,1,2025-10-26,0.95,prenhe
E-BO-000884,BO-M-00197,BO-R-0021,bovino,Gir,Nelore,6.6,3,3.5,0.1,0.68,convencional,7,0,2025-07-14,0.715,prenhe
E-BO-000885,BO-M-00113,BO-R-0008,bovino,Senepol,Nelore,9.1,5,3.0,0.83,0.68,IATF,6,0,2024-06-12,0.568,prenhe
E-BO-000886,BO-M-00059,BO-R-0005,bovino,Nelore,Senepol,6.4,4,2.5,0.84,0.54,IATF,4,0,2025-04-19,0.514,vazia
E-BO-000887,BO-M-00255,BO-R-0016,bovino,Brahman,Nelore,3.1,0,2.7,0.55,0.72,IATF,8,0,2024-08-14,0.587,prenhe
E-BO-000888,BO-M-00235,BO-R-0001,bovino,Gir,Angus,2.9,0,3.9,0.42,0.62,convencional,8,0,2025-08-06,0.387,vazia
E-BO-000889,BO-M-00072,BO-R-0010,bovino,Gir,Nelore,4.3,5,3.5,0.71,0.67,IATF,4,0,2024-04-27,0.722,vazia
E-BO-000890,BO-M-00176,BO-R-0016,bovino,Nelore,Nelore,4.9,5,2.9,0.3,0.72,convencional,6,0,2024-06-27,0.531,prenhe
E-BO-000891,BO-M-00185,BO-R-0008,bovino,Angus,Nelore,4.8,1,4.2,0.42,0.68,IATF,8,0,2024-08-12,0.343,prenhe
E-BO-000892,BO-M-00143,BO-R-0017,bovino,Senepol,Angus,2.7,3,3.2,0.25,0.81,IATF,5,0,2024-05-25,0.592,prenhe
E-BO-000893,BO-M-00278,BO-R-0013,bovino,Gir,Nelore,8.7,1,3.3,0.32,0.77,IATF,8,0,2024-08-30,0.607,prenhe
E-BO-000894,BO-M-00037,BO-R-0023,bovino,Senepol,Senepol,7.5,0,3.6,0.63,0.92,IATF,3,1,2025-03-15,0.638,prenhe
E-BO-000895,BO-M-00077,BO-R-0005,bovino,Angus,Senepol,4.9,4,3.7,0.65,0.54,IATF,4,0,2025-04-07,0.492,vazia
E-BO-000896,BO-M-00028,BO-R-0001,bovino,Nelore,Angus,6.7,0,3.0,0.36,0.62,IATF,2,1,2025-02-08,0.668,prenhe
E-BO-000897,BO-M-00207,BO-R-0015,bovino,Angus,Mestico,8.5,5,3.4,0.43,0.69,IATF,5,0,2024-05-18,0.537,prenhe
E-BO-000898,BO-M-00193,BO-R-0007,bovino,Gir,Nelore,3.8,4,2.9,0.41,0.64,IATF,5,0,2024-05-27,0.61,prenhe
E-BO-000899,BO-M-00296,BO-R-0021,bovino,Mestico,Nelore,7.3,3,3.2,0.51,0.68,IATF,11,1,2025-11-02,0.832,prenhe
E-BO-000900,BO-M-00162,BO-R-0002,bovino,Nelore,Nelore,9.5,2,2.6,0.39,0.66,IATF,7,0,2024-07-02,0.434,prenhe
E-BO-000901,BO-M-00045,BO-R-0017,bovino,Gir,Angus,8.2,5,2.3,0.54,0.81,IATF,3,1,2024-03-16,0.428,vazia
E-BO-000902,BO-M-00135,BO-R-0029,bovino,Nelore,Guzera,2.8,5,3.2,0.57,0.69,IATF,11,1,2024-11-27,0.562,prenhe
E-BO-000903,BO-M-00026,BO-R-0002,bovino,Senepol,Nelore,8.2,0,4.1,0.44,0.66,IATF,1,1,2024-01-06,0.244,prenhe
E-BO-000904,BO-M-00201,BO-R-0009,bovino,Mestico,Nelore,9.0,1,2.8,0.81,0.44,IATF,9,0,2024-09-07,0.294,vazia
E-BO-000905,BO-M-00202,BO-R-0025,bovino,Senepol,Mestico,9.3,1,3.3,0.63,0.71,IATF,9,0,2025-09-16,0.523,prenhe
E-BO-000906,BO-M-00257,BO-R-0016,bovino,Nelore,Nelore,5.4,2,3.0,0.87,0.72,convencional,7,0,2024-07-14,0.95,prenhe
E-BO-000907,BO-M-00101,BO-R-0005,bovino,Angus,Senepol,9.3,2,3.9,0.55,0.54,IATF,5,0,2025-05-28,0.401,vazia
E-BO-000908,BO-M-00093,BO-R-0006,bovino,Nelore,Senepol,7.2,0,2.9,0.5,0.51,IATF,12,1,2024-12-23,0.478,vazia
E-BO-000909,BO-M-00021,BO-R-0022,bovino,Nelore,Nelore,5.3,3,3.8,0.74,0.75,convencional,9,0,2024-09-16,0.608,vazia
E-BO-000910,BO-M-00124,BO-R-0025,bovino,Nelore,Mestico,6.5,5,3.3,0.55,0.71,IATF,4,0,2025-04-27,0.777,prenhe
E-BO-000911,BO-M-00142,BO-R-0010,bovino,Guzera,Nelore,7.6,0,3.2,0.5,0.67,IATF,3,1,2025-03-10,0.663,prenhe
E-BO-000912,BO-M-00226,BO-R-0014,bovino,Nelore,Gir,9.6,4,3.4,0.47,0.94,IA_repasse,8,0,2024-08-20,0.703,prenhe
E-BO-000913,BO-M-00226,BO-R-0023,bovino,Nelore,Senepol,9.6,4,3.4,0.47,0.92,convencional,6,0,2024-06-12,0.72,prenhe
E-BO-000914,BO-M-00042,BO-R-0005,bovino,Brahman,Senepol,8.2,5,3.6,0.46,0.54,convencional,10,1,2025-10-31,0.427,vazia
E-BO-000915,BO-M-00085,BO-R-0006,bovino,Nelore,Senepol,9.9,0,3.7,0.69,0.51,IATF,5,0,2024-05-02,0.192,vazia
E-BO-000916,BO-M-00153,BO-R-0023,bovino,Senepol,Senepol,2.6,5,3.2,0.35,0.92,IATF,12,1,2025-12-01,0.686,prenhe
E-BO-000917,BO-M-00100,BO-R-0005,bovino,Guzera,Senepol,3.7,4,3.0,0.64,0.54,IA_repasse,12,1,2024-12-09,0.629,vazia
E-BO-000918,BO-M-00007,BO-R-0023,bovino,Brahman,Senepol,6.8,4,3.6,0.56,0.92,convencional,12,1,2025-12-28,0.796,vazia
E-BO-000919,BO-M-00253,BO-R-0014,bovino,Nelore,Gir,9.2,1,3.5,0.62,0.94,IATF,9,0,2024-09-14,0.611,prenhe
E-BO-000920,BO-M-00219,BO-R-0029,bovino,Nelore,Guzera,8.4,2,3.6,0.86,0.69,IATF,2,1,2025-02-16,0.627,vazia
E-BO-000921,BO-M-00156,BO-R-0000,bovino,Nelore,Nelore,9.8,2,3.2,0.4,0.95,IATF,3,1,2025-03-25,0.806,prenhe
E-BO-000922,BO-M-00095,BO-R-0028,bovino,Angus,Nelore,5.1,3,3.4,0.57,0.77,IATF,9,0,2024-09-04,0.873,prenhe
E-BO-000923,BO-M-00252,BO-R-0006,bovino,Senepol,Senepol,2.6,0,3.3,0.48,0.51,IATF,6,0,2024-06-08,0.396,prenhe
E-BO-000924,BO-M-00010,BO-R-0001,bovino,Nelore,Angus,5.3,3,3.4,0.79,0.62,IATF,1,1,2025-01-14,0.857,prenhe
E-BO-000925,BO-M-00133,BO-R-0021,bovino,Nelore,Nelore,8.5,4,3.2,0.44,0.68,IATF,4,0,2025-04-28,0.526,prenhe
E-BO-000926,BO-M-00240,BO-R-0015,bovino,Gir,Mestico,9.9,4,4.0,0.75,0.69,IATF,7,0,2024-07-09,0.469,vazia
E-BO-000927,BO-M-00285,BO-R-0025,bovino,Nelore,Mestico,6.7,5,3.4,0.05,0.71,IATF,7,0,2025-07-13,0.548,prenhe
E-BO-000928,BO-M-00075,BO-R-0003,bovino,Nelore,Angus,2.3,4,3.1,0.8,0.71,IATF,4,0,2025-04-11,0.697,prenhe
E-BO-000929,BO-M-00195,BO-R-0002,bovino,Nelore,Nelore,5.9,3,3.8,0.27,0.66,IATF,5,0,2024-05-01,0.559,vazia
E-BO-000930,BO-M-00056,BO-R-0017,bovino,Senepol,Angus,7.9,1,2.7,0.81,0.81,IATF,11,1,2025-11-16,0.756,prenhe
E-BO-000931,BO-M-00034,BO-R-0026,bovino,Senepol,Nelore,2.2,3,4.1,0.27,0.76,IA_repasse,2,1,2024-02-02,0.256,vazia
E-BO-000932,BO-M-00105,BO-R-0012,bovino,Brahman,Guzera,8.9,4,3.2,0.5,0.64,IATF,4,0,2025-04-22,0.636,prenhe
E-BO-000933,BO-M-00265,BO-R-0023,bovino,Nelore,Senepol,7.0,0,3.5,0.6,0.92,IATF,11,1,2024-11-16,0.826,vazia
E-BO-000934,BO-M-00206,BO-R-0027,bovino,Nelore,Brahman,3.8,2,3.1,0.7,0.48,IATF,4,0,2025-04-22,0.676,vazia
E-BO-000935,BO-M-00146,BO-R-0026,bovino,Nelore,Nelore,9.8,5,2.5,1.0,0.76,IATF,7,0,2025-07-19,0.449,prenhe
E-BO-000936,BO-M-00084,BO-R-0015,bovino,Nelore,Mestico,4.4,2,3.8,0.33,0.69,IATF,5,0,2025-05-16,0.504,prenhe
E-BO-000937,BO-M-00042,BO-R-0020,bovino,Brahman,Nelore,8.2,5,3.6,0.46,0.76,IATF,4,0,2025-04-20,0.463,prenhe
E-BO-000938,BO-M-00081,BO-R-0015,bovino,Nelore,Mestico,9.4,4,2.7,0.67,0.69,IATF,9,0,2025-09-05,0.485,vazia
E-BO-000939,BO-M-00045,BO-R-0020,bovino,Gir,Nelore,8.2,5,2.3,0.54,0.76,IATF,5,0,2025-05-27,0.301,vazia
E-BO-000940,BO-M-00056,BO-R-0017,bovino,Senepol,Angus,7.9,1,2.7,0.81,0.81,IATF,8,0,2025-08-17,0.613,prenhe
E-BO-000941,BO-M-00206,BO-R-0015,bovino,Nelore,Mestico,3.8,2,3.1,0.7,0.69,IATF,10,1,2024-10-21,0.95,prenhe
E-BO-000942,BO-M-00039,BO-R-0013,bovino,Angus,Nelore,9.4,0,3.4,0.64,0.77,IATF,5,0,2024-05-28,0.631,vazia
E-BO-000943,BO-M-00014,BO-R-0019,bovino,Nelore,Angus,4.3,0,3.3,0.44,0.62,IATF,6,0,2024-06-20,0.56,prenhe
E-BO-000944,BO-M-00162,BO-R-0022,bovino,Nelore,Nelore,9.5,2,2.6,0.39,0.75,IATF,3,1,2025-03-22,0.504,vazia
E-BO-000945,BO-M-00085,BO-R-0027,bovino,Nelore,Brahman,9.9,0,3.7,0.69,0.48,IATF,1,1,2025-01-23,0.359,vazia
E-BO-000946,BO-M-00136,BO-R-0018,bovino,Mestico,Gir,2.1,3,3.4,0.55,0.73,IATF,2,1,2024-02-26,0.719,prenhe
E-BO-000947,BO-M-00041,BO-R-0003,bovino,Gir,Angus,9.6,4,3.5,0.84,0.71,IATF,5,0,2024-05-29,0.647,prenhe
E-BO-000948,BO-M-00062,BO-R-0017,bovino,Senepol,Angus,2.1,2,4.1,0.64,0.81,IATF,12,1,2025-12-07,0.514,prenhe
E-BO-000949,BO-M-00132,BO-R-0009,bovino,Senepol,Nelore,7.3,2,3.7,0.6,0.44,IA_repasse,6,0,2025-06-14,0.459,prenhe
E-BO-000950,BO-M-00207,BO-R-0000,bovino,Angus,Nelore,8.5,5,3.4,0.43,0.95,IA_repasse,7,0,2025-07-05,0.45,vazia
E-BO-000951,BO-M-00124,BO-R-0002,bovino,Nelore,Nelore,6.5,5,3.3,0.55,0.66,IA_repasse,5,0,2024-05-23,0.498,vazia
E-BO-000952,BO-M-00162,BO-R-0017,bovino,Nelore,Angus,9.5,2,2.6,0.39,0.81,IATF,2,1,2024-02-16,0.518,vazia
E-BO-000953,BO-M-00156,BO-R-0028,bovino,Nelore,Nelore,9.8,2,3.2,0.4,0.77,IATF,7,0,2024-07-31,0.596,prenhe
E-BO-000954,BO-M-00080,BO-R-0015,bovino,Angus,Mestico,6.0,4,2.8,0.78,0.69,IATF,9,0,2025-09-17,0.722,prenhe
E-BO-000955,BO-M-00083,BO-R-0013,bovino,Nelore,Nelore,5.3,4,3.4,0.65,0.77,IATF,1,1,2025-01-04,0.928,prenhe
E-BO-000956,BO-M-00127,BO-R-0002,bovino,Nelore,Nelore,8.6,0,3.6,0.47,0.66,IATF,7,0,2025-07-26,0.365,vazia
E-BO-000957,BO-M-00009,BO-R-0020,bovino,Senepol,Nelore,2.3,5,2.6,0.76,0.76,IATF,12,1,2024-12-21,0.503,prenhe
E-BO-000958,BO-M-00205,BO-R-0001,bovino,Nelore,Angus,8.2,0,4.1,0.65,0.62,IATF,12,1,2024-12-23,0.304,vazia
E-BO-000959,BO-M-00184,BO-R-0025,bovino,Brahman,Mestico,1.3,2,2.9,0.42,0.71,IATF,3,1,2025-03-14,0.435,vazia
E-BO-000960,BO-M-00091,BO-R-0024,bovino,Angus,Mestico,2.1,5,2.9,0.5,0.8,IATF,12,1,2025-12-01,0.519,vazia
E-BO-000961,BO-M-00112,BO-R-0029,bovino,Nelore,Guzera,1.8,4,2.6,0.41,0.69,convencional,11,1,2024-11-15,0.623,prenhe
E-BO-000962,BO-M-00098,BO-R-0008,bovino,Nelore,Nelore,5.1,3,3.3,0.62,0.68,IATF,3,1,2025-03-10,0.9,prenhe
E-BO-000963,BO-M-00195,BO-R-0004,bovino,Nelore,Nelore,5.9,3,3.8,0.27,0.79,convencional,11,1,2025-11-02,0.729,prenhe
E-BO-000964,BO-M-00227,BO-R-0008,bovino,Senepol,Nelore,10.0,5,1.7,0.19,0.68,IATF,9,0,2024-09-28,0.183,vazia
E-BO-000965,BO-M-00032,BO-R-0023,bovino,Nelore,Senepol,7.3,5,2.7,0.57,0.92,IATF,9,0,2025-09-05,0.601,prenhe
E-BO-000966,BO-M-00123,BO-R-0006,bovino,Nelore,Senepol,1.5,5,3.2,0.44,0.51,IATF,1,1,2025-01-25,0.567,vazia
E-BO-000967,BO-M-00004,BO-R-0026,bovino,Nelore,Nelore,8.7,3,2.7,0.13,0.76,IATF,10,1,2025-10-03,0.396,prenhe
E-BO-000968,BO-M-00135,BO-R-0004,bovino,Nelore,Nelore,2.8,5,3.2,0.57,0.79,IATF,12,1,2024-12-07,0.697,prenhe
E-BO-000969,BO-M-00074,BO-R-0001,bovino,Nelore,Angus,2.4,4,2.3,0.42,0.62,IATF,4,0,2025-04-04,0.291,prenhe
E-BO-000970,BO-M-00100,BO-R-0006,bovino,Guzera,Senepol,3.7,4,3.0,0.64,0.51,IATF,8,0,2024-08-23,0.639,vazia
E-BO-000971,BO-M-00136,BO-R-0022,bovino,Mestico,Nelore,2.1,3,3.4,0.55,0.75,IATF,4,0,2025-04-08,0.536,vazia
E-BO-000972,BO-M-00097,BO-R-0018,bovino,Nelore,Gir,3.7,4,3.3,0.48,0.73,IATF,8,0,2024-08-26,0.741,prenhe
E-BO-000973,BO-M-00118,BO-R-0010,bovino,Nelore,Nelore,2.8,2,4.1,0.53,0.67,convencional,3,1,2025-03-20,0.586,vazia
E-BO-000974,BO-M-00229,BO-R-0019,bovino,Nelore,Angus,3.8,4,1.5,0.24,0.62,IATF,7,0,2025-07-29,0.47,prenhe
E-BO-000975,BO-M-00243,BO-R-0019,bovino,Senepol,Angus,9.9,2,3.1,0.46,0.62,IATF,11,1,2024-11-13,0.668,prenhe
E-BO-000976,BO-M-00001,BO-R-0016,bovino,Nelore,Nelore,2.2,2,3.8,0.61,0.72,IATF,11,1,2024-11-09,0.648,prenhe
E-BO-000977,BO-M-00113,BO-R-0015,bovino,Senepol,Mestico,9.1,5,3.0,0.83,0.69,IATF,8,0,2024-08-23,0.59,vazia
E-BO-000978,BO-M-00254,BO-R-0003,bovino,Nelore,Angus,1.4,3,2.7,0.43,0.71,IATF,6,0,2025-06-17,0.478,prenhe
E-BO-000979,BO-M-00159,BO-R-0007,bovino,Brahman,Nelore,6.7,2,3.2,0.63,0.64,IATF,3,1,2025-03-08,0.799,prenhe
E-BO-000980,BO-M-00061,BO-R-0015,bovino,Senepol,Mestico,2.1,5,3.2,0.52,0.69,convencional,1,1,2025-01-12,0.684,prenhe
E-BO-000981,BO-M-00178,BO-R-0004,bovino,Guzera,Nelore,6.7,3,3.4,0.85,0.79,IATF,1,1,2024-01-19,0.892,prenhe
E-BO-000982,BO-M-00043,BO-R-0014,bovino,Nelore,Gir,6.3,2,3.5,0.78,0.94,IATF,3,1,2024-03-21,0.869,prenhe
E-BO-000983,BO-M-00006,BO-R-0003,bovino,Brahman,Angus,4.5,3,3.3,0.11,0.71,IATF,1,1,2024-01-06,0.81,vazia
E-BO-000984,BO-M-00189,BO-R-0023,bovino,Nelore,Senepol,6.1,5,2.7,0.61,0.92,convencional,9,0,2025-09-12,0.668,prenhe
E-BO-000985,BO-M-00154,BO-R-0003,bovino,Nelore,Angus,1.8,1,2.3,0.53,0.71,convencional,9,0,2025-09-13,0.36,vazia
E-BO-000986,BO-M-00226,BO-R-0002,bovino,Nelore,Nelore,9.6,4,3.4,0.47,0.66,convencional,2,1,2024-02-19,0.709,prenhe
E-BO-000987,BO-M-00103,BO-R-0019,bovino,Mestico,Angus,2.0,5,2.1,0.5,0.62,IATF,2,1,2024-02-03,0.298,vazia
E-BO-000988,BO-M-00256,BO-R-0006,bovino,Gir,Senepol,3.6,5,3.8,0.43,0.51,IATF,7,0,2025-07-24,0.488,prenhe
E-BO-000989,BO-M-00126,BO-R-0010,bovino,Nelore,Nelore,3.1,4,4.8,0.64,0.67,IATF,1,1,2025-01-18,0.671,vazia
E-BO-000990,BO-M-00221,BO-R-0009,bovino,Senepol,Nelore,4.4,5,3.6,0.35,0.44,convencional,8,0,2024-08-13,0.373,prenhe
E-BO-000991,BO-M-00030,BO-R-0006,bovino,Brahman,Senepol,7.6,4,3.2,0.3,0.51,IATF,3,1,2025-03-24,0.686,vazia
E-BO-000992,BO-M-00029,BO-R-0022,bovino,Angus,Nelore,3.6,1,2.8,0.64,0.75,IATF,6,0,2024-06-21,0.516,prenhe
E-BO-000993,BO-M-00234,BO-R-0020,bovino,Guzera,Nelore,1.1,1,2.8,0.4,0.76,IATF,5,0,2024-05-24,0.443,vazia
E-BO-000994,BO-M-00250,BO-R-0007,bovino,Angus,Nelore,5.2,1,3.1,0.86,0.64,IATF,9,0,2024-09-25,0.752,prenhe
E-BO-000995,BO-M-00282,BO-R-0020,bovino,Nelore,Nelore,1.9,1,3.0,0.67,0.76,IATF,10,1,2025-10-15,0.666,vazia
E-BO-000996,BO-M-00097,BO-R-0021,bovino,Nelore,Nelore,3.7,4,3.3,0.48,0.68,IATF,7,0,2025-07-14,0.732,prenhe
E-BO-000997,BO-M-00006,BO-R-0016,bovino,Brahman,Nelore,4.5,3,3.3,0.11,0.72,IATF,5,0,2024-05-18,0.646,prenhe
E-BO-000998,BO-M-00293,BO-R-0017,bovino,Nelore,Angus,6.4,1,2.4,0.63,0.81,convencional,2,1,2025-02-14,0.751,prenhe
E-BO-000999,BO-M-00180,BO-R-0028,bovino,Guzera,Nelore,4.7,5,3.4,0.29,0.77,IATF,10,1,2025-10-07,0.753,prenhe
E-BO-001000,BO-M-00074,BO-R-0013,bovino,Nelore,Nelore,2.4,4,2.3,0.42,0.77,convencional,11,1,2025-11-25,0.565,prenhe
E-BO-001001,BO-M-00229,BO-R-0011,bovino,Nelore,Nelore,3.8,4,1.5,0.24,0.83,IATF,7,0,2025-07-10,0.337,prenhe
E-BO-001002,BO-M-00271,BO-R-0016,bovino,Nelore,Nelore,8.6,4,3.9,0.46,0.72,convencional,4,0,2024-04-04,0.537,vazia
E-BO-001003,BO-M-00085,BO-R-0025,bovino,Nelore,Mestico,9.9,0,3.7,0.69,0.71,IATF,6,0,2024-06-24,0.486,vazia
E-BO-001004,BO-M-00230,BO-R-0021,bovino,Nelore,Nelore,7.2,2,2.3,0.74,0.68,convencional,6,0,2024-06-08,0.676,prenhe
E-BO-001005,BO-M-00236,BO-R-0002,bovino,Senepol,Nelore,5.7,2,3.0,0.7,0.66,IATF,4,0,2024-04-20,0.672,vazia
E-BO-001006,BO-M-00150,BO-R-0013,bovino,Gir,Nelore,1.4,0,3.3,0.32,0.77,IATF,5,0,2024-05-07,0.486,prenhe
E-BO-001007,BO-M-00189,BO-R-0022,bovino,Nelore,Nelore,6.1,5,2.7,0.61,0.75,IATF,8,0,2024-08-18,0.472,prenhe
E-BO-001008,BO-M-00080,BO-R-0006,bovino,Angus,Senepol,6.0,4,2.8,0.78,0.51,IATF,2,1,2025-02-09,0.716,prenhe
E-BO-001009,BO-M-00278,BO-R-0029,bovino,Gir,Guzera,8.7,1,3.3,0.32,0.69,IATF,10,1,2024-10-17,0.612,prenhe
E-BO-001010,BO-M-00294,BO-R-0024,bovino,Gir,Mestico,1.1,2,2.7,0.66,0.8,convencional,11,1,2024-11-03,0.654,prenhe
E-BO-001011,BO-M-00294,BO-R-0025,bovino,Gir,Mestico,1.1,2,2.7,0.66,0.71,convencional,6,0,2024-06-28,0.578,prenhe
E-BO-001012,BO-M-00221,BO-R-0002,bovino,Senepol,Nelore,4.4,5,3.6,0.35,0.66,IATF,4,0,2024-04-20,0.314,prenhe
E-BO-001013,BO-M-00012,BO-R-0017,bovino,Angus,Angus,3.1,2,3.5,0.45,0.81,IATF,12,1,2025-12-30,0.8,prenhe
E-BO-001014,BO-M-00109,BO-R-0015,bovino,Guzera,Mestico,10.0,5,1.9,0.13,0.69,IATF,3,1,2025-03-13,0.264,vazia
E-BO-001015,BO-M-00133,BO-R-0018,bovino,Nelore,Gir,8.5,4,3.2,0.44,0.73,convencional,6,0,2024-06-16,0.752,prenhe
E-BO-001016,BO-M-00287,BO-R-0025,bovino,Nelore,Mestico,4.0,0,3.0,0.8,0.71,convencional,8,0,2025-08-14,0.707,vazia
E-BO-001017,BO-M-00164,BO-R-0010,bovino,Senepol,Nelore,6.2,3,2.7,0.55,0.67,IATF,8,0,2025-08-29,0.549,vazia
E-BO-001018,BO-M-00160,BO-R-0016,bovino,Nelore,Nelore,6.2,0,3.3,0.29,0.72,IA_repasse,12,1,2025-12-06,0.636,prenhe
E-BO-001019,BO-M-00044,BO-R-0020,bovino,Gir,Nelore,8.0,5,3.4,0.42,0.76,IATF,4,0,2024-04-26,0.595,prenhe
E-BO-001020,BO-M-00238,BO-R-0022,bovino,Nelore,Nelore,2.5,1,3.2,0.9,0.75,convencional,4,0,2025-04-12,0.771,vazia
E-BO-001021,BO-M-00100,BO-R-0023,bovino,Guzera,Senepol,3.7,4,3.0,0.64,0.92,IA_repasse,12,1,2025-12-16,0.839,prenhe
E-BO-001022,BO-M-00027,BO-R-0010,bovino,Nelore,Nelore,5.8,5,3.5,0.66,0.67,convencional,8,0,2025-08-11,0.866,prenhe
E-BO-001023,BO-M-00296,BO-R-0029,bovino,Mestico,Guzera,7.3,3,3.2,0.51,0.69,IATF,6,0,2024-06-13,0.726,vazia
E-BO-001024,BO-M-00057,BO-R-0000,bovino,Senepol,Nelore,8.2,3,3.4,1.0,0.95,IATF,10,1,2025-10-13,0.881,prenhe
E-BO-001025,BO-M-00004,BO-R-0014,bovino,Nelore,Gir,8.7,3,2.7,0.13,0.94,IATF,11,1,2024-11-03,0.585,vazia
E-BO-001026,BO-M-00023,BO-R-0018,bovino,Guzera,Gir,5.8,3,2.3,0.57,0.73,convencional,12,1,2024-12-22,0.61,prenhe
E-BO-001027,BO-M-00135,BO-R-0001,bovino,Nelore,Angus,2.8,5,3.2,0.57,0.62,IATF,2,1,2025-02-11,0.581,prenhe
E-BO-001028,BO-M-00030,BO-R-0013,bovino,Brahman,Nelore,7.6,4,3.2,0.3,0.77,IATF,7,0,2025-07-17,0.705,prenhe
E-BO-001029,BO-M-00252,BO-R-0017,bovino,Senepol,Angus,2.6,0,3.3,0.48,0.81,convencional,3,1,2024-03-28,0.723,vazia
E-BO-001030,BO-M-00153,BO-R-0018,bovino,Senepol,Gir,2.6,5,3.2,0.35,0.73,IATF,1,1,2025-01-28,0.634,prenhe
E-BO-001031,BO-M-00097,BO-R-0003,bovino,Nelore,Angus,3.7,4,3.3,0.48,0.71,IATF,8,0,2025-08-19,0.768,prenhe
E-BO-001032,BO-M-00000,BO-R-0008,bovino,Brahman,Nelore,8.0,5,3.2,0.62,0.68,IATF,2,1,2025-02-04,0.719,prenhe
E-BO-001033,BO-M-00143,BO-R-0007,bovino,Senepol,Nelore,2.7,3,3.2,0.25,0.64,IATF,7,0,2024-07-19,0.543,vazia
E-BO-001034,BO-M-00045,BO-R-0019,bovino,Gir,Angus,8.2,5,2.3,0.54,0.62,IATF,2,1,2024-02-11,0.391,vazia
E-BO-001035,BO-M-00293,BO-R-0009,bovino,Nelore,Nelore,6.4,1,2.4,0.63,0.44,IATF,2,1,2025-02-04,0.38,prenhe
E-BO-001036,BO-M-00087,BO-R-0017,bovino,Senepol,Angus,9.6,1,2.6,0.39,0.81,IATF,5,0,2025-05-28,0.419,prenhe
E-BO-001037,BO-M-00142,BO-R-0021,bovino,Guzera,Nelore,7.6,0,3.2,0.5,0.68,IATF,2,1,2025-02-05,0.702,prenhe
E-BO-001038,BO-M-00005,BO-R-0023,bovino,Mestico,Senepol,5.2,5,3.9,0.48,0.92,IATF,12,1,2025-12-15,0.651,prenhe
E-BO-001039,BO-M-00039,BO-R-0005,bovino,Angus,Senepol,9.4,0,3.4,0.64,0.54,IATF,3,1,2025-03-15,0.472,vazia
E-BO-001040,BO-M-00062,BO-R-0027,bovino,Senepol,Brahman,2.1,2,4.1,0.64,0.48,IATF,1,1,2025-01-06,0.431,prenhe
E-BO-001041,BO-M-00015,BO-R-0004,bovino,Nelore,Nelore,3.9,0,3.3,0.55,0.79,IATF,2,1,2024-02-10,0.727,prenhe
E-BO-001042,BO-M-00217,BO-R-0000,bovino,Nelore,Nelore,7.7,2,3.2,0.66,0.95,IATF,2,1,2025-02-11,0.95,prenhe
E-BO-001043,BO-M-00283,BO-R-0001,bovino,Nelore,Angus,4.6,0,3.5,0.7,0.62,convencional,5,0,2024-05-03,0.717,vazia
E-BO-001044,BO-M-00295,BO-R-0006,bovino,Guzera,Senepol,3.5,2,2.7,0.92,0.51,IATF,6,0,2025-06-13,0.547,vazia
E-BO-001045,BO-M-00079,BO-R-0026,bovino,Brahman,Nelore,7.6,5,3.2,0.8,0.76,IATF,4,0,2024-04-27,0.805,prenhe
E-BO-001046,BO-M-00236,BO-R-0006,bovino,Senepol,Senepol,5.7,2,3.0,0.7,0.51,convencional,10,1,2025-10-23,0.934,prenhe
E-BO-001047,BO-M-00151,BO-R-0020,bovino,Guzera,Nelore,9.0,2,2.7,0.17,0.76,IATF,8,0,2024-08-08,0.408,prenhe
E-BO-001048,BO-M-00013,BO-R-0012,bovino,Gir,Guzera,4.3,5,3.1,0.65,0.64,IATF,11,1,2024-11-12,0.784,prenhe
E-BO-001049,BO-M-00027,BO-R-0001,bovino,Nelore,Angus,5.8,5,3.5,0.66,0.62,IATF,4,0,2024-04-15,0.646,prenhe
E-BO-001050,BO-M-00164,BO-R-0013,bovino,Senepol,Nelore,6.2,3,2.7,0.55,0.77,IATF,6,0,2024-06-02,0.608,prenhe
E-BO-001051,BO-M-00127,BO-R-0000,bovino,Nelore,Nelore,8.6,0,3.6,0.47,0.95,IATF,11,1,2025-11-04,0.481,prenhe
E-BO-001052,BO-M-00002,BO-R-0014,bovino,Gir,Gir,5.8,5,2.1,0.63,0.94,convencional,7,0,2024-07-26,0.657,prenhe
E-BO-001053,BO-M-00279,BO-R-0016,bovino,Gir,Nelore,4.1,2,3.6,0.36,0.72,convencional,1,1,2025-01-09,0.695,vazia
E-BO-001054,BO-M-00219,BO-R-0015,bovino,Nelore,Mestico,8.4,2,3.6,0.86,0.69,IATF,12,1,2025-12-17,0.662,prenhe
E-BO-001055,BO-M-00150,BO-R-0008,bovino,Gir,Nelore,1.4,0,3.3,0.32,0.68,IATF,3,1,2025-03-31,0.53,vazia
E-BO-001056,BO-M-00296,BO-R-0022,bovino,Mestico,Nelore,7.3,3,3.2,0.51,0.75,IATF,1,1,2024-01-31,0.843,vazia
E-BO-001057,BO-M-00291,BO-R-0017,bovino,Nelore,Angus,5.0,2,3.9,0.71,0.81,IATF,9,0,2024-09-17,0.694,prenhe
E-BO-001058,BO-M-00292,BO-R-0007,bovino,Guzera,Nelore,3.8,0,2.9,0.41,0.64,IATF,10,1,2024-10-09,0.509,prenhe
E-BO-001059,BO-M-00077,BO-R-0013,bovino,Angus,Nelore,4.9,4,3.7,0.65,0.77,IATF,7,0,2024-07-20,0.613,prenhe
E-BO-001060,BO-M-00264,BO-R-0003,bovino,Guzera,Angus,6.8,5,3.4,0.56,0.71,convencional,6,0,2024-06-25,0.774,prenhe
E-BO-001061,BO-M-00151,BO-R-0027,bovino,Guzera,Brahman,9.0,2,2.7,0.17,0.48,IATF,1,1,2025-01-02,0.411,vazia
E-BO-001062,BO-M-00217,BO-R-0022,bovino,Nelore,Nelore,7.7,2,3.2,0.66,0.75,IATF,10,1,2024-10-02,0.839,prenhe
E-BO-001063,BO-M-00257,BO-R-0008,bovino,Nelore,Nelore,5.4,2,3.0,0.87,0.68,IATF,8,0,2024-08-02,0.8,vazia
E-BO-001064,BO-M-00048,BO-R-0020,bovino,Angus,Nelore,6.3,1,2.6,0.84,0.76,IATF,10,1,2024-10-28,0.693,prenhe
E-BO-001065,BO-M-00134,BO-R-0020,bovino,Senepol,Nelore,1.4,3,3.3,0.69,0.76,convencional,9,0,2024-09-07,0.815,prenhe
E-BO-001066,BO-M-00038,BO-R-0018,bovino,Nelore,Gir,1.8,1,3.5,0.57,0.73,IATF,6,0,2024-06-15,0.581,vazia
E-BO-001067,BO-M-00083,BO-R-0001,bovino,Nelore,Angus,5.3,4,3.4,0.65,0.62,convencional,11,1,2024-11-26,0.95,prenhe
E-BO-001068,BO-M-00124,BO-R-0026,bovino,Nelore,Nelore,6.5,5,3.3,0.55,0.76,convencional,11,1,2025-11-18,0.866,prenhe
E-BO-001069,BO-M-00256,BO-R-0028,bovino,Gir,Nelore,3.6,5,3.8,0.43,0.77,convencional,1,1,2025-01-04,0.672,vazia
E-BO-001070,BO-M-00258,BO-R-0029,bovino,Nelore,Guzera,6.3,1,2.5,0.62,0.69,IATF,3,1,2025-03-12,0.611,prenhe
E-BO-001071,BO-M-00116,BO-R-0029,bovino,Brahman,Guzera,2.3,4,3.0,0.56,0.69,IATF,12,1,2025-12-19,0.632,prenhe
E-BO-001072,BO-M-00098,BO-R-0027,bovino,Nelore,Brahman,5.1,3,3.3,0.62,0.48,convencional,3,1,2025-03-23,0.804,vazia
E-BO-001073,BO-M-00159,BO-R-0022,bovino,Brahman,Nelore,6.7,2,3.2,0.63,0.75,convencional,6,0,2024-06-12,0.859,prenhe
E-BO-001074,BO-M-00273,BO-R-0001,bovino,Senepol,Angus,7.9,1,3.9,0.12,0.62,IATF,10,1,2024-10-17,0.549,prenhe
E-BO-001075,BO-M-00292,BO-R-0013,bovino,Guzera,Nelore,3.8,0,2.9,0.41,0.77,convencional,12,1,2024-12-22,0.658,vazia
E-BO-001076,BO-M-00068,BO-R-0007,bovino,Nelore,Nelore,4.0,5,2.7,0.68,0.64,IATF,12,1,2024-12-12,0.558,prenhe
E-BO-001077,BO-M-00055,BO-R-0006,bovino,Brahman,Senepol,5.7,0,3.3,0.6,0.51,IATF,4,0,2024-04-19,0.645,prenhe
E-BO-001078,BO-M-00212,BO-R-0024,bovino,Nelore,Mestico,1.5,1,3.8,0.31,0.8,convencional,3,1,2024-03-18,0.65,vazia
E-BO-001079,BO-M-00090,BO-R-0024,bovino,Nelore,Mestico,6.7,1,3.1,0.85,0.8,IATF,9,0,2024-09-12,0.863,vazia
E-BO-001080,BO-M-00059,BO-R-0015,bovino,Nelore,Mestico,6.4,4,2.5,0.84,0.69,IATF,10,1,2025-10-29,0.671,vazia
E-BO-001081,BO-M-00009,BO-R-0022,bovino,Senepol,Nelore,2.3,5,2.6,0.76,0.75,IA_repasse,6,0,2025-06-07,0.307,vazia
E-BO-001082,BO-M-00120,BO-R-0003,bovino,Senepol,Angus,6.9,0,4.2,0.89,0.71,convencional,9,0,2025-09-06,0.643,prenhe
E-BO-001083,BO-M-00117,BO-R-0006,bovino,Brahman,Senepol,8.0,3,3.9,0.56,0.51,convencional,5,0,2024-05-07,0.618,vazia
E-BO-001084,BO-M-00168,BO-R-0025,bovino,Nelore,Mestico,2.3,5,1.9,0.67,0.71,IATF,10,1,2024-10-29,0.365,vazia
E-BO-001085,BO-M-00060,BO-R-0013,bovino,Angus,Nelore,9.4,1,3.2,0.6,0.77,IA_repasse,2,1,2025-02-28,0.624,vazia
E-BO-001086,BO-M-00214,BO-R-0016,bovino,Brahman,Nelore,4.0,3,3.4,0.62,0.72,IATF,11,1,2024-11-13,0.902,prenhe
E-BO-001087,BO-M-00204,BO-R-0013,bovino,Nelore,Nelore,5.7,1,3.1,0.37,0.77,IATF,10,1,2024-10-31,0.743,vazia
E-BO-001088,BO-M-00138,BO-R-0006,bovino,Brahman,Senepol,7.7,4,2.2,0.06,0.51,IATF,9,0,2024-09-19,0.317,vazia
E-BO-001089,BO-M-00054,BO-R-0024,bovino,Brahman,Mestico,5.2,3,3.2,0.37,0.8,convencional,2,1,2024-02-07,0.95,prenhe
E-BO-001090,BO-M-00152,BO-R-0022,bovino,Nelore,Nelore,7.4,2,3.6,0.53,0.75,convencional,9,0,2025-09-17,0.638,prenhe
E-BO-001091,BO-M-00202,BO-R-0020,bovino,Senepol,Nelore,9.3,1,3.3,0.63,0.76,convencional,11,1,2025-11-12,0.791,prenhe
E-BO-001092,BO-M-00111,BO-R-0010,bovino,Nelore,Nelore,6.9,2,4.0,0.5,0.67,IATF,2,1,2024-02-29,0.582,prenhe
E-BO-001093,BO-M-00079,BO-R-0019,bovino,Brahman,Angus,7.6,5,3.2,0.8,0.62,IATF,10,1,2024-10-28,0.719,prenhe
E-BO-001094,BO-M-00151,BO-R-0028,bovino,Guzera,Nelore,9.0,2,2.7,0.17,0.77,IATF,1,1,2025-01-13,0.454,vazia
E-BO-001095,BO-M-00106,BO-R-0019,bovino,Nelore,Angus,3.6,1,3.2,0.9,0.62,IATF,7,0,2025-07-26,0.762,prenhe
E-BO-001096,BO-M-00120,BO-R-0014,bovino,Senepol,Gir,6.9,0,4.2,0.89,0.94,IATF,12,1,2025-12-21,0.608,prenhe
E-BO-001097,BO-M-00104,BO-R-0008,bovino,Brahman,Nelore,10.0,3,2.3,0.51,0.68,IATF,10,1,2024-10-30,0.382,prenhe
E-BO-001098,BO-M-00091,BO-R-0015,bovino,Angus,Mestico,2.1,5,2.9,0.5,0.69,convencional,6,0,2025-06-30,0.459,prenhe
E-BO-001099,BO-M-00215,BO-R-0011,bovino,Brahman,Nelore,2.6,4,3.5,0.39,0.83,convencional,11,1,2025-11-15,0.763,prenhe
E-BO-001100,BO-M-00138,BO-R-0018,bovino,Brahman,Gir,7.7,4,2.2,0.06,0.73,convencional,8,0,2025-08-29,0.515,prenhe
E-BO-001101,BO-M-00139,BO-R-0001,bovino,Nelore,Angus,6.7,2,3.5,0.27,0.62,IATF,7,0,2024-07-31,0.719,prenhe
E-BO-001102,BO-M-00195,BO-R-0005,bovino,Nelore,Senepol,5.9,3,3.8,0.27,0.54,IATF,8,0,2025-08-19,0.456,prenhe
E-BO-001103,BO-M-00108,BO-R-0023,bovino,Nelore,Senepol,2.0,2,3.8,0.5,0.92,IATF,10,1,2024-10-27,0.598,prenhe
E-BO-001104,BO-M-00030,BO-R-0011,bovino,Brahman,Nelore,7.6,4,3.2,0.3,0.83,IATF,1,1,2024-01-13,0.851,prenhe
E-BO-001105,BO-M-00255,BO-R-0012,bovino,Brahman,Guzera,3.1,0,2.7,0.55,0.64,IATF,7,0,2025-07-07,0.355,prenhe
E-BO-001106,BO-M-00016,BO-R-0016,bovino,Senepol,Nelore,4.4,3,3.6,0.75,0.72,IATF,9,0,2025-09-01,0.655,prenhe
E-BO-001107,BO-M-00171,BO-R-0013,bovino,Senepol,Nelore,5.3,2,2.9,0.75,0.77,IATF,9,0,2024-09-07,0.803,prenhe
E-BO-001108,BO-M-00079,BO-R-0022,bovino,Brahman,Nelore,7.6,5,3.2,0.8,0.75,IATF,11,1,2024-11-25,0.814,prenhe
E-BO-001109,BO-M-00064,BO-R-0007,bovino,Angus,Nelore,6.9,1,3.2,0.57,0.64,IATF,9,0,2024-09-22,0.674,prenhe
E-BO-001110,BO-M-00012,BO-R-0022,bovino,Angus,Nelore,3.1,2,3.5,0.45,0.75,IATF,3,1,2024-03-26,0.867,prenhe
E-BO-001111,BO-M-00270,BO-R-0006,bovino,Nelore,Senepol,4.0,5,3.6,0.58,0.51,IATF,12,1,2025-12-27,0.592,vazia
E-BO-001112,BO-M-00128,BO-R-0011,bovino,Nelore,Nelore,1.5,4,2.8,0.75,0.83,IATF,1,1,2024-01-17,0.671,prenhe
E-BO-001113,BO-M-00102,BO-R-0017,bovino,Nelore,Angus,8.0,4,2.6,0.4,0.81,IATF,2,1,2025-02-09,0.566,prenhe
E-BO-001114,BO-M-00222,BO-R-0026,bovino,Angus,Nelore,2.4,3,3.4,0.89,0.76,IATF,1,1,2024-01-11,0.82,vazia
E-BO-001115,BO-M-00011,BO-R-0006,bovino,Guzera,Senepol,4.8,4,3.2,0.59,0.51,IATF,5,0,2025-05-18,0.811,prenhe
E-BO-001116,BO-M-00169,BO-R-0017,bovino,Mestico,Angus,5.6,3,2.3,0.52,0.81,IATF,10,1,2025-10-19,0.629,prenhe
E-BO-001117,BO-M-00148,BO-R-0001,bovino,Nelore,Angus,1.5,4,2.9,0.47,0.62,convencional,4,0,2025-04-14,0.444,vazia
E-BO-001118,BO-M-00166,BO-R-0002,bovino,Gir,Nelore,6.8,1,3.8,0.49,0.66,IATF,3,1,2025-03-18,0.596,prenhe
E-BO-001119,BO-M-00037,BO-R-0023,bovino,Senepol,Senepol,7.5,0,3.6,0.63,0.92,IATF,8,0,2025-08-27,0.52,vazia
E-BO-001120,BO-M-00285,BO-R-0021,bovino,Nelore,Nelore,6.7,5,3.4,0.05,0.68,IATF,12,1,2025-12-12,0.704,prenhe
E-BO-001121,BO-M-00071,BO-R-0011,bovino,Nelore,Nelore,3.4,0,2.6,0.55,0.83,IATF,9,0,2025-09-21,0.484,prenhe
E-BO-001122,BO-M-00203,BO-R-0018,bovino,Nelore,Gir,5.5,1,2.9,0.71,0.73,IATF,6,0,2024-06-17,0.578,prenhe
E-BO-001123,BO-M-00224,BO-R-0011,bovino,Nelore,Nelore,2.1,1,3.3,0.76,0.83,convencional,2,1,2025-02-15,0.801,prenhe
E-BO-001124,BO-M-00103,BO-R-0008,bovino,Mestico,Nelore,2.0,5,2.1,0.5,0.68,IATF,8,0,2025-08-20,0.225,vazia
E-BO-001125,BO-M-00039,BO-R-0012,bovino,Angus,Guzera,9.4,0,3.4,0.64,0.64,IATF,8,0,2024-08-03,0.588,prenhe
E-BO-001126,BO-M-00089,BO-R-0009,bovino,Senepol,Nelore,8.7,3,3.3,0.72,0.44,IATF,5,0,2025-05-07,0.555,prenhe
E-BO-001127,BO-M-00242,BO-R-0024,bovino,Nelore,Mestico,8.6,5,2.7,0.71,0.8,IATF,1,1,2024-01-17,0.494,vazia
E-BO-001128,BO-M-00271,BO-R-0012,bovino,Nelore,Guzera,8.6,4,3.9,0.46,0.64,IATF,10,1,2025-10-02,0.431,vazia
E-BO-001129,BO-M-00281,BO-R-0009,bovino,Nelore,Nelore,5.8,0,2.8,0.13,0.44,IATF,3,1,2025-03-24,0.278,prenhe
E-BO-001130,BO-M-00067,BO-R-0016,bovino,Nelore,Nelore,7.0,2,3.1,0.24,0.72,IATF,6,0,2025-06-26,0.633,vazia
E-BO-001131,BO-M-00181,BO-R-0022,bovino,Guzera,Nelore,3.0,1,3.3,0.45,0.75,IA_repasse,8,0,2025-08-25,0.606,prenhe
E-BO-001132,BO-M-00045,BO-R-0008,bovino,Gir,Nelore,8.2,5,2.3,0.54,0.68,convencional,6,0,2024-06-08,0.409,vazia
E-BO-001133,BO-M-00213,BO-R-0028,bovino,Gir,Nelore,3.5,4,4.0,0.57,0.77,IA_repasse,11,1,2024-11-24,0.564,prenhe
E-BO-001134,BO-M-00124,BO-R-0013,bovino,Nelore,Nelore,6.5,5,3.3,0.55,0.77,IATF,9,0,2025-09-18,0.777,prenhe
E-BO-001135,BO-M-00214,BO-R-0019,bovino,Brahman,Angus,4.0,3,3.4,0.62,0.62,convencional,4,0,2024-04-30,0.796,prenhe
E-BO-001136,BO-M-00205,BO-R-0028,bovino,Nelore,Nelore,8.2,0,4.1,0.65,0.77,IATF,8,0,2025-08-23,0.286,prenhe
E-BO-001137,BO-M-00297,BO-R-0012,bovino,Gir,Guzera,6.7,4,3.1,0.63,0.64,IATF,7,0,2024-07-29,0.688,prenhe
E-BO-001138,BO-M-00146,BO-R-0005,bovino,Nelore,Senepol,9.8,5,2.5,1.0,0.54,IA_repasse,2,1,2025-02-24,0.426,prenhe
E-BO-001139,BO-M-00102,BO-R-0022,bovino,Nelore,Nelore,8.0,4,2.6,0.4,0.75,IATF,1,1,2025-01-07,0.755,vazia
E-BO-001140,BO-M-00158,BO-R-0000,bovino,Brahman,Nelore,8.1,0,3.1,0.62,0.95,convencional,5,0,2025-05-16,0.646,vazia
E-BO-001141,BO-M-00048,BO-R-0013,bovino,Angus,Nelore,6.3,1,2.6,0.84,0.77,convencional,9,0,2025-09-02,0.699,vazia
E-BO-001142,BO-M-00033,BO-R-0029,bovino,Nelore,Guzera,8.7,4,4.2,1.0,0.69,IATF,9,0,2024-09-11,0.499,vazia
E-BO-001143,BO-M-00155,BO-R-0012,bovino,Angus,Guzera,2.7,2,2.2,0.23,0.64,IATF,5,0,2024-05-05,0.19,vazia
E-BO-001144,BO-M-00247,BO-R-0020,bovino,Nelore,Nelore,1.7,5,2.8,0.68,0.76,IATF,11,1,2024-11-04,0.528,prenhe
E-BO-001145,BO-M-00159,BO-R-0015,bovino,Brahman,Mestico,6.7,2,3.2,0.63,0.69,convencional,3,1,2025-03-22,0.95,prenhe
E-BO-001146,BO-M-00234,BO-R-0006,bovino,Guzera,Senepol,1.1,1,2.8,0.4,0.51,convencional,7,0,2025-07-01,0.398,vazia
E-BO-001147,BO-M-00053,BO-R-0009,bovino,Angus,Nelore,6.2,4,3.9,0.23,0.44,IATF,7,0,2025-07-03,0.44,vazia
E-BO-001148,BO-M-00134,BO-R-0015,bovino,Senepol,Mestico,1.4,3,3.3,0.69,0.69,IATF,9,0,2024-09-05,0.732,vazia
E-BO-001149,BO-M-00183,BO-R-0003,bovino,Nelore,Angus,3.9,5,4.0,0.53,0.71,IATF,11,1,2025-11-14,0.677,vazia
E-BO-001150,BO-M-00104,BO-R-0012,bovino,Brahman,Guzera,10.0,3,2.3,0.51,0.64,IATF,3,1,2024-03-01,0.395,prenhe
E-BO-001151,BO-M-00004,BO-R-0012,bovino,Nelore,Guzera,8.7,3,2.7,0.13,0.64,IATF,3,1,2024-03-26,0.395,vazia
E-BO-001152,BO-M-00022,BO-R-0025,bovino,Mestico,Mestico,4.0,5,2.7,0.69,0.71,convencional,1,1,2024-01-19,0.666,vazia
E-BO-001153,BO-M-00278,BO-R-0003,bovino,Gir,Angus,8.7,1,3.3,0.32,0.71,IATF,11,1,2025-11-07,0.657,vazia
E-BO-001154,BO-M-00181,BO-R-0025,bovino,Guzera,Mestico,3.0,1,3.3,0.45,0.71,convencional,5,0,2024-05-11,0.715,vazia
E-BO-001155,BO-M-00079,BO-R-0012,bovino,Brahman,Guzera,7.6,5,3.2,0.8,0.64,IATF,3,1,2025-03-15,0.763,prenhe
E-BO-001156,BO-M-00077,BO-R-0019,bovino,Angus,Angus,4.9,4,3.7,0.65,0.62,IATF,8,0,2025-08-16,0.573,vazia
E-BO-001157,BO-M-00011,BO-R-0016,bovino,Guzera,Nelore,4.8,4,3.2,0.59,0.72,IATF,7,0,2025-07-13,0.741,prenhe
E-BO-001158,BO-M-00283,BO-R-0008,bovino,Nelore,Nelore,4.6,0,3.5,0.7,0.68,convencional,11,1,2025-11-23,0.866,prenhe
E-BO-001159,BO-M-00032,BO-R-0027,bovino,Nelore,Brahman,7.3,5,2.7,0.57,0.48,IATF,2,1,2024-02-09,0.624,prenhe
E-BO-001160,BO-M-00227,BO-R-0006,bovino,Senepol,Senepol,10.0,5,1.7,0.19,0.51,IATF,10,1,2024-10-24,0.196,vazia
E-BO-001161,BO-M-00072,BO-R-0001,bovino,Gir,Angus,4.3,5,3.5,0.71,0.62,IATF,1,1,2025-01-04,0.728,prenhe
E-BO-001162,BO-M-00100,BO-R-0022,bovino,Guzera,Nelore,3.7,4,3.0,0.64,0.75,convencional,5,0,2025-05-23,0.939,prenhe
E-BO-001163,BO-M-00082,BO-R-0018,bovino,Gir,Gir,8.0,2,3.4,0.67,0.73,IATF,3,1,2025-03-30,0.878,prenhe
E-BO-001164,BO-M-00247,BO-R-0026,bovino,Nelore,Nelore,1.7,5,2.8,0.68,0.76,IATF,2,1,2025-02-12,0.572,vazia
E-BO-001165,BO-M-00009,BO-R-0013,bovino,Senepol,Nelore,2.3,5,2.6,0.76,0.77,convencional,8,0,2024-08-11,0.548,vazia
E-BO-001166,BO-M-00105,BO-R-0000,bovino,Brahman,Nelore,8.9,4,3.2,0.5,0.95,convencional,3,1,2024-03-18,0.878,vazia
E-BO-001167,BO-M-00083,BO-R-0000,bovino,Nelore,Nelore,5.3,4,3.4,0.65,0.95,IATF,11,1,2024-11-11,0.861,prenhe
E-BO-001168,BO-M-00081,BO-R-0012,bovino,Nelore,Guzera,9.4,4,2.7,0.67,0.64,IATF,7,0,2024-07-08,0.369,prenhe
E-BO-001169,BO-M-00057,BO-R-0007,bovino,Senepol,Nelore,8.2,3,3.4,1.0,0.64,IATF,2,1,2025-02-08,0.674,vazia
E-BO-001170,BO-M-00273,BO-R-0027,bovino,Senepol,Brahman,7.9,1,3.9,0.12,0.48,IATF,8,0,2025-08-04,0.375,vazia
E-BO-001171,BO-M-00113,BO-R-0003,bovino,Senepol,Angus,9.1,5,3.0,0.83,0.71,IATF,2,1,2025-02-07,0.612,prenhe
E-BO-001172,BO-M-00125,BO-R-0026,bovino,Senepol,Nelore,8.2,1,3.4,0.69,0.76,IATF,3,1,2025-03-01,0.765,vazia
E-BO-001173,BO-M-00115,BO-R-0006,bovino,Gir,Senepol,3.2,1,2.8,0.81,0.51,IATF,1,1,2024-01-31,0.588,vazia
E-BO-001174,BO-M-00294,BO-R-0003,bovino,Gir,Angus,1.1,2,2.7,0.66,0.71,IATF,4,0,2025-04-15,0.464,vazia
E-BO-001175,BO-M-00101,BO-R-0008,bovino,Angus,Nelore,9.3,2,3.9,0.55,0.68,IATF,11,1,2024-11-16,0.48,vazia
E-BO-001176,BO-M-00102,BO-R-0004,bovino,Nelore,Nelore,8.0,4,2.6,0.4,0.79,IATF,3,1,2024-03-31,0.697,vazia
E-BO-001177,BO-M-00098,BO-R-0012,bovino,Nelore,Guzera,5.1,3,3.3,0.62,0.64,IATF,6,0,2024-06-05,0.7,prenhe
E-BO-001178,BO-M-00098,BO-R-0009,bovino,Nelore,Nelore,5.1,3,3.3,0.62,0.44,IATF,7,0,2025-07-23,0.611,prenhe
E-BO-001179,BO-M-00026,BO-R-0015,bovino,Senepol,Mestico,8.2,0,4.1,0.44,0.69,IA_repasse,10,1,2025-10-31,0.263,prenhe
E-BO-001180,BO-M-00181,BO-R-0016,bovino,Guzera,Nelore,3.0,1,3.3,0.45,0.72,IATF,1,1,2025-01-05,0.786,prenhe
E-BO-001181,BO-M-00007,BO-R-0000,bovino,Brahman,Nelore,6.8,4,3.6,0.56,0.95,IATF,12,1,2025-12-13,0.75,vazia
E-BO-001182,BO-M-00067,BO-R-0003,bovino,Nelore,Angus,7.0,2,3.1,0.24,0.71,IATF,5,0,2024-05-11,0.724,prenhe
E-BO-001183,BO-M-00060,BO-R-0004,bovino,Angus,Nelore,9.4,1,3.2,0.6,0.79,IATF,8,0,2024-08-06,0.616,prenhe
E-BO-001184,BO-M-00087,BO-R-0005,bovino,Senepol,Senepol,9.6,1,2.6,0.39,0.54,IATF,11,1,2025-11-09,0.403,vazia
E-BO-001185,BO-M-00226,BO-R-0002,bovino,Nelore,Nelore,9.6,4,3.4,0.47,0.66,IATF,5,0,2024-05-07,0.547,prenhe
E-BO-001186,BO-M-00179,BO-R-0009,bovino,Brahman,Nelore,4.7,3,2.4,0.34,0.44,convencional,4,0,2025-04-26,0.538,prenhe
E-BO-001187,BO-M-00297,BO-R-0016,bovino,Gir,Nelore,6.7,4,3.1,0.63,0.72,IATF,6,0,2024-06-09,0.745,vazia
E-BO-001188,BO-M-00105,BO-R-0009,bovino,Brahman,Nelore,8.9,4,3.2,0.5,0.44,IATF,8,0,2024-08-29,0.584,prenhe
E-BO-001189,BO-M-00278,BO-R-0009,bovino,Gir,Nelore,8.7,1,3.3,0.32,0.44,IATF,12,1,2024-12-14,0.491,prenhe
E-BO-001190,BO-M-00013,BO-R-0014,bovino,Gir,Gir,4.3,5,3.1,0.65,0.94,IATF,9,0,2024-09-19,0.826,prenhe
E-BO-001191,BO-M-00151,BO-R-0016,bovino,Guzera,Nelore,9.0,2,2.7,0.17,0.72,IA_repasse,9,0,2025-09-30,0.319,vazia
E-BO-001192,BO-M-00239,BO-R-0009,bovino,Nelore,Nelore,8.5,5,3.4,0.45,0.44,IATF,12,1,2025-12-11,0.553,vazia
E-BO-001193,BO-M-00159,BO-R-0006,bovino,Brahman,Senepol,6.7,2,3.2,0.63,0.51,convencional,12,1,2024-12-31,0.828,vazia
E-BO-001194,BO-M-00279,BO-R-0012,bovino,Gir,Guzera,4.1,2,3.6,0.36,0.64,convencional,1,1,2025-01-18,0.752,prenhe
E-BO-001195,BO-M-00094,BO-R-0000,bovino,Nelore,Nelore,1.1,5,2.9,0.57,0.95,IATF,2,1,2024-02-10,0.646,prenhe
E-BO-001196,BO-M-00009,BO-R-0014,bovino,Senepol,Gir,2.3,5,2.6,0.76,0.94,IATF,6,0,2024-06-19,0.495,prenhe
E-BO-001197,BO-M-00232,BO-R-0028,bovino,Mestico,Nelore,4.5,1,3.4,0.39,0.77,IATF,1,1,2024-01-30,0.778,prenhe
E-BO-001198,BO-M-00020,BO-R-0011,bovino,Brahman,Nelore,9.2,3,3.7,0.36,0.83,convencional,9,0,2025-09-17,0.538,prenhe
E-BO-001199,BO-M-00229,BO-R-0003,bovino,Nelore,Angus,3.8,4,1.5,0.24,0.71,IATF,6,0,2024-06-14,0.405,prenhe
E-BO-001200,BO-M-00220,BO-R-0021,bovino,Nelore,Nelore,8.7,5,3.3,0.81,0.68,IATF,9,0,2024-09-05,0.67,vazia
E-BO-001201,BO-M-00253,BO-R-0003,bovino,Nelore,Angus,9.2,1,3.5,0.62,0.71,convencional,9,0,2025-09-07,0.638,prenhe
E-BO-001202,BO-M-00143,BO-R-0005,bovino,Senepol,Senepol,2.7,3,3.2,0.25,0.54,convencional,6,0,2025-06-04,0.549,prenhe
E-BO-001203,BO-M-00268,BO-R-0004,bovino,Nelore,Nelore,4.3,4,3.0,0.95,0.79,IATF,3,1,2025-03-29,0.95,prenhe
E-BO-001204,BO-M-00050,BO-R-0026,bovino,Nelore,Nelore,6.5,1,4.1,0.51,0.76,IATF,1,1,2024-01-29,0.557,vazia
E-BO-001205,BO-M-00130,BO-R-0029,bovino,Nelore,Guzera,9.4,2,3.0,0.59,0.69,convencional,2,1,2025-02-14,0.91,prenhe
E-BO-001206,BO-M-00036,BO-R-0017,bovino,Nelore,Angus,1.9,0,2.7,0.58,0.81,IATF,2,1,2025-02-13,0.457,prenhe
E-BO-001207,BO-M-00230,BO-R-0018,bovino,Nelore,Gir,7.2,2,2.3,0.74,0.73,convencional,8,0,2024-08-20,0.636,vazia
E-BO-001208,BO-M-00214,BO-R-0019,bovino,Brahman,Angus,4.0,3,3.4,0.62,0.62,IATF,6,0,2025-06-27,0.699,prenhe
E-BO-001209,BO-M-00241,BO-R-0018,bovino,Brahman,Gir,6.0,3,3.3,0.57,0.73,IATF,11,1,2025-11-09,0.853,vazia
E-BO-001210,BO-M-00229,BO-R-0016,bovino,Nelore,Nelore,3.8,4,1.5,0.24,0.72,convencional,7,0,2024-07-08,0.437,prenhe
E-BO-001211,BO-M-00092,BO-R-0029,bovino,Nelore,Guzera,6.3,2,3.3,0.32,0.69,IATF,8,0,2024-08-29,0.734,prenhe
E-BO-001212,BO-M-00020,BO-R-0021,bovino,Brahman,Nelore,9.2,3,3.7,0.36,0.68,IATF,8,0,2024-08-23,0.42,vazia
E-BO-001213,BO-M-00278,BO-R-0002,bovino,Gir,Nelore,8.7,1,3.3,0.32,0.66,IATF,9,0,2025-09-01,0.505,vazia
E-BO-001214,BO-M-00147,BO-R-0011,bovino,Senepol,Nelore,6.5,4,3.0,0.91,0.83,IATF,2,1,2024-02-26,0.934,prenhe
E-BO-001215,BO-M-00028,BO-R-0029,bovino,Nelore,Guzera,6.7,0,3.0,0.36,0.69,convencional,10,1,2025-10-16,0.743,prenhe
E-BO-001216,BO-M-00278,BO-R-0012,bovino,Gir,Guzera,8.7,1,3.3,0.32,0.64,IATF,7,0,2025-07-19,0.536,vazia
E-BO-001217,BO-M-00298,BO-R-0006,bovino,Brahman,Senepol,9.8,2,3.0,0.25,0.51,IATF,12,1,2024-12-18,0.505,vazia
E-BO-001218,BO-M-00133,BO-R-0026,bovino,Nelore,Nelore,8.5,4,3.2,0.44,0.76,IATF,3,1,2025-03-01,0.728,prenhe
E-BO-001219,BO-M-00231,BO-R-0018,bovino,Nelore,Gir,7.3,1,3.4,0.85,0.73,IA_repasse,10,1,2025-10-14,0.856,vazia
E-BO-001220,BO-M-00010,BO-R-0016,bovino,Nelore,Nelore,5.3,3,3.4,0.79,0.72,IATF,7,0,2025-07-15,0.88,prenhe
E-BO-001221,BO-M-00027,BO-R-0012,bovino,Nelore,Guzera,5.8,5,3.5,0.66,0.64,IA_repasse,7,0,2024-07-21,0.493,vazia
E-BO-001222,BO-M-00082,BO-R-0003,bovino,Gir,Angus,8.0,2,3.4,0.67,0.71,convencional,2,1,2024-02-06,0.931,prenhe
E-BO-001223,BO-M-00196,BO-R-0011,bovino,Senepol,Nelore,4.9,3,3.9,0.19,0.83,IATF,4,0,2025-04-25,0.581,vazia
E-BO-001224,BO-M-00040,BO-R-0013,bovino,Nelore,Nelore,2.2,3,3.8,0.52,0.77,convencional,4,0,2024-04-16,0.568,vazia
E-BO-001225,BO-M-00010,BO-R-0027,bovino,Nelore,Brahman,5.3,3,3.4,0.79,0.48,IATF,3,1,2024-03-05,0.72,prenhe
E-BO-001226,BO-M-00200,BO-R-0009,bovino,Brahman,Nelore,7.6,5,3.0,0.54,0.44,IATF,12,1,2025-12-18,0.663,prenhe
E-BO-001227,BO-M-00231,BO-R-0004,bovino,Nelore,Nelore,7.3,1,3.4,0.85,0.79,IATF,12,1,2024-12-11,0.875,prenhe
E-BO-001228,BO-M-00221,BO-R-0012,bovino,Senepol,Guzera,4.4,5,3.6,0.35,0.64,convencional,4,0,2025-04-20,0.632,vazia
E-BO-001229,BO-M-00239,BO-R-0029,bovino,Nelore,Guzera,8.5,5,3.4,0.45,0.69,convencional,6,0,2024-06-07,0.603,vazia
E-BO-001230,BO-M-00240,BO-R-0014,bovino,Gir,Gir,9.9,4,4.0,0.75,0.94,convencional,3,1,2024-03-15,0.824,prenhe
E-BO-001231,BO-M-00180,BO-R-0011,bovino,Guzera,Nelore,4.7,5,3.4,0.29,0.83,IA_repasse,2,1,2024-02-15,0.587,prenhe
E-BO-001232,BO-M-00155,BO-R-0020,bovino,Angus,Nelore,2.7,2,2.2,0.23,0.76,IATF,9,0,2024-09-15,0.259,vazia
E-BO-001233,BO-M-00257,BO-R-0019,bovino,Nelore,Angus,5.4,2,3.0,0.87,0.62,convencional,1,1,2024-01-03,0.95,prenhe
E-BO-001234,BO-M-00104,BO-R-0008,bovino,Brahman,Nelore,10.0,3,2.3,0.51,0.68,convencional,11,1,2024-11-02,0.568,vazia
E-BO-001235,BO-M-00029,BO-R-0029,bovino,Angus,Guzera,3.6,1,2.8,0.64,0.69,IATF,8,0,2024-08-25,0.496,prenhe
E-BO-001236,BO-M-00225,BO-R-0017,bovino,Guzera,Angus,4.3,4,3.0,0.56,0.81,IATF,1,1,2025-01-19,0.877,prenhe
E-BO-001237,BO-M-00082,BO-R-0001,bovino,Gir,Angus,8.0,2,3.4,0.67,0.62,IATF,3,1,2025-03-06,0.753,prenhe
E-BO-001238,BO-M-00293,BO-R-0012,bovino,Nelore,Guzera,6.4,1,2.4,0.63,0.64,convencional,8,0,2024-08-13,0.513,prenhe
E-BO-001239,BO-M-00124,BO-R-0027,bovino,Nelore,Brahman,6.5,5,3.3,0.55,0.48,IATF,11,1,2024-11-28,0.704,vazia
E-BO-001240,BO-M-00255,BO-R-0011,bovino,Brahman,Nelore,3.1,0,2.7,0.55,0.83,convencional,2,1,2024-02-27,0.69,prenhe
E-BO-001241,BO-M-00012,BO-R-0017,bovino,Angus,Angus,3.1,2,3.5,0.45,0.81,IATF,8,0,2024-08-08,0.762,prenhe
E-BO-001242,BO-M-00197,BO-R-0018,bovino,Gir,Gir,6.6,3,3.5,0.1,0.73,IATF,12,1,2025-12-15,0.696,prenhe
E-BO-001243,BO-M-00134,BO-R-0021,bovino,Senepol,Nelore,1.4,3,3.3,0.69,0.68,IATF,12,1,2025-12-24,0.688,vazia
E-BO-001244,BO-M-00138,BO-R-0026,bovino,Brahman,Nelore,7.7,4,2.2,0.06,0.76,IATF,12,1,2024-12-20,0.574,vazia
E-BO-001245,BO-M-00079,BO-R-0004,bovino,Brahman,Nelore,7.6,5,3.2,0.8,0.79,convencional,11,1,2025-11-16,0.94,prenhe
E-BO-001246,BO-M-00291,BO-R-0015,bovino,Nelore,Mestico,5.0,2,3.9,0.71,0.69,IATF,12,1,2024-12-31,0.638,prenhe
E-BO-001247,BO-M-00117,BO-R-0016,bovino,Brahman,Nelore,8.0,3,3.9,0.56,0.72,convencional,4,0,2024-04-01,0.674,prenhe
E-BO-001248,BO-M-00255,BO-R-0004,bovino,Brahman,Nelore,3.1,0,2.7,0.55,0.79,IATF,9,0,2025-09-25,0.436,vazia
E-BO-001249,BO-M-00127,BO-R-0020,bovino,Nelore,Nelore,8.6,0,3.6,0.47,0.76,IA_repasse,10,1,2024-10-30,0.287,prenhe
E-BO-001250,BO-M-00014,BO-R-0003,bovino,Nelore,Angus,4.3,0,3.3,0.44,0.71,IATF,3,1,2025-03-23,0.78,vazia
E-BO-001251,BO-M-00263,BO-R-0013,bovino,Nelore,Nelore,6.7,0,3.6,0.71,0.77,IATF,4,0,2025-04-18,0.533,vazia
E-BO-001252,BO-M-00055,BO-R-0009,bovino,Brahman,Nelore,5.7,0,3.3,0.6,0.44,IATF,8,0,2024-08-12,0.651,prenhe
E-BO-001253,BO-M-00081,BO-R-0004,bovino,Nelore,Nelore,9.4,4,2.7,0.67,0.79,IATF,6,0,2025-06-19,0.505,prenhe
E-BO-001254,BO-M-00258,BO-R-0024,bovino,Nelore,Mestico,6.3,1,2.5,0.62,0.8,IATF,12,1,2024-12-31,0.662,prenhe
E-BO-001255,BO-M-00268,BO-R-0007,bovino,Nelore,Nelore,4.3,4,3.0,0.95,0.64,convencional,9,0,2024-09-24,0.938,prenhe
E-BO-001256,BO-M-00275,BO-R-0007,bovino,Nelore,Nelore,5.5,1,3.4,0.72,0.64,IATF,8,0,2024-08-05,0.576,prenhe
E-BO-001257,BO-M-00127,BO-R-0025,bovino,Nelore,Mestico,8.6,0,3.6,0.47,0.71,IATF,6,0,2025-06-28,0.348,prenhe
E-BO-001258,BO-M-00227,BO-R-0026,bovino,Senepol,Nelore,10.0,5,1.7,0.19,0.76,IATF,7,0,2024-07-01,0.22,vazia
E-BO-001259,BO-M-00098,BO-R-0001,bovino,Nelore,Angus,5.1,3,3.3,0.62,0.62,IATF,3,1,2024-03-31,0.886,prenhe
E-BO-001260,BO-M-00222,BO-R-0008,bovino,Angus,Nelore,2.4,3,3.4,0.89,0.68,IATF,10,1,2025-10-05,0.808,vazia
E-BO-001261,BO-M-00150,BO-R-0021,bovino,Gir,Nelore,1.4,0,3.3,0.32,0.68,IATF,8,0,2024-08-30,0.409,prenhe
E-BO-001262,BO-M-00015,BO-R-0023,bovino,Nelore,Senepol,3.9,0,3.3,0.55,0.92,convencional,4,0,2025-04-12,0.9,prenhe
E-BO-001263,BO-M-00125,BO-R-0029,bovino,Senepol,Guzera,8.2,1,3.4,0.69,0.69,IA_repasse,6,0,2025-06-06,0.481,prenhe
E-BO-001264,BO-M-00140,BO-R-0016,bovino,Senepol,Nelore,8.7,3,2.7,0.31,0.72,IATF,9,0,2025-09-03,0.365,vazia
E-BO-001265,BO-M-00077,BO-R-0000,bovino,Angus,Nelore,4.9,4,3.7,0.65,0.95,IATF,4,0,2025-04-01,0.71,prenhe
E-BO-001266,BO-M-00112,BO-R-0026,bovino,Nelore,Nelore,1.8,4,2.6,0.41,0.76,IATF,5,0,2025-05-31,0.436,prenhe
E-BO-001267,BO-M-00150,BO-R-0004,bovino,Gir,Nelore,1.4,0,3.3,0.32,0.79,IATF,9,0,2025-09-03,0.587,vazia
E-BO-001268,BO-M-00014,BO-R-0003,bovino,Nelore,Angus,4.3,0,3.3,0.44,0.71,IATF,11,1,2025-11-19,0.729,prenhe
E-BO-001269,BO-M-00045,BO-R-0020,bovino,Gir,Nelore,8.2,5,2.3,0.54,0.76,convencional,2,1,2024-02-04,0.482,vazia
E-BO-001270,BO-M-00230,BO-R-0018,bovino,Nelore,Gir,7.2,2,2.3,0.74,0.73,IATF,6,0,2025-06-26,0.575,prenhe
E-BO-001271,BO-M-00105,BO-R-0001,bovino,Brahman,Angus,8.9,4,3.2,0.5,0.62,IATF,5,0,2024-05-07,0.633,prenhe
E-BO-001272,BO-M-00182,BO-R-0005,bovino,Senepol,Senepol,6.3,2,3.1,0.63,0.54,convencional,10,1,2025-10-12,0.921,prenhe
E-BO-001273,BO-M-00169,BO-R-0017,bovino,Mestico,Angus,5.6,3,2.3,0.52,0.81,IATF,2,1,2024-02-05,0.669,prenhe
E-BO-001274,BO-M-00165,BO-R-0007,bovino,Nelore,Nelore,7.3,0,3.3,0.27,0.64,convencional,6,0,2024-06-29,0.7,prenhe
E-BO-001275,BO-M-00124,BO-R-0020,bovino,Nelore,Nelore,6.5,5,3.3,0.55,0.76,IATF,5,0,2024-05-20,0.702,prenhe
E-BO-001276,BO-M-00144,BO-R-0012,bovino,Senepol,Guzera,3.4,1,2.9,0.35,0.64,IATF,3,1,2025-03-16,0.608,prenhe
E-BO-001277,BO-M-00247,BO-R-0017,bovino,Nelore,Angus,1.7,5,2.8,0.68,0.81,convencional,1,1,2024-01-04,0.615,vazia
E-BO-001278,BO-M-00289,BO-R-0014,bovino,Nelore,Gir,1.2,3,3.4,0.48,0.94,convencional,1,1,2024-01-13,0.884,prenhe
E-BO-001279,BO-M-00077,BO-R-0010,bovino,Angus,Nelore,4.9,4,3.7,0.65,0.67,convencional,1,1,2025-01-03,0.854,prenhe
E-BO-001280,BO-M-00200,BO-R-0010,bovino,Brahman,Nelore,7.6,5,3.0,0.54,0.67,IATF,12,1,2025-12-10,0.817,vazia
E-BO-001281,BO-M-00290,BO-R-0020,bovino,Gir,Nelore,9.3,1,2.6,0.31,0.76,convencional,1,1,2025-01-20,0.556,vazia
E-BO-001282,BO-M-00002,BO-R-0015,bovino,Gir,Mestico,5.8,5,2.1,0.63,0.69,IATF,11,1,2024-11-21,0.469,prenhe
E-BO-001283,BO-M-00235,BO-R-0017,bovino,Gir,Angus,2.9,0,3.9,0.42,0.81,IATF,4,0,2025-04-25,0.441,prenhe
E-BO-001284,BO-M-00149,BO-R-0017,bovino,Nelore,Angus,6.5,3,3.2,0.48,0.81,IATF,2,1,2025-02-06,0.9,prenhe
E-BO-001285,BO-M-00290,BO-R-0006,bovino,Gir,Senepol,9.3,1,2.6,0.31,0.51,IATF,10,1,2024-10-07,0.372,vazia
E-BO-001286,BO-M-00173,BO-R-0027,bovino,Guzera,Brahman,2.2,2,3.2,0.7,0.48,IATF,3,1,2025-03-05,0.626,prenhe
E-BO-001287,BO-M-00251,BO-R-0016,bovino,Gir,Nelore,2.4,0,3.1,0.84,0.72,IATF,1,1,2024-01-03,0.683,vazia
E-BO-001288,BO-M-00049,BO-R-0021,bovino,Nelore,Nelore,1.9,5,4.0,0.53,0.68,convencional,6,0,2024-06-27,0.457,prenhe
E-BO-001289,BO-M-00042,BO-R-0026,bovino,Brahman,Nelore,8.2,5,3.6,0.46,0.76,convencional,5,0,2025-05-06,0.443,vazia
E-BO-001290,BO-M-00277,BO-R-0027,bovino,Senepol,Brahman,6.3,2,3.3,0.42,0.48,convencional,9,0,2024-09-06,0.742,prenhe
E-BO-001291,BO-M-00157,BO-R-0020,bovino,Angus,Nelore,5.1,0,3.1,0.58,0.76,IATF,2,1,2024-02-09,0.773,prenhe
E-BO-001292,BO-M-00167,BO-R-0023,bovino,Gir,Senepol,9.5,2,3.0,0.62,0.92,convencional,3,1,2024-03-31,0.883,prenhe
E-BO-001293,BO-M-00050,BO-R-0014,bovino,Nelore,Gir,6.5,1,4.1,0.51,0.94,IATF,9,0,2025-09-24,0.563,vazia
E-BO-001294,BO-M-00068,BO-R-0022,bovino,Nelore,Nelore,4.0,5,2.7,0.68,0.75,IATF,8,0,2024-08-28,0.61,prenhe
E-BO-001295,BO-M-00245,BO-R-0009,bovino,Gir,Nelore,5.0,0,2.5,0.53,0.44,convencional,1,1,2024-01-17,0.6,vazia
E-BO-001296,BO-M-00090,BO-R-0021,bovino,Nelore,Nelore,6.7,1,3.1,0.85,0.68,IATF,6,0,2025-06-16,0.738,vazia
E-BO-001297,BO-M-00175,BO-R-0002,bovino,Nelore,Nelore,3.7,5,3.7,0.94,0.66,IATF,1,1,2025-01-22,0.68,vazia
E-BO-001298,BO-M-00094,BO-R-0027,bovino,Nelore,Brahman,1.1,5,2.9,0.57,0.48,IATF,11,1,2024-11-25,0.37,vazia
E-BO-001299,BO-M-00079,BO-R-0007,bovino,Brahman,Nelore,7.6,5,3.2,0.8,0.64,IATF,10,1,2025-10-15,0.714,prenhe
E-BO-001300,BO-M-00049,BO-R-0019,bovino,Nelore,Angus,1.9,5,4.0,0.53,0.62,convencional,8,0,2024-08-17,0.468,prenhe
E-BO-001301,BO-M-00278,BO-R-0000,bovino,Gir,Nelore,8.7,1,3.3,0.32,0.95,IATF,2,1,2025-02-21,0.711,prenhe
E-BO-001302,BO-M-00282,BO-R-0004,bovino,Nelore,Nelore,1.9,1,3.0,0.67,0.79,IATF,6,0,2025-06-27,0.76,prenhe
E-BO-001303,BO-M-00034,BO-R-0029,bovino,Senepol,Guzera,2.2,3,4.1,0.27,0.69,IATF,3,1,2025-03-20,0.443,vazia
E-BO-001304,BO-M-00105,BO-R-0025,bovino,Brahman,Mestico,8.9,4,3.2,0.5,0.71,IATF,5,0,2024-05-31,0.65,prenhe
E-BO-001305,BO-M-00169,BO-R-0006,bovino,Mestico,Senepol,5.6,3,2.3,0.52,0.51,convencional,5,0,2025-05-12,0.51,prenhe
E-BO-001306,BO-M-00114,BO-R-0003,bovino,Nelore,Angus,1.3,5,2.8,0.52,0.71,convencional,6,0,2025-06-26,0.476,prenhe
E-BO-001307,BO-M-00216,BO-R-0024,bovino,Nelore,Mestico,3.8,3,2.6,0.56,0.8,convencional,3,1,2024-03-30,0.752,prenhe
E-BO-001308,BO-M-00078,BO-R-0029,bovino,Senepol,Guzera,4.4,0,3.7,0.74,0.69,convencional,4,0,2024-04-30,0.527,prenhe
E-BO-001309,BO-M-00017,BO-R-0005,bovino,Nelore,Senepol,7.2,4,3.6,0.44,0.54,IATF,5,0,2025-05-07,0.45,vazia
E-BO-001310,BO-M-00101,BO-R-0019,bovino,Angus,Angus,9.3,2,3.9,0.55,0.62,convencional,3,1,2024-03-27,0.596,prenhe
E-BO-001311,BO-M-00179,BO-R-0008,bovino,Brahman,Nelore,4.7,3,2.4,0.34,0.68,IATF,10,1,2025-10-04,0.405,prenhe
E-BO-001312,BO-M-00054,BO-R-0022,bovino,Brahman,Nelore,5.2,3,3.2,0.37,0.75,IATF,3,1,2024-03-20,0.787,prenhe
E-BO-001313,BO-M-00244,BO-R-0012,bovino,Angus,Guzera,2.3,0,3.2,0.54,0.64,IATF,12,1,2025-12-12,0.562,vazia
E-BO-001314,BO-M-00003,BO-R-0003,bovino,Angus,Angus,5.6,4,2.5,0.67,0.71,IATF,5,0,2025-05-05,0.597,prenhe
E-BO-001315,BO-M-00020,BO-R-0009,bovino,Brahman,Nelore,9.2,3,3.7,0.36,0.44,convencional,11,1,2024-11-19,0.455,vazia
E-BO-001316,BO-M-00152,BO-R-0016,bovino,Nelore,Nelore,7.4,2,3.6,0.53,0.72,IATF,7,0,2024-07-14,0.567,prenhe
E-BO-001317,BO-M-00153,BO-R-0023,bovino,Senepol,Senepol,2.6,5,3.2,0.35,0.92,IA_repasse,9,0,2024-09-08,0.574,prenhe
E-BO-001318,BO-M-00088,BO-R-0000,bovino,Nelore,Nelore,2.1,0,3.0,0.81,0.95,IATF,6,0,2025-06-30,0.705,vazia
E-BO-001319,BO-M-00077,BO-R-0028,bovino,Angus,Nelore,4.9,4,3.7,0.65,0.77,IATF,7,0,2025-07-03,0.6,vazia
E-BO-001320,BO-M-00020,BO-R-0019,bovino,Brahman,Angus,9.2,3,3.7,0.36,0.62,convencional,6,0,2024-06-01,0.477,vazia
E-BO-001321,BO-M-00198,BO-R-0026,bovino,Nelore,Nelore,4.2,0,3.9,0.31,0.76,IATF,1,1,2025-01-31,0.535,vazia
E-BO-001322,BO-M-00113,BO-R-0027,bovino,Senepol,Brahman,9.1,5,3.0,0.83,0.48,IATF,12,1,2025-12-25,0.55,prenhe
E-BO-001323,BO-M-00035,BO-R-0004,bovino,Nelore,Nelore,6.5,2,3.8,0.84,0.79,IATF,7,0,2024-07-06,0.636,prenhe
E-BO-001324,BO-M-00119,BO-R-0002,bovino,Angus,Nelore,9.2,2,3.0,0.55,0.66,IA_repasse,5,0,2025-05-21,0.555,prenhe
E-BO-001325,BO-M-00281,BO-R-0023,bovino,Nelore,Senepol,5.8,0,2.8,0.13,0.92,convencional,5,0,2024-05-05,0.563,prenhe
E-BO-001326,BO-M-00078,BO-R-0005,bovino,Senepol,Senepol,4.4,0,3.7,0.74,0.54,IATF,8,0,2025-08-31,0.399,vazia
E-BO-001327,BO-M-00268,BO-R-0004,bovino,Nelore,Nelore,4.3,4,3.0,0.95,0.79,IATF,5,0,2024-05-04,0.864,prenhe
E-BO-001328,BO-M-00077,BO-R-0014,bovino,Angus,Gir,4.9,4,3.7,0.65,0.94,IATF,8,0,2024-08-05,0.702,prenhe
E-BO-001329,BO-M-00055,BO-R-0027,bovino,Brahman,Brahman,5.7,0,3.3,0.6,0.48,IATF,12,1,2024-12-01,0.553,prenhe
E-BO-001330,BO-M-00078,BO-R-0023,bovino,Senepol,Senepol,4.4,0,3.7,0.74,0.92,IATF,9,0,2024-09-27,0.604,vazia
E-BO-001331,BO-M-00096,BO-R-0015,bovino,Nelore,Mestico,8.4,1,3.0,0.78,0.69,IATF,5,0,2024-05-04,0.655,vazia
E-BO-001332,BO-M-00036,BO-R-0005,bovino,Nelore,Senepol,1.9,0,2.7,0.58,0.54,IATF,4,0,2025-04-12,0.315,vazia
E-BO-001333,BO-M-00176,BO-R-0010,bovino,Nelore,Nelore,4.9,5,2.9,0.3,0.67,IATF,1,1,2024-01-15,0.629,prenhe
E-BO-001334,BO-M-00100,BO-R-0020,bovino,Guzera,Nelore,3.7,4,3.0,0.64,0.76,IATF,12,1,2025-12-18,0.935,prenhe
E-BO-001335,BO-M-00215,BO-R-0004,bovino,Brahman,Nelore,2.6,4,3.5,0.39,0.79,IATF,2,1,2024-02-08,0.776,vazia
E-BO-001336,BO-M-00147,BO-R-0015,bovino,Senepol,Mestico,6.5,4,3.0,0.91,0.69,IATF,8,0,2024-08-31,0.95,prenhe
E-BO-001337,BO-M-00132,BO-R-0000,bovino,Senepol,Nelore,7.3,2,3.7,0.6,0.95,convencional,11,1,2025-11-09,0.908,prenhe
E-BO-001338,BO-M-00141,BO-R-0009,bovino,Senepol,Nelore,2.4,0,2.5,0.48,0.44,IATF,4,0,2024-04-23,0.24,vazia
E-BO-001339,BO-M-00046,BO-R-0007,bovino,Nelore,Nelore,9.5,5,3.2,0.34,0.64,convencional,2,1,2024-02-23,0.703,prenhe
E-BO-001340,BO-M-00213,BO-R-0020,bovino,Gir,Nelore,3.5,4,4.0,0.57,0.76,IATF,6,0,2025-06-27,0.58,vazia
E-BO-001341,BO-M-00031,BO-R-0027,bovino,Mestico,Brahman,2.8,4,3.1,0.51,0.48,IATF,2,1,2024-02-23,0.609,vazia
E-BO-001342,BO-M-00216,BO-R-0004,bovino,Nelore,Nelore,3.8,3,2.6,0.56,0.79,IATF,10,1,2025-10-18,0.666,prenhe
E-BO-001343,BO-M-00299,BO-R-0023,bovino,Angus,Senepol,6.6,5,3.5,0.79,0.92,IATF,11,1,2024-11-25,0.906,prenhe
E-BO-001344,BO-M-00229,BO-R-0019,bovino,Nelore,Angus,3.8,4,1.5,0.24,0.62,IATF,9,0,2025-09-26,0.353,vazia
E-BO-001345,BO-M-00136,BO-R-0029,bovino,Mestico,Guzera,2.1,3,3.4,0.55,0.69,convencional,6,0,2024-06-27,0.682,prenhe
E-BO-001346,BO-M-00094,BO-R-0027,bovino,Nelore,Brahman,1.1,5,2.9,0.57,0.48,convencional,4,0,2024-04-13,0.407,vazia
E-BO-001347,BO-M-00261,BO-R-0003,bovino,Gir,Angus,3.2,1,2.4,0.12,0.71,IATF,12,1,2025-12-03,0.421,vazia
E-BO-001348,BO-M-00077,BO-R-0022,bovino,Angus,Nelore,4.9,4,3.7,0.65,0.75,IATF,7,0,2025-07-10,0.524,prenhe
E-BO-001349,BO-M-00144,BO-R-0017,bovino,Senepol,Angus,3.4,1,2.9,0.35,0.81,convencional,10,1,2025-10-27,0.641,prenhe
E-BO-001350,BO-M-00231,BO-R-0003,bovino,Nelore,Angus,7.3,1,3.4,0.85,0.71,IATF,8,0,2024-08-21,0.707,vazia
E-BO-001351,BO-M-00276,BO-R-0007,bovino,Nelore,Nelore,9.2,2,3.6,0.23,0.64,IATF,10,1,2024-10-22,0.398,prenhe
E-BO-001352,BO-M-00276,BO-R-0027,bovino,Nelore,Brahman,9.2,2,3.6,0.23,0.48,convencional,2,1,2025-02-25,0.499,prenhe
E-BO-001353,BO-M-00026,BO-R-0016,bovino,Senepol,Nelore,8.2,0,4.1,0.44,0.72,IATF,11,1,2024-11-23,0.327,vazia
E-BO-001354,BO-M-00269,BO-R-0010,bovino,Nelore,Nelore,5.9,0,3.0,0.71,0.67,IATF,6,0,2024-06-26,0.723,vazia
E-BO-001355,BO-M-00034,BO-R-0009,bovino,Senepol,Nelore,2.2,3,4.1,0.27,0.44,IATF,9,0,2024-09-30,0.228,vazia
E-BO-001356,BO-M-00175,BO-R-0025,bovino,Nelore,Mestico,3.7,5,3.7,0.94,0.71,IATF,3,1,2025-03-20,0.716,vazia
E-BO-001357,BO-M-00278,BO-R-0008,bovino,Gir,Nelore,8.7,1,3.3,0.32,0.68,IATF,1,1,2024-01-28,0.626,prenhe
E-BO-001358,BO-M-00196,BO-R-0004,bovino,Senepol,Nelore,4.9,3,3.9,0.19,0.79,convencional,9,0,2024-09-02,0.654,vazia
E-BO-001359,BO-M-00284,BO-R-0017,bovino,Senepol,Angus,9.3,2,3.2,0.5,0.81,IATF,8,0,2024-08-01,0.709,vazia
E-BO-001360,BO-M-00103,BO-R-0029,bovino,Mestico,Guzera,2.0,5,2.1,0.5,0.69,convencional,2,1,2024-02-21,0.482,vazia
E-BO-001361,BO-M-00094,BO-R-0005,bovino,Nelore,Senepol,1.1,5,2.9,0.57,0.54,convencional,3,1,2024-03-30,0.509,vazia
E-BO-001362,BO-M-00097,BO-R-0007,bovino,Nelore,Nelore,3.7,4,3.3,0.48,0.64,convencional,12,1,2024-12-27,0.95,prenhe
E-BO-001363,BO-M-00106,BO-R-0014,bovino,Nelore,Gir,3.6,1,3.2,0.9,0.94,IATF,3,1,2024-03-15,0.829,prenhe
E-BO-001364,BO-M-00204,BO-R-0005,bovino,Nelore,Senepol,5.7,1,3.1,0.37,0.54,IATF,9,0,2024-09-08,0.585,prenhe
E-BO-001365,BO-M-00135,BO-R-0019,bovino,Nelore,Angus,2.8,5,3.2,0.57,0.62,IATF,2,1,2025-02-13,0.577,prenhe
E-BO-001366,BO-M-00221,BO-R-0007,bovino,Senepol,Nelore,4.4,5,3.6,0.35,0.64,IATF,9,0,2025-09-29,0.494,vazia
E-BO-001367,BO-M-00124,BO-R-0003,bovino,Nelore,Angus,6.5,5,3.3,0.55,0.71,convencional,3,1,2024-03-13,0.933,prenhe
E-BO-001368,BO-M-00092,BO-R-0007,bovino,Nelore,Nelore,6.3,2,3.3,0.32,0.64,IATF,11,1,2024-11-13,0.687,prenhe
E-BO-001369,BO-M-00057,BO-R-0027,bovino,Senepol,Brahman,8.2,3,3.4,1.0,0.48,convencional,3,1,2024-03-16,0.873,prenhe
E-BO-001370,BO-M-00165,BO-R-0028,bovino,Nelore,Nelore,7.3,0,3.3,0.27,0.77,IATF,11,1,2024-11-08,0.643,prenhe
E-BO-001371,BO-M-00269,BO-R-0015,bovino,Nelore,Mestico,5.9,0,3.0,0.71,0.69,IATF,12,1,2024-12-16,0.701,prenhe
E-BO-001372,BO-M-00257,BO-R-0012,bovino,Nelore,Guzera,5.4,2,3.0,0.87,0.64,IATF,8,0,2025-08-06,0.778,prenhe
E-BO-001373,BO-M-00075,BO-R-0024,bovino,Nelore,Mestico,2.3,4,3.1,0.8,0.8,convencional,11,1,2024-11-18,0.874,prenhe
E-BO-001374,BO-M-00143,BO-R-0005,bovino,Senepol,Senepol,2.7,3,3.2,0.25,0.54,IATF,11,1,2025-11-13,0.498,vazia
E-BO-001375,BO-M-00211,BO-R-0019,bovino,Senepol,Angus,8.6,3,3.4,0.33,0.62,IATF,4,0,2024-04-10,0.576,prenhe
E-BO-001376,BO-M-00183,BO-R-0020,bovino,Nelore,Nelore,3.9,5,4.0,0.53,0.76,convencional,2,1,2024-02-08,0.734,vazia
E-BO-001377,BO-M-00020,BO-R-0021,bovino,Brahman,Nelore,9.2,3,3.7,0.36,0.68,IATF,1,1,2024-01-04,0.537,vazia
E-BO-001378,BO-M-00177,BO-R-0006,bovino,Mestico,Senepol,6.5,4,2.8,0.36,0.51,IATF,9,0,2024-09-17,0.444,vazia
E-BO-001379,BO-M-00011,BO-R-0021,bovino,Guzera,Nelore,4.8,4,3.2,0.59,0.68,IATF,5,0,2024-05-20,0.748,prenhe
E-BO-001380,BO-M-00034,BO-R-0018,bovino,Senepol,Gir,2.2,3,4.1,0.27,0.73,IATF,3,1,2024-03-07,0.384,prenhe
E-BO-001381,BO-M-00196,BO-R-0026,bovino,Senepol,Nelore,4.9,3,3.9,0.19,0.76,IATF,6,0,2024-06-21,0.616,vazia
E-BO-001382,BO-M-00030,BO-R-0005,bovino,Brahman,Senepol,7.6,4,3.2,0.3,0.54,IATF,12,1,2025-12-12,0.574,prenhe
E-BO-001383,BO-M-00101,BO-R-0018,bovino,Angus,Gir,9.3,2,3.9,0.55,0.73,IATF,8,0,2025-08-07,0.414,vazia
E-BO-001384,BO-M-00176,BO-R-0024,bovino,Nelore,Mestico,4.9,5,2.9,0.3,0.8,IATF,1,1,2024-01-14,0.57,vazia
E-BO-001385,BO-M-00196,BO-R-0008,bovino,Senepol,Nelore,4.9,3,3.9,0.19,0.68,IATF,10,1,2025-10-30,0.526,prenhe
E-BO-001386,BO-M-00133,BO-R-0022,bovino,Nelore,Nelore,8.5,4,3.2,0.44,0.75,IATF,5,0,2024-05-29,0.605,vazia
E-BO-001387,BO-M-00028,BO-R-0002,bovino,Nelore,Nelore,6.7,0,3.0,0.36,0.66,IATF,10,1,2024-10-23,0.67,prenhe
E-BO-001388,BO-M-00239,BO-R-0021,bovino,Nelore,Nelore,8.5,5,3.4,0.45,0.68,IATF,8,0,2024-08-27,0.479,vazia
E-BO-001389,BO-M-00284,BO-R-0018,bovino,Senepol,Gir,9.3,2,3.2,0.5,0.73,IATF,10,1,2024-10-22,0.705,prenhe
E-BO-001390,BO-M-00266,BO-R-0005,bovino,Nelore,Senepol,7.9,3,2.5,0.28,0.54,IATF,7,0,2025-07-09,0.493,prenhe
E-BO-001391,BO-M-00224,BO-R-0001,bovino,Nelore,Angus,2.1,1,3.3,0.76,0.62,IATF,6,0,2025-06-04,0.568,vazia
E-BO-001392,BO-M-00120,BO-R-0022,bovino,Senepol,Nelore,6.9,0,4.2,0.89,0.75,convencional,3,1,2025-03-09,0.625,prenhe
E-BO-001393,BO-M-00262,BO-R-0007,bovino,Nelore,Nelore,8.6,0,3.3,0.15,0.64,convencional,4,0,2025-04-02,0.508,vazia
E-BO-001394,BO-M-00146,BO-R-0014,bovino,Nelore,Gir,9.8,5,2.5,1.0,0.94,IATF,6,0,2025-06-15,0.556,vazia
E-BO-001395,BO-M-00040,BO-R-0001,bovino,Nelore,Angus,2.2,3,3.8,0.52,0.62,IATF,5,0,2024-05-14,0.325,prenhe
E-BO-001396,BO-M-00255,BO-R-0028,bovino,Brahman,Nelore,3.1,0,2.7,0.55,0.77,IATF,10,1,2024-10-15,0.611,prenhe
E-BO-001397,BO-M-00096,BO-R-0016,bovino,Nelore,Nelore,8.4,1,3.0,0.78,0.72,convencional,3,1,2024-03-19,0.781,vazia
E-BO-001398,BO-M-00281,BO-R-0027,bovino,Nelore,Brahman,5.8,0,2.8,0.13,0.48,IATF,5,0,2025-05-29,0.371,vazia
E-BO-001399,BO-M-00110,BO-R-0004,bovino,Senepol,Nelore,7.0,3,3.4,0.37,0.79,IATF,11,1,2024-11-15,0.86,vazia
E-BO-001400,BO-M-00260,BO-R-0006,bovino,Nelore,Senepol,1.8,4,3.4,0.79,0.51,IATF,4,0,2025-04-10,0.651,prenhe
E-BO-001401,BO-M-00161,BO-R-0018,bovino,Guzera,Gir,2.3,0,3.7,0.72,0.73,IATF,2,1,2025-02-16,0.425,vazia
E-BO-001402,BO-M-00140,BO-R-0018,bovino,Senepol,Gir,8.7,3,2.7,0.31,0.73,IATF,7,0,2024-07-18,0.395,vazia
E-BO-001403,BO-M-00089,BO-R-0023,bovino,Senepol,Senepol,8.7,3,3.3,0.72,0.92,convencional,4,0,2024-04-11,0.78,prenhe
E-BO-001404,BO-M-00250,BO-R-0027,bovino,Angus,Brahman,5.2,1,3.1,0.86,0.48,convencional,12,1,2025-12-11,0.819,prenhe
E-BO-001405,BO-M-00018,BO-R-0024,bovino,Gir,Mestico,3.7,4,2.4,0.71,0.8,IATF,8,0,2024-08-02,0.615,prenhe
E-BO-001406,BO-M-00140,BO-R-0004,bovino,Senepol,Nelore,8.7,3,2.7,0.31,0.79,IATF,3,1,2024-03-20,0.592,vazia
E-BO-001407,BO-M-00110,BO-R-0009,bovino,Senepol,Nelore,7.0,3,3.4,0.37,0.44,IATF,8,0,2024-08-11,0.553,vazia
E-BO-001408,BO-M-00163,BO-R-0027,bovino,Nelore,Brahman,3.7,1,2.6,0.68,0.48,IATF,10,1,2025-10-20,0.525,prenhe
E-BO-001409,BO-M-00076,BO-R-0016,bovino,Nelore,Nelore,9.4,3,3.7,0.87,0.72,IATF,7,0,2024-07-09,0.518,vazia
E-BO-001410,BO-M-00199,BO-R-0026,bovino,Nelore,Nelore,5.6,1,2.3,0.81,0.76,IATF,12,1,2025-12-21,0.615,prenhe
E-BO-001411,BO-M-00115,BO-R-0016,bovino,Gir,Nelore,3.2,1,2.8,0.81,0.72,convencional,12,1,2024-12-02,0.682,prenhe
E-BO-001412,BO-M-00056,BO-R-0001,bovino,Senepol,Angus,7.9,1,2.7,0.81,0.62,IA_repasse,9,0,2025-09-21,0.37,prenhe
E-BO-001413,BO-M-00059,BO-R-0014,bovino,Nelore,Gir,6.4,4,2.5,0.84,0.94,IATF,4,0,2025-04-21,0.758,prenhe
E-BO-001414,BO-M-00208,BO-R-0024,bovino,Nelore,Mestico,5.4,0,3.1,0.66,0.8,IATF,2,1,2024-02-02,0.695,prenhe
E-BO-001415,BO-M-00078,BO-R-0019,bovino,Senepol,Angus,4.4,0,3.7,0.74,0.62,IATF,1,1,2025-01-06,0.544,prenhe
E-BO-001416,BO-M-00092,BO-R-0003,bovino,Nelore,Angus,6.3,2,3.3,0.32,0.71,IATF,10,1,2024-10-31,0.796,prenhe
E-BO-001417,BO-M-00188,BO-R-0006,bovino,Brahman,Senepol,6.2,5,3.2,1.0,0.51,IATF,5,0,2024-05-27,0.705,vazia
E-BO-001418,BO-M-00098,BO-R-0025,bovino,Nelore,Mestico,5.1,3,3.3,0.62,0.71,IATF,2,1,2025-02-05,0.841,prenhe
E-BO-001419,BO-M-00116,BO-R-0029,bovino,Brahman,Guzera,2.3,4,3.0,0.56,0.69,IATF,3,1,2024-03-16,0.68,vazia
E-BO-001420,BO-M-00073,BO-R-0022,bovino,Nelore,Nelore,3.8,4,3.4,0.59,0.75,convencional,5,0,2025-05-24,0.92,prenhe
E-BO-001421,BO-M-00103,BO-R-0002,bovino,Mestico,Nelore,2.0,5,2.1,0.5,0.66,IATF,8,0,2025-08-22,0.258,vazia
E-BO-001422,BO-M-00207,BO-R-0018,bovino,Angus,Gir,8.5,5,3.4,0.43,0.73,IATF,3,1,2024-03-08,0.576,prenhe
E-BO-001423,BO-M-00160,BO-R-0024,bovino,Nelore,Mestico,6.2,0,3.3,0.29,0.8,IATF,12,1,2024-12-15,0.72,vazia
E-BO-001424,BO-M-00299,BO-R-0019,bovino,Angus,Angus,6.6,5,3.5,0.79,0.62,IA_repasse,4,0,2025-04-23,0.605,prenhe
E-BO-001425,BO-M-00231,BO-R-0017,bovino,Nelore,Angus,7.3,1,3.4,0.85,0.81,IATF,2,1,2024-02-15,0.95,prenhe
E-BO-001426,BO-M-00005,BO-R-0014,bovino,Mestico,Gir,5.2,5,3.9,0.48,0.94,IATF,10,1,2024-10-11,0.701,prenhe
E-BO-001427,BO-M-00113,BO-R-0007,bovino,Senepol,Nelore,9.1,5,3.0,0.83,0.64,IATF,7,0,2024-07-07,0.633,vazia
E-BO-001428,BO-M-00086,BO-R-0008,bovino,Brahman,Nelore,7.5,5,3.1,0.28,0.68,IATF,1,1,2024-01-29,0.657,vazia
E-BO-001429,BO-M-00176,BO-R-0022,bovino,Nelore,Nelore,4.9,5,2.9,0.3,0.75,IA_repasse,8,0,2025-08-09,0.344,vazia
E-BO-001430,BO-M-00079,BO-R-0002,bovino,Brahman,Nelore,7.6,5,3.2,0.8,0.66,IATF,11,1,2024-11-20,0.772,vazia
E-BO-001431,BO-M-00289,BO-R-0002,bovino,Nelore,Nelore,1.2,3,3.4,0.48,0.66,convencional,7,0,2025-07-02,0.683,vazia
E-BO-001432,BO-M-00089,BO-R-0011,bovino,Senepol,Nelore,8.7,3,3.3,0.72,0.83,IATF,3,1,2025-03-04,0.736,prenhe
E-BO-001433,BO-M-00156,BO-R-0023,bovino,Nelore,Senepol,9.8,2,3.2,0.4,0.92,IATF,10,1,2025-10-01,0.821,prenhe
E-BO-001434,BO-M-00036,BO-R-0019,bovino,Nelore,Angus,1.9,0,2.7,0.58,0.62,IATF,12,1,2025-12-28,0.448,prenhe
E-BO-001435,BO-M-00272,BO-R-0017,bovino,Nelore,Angus,5.3,2,4.1,0.47,0.81,IATF,3,1,2025-03-15,0.573,prenhe
E-BO-001436,BO-M-00273,BO-R-0016,bovino,Senepol,Nelore,7.9,1,3.9,0.12,0.72,IATF,9,0,2024-09-14,0.484,prenhe
E-BO-001437,BO-M-00238,BO-R-0003,bovino,Nelore,Angus,2.5,1,3.2,0.9,0.71,IATF,11,1,2024-11-04,0.735,vazia
E-BO-001438,BO-M-00105,BO-R-0009,bovino,Brahman,Nelore,8.9,4,3.2,0.5,0.44,IATF,8,0,2025-08-25,0.542,vazia
E-BO-001439,BO-M-00017,BO-R-0002,bovino,Nelore,Nelore,7.2,4,3.6,0.44,0.66,convencional,11,1,2024-11-07,0.655,prenhe
E-BO-001440,BO-M-00213,BO-R-0022,bovino,Gir,Nelore,3.5,4,4.0,0.57,0.75,IA_repasse,1,1,2025-01-14,0.577,prenhe
E-BO-001441,BO-M-00128,BO-R-0022,bovino,Nelore,Nelore,1.5,4,2.8,0.75,0.75,IATF,5,0,2024-05-21,0.507,prenhe
E-BO-001442,BO-M-00297,BO-R-0007,bovino,Gir,Nelore,6.7,4,3.1,0.63,0.64,IATF,12,1,2025-12-23,0.853,prenhe
E-BO-001443,BO-M-00209,BO-R-0008,bovino,Senepol,Nelore,2.0,1,3.2,0.66,0.68,convencional,4,0,2025-04-20,0.653,vazia
E-BO-001444,BO-M-00161,BO-R-0009,bovino,Guzera,Nelore,2.3,0,3.7,0.72,0.44,IATF,8,0,2024-08-29,0.155,vazia
E-BO-001445,BO-M-00296,BO-R-0026,bovino,Mestico,Nelore,7.3,3,3.2,0.51,0.76,convencional,3,1,2025-03-03,0.892,prenhe
E-BO-001446,BO-M-00240,BO-R-0014,bovino,Gir,Gir,9.9,4,4.0,0.75,0.94,IATF,10,1,2024-10-19,0.663,prenhe
E-BO-001447,BO-M-00137,BO-R-0022,bovino,Senepol,Nelore,5.5,1,3.4,0.84,0.75,convencional,4,0,2024-04-23,0.881,prenhe
E-BO-001448,BO-M-00005,BO-R-0013,bovino,Mestico,Nelore,5.2,5,3.9,0.48,0.77,IATF,9,0,2025-09-30,0.598,prenhe
E-BO-001449,BO-M-00027,BO-R-0020,bovino,Nelore,Nelore,5.8,5,3.5,0.66,0.76,IATF,10,1,2025-10-08,0.825,prenhe
E-BO-001450,BO-M-00133,BO-R-0015,bovino,Nelore,Mestico,8.5,4,3.2,0.44,0.69,IATF,9,0,2025-09-01,0.598,prenhe
E-BO-001451,BO-M-00168,BO-R-0008,bovino,Nelore,Nelore,2.3,5,1.9,0.67,0.68,IATF,9,0,2024-09-25,0.284,vazia
E-BO-001452,BO-M-00009,BO-R-0026,bovino,Senepol,Nelore,2.3,5,2.6,0.76,0.76,convencional,7,0,2024-07-06,0.591,vazia
E-BO-001453,BO-M-00037,BO-R-0021,bovino,Senepol,Nelore,7.5,0,3.6,0.63,0.68,IA_repasse,2,1,2024-02-06,0.438,prenhe
E-BO-001454,BO-M-00211,BO-R-0023,bovino,Senepol,Senepol,8.6,3,3.4,0.33,0.92,IATF,6,0,2025-06-18,0.657,prenhe
E-BO-001455,BO-M-00225,BO-R-0028,bovino,Guzera,Nelore,4.3,4,3.0,0.56,0.77,IATF,8,0,2024-08-27,0.726,vazia
E-BO-001456,BO-M-00008,BO-R-0007,bovino,Nelore,Nelore,3.4,1,2.6,0.55,0.64,IATF,10,1,2025-10-13,0.657,vazia
E-BO-001457,BO-M-00152,BO-R-0002,bovino,Nelore,Nelore,7.4,2,3.6,0.53,0.66,IATF,9,0,2025-09-26,0.58,prenhe
E-BO-001458,BO-M-00024,BO-R-0017,bovino,Brahman,Angus,8.6,2,3.2,0.4,0.81,IATF,4,0,2024-04-03,0.599,prenhe
E-BO-001459,BO-M-00217,BO-R-0009,bovino,Nelore,Nelore,7.7,2,3.2,0.66,0.44,convencional,10,1,2025-10-31,0.842,prenhe
E-BO-001460,BO-M-00250,BO-R-0013,bovino,Angus,Nelore,5.2,1,3.1,0.86,0.77,convencional,4,0,2024-04-12,0.915,prenhe
E-BO-001461,BO-M-00260,BO-R-0007,bovino,Nelore,Nelore,1.8,4,3.4,0.79,0.64,IATF,12,1,2024-12-23,0.711,prenhe
E-BO-001462,BO-M-00179,BO-R-0011,bovino,Brahman,Nelore,4.7,3,2.4,0.34,0.83,IATF,12,1,2024-12-11,0.543,prenhe
E-BO-001463,BO-M-00188,BO-R-0011,bovino,Brahman,Nelore,6.2,5,3.2,1.0,0.83,IATF,11,1,2025-11-29,0.859,prenhe
E-BO-001464,BO-M-00277,BO-R-0010,bovino,Senepol,Nelore,6.3,2,3.3,0.42,0.67,IATF,4,0,2025-04-24,0.729,prenhe
E-BO-001465,BO-M-00183,BO-R-0022,bovino,Nelore,Nelore,3.9,5,4.0,0.53,0.75,IATF,9,0,2025-09-30,0.498,vazia
E-BO-001466,BO-M-00133,BO-R-0017,bovino,Nelore,Angus,8.5,4,3.2,0.44,0.81,IATF,3,1,2025-03-10,0.699,prenhe
E-BO-001467,BO-M-00226,BO-R-0014,bovino,Nelore,Gir,9.6,4,3.4,0.47,0.94,IATF,8,0,2025-08-25,0.633,prenhe
E-BO-001468,BO-M-00177,BO-R-0003,bovino,Mestico,Angus,6.5,4,2.8,0.36,0.71,IATF,9,0,2025-09-14,0.55,prenhe
E-BO-001469,BO-M-00252,BO-R-0017,bovino,Senepol,Angus,2.6,0,3.3,0.48,0.81,convencional,9,0,2025-09-19,0.641,vazia
E-BO-001470,BO-M-00157,BO-R-0005,bovino,Angus,Senepol,5.1,0,3.1,0.58,0.54,IATF,10,1,2024-10-27,0.656,prenhe
E-BO-001471,BO-M-00260,BO-R-0009,bovino,Nelore,Nelore,1.8,4,3.4,0.79,0.44,IATF,10,1,2024-10-05,0.654,vazia
E-BO-001472,BO-M-00013,BO-R-0012,bovino,Gir,Guzera,4.3,5,3.1,0.65,0.64,IATF,12,1,2025-12-19,0.783,prenhe
E-BO-001473,BO-M-00010,BO-R-0004,bovino,Nelore,Nelore,5.3,3,3.4,0.79,0.79,convencional,7,0,2025-07-06,0.95,prenhe
E-BO-001474,BO-M-00029,BO-R-0011,bovino,Angus,Nelore,3.6,1,2.8,0.64,0.83,IATF,10,1,2025-10-31,0.708,vazia
E-BO-001475,BO-M-00166,BO-R-0008,bovino,Gir,Nelore,6.8,1,3.8,0.49,0.68,IATF,2,1,2025-02-25,0.578,vazia
E-BO-001476,BO-M-00212,BO-R-0025,bovino,Nelore,Mestico,1.5,1,3.8,0.31,0.71,IATF,11,1,2025-11-09,0.408,prenhe
E-BO-001477,BO-M-00064,BO-R-0025,bovino,Angus,Mestico,6.9,1,3.2,0.57,0.71,IATF,6,0,2025-06-09,0.656,prenhe
E-BO-001478,BO-M-00046,BO-R-0000,bovino,Nelore,Nelore,9.5,5,3.2,0.34,0.95,IATF,6,0,2025-06-26,0.568,prenhe
E-BO-001479,BO-M-00258,BO-R-0018,bovino,Nelore,Gir,6.3,1,2.5,0.62,0.73,convencional,5,0,2024-05-09,0.657,prenhe
E-BO-001480,BO-M-00225,BO-R-0019,bovino,Guzera,Angus,4.3,4,3.0,0.56,0.62,IATF,2,1,2025-02-17,0.761,prenhe
E-BO-001481,BO-M-00194,BO-R-0011,bovino,Nelore,Nelore,8.1,1,3.7,0.02,0.83,IATF,6,0,2025-06-17,0.351,vazia
E-BO-001482,BO-M-00146,BO-R-0014,bovino,Nelore,Gir,9.8,5,2.5,1.0,0.94,IATF,7,0,2025-07-09,0.508,vazia
E-BO-001483,BO-M-00126,BO-R-0023,bovino,Nelore,Senepol,3.1,4,4.8,0.64,0.92,convencional,11,1,2025-11-30,0.683,prenhe
E-BO-001484,BO-M-00006,BO-R-0011,bovino,Brahman,Nelore,4.5,3,3.3,0.11,0.83,convencional,8,0,2024-08-26,0.855,prenhe
E-BO-001485,BO-M-00056,BO-R-0001,bovino,Senepol,Angus,7.9,1,2.7,0.81,0.62,convencional,8,0,2024-08-08,0.626,prenhe
E-BO-001486,BO-M-00269,BO-R-0011,bovino,Nelore,Nelore,5.9,0,3.0,0.71,0.83,IATF,12,1,2025-12-08,0.772,prenhe
E-BO-001487,BO-M-00101,BO-R-0007,bovino,Angus,Nelore,9.3,2,3.9,0.55,0.64,convencional,12,1,2025-12-20,0.551,prenhe
E-BO-001488,BO-M-00211,BO-R-0011,bovino,Senepol,Nelore,8.6,3,3.4,0.33,0.83,IATF,5,0,2024-05-11,0.649,vazia
E-BO-001489,BO-M-00211,BO-R-0006,bovino,Senepol,Senepol,8.6,3,3.4,0.33,0.51,IATF,10,1,2024-10-03,0.649,vazia
E-BO-001490,BO-M-00092,BO-R-0004,bovino,Nelore,Nelore,6.3,2,3.3,0.32,0.79,IATF,11,1,2025-11-23,0.8,prenhe
E-BO-001491,BO-M-00061,BO-R-0029,bovino,Senepol,Guzera,2.1,5,3.2,0.52,0.69,convencional,5,0,2024-05-25,0.619,vazia
E-BO-001492,BO-M-00207,BO-R-0003,bovino,Angus,Angus,8.5,5,3.4,0.43,0.71,IATF,7,0,2025-07-25,0.574,prenhe
E-BO-001493,BO-M-00028,BO-R-0021,bovino,Nelore,Nelore,6.7,0,3.0,0.36,0.68,IATF,3,1,2024-03-22,0.593,vazia
E-BO-001494,BO-M-00148,BO-R-0021,bovino,Nelore,Nelore,1.5,4,2.9,0.47,0.68,IATF,5,0,2024-05-10,0.524,prenhe
E-BO-001495,BO-M-00266,BO-R-0018,bovino,Nelore,Gir,7.9,3,2.5,0.28,0.73,IATF,7,0,2025-07-27,0.66,prenhe
E-BO-001496,BO-M-00213,BO-R-0027,bovino,Gir,Brahman,3.5,4,4.0,0.57,0.48,IATF,3,1,2025-03-19,0.441,vazia
E-BO-001497,BO-M-00229,BO-R-0000,bovino,Nelore,Nelore,3.8,4,1.5,0.24,0.95,IATF,2,1,2025-02-09,0.593,prenhe
E-BO-001498,BO-M-00024,BO-R-0009,bovino,Brahman,Nelore,8.6,2,3.2,0.4,0.44,convencional,9,0,2025-09-17,0.55,vazia
E-BO-001499,BO-M-00059,BO-R-0005,bovino,Nelore,Senepol,6.4,4,2.5,0.84,0.54,IATF,8,0,2024-08-12,0.561,prenhe
E-OV-000000,OV-M-00282,OV-R-0018,ovino,Somalis,Santa Ines,3.0,2,4.0,0.67,0.6,IA_laparoscopica,12,0,2024-12-18,0.733,prenhe
E-OV-000001,OV-M-00071,OV-R-0004,ovino,Santa Ines,Mestico,2.2,5,2.1,0.5,0.42,IA_cervical,3,1,2024-03-17,0.4,vazia
E-OV-000002,OV-M-00207,OV-R-0028,ovino,Santa Ines,Santa Ines,2.3,2,3.1,0.6,0.86,IA_cervical,11,0,2024-11-28,0.865,prenhe
E-OV-000003,OV-M-00036,OV-R-0008,ovino,Morada Nova,Dorper,4.1,1,2.4,0.42,0.34,IA_cervical,5,1,2025-05-16,0.37,prenhe
E-OV-000004,OV-M-00286,OV-R-0023,ovino,Morada Nova,Mestico,7.7,4,3.8,0.6,0.92,IA_cervical,8,0,2024-08-10,0.547,vazia
E-OV-000005,OV-M-00193,OV-R-0029,ovino,Somalis,Santa Ines,2.6,5,2.4,0.41,0.66,IA_cervical,8,0,2024-08-20,0.297,prenhe
E-OV-000006,OV-M-00129,OV-R-0007,ovino,Somalis,Santa Ines,4.6,3,3.8,0.42,0.86,IA_cervical,12,0,2024-12-03,0.614,prenhe
E-OV-000007,OV-M-00103,OV-R-0019,ovino,Mestico,Santa Ines,8.1,1,2.2,0.21,0.87,IA_laparoscopica,9,0,2025-09-24,0.489,vazia
E-OV-000008,OV-M-00106,OV-R-0001,ovino,Santa Ines,Santa Ines,6.9,0,3.3,0.28,0.86,IA_cervical,3,1,2025-03-16,0.516,vazia
E-OV-000009,OV-M-00067,OV-R-0019,ovino,Morada Nova,Santa Ines,2.9,5,3.8,0.17,0.87,IA_cervical,11,0,2025-11-01,0.5,vazia
E-OV-000010,OV-M-00179,OV-R-0013,ovino,Santa Ines,Santa Ines,9.5,4,3.4,0.34,0.72,IA_cervical,2,1,2024-02-15,0.661,vazia
E-OV-000011,OV-M-00259,OV-R-0002,ovino,Santa Ines,Santa Ines,4.5,1,2.7,0.69,0.71,IA_cervical,9,0,2025-09-11,0.497,prenhe
E-OV-000012,OV-M-00072,OV-R-0020,ovino,Somalis,Dorper,1.3,5,3.0,0.52,0.57,IA_laparoscopica,2,1,2024-02-01,0.855,prenhe
E-OV-000013,OV-M-00224,OV-R-0029,ovino,White Dorper,Santa Ines,2.9,0,3.2,0.55,0.66,IA_cervical,8,0,2024-08-23,0.618,vazia
E-OV-000014,OV-M-00169,OV-R-0002,ovino,Somalis,Santa Ines,8.0,4,3.2,0.46,0.71,IATF,11,0,2024-11-07,0.753,prenhe
E-OV-000015,OV-M-00232,OV-R-0026,ovino,Santa Ines,Morada Nova,4.7,2,2.5,0.24,0.72,IA_laparoscopica,6,0,2024-06-21,0.717,prenhe
E-OV-000016,OV-M-00230,OV-R-0025,ovino,Santa Ines,Santa Ines,5.3,2,3.4,0.19,0.6,IATF,12,0,2025-12-23,0.61,prenhe
E-OV-000017,OV-M-00011,OV-R-0016,ovino,Morada Nova,Santa Ines,7.2,0,3.1,0.66,0.61,IA_laparoscopica,10,0,2025-10-13,0.68,prenhe
E-OV-000018,OV-M-00006,OV-R-0027,ovino,Morada Nova,Dorper,9.9,3,3.2,0.46,0.71,IA_cervical,2,1,2025-02-21,0.592,prenhe
E-OV-000019,OV-M-00274,OV-R-0009,ovino,Santa Ines,White Dorper,3.1,4,3.3,0.37,0.74,IATF,11,0,2024-11-26,0.814,prenhe
E-OV-000020,OV-M-00046,OV-R-0021,ovino,Morada Nova,Santa Ines,6.5,3,3.5,0.54,0.84,IATF,7,0,2025-07-10,0.691,prenhe
E-OV-000021,OV-M-00172,OV-R-0020,ovino,Santa Ines,Dorper,8.1,1,4.9,0.55,0.57,IA_cervical,5,1,2025-05-31,0.311,vazia
E-OV-000022,OV-M-00225,OV-R-0017,ovino,Santa Ines,Santa Ines,2.9,2,3.9,0.38,0.55,IA_cervical,12,0,2024-12-16,0.433,vazia
E-OV-000023,OV-M-00151,OV-R-0025,ovino,Mestico,Santa Ines,6.5,2,3.5,0.69,0.6,IA_cervical,8,0,2025-08-26,0.612,prenhe
E-OV-000024,OV-M-00001,OV-R-0026,ovino,Dorper,Morada Nova,3.3,5,3.3,0.54,0.72,IA_laparoscopica,5,1,2024-05-20,0.95,prenhe
E-OV-000025,OV-M-00003,OV-R-0023,ovino,Santa Ines,Mestico,5.8,1,3.0,0.48,0.92,IA_cervical,7,0,2024-07-21,0.691,prenhe
E-OV-000026,OV-M-00200,OV-R-0017,ovino,Santa Ines,Santa Ines,1.7,0,3.0,0.63,0.55,IA_laparoscopica,1,0,2024-01-13,0.865,prenhe
E-OV-000027,OV-M-00269,OV-R-0029,ovino,Somalis,Santa Ines,9.5,2,3.7,0.81,0.66,IA_cervical,3,1,2024-03-27,0.652,prenhe
E-OV-000028,OV-M-00103,OV-R-0016,ovino,Mestico,Santa Ines,8.1,1,2.2,0.21,0.61,IA_cervical,5,1,2024-05-25,0.174,vazia
E-OV-000029,OV-M-00163,OV-R-0019,ovino,Morada Nova,Santa Ines,2.2,3,2.7,0.47,0.87,IA_cervical,4,1,2025-04-01,0.652,vazia
E-OV-000030,OV-M-00280,OV-R-0005,ovino,Morada Nova,Santa Ines,3.4,3,3.3,0.68,0.69,IA_cervical,9,0,2025-09-16,0.682,prenhe
E-OV-000031,OV-M-00247,OV-R-0009,ovino,Morada Nova,White Dorper,6.7,0,2.9,0.5,0.74,IA_cervical,3,1,2025-03-06,0.468,vazia
E-OV-000032,OV-M-00162,OV-R-0027,ovino,White Dorper,Dorper,6.4,1,3.9,0.37,0.71,IATF,11,0,2024-11-21,0.383,vazia
E-OV-000033,OV-M-00196,OV-R-0014,ovino,Santa Ines,White Dorper,6.0,0,1.9,0.51,0.52,IA_cervical,7,0,2024-07-16,0.146,vazia
E-OV-000034,OV-M-00288,OV-R-0015,ovino,Somalis,Dorper,4.1,5,3.1,0.9,0.43,IATF,3,1,2024-03-15,0.751,prenhe
E-OV-000035,OV-M-00239,OV-R-0024,ovino,Mestico,Santa Ines,1.2,5,3.7,0.96,0.66,IA_laparoscopica,3,1,2025-03-02,0.845,prenhe
E-OV-000036,OV-M-00124,OV-R-0009,ovino,Morada Nova,White Dorper,2.7,1,3.3,0.66,0.74,IATF,4,1,2024-04-12,0.794,prenhe
E-OV-000037,OV-M-00207,OV-R-0007,ovino,Santa Ines,Santa Ines,2.3,2,3.1,0.6,0.86,IA_cervical,7,0,2025-07-30,0.761,prenhe
E-OV-000038,OV-M-00098,OV-R-0000,ovino,Morada Nova,Santa Ines,5.3,2,2.6,0.64,0.64,IATF,10,0,2024-10-25,0.494,vazia
E-OV-000039,OV-M-00276,OV-R-0006,ovino,Somalis,Santa Ines,5.5,0,3.1,0.49,0.59,IATF,9,0,2024-09-12,0.574,vazia
E-OV-000040,OV-M-00028,OV-R-0015,ovino,Santa Ines,Dorper,9.3,2,3.5,0.91,0.43,IA_laparoscopica,1,0,2024-01-20,0.763,prenhe
E-OV-000041,OV-M-00067,OV-R-0021,ovino,Morada Nova,Santa Ines,2.9,5,3.8,0.17,0.84,IA_cervical,6,0,2024-06-25,0.44,vazia
E-OV-000042,OV-M-00103,OV-R-0009,ovino,Mestico,White Dorper,8.1,1,2.2,0.21,0.74,IA_laparoscopica,1,0,2024-01-10,0.321,vazia
E-OV-000043,OV-M-00060,OV-R-0013,ovino,Morada Nova,Santa Ines,5.4,0,3.7,0.55,0.72,IA_cervical,6,0,2025-06-13,0.406,vazia
E-OV-000044,OV-M-00178,OV-R-0006,ovino,Mestico,Santa Ines,9.7,4,3.4,0.58,0.59,IA_cervical,12,0,2024-12-23,0.545,prenhe
E-OV-000045,OV-M-00213,OV-R-0024,ovino,Somalis,Santa Ines,8.2,0,2.3,0.63,0.66,IA_laparoscopica,7,0,2025-07-27,0.373,vazia
E-OV-000046,OV-M-00267,OV-R-0015,ovino,Santa Ines,Dorper,8.1,4,2.3,0.32,0.43,IATF,2,1,2025-02-16,0.24,prenhe
E-OV-000047,OV-M-00150,OV-R-0004,ovino,Dorper,Mestico,3.1,4,2.7,0.89,0.42,IA_cervical,11,0,2025-11-27,0.464,vazia
E-OV-000048,OV-M-00186,OV-R-0018,ovino,Santa Ines,Santa Ines,4.6,5,3.8,0.44,0.6,IA_cervical,7,0,2025-07-26,0.39,vazia
E-OV-000049,OV-M-00179,OV-R-0010,ovino,Santa Ines,Dorper,9.5,4,3.4,0.34,0.65,IATF,4,1,2024-04-17,0.676,prenhe
E-OV-000050,OV-M-00001,OV-R-0025,ovino,Dorper,Santa Ines,3.3,5,3.3,0.54,0.6,IA_cervical,3,1,2024-03-26,0.648,prenhe
E-OV-000051,OV-M-00212,OV-R-0008,ovino,Morada Nova,Dorper,6.3,1,2.9,0.41,0.34,IA_cervical,10,0,2025-10-11,0.237,vazia
E-OV-000052,OV-M-00006,OV-R-0025,ovino,Morada Nova,Santa Ines,9.9,3,3.2,0.46,0.6,IA_laparoscopica,7,0,2024-07-15,0.73,prenhe
E-OV-000053,OV-M-00164,OV-R-0020,ovino,Santa Ines,Dorper,4.7,0,2.9,0.61,0.57,IATF,7,0,2025-07-12,0.601,vazia
E-OV-000054,OV-M-00299,OV-R-0004,ovino,Santa Ines,Mestico,8.3,0,4.4,0.42,0.42,IA_cervical,4,1,2025-04-03,0.107,vazia
E-OV-000055,OV-M-00236,OV-R-0022,ovino,Mestico,Somalis,8.9,3,3.6,0.63,0.59,IA_cervical,5,1,2025-05-27,0.51,vazia
E-OV-000056,OV-M-00151,OV-R-0021,ovino,Mestico,Santa Ines,6.5,2,3.5,0.69,0.84,IA_cervical,7,0,2024-07-13,0.713,prenhe
E-OV-000057,OV-M-00095,OV-R-0013,ovino,Santa Ines,Santa Ines,3.0,3,3.4,0.54,0.72,IA_cervical,8,0,2024-08-16,0.704,vazia
E-OV-000058,OV-M-00251,OV-R-0004,ovino,Santa Ines,Mestico,1.4,5,2.9,0.4,0.42,IATF,2,1,2025-02-09,0.493,prenhe
E-OV-000059,OV-M-00257,OV-R-0014,ovino,White Dorper,White Dorper,7.8,4,3.0,0.47,0.52,IATF,1,0,2024-01-17,0.62,prenhe
E-OV-000060,OV-M-00110,OV-R-0018,ovino,Santa Ines,Santa Ines,4.6,0,3.8,0.58,0.6,IA_cervical,8,0,2024-08-15,0.451,prenhe
E-OV-000061,OV-M-00032,OV-R-0003,ovino,Dorper,Santa Ines,7.2,0,2.2,0.78,0.81,IA_cervical,1,0,2025-01-05,0.409,vazia
E-OV-000062,OV-M-00174,OV-R-0010,ovino,White Dorper,Dorper,8.9,3,2.8,0.43,0.65,IA_cervical,5,1,2024-05-29,0.377,vazia
E-OV-000063,OV-M-00190,OV-R-0021,ovino,Dorper,Santa Ines,8.9,2,3.7,0.23,0.84,IA_cervical,7,0,2024-07-27,0.4,vazia
E-OV-000064,OV-M-00280,OV-R-0016,ovino,Morada Nova,Santa Ines,3.4,3,3.3,0.68,0.61,IA_cervical,12,0,2025-12-18,0.814,prenhe
E-OV-000065,OV-M-00267,OV-R-0029,ovino,Santa Ines,Santa Ines,8.1,4,2.3,0.32,0.66,IA_cervical,7,0,2024-07-30,0.334,prenhe
E-OV-000066,OV-M-00068,OV-R-0006,ovino,Dorper,Santa Ines,4.1,4,4.0,0.71,0.59,IATF,10,0,2025-10-20,0.645,prenhe
E-OV-000067,OV-M-00075,OV-R-0023,ovino,Somalis,Mestico,7.5,4,3.8,0.79,0.92,IA_cervical,11,0,2025-11-07,0.648,vazia
E-OV-000068,OV-M-00299,OV-R-0012,ovino,Santa Ines,Dorper,8.3,0,4.4,0.42,0.64,IA_laparoscopica,5,1,2025-05-06,0.364,prenhe
E-OV-000069,OV-M-00098,OV-R-0006,ovino,Morada Nova,Santa Ines,5.3,2,2.6,0.64,0.59,IA_cervical,4,1,2024-04-21,0.544,vazia
E-OV-000070,OV-M-00137,OV-R-0028,ovino,Santa Ines,Santa Ines,7.1,0,3.0,0.35,0.86,IATF,5,1,2024-05-30,0.727,vazia
E-OV-000071,OV-M-00091,OV-R-0018,ovino,Dorper,Santa Ines,9.9,3,3.0,0.14,0.6,IATF,11,0,2025-11-12,0.515,vazia
E-OV-000072,OV-M-00118,OV-R-0016,ovino,Mestico,Santa Ines,8.5,0,3.9,0.22,0.61,IA_cervical,1,0,2024-01-02,0.379,vazia
E-OV-000073,OV-M-00169,OV-R-0008,ovino,Somalis,Dorper,8.0,4,3.2,0.46,0.34,IA_cervical,1,0,2025-01-02,0.468,prenhe
E-OV-000074,OV-M-00087,OV-R-0026,ovino,Somalis,Morada Nova,7.6,4,3.2,0.83,0.72,IA_laparoscopica,3,1,2025-03-11,0.834,prenhe
E-OV-000075,OV-M-00123,OV-R-0000,ovino,Somalis,Santa Ines,4.5,5,3.9,0.37,0.64,IA_cervical,9,0,2025-09-03,0.459,prenhe
E-OV-000076,OV-M-00105,OV-R-0003,ovino,Dorper,Santa Ines,1.1,5,3.4,0.3,0.81,IA_cervical,10,0,2025-10-15,0.628,vazia
E-OV-000077,OV-M-00032,OV-R-0005,ovino,Dorper,Santa Ines,7.2,0,2.2,0.78,0.69,IA_cervical,7,0,2024-07-26,0.35,prenhe
E-OV-000078,OV-M-00236,OV-R-0019,ovino,Mestico,Santa Ines,8.9,3,3.6,0.63,0.87,IATF,1,0,2025-01-01,0.611,vazia
E-OV-000079,OV-M-00267,OV-R-0003,ovino,Santa Ines,Santa Ines,8.1,4,2.3,0.32,0.81,IA_cervical,4,1,2025-04-07,0.398,prenhe
E-OV-000080,OV-M-00147,OV-R-0023,ovino,Dorper,Mestico,9.6,4,4.3,0.27,0.92,IA_cervical,12,0,2025-12-05,0.457,prenhe
E-OV-000081,OV-M-00061,OV-R-0005,ovino,Morada Nova,Santa Ines,2.3,1,2.4,0.71,0.69,IA_cervical,2,1,2025-02-10,0.585,prenhe
E-OV-000082,OV-M-00192,OV-R-0020,ovino,Somalis,Dorper,9.6,3,4.0,0.82,0.57,IA_laparoscopica,3,1,2024-03-29,0.671,vazia
E-OV-000083,OV-M-00160,OV-R-0023,ovino,Morada Nova,Mestico,6.3,0,4.1,0.16,0.92,IA_cervical,11,0,2025-11-05,0.252,prenhe
E-OV-000084,OV-M-00165,OV-R-0026,ovino,Santa Ines,Morada Nova,2.6,2,3.5,0.33,0.72,IATF,1,0,2025-01-09,0.79,prenhe
E-OV-000085,OV-M-00178,OV-R-0008,ovino,Mestico,Dorper,9.7,4,3.4,0.58,0.34,IA_laparoscopica,5,1,2024-05-10,0.724,prenhe
E-OV-000086,OV-M-00215,OV-R-0002,ovino,Morada Nova,Santa Ines,4.5,2,2.6,0.49,0.71,IA_cervical,5,1,2024-05-18,0.635,prenhe
E-OV-000087,OV-M-00012,OV-R-0022,ovino,Santa Ines,Somalis,3.2,0,2.9,0.43,0.59,IA_cervical,5,1,2024-05-29,0.494,vazia
E-OV-000088,OV-M-00029,OV-R-0013,ovino,Morada Nova,Santa Ines,1.7,0,4.0,0.46,0.72,IATF,6,0,2025-06-10,0.467,vazia
E-OV-000089,OV-M-00028,OV-R-0028,ovino,Santa Ines,Santa Ines,9.3,2,3.5,0.91,0.86,IATF,11,0,2025-11-23,0.694,prenhe
E-OV-000090,OV-M-00046,OV-R-0005,ovino,Morada Nova,Santa Ines,6.5,3,3.5,0.54,0.69,IA_cervical,11,0,2024-11-18,0.626,prenhe
E-OV-000091,OV-M-00291,OV-R-0017,ovino,Santa Ines,Santa Ines,7.7,2,2.8,0.51,0.55,IA_cervical,3,1,2024-03-12,0.363,prenhe
E-OV-000092,OV-M-00219,OV-R-0003,ovino,Dorper,Santa Ines,5.9,1,2.9,0.38,0.81,IA_cervical,10,0,2025-10-10,0.36,vazia
E-OV-000093,OV-M-00199,OV-R-0014,ovino,Somalis,White Dorper,4.5,2,2.9,0.73,0.52,IA_cervical,4,1,2025-04-08,0.535,prenhe
E-OV-000094,OV-M-00209,OV-R-0000,ovino,Santa Ines,Santa Ines,8.0,0,3.0,0.73,0.64,IA_cervical,2,1,2025-02-20,0.53,prenhe
E-OV-000095,OV-M-00010,OV-R-0022,ovino,Morada Nova,Somalis,4.4,3,4.1,0.37,0.59,IA_cervical,2,1,2024-02-14,0.501,prenhe
E-OV-000096,OV-M-00063,OV-R-0018,ovino,Mestico,Santa Ines,2.5,3,3.9,0.52,0.6,IA_cervical,12,0,2025-12-09,0.523,prenhe
E-OV-000097,OV-M-00238,OV-R-0002,ovino,Santa Ines,Santa Ines,8.0,1,3.0,0.25,0.71,IATF,2,1,2024-02-26,0.631,vazia
E-OV-000098,OV-M-00138,OV-R-0014,ovino,Santa Ines,White Dorper,7.8,3,3.5,0.5,0.52,IATF,3,1,2025-03-21,0.602,prenhe
E-OV-000099,OV-M-00152,OV-R-0012,ovino,Santa Ines,Dorper,6.9,5,2.8,0.62,0.64,IATF,3,1,2025-03-11,0.457,vazia
E-OV-000100,OV-M-00225,OV-R-0020,ovino,Santa Ines,Dorper,2.9,2,3.9,0.38,0.57,IA_laparoscopica,1,0,2025-01-10,0.693,prenhe
E-OV-000101,OV-M-00022,OV-R-0014,ovino,Santa Ines,White Dorper,5.4,5,3.8,0.88,0.52,IA_laparoscopica,2,1,2025-02-06,0.621,vazia
E-OV-000102,OV-M-00239,OV-R-0013,ovino,Mestico,Santa Ines,1.2,5,3.7,0.96,0.72,IA_cervical,10,0,2024-10-17,0.631,prenhe
E-OV-000103,OV-M-00204,OV-R-0024,ovino,Santa Ines,Santa Ines,7.2,1,2.9,0.6,0.66,IA_laparoscopica,2,1,2025-02-22,0.702,vazia
E-OV-000104,OV-M-00121,OV-R-0015,ovino,Mestico,Dorper,3.4,5,2.4,0.55,0.43,IA_cervical,9,0,2024-09-22,0.279,vazia
E-OV-000105,OV-M-00149,OV-R-0024,ovino,Dorper,Santa Ines,7.5,0,3.8,0.98,0.66,IA_cervical,12,0,2024-12-11,0.327,vazia
E-OV-000106,OV-M-00022,OV-R-0026,ovino,Santa Ines,Morada Nova,5.4,5,3.8,0.88,0.72,IATF,5,1,2025-05-10,0.536,vazia
E-OV-000107,OV-M-00061,OV-R-0025,ovino,Morada Nova,Santa Ines,2.3,1,2.4,0.71,0.6,IATF,6,0,2025-06-25,0.467,prenhe
E-OV-000108,OV-M-00073,OV-R-0028,ovino,White Dorper,Santa Ines,1.3,2,3.0,0.81,0.86,IA_cervical,4,1,2024-04-21,0.907,vazia
E-OV-000109,OV-M-00263,OV-R-0020,ovino,Santa Ines,Dorper,3.9,2,2.7,0.75,0.57,IA_laparoscopica,12,0,2025-12-25,0.695,vazia
E-OV-000110,OV-M-00033,OV-R-0016,ovino,Santa Ines,Santa Ines,6.4,3,3.0,0.0,0.61,IA_cervical,3,1,2024-03-11,0.557,prenhe
E-OV-000111,OV-M-00087,OV-R-0015,ovino,Somalis,Dorper,7.6,4,3.2,0.83,0.43,IA_cervical,7,0,2024-07-20,0.69,prenhe
E-OV-000112,OV-M-00039,OV-R-0006,ovino,Morada Nova,Santa Ines,2.1,2,3.7,0.27,0.59,IA_cervical,9,0,2024-09-10,0.456,vazia
E-OV-000113,OV-M-00085,OV-R-0024,ovino,Santa Ines,Santa Ines,8.2,5,3.1,0.66,0.66,IA_cervical,8,0,2024-08-24,0.546,prenhe
E-OV-000114,OV-M-00003,OV-R-0020,ovino,Santa Ines,Dorper,5.8,1,3.0,0.48,0.57,IA_laparoscopica,9,0,2024-09-13,0.618,vazia
E-OV-000115,OV-M-00081,OV-R-0026,ovino,Mestico,Morada Nova,2.8,0,2.2,0.54,0.72,IA_cervical,8,0,2024-08-23,0.448,prenhe
E-OV-000116,OV-M-00217,OV-R-0021,ovino,Dorper,Santa Ines,2.2,3,3.7,0.24,0.84,IA_cervical,11,0,2024-11-14,0.618,vazia
E-OV-000117,OV-M-00230,OV-R-0014,ovino,Santa Ines,White Dorper,5.3,2,3.4,0.19,0.52,IATF,7,0,2025-07-11,0.566,prenhe
E-OV-000118,OV-M-00113,OV-R-0008,ovino,Santa Ines,Dorper,8.0,1,2.7,0.7,0.34,IA_cervical,8,0,2025-08-27,0.354,vazia
E-OV-000119,OV-M-00211,OV-R-0029,ovino,Somalis,Santa Ines,8.3,0,2.9,0.6,0.66,IA_cervical,9,0,2024-09-11,0.323,vazia
E-OV-000120,OV-M-00185,OV-R-0022,ovino,Morada Nova,Somalis,4.5,4,3.6,0.48,0.59,IA_cervical,7,0,2024-07-07,0.507,vazia
E-OV-000121,OV-M-00270,OV-R-0026,ovino,Santa Ines,Morada Nova,3.2,3,3.5,0.66,0.72,IA_cervical,5,1,2025-05-09,0.945,prenhe
E-OV-000122,OV-M-00241,OV-R-0017,ovino,Santa Ines,Santa Ines,8.9,5,2.5,0.51,0.55,IA_cervical,2,1,2024-02-13,0.414,prenhe
E-OV-000123,OV-M-00068,OV-R-0015,ovino,Dorper,Dorper,4.1,4,4.0,0.71,0.43,IA_laparoscopica,11,0,2024-11-21,0.573,prenhe
E-OV-000124,OV-M-00176,OV-R-0001,ovino,Morada Nova,Santa Ines,9.9,2,3.0,0.63,0.86,IATF,6,0,2024-06-09,0.773,prenhe
E-OV-000125,OV-M-00235,OV-R-0002,ovino,Morada Nova,Santa Ines,5.9,5,3.5,0.34,0.71,IA_cervical,3,1,2025-03-19,0.553,vazia
E-OV-000126,OV-M-00091,OV-R-0021,ovino,Dorper,Santa Ines,9.9,3,3.0,0.14,0.84,IA_cervical,2,1,2024-02-27,0.719,prenhe
E-OV-000127,OV-M-00171,OV-R-0006,ovino,Morada Nova,Santa Ines,1.2,1,3.6,0.4,0.59,IA_cervical,8,0,2025-08-28,0.476,prenhe
E-OV-000128,OV-M-00120,OV-R-0002,ovino,Santa Ines,Santa Ines,3.1,4,3.6,0.62,0.71,IATF,7,0,2024-07-16,0.561,vazia
E-OV-000129,OV-M-00092,OV-R-0023,ovino,Santa Ines,Mestico,4.2,5,3.1,0.54,0.92,IA_cervical,1,0,2025-01-10,0.769,prenhe
E-OV-000130,OV-M-00059,OV-R-0018,ovino,Santa Ines,Santa Ines,8.1,2,4.0,0.64,0.6,IA_cervical,2,1,2025-02-21,0.519,prenhe
E-OV-000131,OV-M-00010,OV-R-0003,ovino,Morada Nova,Santa Ines,4.4,3,4.1,0.37,0.81,IATF,12,0,2024-12-12,0.556,vazia
E-OV-000132,OV-M-00224,OV-R-0014,ovino,White Dorper,White Dorper,2.9,0,3.2,0.55,0.52,IA_cervical,11,0,2024-11-23,0.607,prenhe
E-OV-000133,OV-M-00245,OV-R-0014,ovino,Morada Nova,White Dorper,7.5,5,3.4,0.38,0.52,IA_cervical,7,0,2024-07-13,0.509,vazia
E-OV-000134,OV-M-00195,OV-R-0000,ovino,Morada Nova,Santa Ines,1.6,2,3.6,0.7,0.64,IA_cervical,7,0,2025-07-17,0.607,vazia
E-OV-000135,OV-M-00072,OV-R-0018,ovino,Somalis,Santa Ines,1.3,5,3.0,0.52,0.6,IA_cervical,1,0,2025-01-11,0.625,prenhe
E-OV-000136,OV-M-00005,OV-R-0011,ovino,Santa Ines,Morada Nova,3.6,0,3.0,0.22,0.74,IATF,6,0,2024-06-06,0.707,prenhe
E-OV-000137,OV-M-00189,OV-R-0026,ovino,Santa Ines,Morada Nova,8.9,0,2.9,0.14,0.72,IA_cervical,7,0,2024-07-10,0.388,vazia
E-OV-000138,OV-M-00059,OV-R-0003,ovino,Santa Ines,Santa Ines,8.1,2,4.0,0.64,0.81,IA_cervical,11,0,2024-11-16,0.558,prenhe
E-OV-000139,OV-M-00164,OV-R-0025,ovino,Santa Ines,Santa Ines,4.7,0,2.9,0.61,0.6,IA_cervical,9,0,2025-09-07,0.462,vazia
E-OV-000140,OV-M-00291,OV-R-0000,ovino,Santa Ines,Santa Ines,7.7,2,2.8,0.51,0.64,IA_cervical,12,0,2025-12-02,0.44,prenhe
E-OV-000141,OV-M-00001,OV-R-0022,ovino,Dorper,Somalis,3.3,5,3.3,0.54,0.59,IA_cervical,10,0,2024-10-10,0.637,prenhe
E-OV-000142,OV-M-00173,OV-R-0023,ovino,Mestico,Mestico,9.2,5,3.4,0.49,0.92,IATF,10,0,2024-10-15,0.667,vazia
E-OV-000143,OV-M-00298,OV-R-0012,ovino,Morada Nova,Dorper,9.7,5,2.9,0.78,0.64,IA_cervical,4,1,2024-04-04,0.58,prenhe
E-OV-000144,OV-M-00100,OV-R-0008,ovino,Dorper,Dorper,3.5,5,4.0,0.77,0.34,IATF,2,1,2025-02-02,0.493,prenhe
E-OV-000145,OV-M-00244,OV-R-0004,ovino,Santa Ines,Mestico,5.4,1,2.8,0.64,0.42,IATF,6,0,2024-06-24,0.414,prenhe
E-OV-000146,OV-M-00248,OV-R-0010,ovino,Santa Ines,Dorper,1.2,2,3.4,0.7,0.65,IA_cervical,8,0,2025-08-21,0.754,prenhe
E-OV-000147,OV-M-00145,OV-R-0020,ovino,Santa Ines,Dorper,6.4,3,3.4,0.71,0.57,IA_laparoscopica,1,0,2025-01-25,0.706,prenhe
E-OV-000148,OV-M-00092,OV-R-0021,ovino,Santa Ines,Santa Ines,4.2,5,3.1,0.54,0.84,IATF,6,0,2024-06-10,0.765,prenhe
E-OV-000149,OV-M-00204,OV-R-0005,ovino,Santa Ines,Santa Ines,7.2,1,2.9,0.6,0.69,IA_laparoscopica,10,0,2025-10-30,0.559,prenhe
E-OV-000150,OV-M-00185,OV-R-0000,ovino,Morada Nova,Santa Ines,4.5,4,3.6,0.48,0.64,IA_cervical,8,0,2025-08-18,0.571,vazia
E-OV-000151,OV-M-00142,OV-R-0016,ovino,Santa Ines,Santa Ines,8.2,4,3.2,0.44,0.61,IA_cervical,8,0,2024-08-07,0.567,prenhe
E-OV-000152,OV-M-00057,OV-R-0017,ovino,Santa Ines,Santa Ines,1.1,3,2.7,0.94,0.55,IA_cervical,3,1,2024-03-28,0.627,prenhe
E-OV-000153,OV-M-00223,OV-R-0029,ovino,Santa Ines,Santa Ines,3.3,1,3.0,0.41,0.66,IA_laparoscopica,7,0,2024-07-12,0.91,prenhe
E-OV-000154,OV-M-00063,OV-R-0022,ovino,Mestico,Somalis,2.5,3,3.9,0.52,0.59,IA_cervical,10,0,2024-10-01,0.585,prenhe
E-OV-000155,OV-M-00040,OV-R-0016,ovino,Morada Nova,Santa Ines,7.6,4,3.1,0.97,0.61,IA_cervical,10,0,2024-10-23,0.747,prenhe
E-OV-000156,OV-M-00020,OV-R-0017,ovino,Dorper,Santa Ines,2.9,2,3.8,0.49,0.55,IA_cervical,8,0,2025-08-23,0.52,vazia
E-OV-000157,OV-M-00133,OV-R-0019,ovino,Morada Nova,Santa Ines,6.1,1,1.9,0.47,0.87,IA_cervical,12,0,2025-12-07,0.35,vazia
E-OV-000158,OV-M-00036,OV-R-0013,ovino,Morada Nova,Santa Ines,4.1,1,2.4,0.42,0.72,IATF,6,0,2025-06-29,0.497,prenhe
E-OV-000159,OV-M-00100,OV-R-0020,ovino,Dorper,Dorper,3.5,5,4.0,0.77,0.57,IATF,9,0,2025-09-09,0.513,vazia
E-OV-000160,OV-M-00072,OV-R-0005,ovino,Somalis,Santa Ines,1.3,5,3.0,0.52,0.69,IATF,4,1,2024-04-01,0.797,prenhe
E-OV-000161,OV-M-00137,OV-R-0024,ovino,Santa Ines,Santa Ines,7.1,0,3.0,0.35,0.66,IA_cervical,4,1,2024-04-19,0.535,prenhe
E-OV-000162,OV-M-00233,OV-R-0025,ovino,Somalis,Santa Ines,4.6,3,3.3,0.85,0.6,IA_cervical,10,0,2025-10-24,0.697,prenhe
E-OV-000163,OV-M-00135,OV-R-0013,ovino,Santa Ines,Santa Ines,1.9,2,4.0,0.56,0.72,IATF,3,1,2025-03-24,0.726,prenhe
E-OV-000164,OV-M-00167,OV-R-0013,ovino,Santa Ines,Santa Ines,2.2,4,2.6,0.51,0.72,IA_cervical,6,0,2024-06-21,0.558,vazia
E-OV-000165,OV-M-00042,OV-R-0014,ovino,Dorper,White Dorper,7.1,1,3.5,0.81,0.52,IA_laparoscopica,8,0,2025-08-01,0.718,prenhe
E-OV-000166,OV-M-00033,OV-R-0024,ovino,Santa Ines,Santa Ines,6.4,3,3.0,0.0,0.66,IA_cervical,5,1,2024-05-07,0.592,prenhe
E-OV-000167,OV-M-00292,OV-R-0005,ovino,White Dorper,Santa Ines,9.7,3,3.0,0.27,0.69,IA_cervical,7,0,2025-07-14,0.624,vazia
E-OV-000168,OV-M-00185,OV-R-0010,ovino,Morada Nova,Dorper,4.5,4,3.6,0.48,0.65,IA_cervical,10,0,2025-10-06,0.504,vazia
E-OV-000169,OV-M-00004,OV-R-0018,ovino,Somalis,Santa Ines,1.1,5,2.8,0.75,0.6,IA_laparoscopica,12,0,2024-12-22,0.663,prenhe
E-OV-000170,OV-M-00169,OV-R-0020,ovino,Somalis,Dorper,8.0,4,3.2,0.46,0.57,IA_cervical,4,1,2025-04-24,0.592,prenhe
E-OV-000171,OV-M-00003,OV-R-0008,ovino,Santa Ines,Dorper,5.8,1,3.0,0.48,0.34,IATF,6,0,2025-06-18,0.42,vazia
E-OV-000172,OV-M-00023,OV-R-0003,ovino,White Dorper,Santa Ines,6.1,0,3.1,0.98,0.81,IA_cervical,10,0,2025-10-04,0.62,prenhe
E-OV-000173,OV-M-00112,OV-R-0015,ovino,Somalis,Dorper,8.7,5,2.1,0.34,0.43,IA_cervical,3,1,2025-03-02,0.19,vazia
E-OV-000174,OV-M-00196,OV-R-0019,ovino,Santa Ines,Santa Ines,6.0,0,1.9,0.51,0.87,IA_laparoscopica,8,0,2024-08-02,0.519,prenhe
E-OV-000175,OV-M-00186,OV-R-0022,ovino,Santa Ines,Somalis,4.6,5,3.8,0.44,0.59,IA_cervical,5,1,2024-05-27,0.53,prenhe
E-OV-000176,OV-M-00237,OV-R-0000,ovino,Dorper,Santa Ines,1.1,4,3.4,0.43,0.64,IA_cervical,9,0,2024-09-16,0.649,prenhe
E-OV-000177,OV-M-00053,OV-R-0000,ovino,Santa Ines,Santa Ines,1.3,2,3.1,0.32,0.64,IATF,2,1,2024-02-10,0.875,prenhe
E-OV-000178,OV-M-00057,OV-R-0011,ovino,Santa Ines,Morada Nova,1.1,3,2.7,0.94,0.74,IA_laparoscopica,5,1,2025-05-25,0.95,prenhe
E-OV-000179,OV-M-00159,OV-R-0016,ovino,Morada Nova,Santa Ines,6.0,5,3.6,0.72,0.61,IA_cervical,9,0,2024-09-26,0.323,vazia
E-OV-000180,OV-M-00260,OV-R-0000,ovino,Dorper,Santa Ines,2.1,2,3.1,0.39,0.64,IATF,6,0,2025-06-03,0.805,prenhe
E-OV-000181,OV-M-00216,OV-R-0005,ovino,Morada Nova,Santa Ines,2.3,4,3.3,1.0,0.69,IA_cervical,2,1,2024-02-15,0.932,prenhe
E-OV-000182,OV-M-00200,OV-R-0012,ovino,Santa Ines,Dorper,1.7,0,3.0,0.63,0.64,IA_cervical,8,0,2024-08-22,0.634,prenhe
E-OV-000183,OV-M-00028,OV-R-0008,ovino,Santa Ines,Dorper,9.3,2,3.5,0.91,0.34,IA_cervical,10,0,2024-10-15,0.566,prenhe
E-OV-000184,OV-M-00263,OV-R-0021,ovino,Santa Ines,Santa Ines,3.9,2,2.7,0.75,0.84,IA_cervical,3,1,2024-03-04,0.755,prenhe
E-OV-000185,OV-M-00295,OV-R-0001,ovino,Morada Nova,Santa Ines,6.5,0,2.7,0.68,0.86,IA_cervical,8,0,2025-08-28,0.467,prenhe
E-OV-000186,OV-M-00174,OV-R-0026,ovino,White Dorper,Morada Nova,8.9,3,2.8,0.43,0.72,IA_cervical,3,1,2025-03-12,0.523,vazia
E-OV-000187,OV-M-00101,OV-R-0005,ovino,Santa Ines,Santa Ines,5.8,4,3.2,0.51,0.69,IA_laparoscopica,9,0,2025-09-08,0.771,prenhe
E-OV-000188,OV-M-00198,OV-R-0013,ovino,Mestico,Santa Ines,6.1,1,3.7,0.59,0.72,IA_cervical,8,0,2025-08-08,0.315,vazia
E-OV-000189,OV-M-00192,OV-R-0029,ovino,Somalis,Santa Ines,9.6,3,4.0,0.82,0.66,IA_cervical,1,0,2024-01-25,0.514,vazia
E-OV-000190,OV-M-00278,OV-R-0019,ovino,Santa Ines,Santa Ines,4.7,1,3.4,0.8,0.87,IATF,9,0,2025-09-23,0.849,prenhe
E-OV-000191,OV-M-00033,OV-R-0029,ovino,Santa Ines,Santa Ines,6.4,3,3.0,0.0,0.66,IATF,2,1,2024-02-20,0.663,vazia
E-OV-000192,OV-M-00154,OV-R-0000,ovino,Somalis,Santa Ines,8.4,0,3.5,0.58,0.64,IA_cervical,9,0,2025-09-27,0.526,vazia
E-OV-000193,OV-M-00212,OV-R-0021,ovino,Morada Nova,Santa Ines,6.3,1,2.9,0.41,0.84,IATF,5,1,2025-05-04,0.541,vazia
E-OV-000194,OV-M-00104,OV-R-0002,ovino,Santa Ines,Santa Ines,6.8,5,2.9,0.52,0.71,IATF,8,0,2025-08-21,0.469,prenhe
E-OV-000195,OV-M-00252,OV-R-0018,ovino,Santa Ines,Santa Ines,6.4,3,3.2,0.55,0.6,IA_cervical,12,0,2024-12-30,0.59,prenhe
E-OV-000196,OV-M-00019,OV-R-0009,ovino,Morada Nova,White Dorper,4.1,4,3.5,0.18,0.74,IA_cervical,4,1,2024-04-26,0.78,vazia
E-OV-000197,OV-M-00031,OV-R-0023,ovino,Santa Ines,Mestico,5.1,1,3.7,0.36,0.92,IA_cervical,4,1,2024-04-19,0.523,prenhe
E-OV-000198,OV-M-00237,OV-R-0003,ovino,Dorper,Santa Ines,1.1,4,3.4,0.43,0.81,IA_laparoscopica,3,1,2024-03-27,0.95,prenhe
E-OV-000199,OV-M-00037,OV-R-0026,ovino,Santa Ines,Morada Nova,9.9,5,2.6,0.72,0.72,IA_cervical,8,0,2025-08-11,0.376,prenhe
E-OV-000200,OV-M-00125,OV-R-0014,ovino,White Dorper,White Dorper,6.4,2,3.3,0.53,0.52,IA_cervical,1,0,2025-01-24,0.528,vazia
E-OV-000201,OV-M-00084,OV-R-0015,ovino,Santa Ines,Dorper,1.4,1,2.6,0.41,0.43,IATF,6,0,2024-06-07,0.382,prenhe
E-OV-000202,OV-M-00206,OV-R-0017,ovino,Santa Ines,Santa Ines,2.2,5,3.1,0.66,0.55,IA_cervical,4,1,2024-04-01,0.748,vazia
E-OV-000203,OV-M-00003,OV-R-0001,ovino,Santa Ines,Santa Ines,5.8,1,3.0,0.48,0.86,IA_cervical,2,1,2024-02-27,0.671,prenhe
E-OV-000204,OV-M-00107,OV-R-0009,ovino,Santa Ines,White Dorper,2.5,0,2.1,0.66,0.74,IATF,7,0,2024-07-07,0.444,prenhe
E-OV-000205,OV-M-00295,OV-R-0021,ovino,Morada Nova,Santa Ines,6.5,0,2.7,0.68,0.84,IATF,7,0,2025-07-01,0.456,vazia
E-OV-000206,OV-M-00110,OV-R-0028,ovino,Santa Ines,Santa Ines,4.6,0,3.8,0.58,0.86,IATF,10,0,2025-10-13,0.603,prenhe
E-OV-000207,OV-M-00179,OV-R-0029,ovino,Santa Ines,Santa Ines,9.5,4,3.4,0.34,0.66,IA_cervical,3,1,2025-03-19,0.579,prenhe
E-OV-000208,OV-M-00296,OV-R-0016,ovino,Morada Nova,Santa Ines,3.5,5,3.1,0.34,0.61,IA_cervical,12,0,2025-12-27,0.48,vazia
E-OV-000209,OV-M-00182,OV-R-0007,ovino,Santa Ines,Santa Ines,8.1,1,2.8,0.3,0.86,IA_cervical,10,0,2024-10-14,0.437,vazia
E-OV-000210,OV-M-00226,OV-R-0014,ovino,Santa Ines,White Dorper,4.5,2,3.4,0.73,0.52,IA_cervical,8,0,2024-08-30,0.608,prenhe
E-OV-000211,OV-M-00287,OV-R-0013,ovino,Santa Ines,Santa Ines,1.1,0,3.8,0.58,0.72,IA_cervical,5,1,2025-05-20,0.617,prenhe
E-OV-000212,OV-M-00185,OV-R-0011,ovino,Morada Nova,Morada Nova,4.5,4,3.6,0.48,0.74,IATF,4,1,2024-04-08,0.79,prenhe
E-OV-000213,OV-M-00249,OV-R-0010,ovino,Dorper,Dorper,5.5,5,2.7,0.32,0.65,IA_laparoscopica,10,0,2025-10-27,0.476,prenhe
E-OV-000214,OV-M-00152,OV-R-0026,ovino,Santa Ines,Morada Nova,6.9,5,2.8,0.62,0.72,IA_cervical,7,0,2025-07-23,0.457,vazia
E-OV-000215,OV-M-00244,OV-R-0011,ovino,Santa Ines,Morada Nova,5.4,1,2.8,0.64,0.74,IA_cervical,1,0,2024-01-25,0.433,prenhe
E-OV-000216,OV-M-00192,OV-R-0000,ovino,Somalis,Santa Ines,9.6,3,4.0,0.82,0.64,IA_cervical,5,1,2024-05-16,0.64,prenhe
E-OV-000217,OV-M-00101,OV-R-0021,ovino,Santa Ines,Santa Ines,5.8,4,3.2,0.51,0.84,IA_cervical,4,1,2025-04-03,0.725,prenhe
E-OV-000218,OV-M-00167,OV-R-0019,ovino,Santa Ines,Santa Ines,2.2,4,2.6,0.51,0.87,IA_laparoscopica,6,0,2025-06-23,0.702,vazia
E-OV-000219,OV-M-00100,OV-R-0011,ovino,Dorper,Morada Nova,3.5,5,4.0,0.77,0.74,IA_cervical,6,0,2024-06-08,0.556,prenhe
E-OV-000220,OV-M-00119,OV-R-0018,ovino,Santa Ines,Santa Ines,2.2,2,3.2,0.33,0.6,IATF,6,0,2025-06-29,0.801,prenhe
E-OV-000221,OV-M-00087,OV-R-0028,ovino,Somalis,Santa Ines,7.6,4,3.2,0.83,0.86,IA_cervical,12,0,2024-12-12,0.767,vazia
E-OV-000222,OV-M-00147,OV-R-0027,ovino,Dorper,Dorper,9.6,4,4.3,0.27,0.71,IA_cervical,5,1,2025-05-07,0.352,vazia
E-OV-000223,OV-M-00104,OV-R-0023,ovino,Santa Ines,Mestico,6.8,5,2.9,0.52,0.92,IATF,11,0,2024-11-05,0.518,prenhe
E-OV-000224,OV-M-00187,OV-R-0017,ovino,Mestico,Santa Ines,6.8,0,3.4,1.0,0.55,IA_cervical,11,0,2024-11-27,0.599,vazia
E-OV-000225,OV-M-00110,OV-R-0000,ovino,Santa Ines,Santa Ines,4.6,0,3.8,0.58,0.64,IA_cervical,10,0,2024-10-11,0.458,prenhe
E-OV-000226,OV-M-00147,OV-R-0015,ovino,Dorper,Dorper,9.6,4,4.3,0.27,0.43,IA_laparoscopica,4,1,2024-04-24,0.577,prenhe
E-OV-000227,OV-M-00042,OV-R-0024,ovino,Dorper,Santa Ines,7.1,1,3.5,0.81,0.66,IA_cervical,5,1,2024-05-18,0.66,prenhe
E-OV-000228,OV-M-00115,OV-R-0025,ovino,Mestico,Santa Ines,7.5,0,3.6,0.41,0.6,IA_cervical,5,1,2024-05-02,0.412,prenhe
E-OV-000229,OV-M-00106,OV-R-0023,ovino,Santa Ines,Mestico,6.9,0,3.3,0.28,0.92,IA_cervical,8,0,2025-08-08,0.592,vazia
E-OV-000230,OV-M-00288,OV-R-0029,ovino,Somalis,Santa Ines,4.1,5,3.1,0.9,0.66,IA_cervical,11,0,2024-11-04,0.689,prenhe
E-OV-000231,OV-M-00134,OV-R-0015,ovino,Santa Ines,Dorper,1.7,0,2.4,0.29,0.43,IA_cervical,10,0,2024-10-04,0.199,vazia
E-OV-000232,OV-M-00006,OV-R-0003,ovino,Morada Nova,Santa Ines,9.9,3,3.2,0.46,0.81,IA_cervical,9,0,2025-09-16,0.697,prenhe
E-OV-000233,OV-M-00092,OV-R-0014,ovino,Santa Ines,White Dorper,4.2,5,3.1,0.54,0.52,IATF,10,0,2025-10-09,0.653,prenhe
E-OV-000234,OV-M-00218,OV-R-0009,ovino,Somalis,White Dorper,6.4,0,2.3,0.74,0.74,IATF,6,0,2024-06-19,0.371,prenhe
E-OV-000235,OV-M-00049,OV-R-0025,ovino,Santa Ines,Santa Ines,3.2,3,2.6,0.5,0.6,IA_cervical,9,0,2024-09-15,0.448,prenhe
E-OV-000236,OV-M-00048,OV-R-0023,ovino,Santa Ines,Mestico,8.8,3,3.4,0.37,0.92,IA_cervical,10,0,2024-10-27,0.705,vazia
E-OV-000237,OV-M-00112,OV-R-0012,ovino,Somalis,Dorper,8.7,5,2.1,0.34,0.64,IA_cervical,9,0,2025-09-04,0.218,vazia
E-OV-000238,OV-M-00107,OV-R-0011,ovino,Santa Ines,Morada Nova,2.5,0,2.1,0.66,0.74,IA_cervical,5,1,2025-05-05,0.495,vazia
E-OV-000239,OV-M-00144,OV-R-0004,ovino,Dorper,Mestico,3.1,5,2.9,0.07,0.42,IA_cervical,2,1,2025-02-01,0.39,vazia
E-OV-000240,OV-M-00010,OV-R-0001,ovino,Morada Nova,Santa Ines,4.4,3,4.1,0.37,0.86,IATF,6,0,2024-06-20,0.538,prenhe
E-OV-000241,OV-M-00216,OV-R-0009,ovino,Morada Nova,White Dorper,2.3,4,3.3,1.0,0.74,IA_cervical,10,0,2024-10-08,0.826,prenhe
E-OV-000242,OV-M-00064,OV-R-0007,ovino,Dorper,Santa Ines,2.0,2,2.6,0.58,0.86,IA_cervical,1,0,2024-01-22,0.638,prenhe
E-OV-000243,OV-M-00213,OV-R-0007,ovino,Somalis,Santa Ines,8.2,0,2.3,0.63,0.86,IA_laparoscopica,5,1,2025-05-28,0.567,vazia
E-OV-000244,OV-M-00169,OV-R-0029,ovino,Somalis,Santa Ines,8.0,4,3.2,0.46,0.66,IATF,11,0,2025-11-01,0.745,prenhe
E-OV-000245,OV-M-00060,OV-R-0020,ovino,Morada Nova,Dorper,5.4,0,3.7,0.55,0.57,IA_cervical,7,0,2025-07-28,0.344,prenhe
E-OV-000246,OV-M-00140,OV-R-0016,ovino,Santa Ines,Santa Ines,2.6,4,3.1,0.59,0.61,IA_cervical,8,0,2024-08-13,0.674,prenhe
E-OV-000247,OV-M-00010,OV-R-0005,ovino,Morada Nova,Santa Ines,4.4,3,4.1,0.37,0.69,IATF,12,0,2024-12-18,0.592,prenhe
E-OV-000248,OV-M-00210,OV-R-0025,ovino,Morada Nova,Santa Ines,6.4,5,3.4,0.69,0.6,IA_cervical,11,0,2025-11-30,0.506,vazia
E-OV-000249,OV-M-00091,OV-R-0019,ovino,Dorper,Santa Ines,9.9,3,3.0,0.14,0.87,IA_laparoscopica,11,0,2024-11-06,0.787,prenhe
E-OV-000250,OV-M-00115,OV-R-0015,ovino,Mestico,Dorper,7.5,0,3.6,0.41,0.43,IA_laparoscopica,9,0,2025-09-04,0.439,vazia
E-OV-000251,OV-M-00047,OV-R-0013,ovino,Santa Ines,Santa Ines,8.0,0,3.6,0.59,0.72,IA_cervical,2,1,2025-02-25,0.348,vazia
E-OV-000252,OV-M-00109,OV-R-0016,ovino,White Dorper,Santa Ines,6.1,2,3.4,0.83,0.61,IA_cervical,12,0,2024-12-30,0.628,vazia
E-OV-000253,OV-M-00118,OV-R-0025,ovino,Mestico,Santa Ines,8.5,0,3.9,0.22,0.6,IA_cervical,3,1,2025-03-03,0.295,vazia
E-OV-000254,OV-M-00067,OV-R-0021,ovino,Morada Nova,Santa Ines,2.9,5,3.8,0.17,0.84,IA_cervical,6,0,2024-06-12,0.49,prenhe
E-OV-000255,OV-M-00293,OV-R-0014,ovino,Santa Ines,White Dorper,4.4,2,3.8,0.4,0.52,IA_cervical,11,0,2024-11-06,0.497,vazia
E-OV-000256,OV-M-00083,OV-R-0020,ovino,Santa Ines,Dorper,5.8,0,3.1,0.23,0.57,IATF,8,0,2024-08-10,0.45,vazia
E-OV-000257,OV-M-00054,OV-R-0027,ovino,Morada Nova,Dorper,8.4,1,2.9,0.47,0.71,IA_laparoscopica,7,0,2025-07-07,0.562,vazia
E-OV-000258,OV-M-00164,OV-R-0009,ovino,Santa Ines,White Dorper,4.7,0,2.9,0.61,0.74,IATF,3,1,2025-03-23,0.691,vazia
E-OV-000259,OV-M-00095,OV-R-0027,ovino,Santa Ines,Dorper,3.0,3,3.4,0.54,0.71,IATF,10,0,2024-10-18,0.817,prenhe
E-OV-000260,OV-M-00136,OV-R-0018,ovino,Dorper,Santa Ines,9.7,2,2.7,0.39,0.6,IA_laparoscopica,8,0,2025-08-23,0.56,prenhe
E-OV-000261,OV-M-00217,OV-R-0005,ovino,Dorper,Santa Ines,2.2,3,3.7,0.24,0.69,IA_cervical,11,0,2024-11-26,0.521,prenhe
E-OV-000262,OV-M-00023,OV-R-0029,ovino,White Dorper,Santa Ines,6.1,0,3.1,0.98,0.66,IA_cervical,11,0,2025-11-26,0.682,prenhe
E-OV-000263,OV-M-00152,OV-R-0020,ovino,Santa Ines,Dorper,6.9,5,2.8,0.62,0.57,IA_laparoscopica,3,1,2025-03-17,0.601,prenhe
E-OV-000264,OV-M-00006,OV-R-0011,ovino,Morada Nova,Morada Nova,9.9,3,3.2,0.46,0.74,IA_cervical,10,0,2025-10-08,0.592,vazia
E-OV-000265,OV-M-00013,OV-R-0006,ovino,Santa Ines,Santa Ines,5.1,0,4.1,0.5,0.59,IA_cervical,12,0,2025-12-21,0.101,vazia
E-OV-000266,OV-M-00027,OV-R-0027,ovino,Santa Ines,Dorper,9.9,2,2.5,0.49,0.71,IA_cervical,8,0,2024-08-26,0.37,prenhe
E-OV-000267,OV-M-00048,OV-R-0024,ovino,Santa Ines,Santa Ines,8.8,3,3.4,0.37,0.66,IA_cervical,7,0,2024-07-09,0.545,vazia
E-OV-000268,OV-M-00104,OV-R-0001,ovino,Santa Ines,Santa Ines,6.8,5,2.9,0.52,0.86,IA_cervical,9,0,2025-09-02,0.423,vazia
E-OV-000269,OV-M-00280,OV-R-0019,ovino,Morada Nova,Santa Ines,3.4,3,3.3,0.68,0.87,IATF,6,0,2024-06-18,0.866,prenhe
E-OV-000270,OV-M-00271,OV-R-0003,ovino,Santa Ines,Santa Ines,4.7,1,3.0,0.38,0.81,IA_cervical,7,0,2025-07-03,0.728,vazia
E-OV-000271,OV-M-00030,OV-R-0008,ovino,Mestico,Dorper,6.9,1,3.3,0.49,0.34,IA_cervical,5,1,2024-05-09,0.466,prenhe
E-OV-000272,OV-M-00297,OV-R-0017,ovino,Santa Ines,Santa Ines,2.3,1,3.3,0.58,0.55,IA_cervical,9,0,2025-09-26,0.6,prenhe
E-OV-000273,OV-M-00190,OV-R-0007,ovino,Dorper,Santa Ines,8.9,2,3.7,0.23,0.86,IA_cervical,5,1,2025-05-18,0.561,prenhe
E-OV-000274,OV-M-00166,OV-R-0015,ovino,Dorper,Dorper,3.5,3,3.8,0.58,0.43,IA_cervical,1,0,2025-01-15,0.546,vazia
E-OV-000275,OV-M-00237,OV-R-0012,ovino,Dorper,Dorper,1.1,4,3.4,0.43,0.64,IA_cervical,11,0,2024-11-23,0.647,prenhe
E-OV-000276,OV-M-00145,OV-R-0017,ovino,Santa Ines,Santa Ines,6.4,3,3.4,0.71,0.55,IA_cervical,4,1,2025-04-10,0.684,prenhe
E-OV-000277,OV-M-00079,OV-R-0024,ovino,Santa Ines,Santa Ines,1.0,1,3.5,0.36,0.66,IA_laparoscopica,10,0,2024-10-10,0.731,prenhe
E-OV-000278,OV-M-00158,OV-R-0004,ovino,White Dorper,Mestico,7.7,1,3.8,0.46,0.42,IA_cervical,10,0,2024-10-17,0.196,vazia
E-OV-000279,OV-M-00217,OV-R-0023,ovino,Dorper,Mestico,2.2,3,3.7,0.24,0.92,IATF,5,1,2024-05-28,0.707,prenhe
E-OV-000280,OV-M-00204,OV-R-0006,ovino,Santa Ines,Santa Ines,7.2,1,2.9,0.6,0.59,IATF,4,1,2024-04-25,0.553,prenhe
E-OV-000281,OV-M-00050,OV-R-0001,ovino,Santa Ines,Santa Ines,2.1,2,3.5,0.4,0.86,IA_cervical,10,0,2025-10-12,0.745,vazia
E-OV-000282,OV-M-00281,OV-R-0013,ovino,Morada Nova,Santa Ines,5.8,0,3.3,0.47,0.72,IA_cervical,6,0,2025-06-30,0.471,vazia
E-OV-000283,OV-M-00085,OV-R-0009,ovino,Santa Ines,White Dorper,8.2,5,3.1,0.66,0.74,IA_cervical,11,0,2024-11-19,0.58,prenhe
E-OV-000284,OV-M-00245,OV-R-0005,ovino,Morada Nova,Santa Ines,7.5,5,3.4,0.38,0.69,IA_laparoscopica,8,0,2025-08-30,0.684,prenhe
E-OV-000285,OV-M-00093,OV-R-0012,ovino,Mestico,Dorper,2.1,3,3.4,0.32,0.64,IA_laparoscopica,3,1,2025-03-19,0.901,prenhe
E-OV-000286,OV-M-00019,OV-R-0026,ovino,Morada Nova,Morada Nova,4.1,4,3.5,0.18,0.72,IA_laparoscopica,3,1,2025-03-13,0.95,prenhe
E-OV-000287,OV-M-00298,OV-R-0017,ovino,Morada Nova,Santa Ines,9.7,5,2.9,0.78,0.55,IATF,3,1,2024-03-23,0.473,vazia
E-OV-000288,OV-M-00176,OV-R-0021,ovino,Morada Nova,Santa Ines,9.9,2,3.0,0.63,0.84,IA_cervical,1,0,2025-01-27,0.698,vazia
E-OV-000289,OV-M-00064,OV-R-0004,ovino,Dorper,Mestico,2.0,2,2.6,0.58,0.42,IA_laparoscopica,3,1,2024-03-19,0.714,prenhe
E-OV-000290,OV-M-00000,OV-R-0002,ovino,Somalis,Santa Ines,5.3,2,2.7,0.6,0.71,IA_cervical,5,1,2025-05-14,0.566,vazia
E-OV-000291,OV-M-00038,OV-R-0010,ovino,Santa Ines,Dorper,2.6,4,3.5,0.79,0.65,IA_laparoscopica,2,1,2024-02-19,0.95,prenhe
E-OV-000292,OV-M-00050,OV-R-0023,ovino,Santa Ines,Mestico,2.1,2,3.5,0.4,0.92,IA_cervical,1,0,2025-01-10,0.891,prenhe
E-OV-000293,OV-M-00277,OV-R-0026,ovino,Morada Nova,Morada Nova,6.6,4,2.7,0.97,0.72,IATF,9,0,2024-09-25,0.554,prenhe
E-OV-000294,OV-M-00053,OV-R-0003,ovino,Santa Ines,Santa Ines,1.3,2,3.1,0.32,0.81,IA_cervical,4,1,2024-04-05,0.883,prenhe
E-OV-000295,OV-M-00048,OV-R-0014,ovino,Santa Ines,White Dorper,8.8,3,3.4,0.37,0.52,IA_cervical,12,0,2024-12-11,0.539,prenhe
E-OV-000296,OV-M-00251,OV-R-0011,ovino,Santa Ines,Morada Nova,1.4,5,2.9,0.4,0.74,IA_cervical,5,1,2024-05-26,0.615,prenhe
E-OV-000297,OV-M-00263,OV-R-0022,ovino,Santa Ines,Somalis,3.9,2,2.7,0.75,0.59,IATF,6,0,2024-06-27,0.621,prenhe
E-OV-000298,OV-M-00062,OV-R-0006,ovino,Dorper,Santa Ines,4.2,5,3.9,0.69,0.59,IA_cervical,10,0,2025-10-11,0.475,vazia
E-OV-000299,OV-M-00195,OV-R-0014,ovino,Morada Nova,White Dorper,1.6,2,3.6,0.7,0.52,IA_cervical,9,0,2024-09-12,0.585,vazia
E-OV-000300,OV-M-00160,OV-R-0025,ovino,Morada Nova,Santa Ines,6.3,0,4.1,0.16,0.6,IA_cervical,10,0,2024-10-21,0.18,vazia
E-OV-000301,OV-M-00173,OV-R-0013,ovino,Mestico,Santa Ines,9.2,5,3.4,0.49,0.72,IA_cervical,1,0,2024-01-05,0.614,prenhe
E-OV-000302,OV-M-00093,OV-R-0023,ovino,Mestico,Mestico,2.1,3,3.4,0.32,0.92,IATF,8,0,2024-08-07,0.852,prenhe
E-OV-000303,OV-M-00225,OV-R-0018,ovino,Santa Ines,Santa Ines,2.9,2,3.9,0.38,0.6,IATF,9,0,2024-09-13,0.551,vazia
E-OV-000304,OV-M-00264,OV-R-0017,ovino,Santa Ines,Santa Ines,2.6,1,2.3,0.59,0.55,IATF,6,0,2025-06-08,0.305,prenhe
E-OV-000305,OV-M-00217,OV-R-0007,ovino,Dorper,Santa Ines,2.2,3,3.7,0.24,0.86,IATF,3,1,2024-03-27,0.631,prenhe
E-OV-000306,OV-M-00270,OV-R-0029,ovino,Santa Ines,Santa Ines,3.2,3,3.5,0.66,0.66,IA_cervical,11,0,2025-11-09,0.736,prenhe
E-OV-000307,OV-M-00033,OV-R-0007,ovino,Santa Ines,Santa Ines,6.4,3,3.0,0.0,0.86,IA_cervical,4,1,2024-04-03,0.599,prenhe
E-OV-000308,OV-M-00197,OV-R-0027,ovino,Santa Ines,Dorper,1.8,5,3.4,0.5,0.71,IA_cervical,4,1,2025-04-21,0.785,prenhe
E-OV-000309,OV-M-00299,OV-R-0029,ovino,Santa Ines,Santa Ines,8.3,0,4.4,0.42,0.66,IA_laparoscopica,1,0,2024-01-04,0.322,prenhe
E-OV-000310,OV-M-00160,OV-R-0015,ovino,Morada Nova,Dorper,6.3,0,4.1,0.16,0.43,IA_cervical,8,0,2025-08-21,0.05,vazia
E-OV-000311,OV-M-00282,OV-R-0026,ovino,Somalis,Morada Nova,3.0,2,4.0,0.67,0.72,IA_laparoscopica,5,1,2025-05-23,0.849,prenhe
E-OV-000312,OV-M-00104,OV-R-0021,ovino,Santa Ines,Santa Ines,6.8,5,2.9,0.52,0.84,IA_cervical,9,0,2025-09-03,0.48,prenhe
E-OV-000313,OV-M-00268,OV-R-0022,ovino,Mestico,Somalis,4.1,0,3.4,0.29,0.59,IA_cervical,11,0,2025-11-10,0.524,vazia
E-OV-000314,OV-M-00281,OV-R-0002,ovino,Morada Nova,Santa Ines,5.8,0,3.3,0.47,0.71,IA_cervical,8,0,2025-08-31,0.531,prenhe
E-OV-000315,OV-M-00186,OV-R-0004,ovino,Santa Ines,Mestico,4.6,5,3.8,0.44,0.42,IATF,3,1,2025-03-29,0.506,vazia
E-OV-000316,OV-M-00211,OV-R-0002,ovino,Somalis,Santa Ines,8.3,0,2.9,0.6,0.71,IA_laparoscopica,9,0,2025-09-04,0.589,vazia
E-OV-000317,OV-M-00156,OV-R-0000,ovino,Mestico,Santa Ines,8.7,0,4.4,0.39,0.64,IA_cervical,3,1,2024-03-11,0.317,prenhe
E-OV-000318,OV-M-00095,OV-R-0025,ovino,Santa Ines,Santa Ines,3.0,3,3.4,0.54,0.6,IATF,4,1,2025-04-16,0.836,vazia
E-OV-000319,OV-M-00160,OV-R-0005,ovino,Morada Nova,Santa Ines,6.3,0,4.1,0.16,0.69,IATF,12,0,2025-12-23,0.133,vazia
E-OV-000320,OV-M-00288,OV-R-0000,ovino,Somalis,Santa Ines,4.1,5,3.1,0.9,0.64,IA_cervical,10,0,2024-10-02,0.704,prenhe
E-OV-000321,OV-M-00004,OV-R-0028,ovino,Somalis,Santa Ines,1.1,5,2.8,0.75,0.86,IATF,12,0,2025-12-13,0.653,vazia
E-OV-000322,OV-M-00061,OV-R-0008,ovino,Morada Nova,Dorper,2.3,1,2.4,0.71,0.34,IA_cervical,1,0,2025-01-04,0.332,vazia
E-OV-000323,OV-M-00149,OV-R-0024,ovino,Dorper,Santa Ines,7.5,0,3.8,0.98,0.66,IA_cervical,12,0,2024-12-07,0.383,prenhe
E-OV-000324,OV-M-00101,OV-R-0028,ovino,Santa Ines,Santa Ines,5.8,4,3.2,0.51,0.86,IA_cervical,8,0,2024-08-07,0.733,prenhe
E-OV-000325,OV-M-00187,OV-R-0015,ovino,Mestico,Dorper,6.8,0,3.4,1.0,0.43,IA_cervical,3,1,2024-03-19,0.583,prenhe
E-OV-000326,OV-M-00108,OV-R-0027,ovino,Santa Ines,Dorper,7.5,0,3.3,0.19,0.71,IA_cervical,10,0,2025-10-01,0.406,vazia
E-OV-000327,OV-M-00197,OV-R-0029,ovino,Santa Ines,Santa Ines,1.8,5,3.4,0.5,0.66,IA_cervical,6,0,2025-06-10,0.621,vazia
E-OV-000328,OV-M-00031,OV-R-0004,ovino,Santa Ines,Mestico,5.1,1,3.7,0.36,0.42,IA_cervical,10,0,2024-10-19,0.346,vazia
E-OV-000329,OV-M-00099,OV-R-0004,ovino,Dorper,Mestico,7.9,3,2.6,0.49,0.42,IA_laparoscopica,12,0,2025-12-02,0.539,vazia
E-OV-000330,OV-M-00207,OV-R-0011,ovino,Santa Ines,Morada Nova,2.3,2,3.1,0.6,0.74,IA_laparoscopica,5,1,2024-05-14,0.95,prenhe
E-OV-000331,OV-M-00141,OV-R-0016,ovino,Dorper,Santa Ines,5.0,4,3.0,0.44,0.61,IA_cervical,7,0,2025-07-22,0.64,vazia
E-OV-000332,OV-M-00214,OV-R-0023,ovino,Somalis,Mestico,9.8,4,2.4,0.54,0.92,IA_cervical,11,0,2024-11-26,0.402,vazia
E-OV-000333,OV-M-00190,OV-R-0005,ovino,Dorper,Santa Ines,8.9,2,3.7,0.23,0.69,IA_cervical,3,1,2025-03-31,0.428,vazia
E-OV-000334,OV-M-00098,OV-R-0005,ovino,Morada Nova,Santa Ines,5.3,2,2.6,0.64,0.69,IATF,1,0,2024-01-28,0.523,prenhe
E-OV-000335,OV-M-00128,OV-R-0009,ovino,Dorper,White Dorper,7.0,4,2.6,0.54,0.74,IATF,3,1,2025-03-21,0.585,prenhe
E-OV-000336,OV-M-00289,OV-R-0008,ovino,Santa Ines,Dorper,5.0,2,4.0,0.26,0.34,IA_cervical,5,1,2025-05-10,0.434,prenhe
E-OV-000337,OV-M-00288,OV-R-0028,ovino,Somalis,Santa Ines,4.1,5,3.1,0.9,0.86,IA_laparoscopica,12,0,2025-12-14,0.95,prenhe
E-OV-000338,OV-M-00010,OV-R-0011,ovino,Morada Nova,Morada Nova,4.4,3,4.1,0.37,0.74,IA_cervical,9,0,2024-09-09,0.42,vazia
E-OV-000339,OV-M-00211,OV-R-0026,ovino,Somalis,Morada Nova,8.3,0,2.9,0.6,0.72,IATF,2,1,2024-02-23,0.489,prenhe
E-OV-000340,OV-M-00147,OV-R-0001,ovino,Dorper,Santa Ines,9.6,4,4.3,0.27,0.86,IA_cervical,2,1,2024-02-15,0.494,prenhe
E-OV-000341,OV-M-00000,OV-R-0003,ovino,Somalis,Santa Ines,5.3,2,2.7,0.6,0.81,IA_cervical,4,1,2024-04-19,0.508,prenhe
E-OV-000342,OV-M-00190,OV-R-0024,ovino,Dorper,Santa Ines,8.9,2,3.7,0.23,0.66,IA_cervical,8,0,2024-08-06,0.387,vazia
E-OV-000343,OV-M-00006,OV-R-0007,ovino,Morada Nova,Santa Ines,9.9,3,3.2,0.46,0.86,IA_cervical,8,0,2025-08-29,0.735,prenhe
E-OV-000344,OV-M-00095,OV-R-0002,ovino,Santa Ines,Santa Ines,3.0,3,3.4,0.54,0.71,IA_cervical,5,1,2024-05-22,0.823,prenhe
E-OV-000345,OV-M-00207,OV-R-0017,ovino,Santa Ines,Santa Ines,2.3,2,3.1,0.6,0.55,IA_cervical,4,1,2024-04-15,0.754,prenhe
E-OV-000346,OV-M-00243,OV-R-0004,ovino,Morada Nova,Mestico,2.5,3,3.2,0.69,0.42,IA_cervical,1,0,2024-01-24,0.712,prenhe
E-OV-000347,OV-M-00123,OV-R-0001,ovino,Somalis,Santa Ines,4.5,5,3.9,0.37,0.86,IA_laparoscopica,10,0,2024-10-06,0.659,prenhe
E-OV-000348,OV-M-00242,OV-R-0012,ovino,Santa Ines,Dorper,7.2,3,1.6,0.51,0.64,IA_laparoscopica,3,1,2025-03-16,0.577,prenhe
E-OV-000349,OV-M-00251,OV-R-0016,ovino,Santa Ines,Santa Ines,1.4,5,2.9,0.4,0.61,IA_cervical,7,0,2024-07-24,0.382,prenhe
E-OV-000350,OV-M-00134,OV-R-0015,ovino,Santa Ines,Dorper,1.7,0,2.4,0.29,0.43,IATF,12,0,2024-12-27,0.176,vazia
E-OV-000351,OV-M-00051,OV-R-0017,ovino,Mestico,Santa Ines,8.0,1,3.2,0.31,0.55,IA_cervical,6,0,2024-06-26,0.454,vazia
E-OV-000352,OV-M-00197,OV-R-0000,ovino,Santa Ines,Santa Ines,1.8,5,3.4,0.5,0.64,IATF,8,0,2025-08-07,0.623,prenhe
E-OV-000353,OV-M-00004,OV-R-0008,ovino,Somalis,Dorper,1.1,5,2.8,0.75,0.34,IA_cervical,1,0,2024-01-19,0.395,vazia
E-OV-000354,OV-M-00267,OV-R-0010,ovino,Santa Ines,Dorper,8.1,4,2.3,0.32,0.65,IATF,5,1,2024-05-26,0.47,vazia
E-OV-000355,OV-M-00116,OV-R-0008,ovino,Santa Ines,Dorper,4.7,4,1.8,0.59,0.34,IATF,2,1,2025-02-17,0.567,prenhe
E-OV-000356,OV-M-00228,OV-R-0016,ovino,Santa Ines,Santa Ines,6.4,3,3.3,0.68,0.61,IATF,9,0,2025-09-06,0.665,vazia
E-OV-000357,OV-M-00220,OV-R-0006,ovino,Santa Ines,Santa Ines,2.7,0,2.5,0.58,0.59,IATF,10,0,2024-10-19,0.543,vazia
E-OV-000358,OV-M-00141,OV-R-0018,ovino,Dorper,Santa Ines,5.0,4,3.0,0.44,0.6,IA_cervical,2,1,2024-02-20,0.788,prenhe
E-OV-000359,OV-M-00291,OV-R-0028,ovino,Santa Ines,Santa Ines,7.7,2,2.8,0.51,0.86,IA_laparoscopica,2,1,2025-02-06,0.747,vazia
E-OV-000360,OV-M-00238,OV-R-0019,ovino,Santa Ines,Santa Ines,8.0,1,3.0,0.25,0.87,IA_cervical,7,0,2024-07-16,0.482,vazia
E-OV-000361,OV-M-00265,OV-R-0011,ovino,Morada Nova,Morada Nova,2.7,3,3.5,0.53,0.74,IA_cervical,8,0,2024-08-10,0.843,prenhe
E-OV-000362,OV-M-00028,OV-R-0013,ovino,Santa Ines,Santa Ines,9.3,2,3.5,0.91,0.72,IATF,11,0,2025-11-04,0.698,prenhe
E-OV-000363,OV-M-00145,OV-R-0017,ovino,Santa Ines,Santa Ines,6.4,3,3.4,0.71,0.55,IA_cervical,11,0,2025-11-18,0.661,prenhe
E-OV-000364,OV-M-00285,OV-R-0021,ovino,Mestico,Santa Ines,4.7,4,2.8,0.63,0.84,IA_cervical,7,0,2024-07-07,0.679,prenhe
E-OV-000365,OV-M-00243,OV-R-0009,ovino,Morada Nova,White Dorper,2.5,3,3.2,0.69,0.74,IATF,3,1,2025-03-07,0.875,vazia
E-OV-000366,OV-M-00136,OV-R-0001,ovino,Dorper,Santa Ines,9.7,2,2.7,0.39,0.86,IA_cervical,1,0,2025-01-29,0.498,prenhe
E-OV-000367,OV-M-00021,OV-R-0021,ovino,Somalis,Santa Ines,2.7,4,3.6,0.27,0.84,IA_cervical,12,0,2025-12-02,0.687,prenhe
E-OV-000368,OV-M-00084,OV-R-0019,ovino,Santa Ines,Santa Ines,1.4,1,2.6,0.41,0.87,IA_cervical,11,0,2025-11-21,0.647,prenhe
E-OV-000369,OV-M-00171,OV-R-0003,ovino,Morada Nova,Santa Ines,1.2,1,3.6,0.4,0.81,IATF,9,0,2024-09-12,0.568,prenhe
E-OV-000370,OV-M-00192,OV-R-0018,ovino,Somalis,Santa Ines,9.6,3,4.0,0.82,0.6,IATF,1,0,2024-01-19,0.478,vazia
E-OV-000371,OV-M-00277,OV-R-0002,ovino,Morada Nova,Santa Ines,6.6,4,2.7,0.97,0.71,IA_cervical,1,0,2024-01-02,0.543,prenhe
E-OV-000372,OV-M-00027,OV-R-0019,ovino,Santa Ines,Santa Ines,9.9,2,2.5,0.49,0.87,IA_laparoscopica,1,0,2024-01-04,0.678,prenhe
E-OV-000373,OV-M-00118,OV-R-0022,ovino,Mestico,Somalis,8.5,0,3.9,0.22,0.59,IA_cervical,7,0,2025-07-24,0.3,vazia
E-OV-000374,OV-M-00081,OV-R-0000,ovino,Mestico,Santa Ines,2.8,0,2.2,0.54,0.64,IA_laparoscopica,6,0,2025-06-24,0.571,vazia
E-OV-000375,OV-M-00288,OV-R-0021,ovino,Somalis,Santa Ines,4.1,5,3.1,0.9,0.84,IA_laparoscopica,8,0,2025-08-26,0.891,prenhe
E-OV-000376,OV-M-00049,OV-R-0003,ovino,Santa Ines,Santa Ines,3.2,3,2.6,0.5,0.81,IATF,4,1,2024-04-11,0.767,prenhe
E-OV-000377,OV-M-00066,OV-R-0007,ovino,Santa Ines,Santa Ines,5.9,4,3.2,0.67,0.86,IA_cervical,2,1,2024-02-12,0.779,prenhe
E-OV-000378,OV-M-00089,OV-R-0021,ovino,Santa Ines,Santa Ines,5.6,3,4.1,1.0,0.84,IA_cervical,5,1,2024-05-04,0.578,vazia
E-OV-000379,OV-M-00031,OV-R-0010,ovino,Santa Ines,Dorper,5.1,1,3.7,0.36,0.65,IA_cervical,4,1,2025-04-01,0.434,vazia
E-OV-000380,OV-M-00193,OV-R-0029,ovino,Somalis,Santa Ines,2.6,5,2.4,0.41,0.66,IA_cervical,1,0,2024-01-07,0.416,vazia
E-OV-000381,OV-M-00157,OV-R-0028,ovino,Santa Ines,Santa Ines,4.0,1,3.9,0.58,0.86,IA_cervical,4,1,2025-04-27,0.729,prenhe
E-OV-000382,OV-M-00167,OV-R-0029,ovino,Santa Ines,Santa Ines,2.2,4,2.6,0.51,0.66,IA_cervical,10,0,2025-10-10,0.519,vazia
E-OV-000383,OV-M-00272,OV-R-0003,ovino,Somalis,Santa Ines,8.3,0,2.7,0.44,0.81,IA_cervical,4,1,2024-04-16,0.449,prenhe
E-OV-000384,OV-M-00129,OV-R-0005,ovino,Somalis,Santa Ines,4.6,3,3.8,0.42,0.69,IATF,6,0,2025-06-23,0.578,prenhe
E-OV-000385,OV-M-00093,OV-R-0005,ovino,Mestico,Santa Ines,2.1,3,3.4,0.32,0.69,IA_cervical,2,1,2025-02-07,0.696,vazia
E-OV-000386,OV-M-00112,OV-R-0017,ovino,Somalis,Santa Ines,8.7,5,2.1,0.34,0.55,IA_cervical,11,0,2025-11-20,0.163,prenhe
E-OV-000387,OV-M-00240,OV-R-0012,ovino,Morada Nova,Dorper,3.7,2,2.8,0.35,0.64,IATF,6,0,2024-06-26,0.658,vazia
E-OV-000388,OV-M-00158,OV-R-0022,ovino,White Dorper,Somalis,7.7,1,3.8,0.46,0.59,IA_cervical,6,0,2024-06-14,0.252,vazia
E-OV-000389,OV-M-00050,OV-R-0008,ovino,Santa Ines,Dorper,2.1,2,3.5,0.4,0.34,IA_cervical,1,0,2024-01-13,0.575,vazia
E-OV-000390,OV-M-00206,OV-R-0005,ovino,Santa Ines,Santa Ines,2.2,5,3.1,0.66,0.69,IA_cervical,5,1,2025-05-29,0.765,prenhe
E-OV-000391,OV-M-00223,OV-R-0019,ovino,Santa Ines,Santa Ines,3.3,1,3.0,0.41,0.87,IA_cervical,9,0,2025-09-24,0.754,vazia
E-OV-000392,OV-M-00074,OV-R-0018,ovino,Somalis,Santa Ines,4.2,5,3.8,1.0,0.6,IA_cervical,1,0,2024-01-14,0.502,vazia
E-OV-000393,OV-M-00167,OV-R-0020,ovino,Santa Ines,Dorper,2.2,4,2.6,0.51,0.57,IA_laparoscopica,12,0,2024-12-24,0.629,prenhe
E-OV-000394,OV-M-00169,OV-R-0009,ovino,Somalis,White Dorper,8.0,4,3.2,0.46,0.74,IA_cervical,6,0,2025-06-12,0.549,prenhe
E-OV-000395,OV-M-00052,OV-R-0015,ovino,Morada Nova,Dorper,3.3,5,3.0,0.39,0.43,IA_cervical,7,0,2025-07-24,0.597,prenhe
E-OV-000396,OV-M-00002,OV-R-0027,ovino,Santa Ines,Dorper,4.5,5,2.5,0.79,0.71,IA_cervical,11,0,2025-11-10,0.503,prenhe
E-OV-000397,OV-M-00215,OV-R-0018,ovino,Morada Nova,Santa Ines,4.5,2,2.6,0.49,0.6,IA_cervical,6,0,2025-06-11,0.503,vazia
E-OV-000398,OV-M-00184,OV-R-0027,ovino,Santa Ines,Dorper,9.1,0,3.5,0.45,0.71,IA_cervical,11,0,2025-11-02,0.609,prenhe
E-OV-000399,OV-M-00214,OV-R-0013,ovino,Somalis,Santa Ines,9.8,4,2.4,0.54,0.72,IATF,12,0,2025-12-26,0.369,vazia
E-OV-000400,OV-M-00113,OV-R-0001,ovino,Santa Ines,Santa Ines,8.0,1,2.7,0.7,0.86,IA_cervical,11,0,2025-11-08,0.511,prenhe
E-OV-000401,OV-M-00154,OV-R-0022,ovino,Somalis,Somalis,8.4,0,3.5,0.58,0.59,IA_cervical,11,0,2024-11-15,0.535,prenhe
E-OV-000402,OV-M-00294,OV-R-0013,ovino,White Dorper,Santa Ines,4.2,5,3.7,0.22,0.72,IA_cervical,10,0,2024-10-24,0.493,vazia
E-OV-000403,OV-M-00067,OV-R-0001,ovino,Morada Nova,Santa Ines,2.9,5,3.8,0.17,0.86,IA_laparoscopica,11,0,2024-11-08,0.601,prenhe
E-OV-000404,OV-M-00195,OV-R-0004,ovino,Morada Nova,Mestico,1.6,2,3.6,0.7,0.42,IA_laparoscopica,11,0,2025-11-25,0.642,prenhe
E-OV-000405,OV-M-00039,OV-R-0009,ovino,Morada Nova,White Dorper,2.1,2,3.7,0.27,0.74,IA_cervical,7,0,2024-07-24,0.555,prenhe
E-OV-000406,OV-M-00019,OV-R-0005,ovino,Morada Nova,Santa Ines,4.1,4,3.5,0.18,0.69,IA_laparoscopica,7,0,2025-07-03,0.948,prenhe
E-OV-000407,OV-M-00287,OV-R-0020,ovino,Santa Ines,Dorper,1.1,0,3.8,0.58,0.57,IA_cervical,4,1,2025-04-01,0.476,prenhe
E-OV-000408,OV-M-00038,OV-R-0018,ovino,Santa Ines,Santa Ines,2.6,4,3.5,0.79,0.6,IATF,2,1,2024-02-15,0.863,prenhe
E-OV-000409,OV-M-00196,OV-R-0009,ovino,Santa Ines,White Dorper,6.0,0,1.9,0.51,0.74,IA_cervical,12,0,2024-12-20,0.279,prenhe
E-OV-000410,OV-M-00154,OV-R-0002,ovino,Somalis,Santa Ines,8.4,0,3.5,0.58,0.71,IA_laparoscopica,5,1,2024-05-22,0.821,prenhe
E-OV-000411,OV-M-00242,OV-R-0002,ovino,Santa Ines,Santa Ines,7.2,3,1.6,0.51,0.71,IA_laparoscopica,6,0,2025-06-15,0.56,vazia
E-OV-000412,OV-M-00163,OV-R-0028,ovino,Morada Nova,Santa Ines,2.2,3,2.7,0.47,0.86,IA_laparoscopica,11,0,2024-11-22,0.766,prenhe
E-OV-000413,OV-M-00209,OV-R-0010,ovino,Santa Ines,Dorper,8.0,0,3.0,0.73,0.65,IA_cervical,9,0,2024-09-17,0.509,prenhe
E-OV-000414,OV-M-00268,OV-R-0003,ovino,Mestico,Santa Ines,4.1,0,3.4,0.29,0.81,IA_laparoscopica,2,1,2024-02-17,0.913,prenhe
E-OV-000415,OV-M-00248,OV-R-0021,ovino,Santa Ines,Santa Ines,1.2,2,3.4,0.7,0.84,IA_laparoscopica,4,1,2024-04-05,0.95,prenhe
E-OV-000416,OV-M-00216,OV-R-0026,ovino,Morada Nova,Morada Nova,2.3,4,3.3,1.0,0.72,IA_cervical,7,0,2025-07-11,0.836,prenhe
E-OV-000417,OV-M-00048,OV-R-0003,ovino,Santa Ines,Santa Ines,8.8,3,3.4,0.37,0.81,IA_cervical,9,0,2025-09-21,0.627,prenhe
E-OV-000418,OV-M-00050,OV-R-0028,ovino,Santa Ines,Santa Ines,2.1,2,3.5,0.4,0.86,IA_cervical,7,0,2024-07-31,0.733,prenhe
E-OV-000419,OV-M-00149,OV-R-0021,ovino,Dorper,Santa Ines,7.5,0,3.8,0.98,0.84,IA_cervical,8,0,2025-08-27,0.585,prenhe
E-OV-000420,OV-M-00197,OV-R-0007,ovino,Santa Ines,Santa Ines,1.8,5,3.4,0.5,0.86,IATF,2,1,2025-02-06,0.862,prenhe
E-OV-000421,OV-M-00200,OV-R-0023,ovino,Santa Ines,Mestico,1.7,0,3.0,0.63,0.92,IA_cervical,9,0,2024-09-13,0.808,prenhe
E-OV-000422,OV-M-00236,OV-R-0012,ovino,Mestico,Dorper,8.9,3,3.6,0.63,0.64,IA_laparoscopica,11,0,2024-11-25,0.623,prenhe
E-OV-000423,OV-M-00031,OV-R-0019,ovino,Santa Ines,Santa Ines,5.1,1,3.7,0.36,0.87,IA_laparoscopica,5,1,2025-05-18,0.694,prenhe
E-OV-000424,OV-M-00052,OV-R-0003,ovino,Morada Nova,Santa Ines,3.3,5,3.0,0.39,0.81,IA_laparoscopica,10,0,2025-10-25,0.787,prenhe
E-OV-000425,OV-M-00044,OV-R-0007,ovino,Santa Ines,Santa Ines,7.2,4,2.7,0.45,0.86,IA_laparoscopica,12,0,2024-12-25,0.566,vazia
E-OV-000426,OV-M-00162,OV-R-0023,ovino,White Dorper,Mestico,6.4,1,3.9,0.37,0.92,IA_laparoscopica,9,0,2024-09-10,0.695,prenhe
E-OV-000427,OV-M-00190,OV-R-0024,ovino,Dorper,Santa Ines,8.9,2,3.7,0.23,0.66,IA_cervical,7,0,2025-07-09,0.374,prenhe
E-OV-000428,OV-M-00034,OV-R-0000,ovino,Santa Ines,Santa Ines,9.0,2,2.3,0.46,0.64,IA_cervical,1,0,2025-01-18,0.318,vazia
E-OV-000429,OV-M-00260,OV-R-0006,ovino,Dorper,Santa Ines,2.1,2,3.1,0.39,0.59,IATF,10,0,2024-10-11,0.662,prenhe
E-OV-000430,OV-M-00091,OV-R-0018,ovino,Dorper,Santa Ines,9.9,3,3.0,0.14,0.6,IATF,12,0,2024-12-01,0.503,vazia
E-OV-000431,OV-M-00198,OV-R-0027,ovino,Mestico,Dorper,6.1,1,3.7,0.59,0.71,IA_cervical,1,0,2025-01-26,0.465,prenhe
E-OV-000432,OV-M-00225,OV-R-0020,ovino,Santa Ines,Dorper,2.9,2,3.9,0.38,0.57,IATF,4,1,2024-04-12,0.711,prenhe
E-OV-000433,OV-M-00010,OV-R-0021,ovino,Morada Nova,Santa Ines,4.4,3,4.1,0.37,0.84,IATF,2,1,2024-02-12,0.599,prenhe
E-OV-000434,OV-M-00259,OV-R-0011,ovino,Santa Ines,Morada Nova,4.5,1,2.7,0.69,0.74,IA_cervical,4,1,2025-04-30,0.688,prenhe
E-OV-000435,OV-M-00291,OV-R-0001,ovino,Santa Ines,Santa Ines,7.7,2,2.8,0.51,0.86,IA_laparoscopica,5,1,2024-05-07,0.776,prenhe
E-OV-000436,OV-M-00287,OV-R-0022,ovino,Santa Ines,Somalis,1.1,0,3.8,0.58,0.59,IA_laparoscopica,1,0,2025-01-23,0.616,prenhe
E-OV-000437,OV-M-00041,OV-R-0023,ovino,Somalis,Mestico,8.0,2,3.5,0.27,0.92,IA_cervical,7,0,2025-07-24,0.745,prenhe
E-OV-000438,OV-M-00117,OV-R-0013,ovino,Santa Ines,Santa Ines,8.1,2,3.0,0.21,0.72,IA_cervical,6,0,2024-06-05,0.537,prenhe
E-OV-000439,OV-M-00069,OV-R-0015,ovino,Mestico,Dorper,5.3,3,2.8,0.55,0.43,IA_cervical,10,0,2024-10-05,0.404,prenhe
E-OV-000440,OV-M-00135,OV-R-0007,ovino,Santa Ines,Santa Ines,1.9,2,4.0,0.56,0.86,IATF,12,0,2025-12-15,0.715,prenhe
E-OV-000441,OV-M-00292,OV-R-0013,ovino,White Dorper,Santa Ines,9.7,3,3.0,0.27,0.72,IA_cervical,1,0,2024-01-26,0.571,vazia
E-OV-000442,OV-M-00228,OV-R-0007,ovino,Santa Ines,Santa Ines,6.4,3,3.3,0.68,0.86,IATF,7,0,2025-07-05,0.829,vazia
E-OV-000443,OV-M-00231,OV-R-0012,ovino,White Dorper,Dorper,1.8,0,3.5,0.5,0.64,IA_laparoscopica,5,1,2024-05-02,0.891,prenhe
E-OV-000444,OV-M-00126,OV-R-0004,ovino,Somalis,Mestico,1.9,0,2.6,0.36,0.42,IA_laparoscopica,10,0,2025-10-23,0.505,prenhe
E-OV-000445,OV-M-00280,OV-R-0018,ovino,Morada Nova,Santa Ines,3.4,3,3.3,0.68,0.6,IA_cervical,10,0,2024-10-27,0.805,prenhe
E-OV-000446,OV-M-00276,OV-R-0007,ovino,Somalis,Santa Ines,5.5,0,3.1,0.49,0.86,IA_cervical,1,0,2024-01-05,0.634,vazia
E-OV-000447,OV-M-00241,OV-R-0021,ovino,Santa Ines,Santa Ines,8.9,5,2.5,0.51,0.84,IA_cervical,6,0,2025-06-08,0.478,prenhe
E-OV-000448,OV-M-00244,OV-R-0015,ovino,Santa Ines,Dorper,5.4,1,2.8,0.64,0.43,IA_cervical,4,1,2024-04-17,0.196,vazia
E-OV-000449,OV-M-00195,OV-R-0026,ovino,Morada Nova,Morada Nova,1.6,2,3.6,0.7,0.72,IA_cervical,9,0,2024-09-22,0.64,vazia
E-OV-000450,OV-M-00028,OV-R-0006,ovino,Santa Ines,Santa Ines,9.3,2,3.5,0.91,0.59,IA_cervical,1,0,2025-01-01,0.659,prenhe
E-OV-000451,OV-M-00085,OV-R-0008,ovino,Santa Ines,Dorper,8.2,5,3.1,0.66,0.34,IA_cervical,6,0,2025-06-27,0.416,vazia
E-OV-000452,OV-M-00230,OV-R-0007,ovino,Santa Ines,Santa Ines,5.3,2,3.4,0.19,0.86,IA_cervical,11,0,2024-11-01,0.642,prenhe
E-OV-000453,OV-M-00098,OV-R-0018,ovino,Morada Nova,Santa Ines,5.3,2,2.6,0.64,0.6,IA_cervical,9,0,2025-09-18,0.441,vazia
E-OV-000454,OV-M-00051,OV-R-0003,ovino,Mestico,Santa Ines,8.0,1,3.2,0.31,0.81,IA_cervical,12,0,2024-12-17,0.6,vazia
E-OV-000455,OV-M-00284,OV-R-0020,ovino,Somalis,Dorper,7.7,2,3.8,0.88,0.57,IATF,9,0,2024-09-06,0.501,prenhe
E-OV-000456,OV-M-00146,OV-R-0024,ovino,Santa Ines,Santa Ines,2.4,5,3.3,0.18,0.66,IA_cervical,9,0,2024-09-03,0.655,prenhe
E-OV-000457,OV-M-00258,OV-R-0020,ovino,Santa Ines,Dorper,3.2,1,3.5,0.35,0.57,IATF,8,0,2025-08-07,0.697,prenhe
E-OV-000458,OV-M-00085,OV-R-0004,ovino,Santa Ines,Mestico,8.2,5,3.1,0.66,0.42,IA_laparoscopica,4,1,2025-04-30,0.737,prenhe
E-OV-000459,OV-M-00107,OV-R-0014,ovino,Santa Ines,White Dorper,2.5,0,2.1,0.66,0.52,IA_cervical,4,1,2024-04-02,0.435,vazia
E-OV-000460,OV-M-00102,OV-R-0016,ovino,Dorper,Santa Ines,4.0,3,3.3,0.36,0.61,IATF,7,0,2025-07-01,0.784,prenhe
E-OV-000461,OV-M-00111,OV-R-0011,ovino,Santa Ines,Morada Nova,7.2,5,2.9,0.54,0.74,IATF,10,0,2024-10-30,0.485,vazia
E-OV-000462,OV-M-00131,OV-R-0013,ovino,Santa Ines,Santa Ines,8.2,5,3.4,0.52,0.72,IA_laparoscopica,9,0,2024-09-11,0.716,vazia
E-OV-000463,OV-M-00089,OV-R-0022,ovino,Santa Ines,Somalis,5.6,3,4.1,1.0,0.59,IA_cervical,3,1,2024-03-12,0.526,prenhe
E-OV-000464,OV-M-00244,OV-R-0025,ovino,Santa Ines,Santa Ines,5.4,1,2.8,0.64,0.6,IA_cervical,12,0,2025-12-29,0.387,vazia
E-OV-000465,OV-M-00097,OV-R-0009,ovino,White Dorper,White Dorper,4.4,4,3.2,0.38,0.74,IA_cervical,2,1,2024-02-08,0.908,prenhe
E-OV-000466,OV-M-00132,OV-R-0009,ovino,Morada Nova,White Dorper,9.9,0,2.9,0.52,0.74,IATF,12,0,2025-12-28,0.465,prenhe
E-OV-000467,OV-M-00258,OV-R-0006,ovino,Santa Ines,Santa Ines,3.2,1,3.5,0.35,0.59,IA_cervical,2,1,2024-02-17,0.665,prenhe
E-OV-000468,OV-M-00131,OV-R-0012,ovino,Santa Ines,Dorper,8.2,5,3.4,0.52,0.64,IA_cervical,1,0,2025-01-03,0.627,prenhe
E-OV-000469,OV-M-00003,OV-R-0016,ovino,Santa Ines,Santa Ines,5.8,1,3.0,0.48,0.61,IA_cervical,3,1,2024-03-17,0.495,prenhe
E-OV-000470,OV-M-00000,OV-R-0021,ovino,Somalis,Santa Ines,5.3,2,2.7,0.6,0.84,IA_cervical,12,0,2024-12-25,0.548,vazia
E-OV-000471,OV-M-00130,OV-R-0008,ovino,Morada Nova,Dorper,4.8,4,4.6,0.56,0.34,IA_cervical,9,0,2025-09-02,0.303,prenhe
E-OV-000472,OV-M-00194,OV-R-0006,ovino,Santa Ines,Santa Ines,9.6,2,2.7,0.81,0.59,IA_cervical,3,1,2025-03-06,0.632,prenhe
E-OV-000473,OV-M-00282,OV-R-0000,ovino,Somalis,Santa Ines,3.0,2,4.0,0.67,0.64,IATF,1,0,2025-01-31,0.643,vazia
E-OV-000474,OV-M-00039,OV-R-0002,ovino,Morada Nova,Santa Ines,2.1,2,3.7,0.27,0.71,IA_cervical,3,1,2024-03-27,0.568,vazia
E-OV-000475,OV-M-00162,OV-R-0001,ovino,White Dorper,Santa Ines,6.4,1,3.9,0.37,0.86,IA_cervical,11,0,2025-11-22,0.415,prenhe
E-OV-000476,OV-M-00086,OV-R-0006,ovino,Dorper,Santa Ines,5.4,4,3.4,0.56,0.59,IA_cervical,10,0,2024-10-01,0.542,vazia
E-OV-000477,OV-M-00135,OV-R-0020,ovino,Santa Ines,Dorper,1.9,2,4.0,0.56,0.57,IA_cervical,1,0,2025-01-27,0.515,vazia
E-OV-000478,OV-M-00132,OV-R-0023,ovino,Morada Nova,Mestico,9.9,0,2.9,0.52,0.92,IA_laparoscopica,10,0,2025-10-17,0.596,vazia
E-OV-000479,OV-M-00093,OV-R-0029,ovino,Mestico,Santa Ines,2.1,3,3.4,0.32,0.66,IA_cervical,4,1,2025-04-03,0.73,prenhe
E-OV-000480,OV-M-00005,OV-R-0016,ovino,Santa Ines,Santa Ines,3.6,0,3.0,0.22,0.61,IATF,6,0,2025-06-20,0.612,prenhe
E-OV-000481,OV-M-00022,OV-R-0013,ovino,Santa Ines,Santa Ines,5.4,5,3.8,0.88,0.72,IATF,5,1,2024-05-14,0.594,vazia
E-OV-000482,OV-M-00156,OV-R-0026,ovino,Mestico,Morada Nova,8.7,0,4.4,0.39,0.72,IATF,12,0,2024-12-01,0.226,prenhe
E-OV-000483,OV-M-00067,OV-R-0004,ovino,Morada Nova,Mestico,2.9,5,3.8,0.17,0.42,IATF,1,0,2025-01-29,0.279,vazia
E-OV-000484,OV-M-00098,OV-R-0018,ovino,Morada Nova,Santa Ines,5.3,2,2.6,0.64,0.6,IA_cervical,5,1,2024-05-08,0.524,vazia
E-OV-000485,OV-M-00027,OV-R-0024,ovino,Santa Ines,Santa Ines,9.9,2,2.5,0.49,0.66,IA_cervical,10,0,2024-10-08,0.449,vazia
E-OV-000486,OV-M-00014,OV-R-0015,ovino,Santa Ines,Dorper,6.8,1,2.9,0.73,0.43,IA_cervical,8,0,2025-08-29,0.365,vazia
E-OV-000487,OV-M-00038,OV-R-0007,ovino,Santa Ines,Santa Ines,2.6,4,3.5,0.79,0.86,IATF,11,0,2025-11-10,0.94,prenhe
E-OV-000488,OV-M-00113,OV-R-0018,ovino,Santa Ines,Santa Ines,8.0,1,2.7,0.7,0.6,IA_cervical,8,0,2025-08-24,0.469,vazia
E-OV-000489,OV-M-00049,OV-R-0029,ovino,Santa Ines,Santa Ines,3.2,3,2.6,0.5,0.66,IA_cervical,11,0,2025-11-12,0.604,vazia
E-OV-000490,OV-M-00069,OV-R-0007,ovino,Mestico,Santa Ines,5.3,3,2.8,0.55,0.86,IA_cervical,12,0,2025-12-29,0.648,prenhe
E-OV-000491,OV-M-00090,OV-R-0016,ovino,Morada Nova,Santa Ines,9.3,4,3.7,0.24,0.61,IA_laparoscopica,5,1,2024-05-24,0.767,vazia
E-OV-000492,OV-M-00087,OV-R-0001,ovino,Somalis,Santa Ines,7.6,4,3.2,0.83,0.86,IA_laparoscopica,9,0,2025-09-16,0.832,prenhe
E-OV-000493,OV-M-00003,OV-R-0006,ovino,Santa Ines,Santa Ines,5.8,1,3.0,0.48,0.59,IA_cervical,3,1,2025-03-28,0.482,vazia
E-OV-000494,OV-M-00035,OV-R-0023,ovino,Santa Ines,Mestico,1.6,1,3.6,0.54,0.92,IA_cervical,9,0,2025-09-18,0.616,prenhe
E-OV-000495,OV-M-00285,OV-R-0014,ovino,Mestico,White Dorper,4.7,4,2.8,0.63,0.52,IA_cervical,4,1,2025-04-10,0.629,prenhe
E-OV-000496,OV-M-00200,OV-R-0005,ovino,Santa Ines,Santa Ines,1.7,0,3.0,0.63,0.69,IATF,4,1,2024-04-01,0.788,vazia
E-OV-000497,OV-M-00037,OV-R-0010,ovino,Santa Ines,Dorper,9.9,5,2.6,0.72,0.65,IA_cervical,2,1,2025-02-14,0.499,prenhe
E-OV-000498,OV-M-00085,OV-R-0003,ovino,Santa Ines,Santa Ines,8.2,5,3.1,0.66,0.81,IA_cervical,7,0,2025-07-09,0.592,vazia
E-OV-000499,OV-M-00114,OV-R-0023,ovino,Dorper,Mestico,5.9,4,2.7,0.55,0.92,IA_laparoscopica,3,1,2024-03-31,0.763,prenhe
E-OV-000500,OV-M-00271,OV-R-0028,ovino,Santa Ines,Santa Ines,4.7,1,3.0,0.38,0.86,IA_cervical,1,0,2025-01-03,0.703,prenhe
E-OV-000501,OV-M-00263,OV-R-0003,ovino,Santa Ines,Santa Ines,3.9,2,2.7,0.75,0.81,IATF,4,1,2025-04-22,0.784,prenhe
E-OV-000502,OV-M-00231,OV-R-0007,ovino,White Dorper,Santa Ines,1.8,0,3.5,0.5,0.86,IA_cervical,12,0,2024-12-04,0.746,vazia
E-OV-000503,OV-M-00031,OV-R-0025,ovino,Santa Ines,Santa Ines,5.1,1,3.7,0.36,0.6,IATF,8,0,2025-08-06,0.348,prenhe
E-OV-000504,OV-M-00147,OV-R-0026,ovino,Dorper,Morada Nova,9.6,4,4.3,0.27,0.72,IA_cervical,4,1,2024-04-02,0.368,vazia
E-OV-000505,OV-M-00145,OV-R-0023,ovino,Santa Ines,Mestico,6.4,3,3.4,0.71,0.92,IA_cervical,9,0,2024-09-09,0.769,prenhe
E-OV-000506,OV-M-00191,OV-R-0021,ovino,Dorper,Santa Ines,7.5,2,3.7,0.7,0.84,IATF,11,0,2025-11-25,0.576,vazia
E-OV-000507,OV-M-00253,OV-R-0025,ovino,Santa Ines,Santa Ines,8.0,5,3.5,0.32,0.6,IA_cervical,1,0,2025-01-10,0.51,prenhe
E-OV-000508,OV-M-00096,OV-R-0011,ovino,Santa Ines,Morada Nova,5.8,5,2.5,0.51,0.74,IATF,5,1,2024-05-12,0.462,prenhe
E-OV-000509,OV-M-00167,OV-R-0026,ovino,Santa Ines,Morada Nova,2.2,4,2.6,0.51,0.72,IA_cervical,3,1,2024-03-25,0.603,vazia
E-OV-000510,OV-M-00079,OV-R-0026,ovino,Santa Ines,Morada Nova,1.0,1,3.5,0.36,0.72,IA_cervical,3,1,2025-03-09,0.765,prenhe
E-OV-000511,OV-M-00063,OV-R-0006,ovino,Mestico,Santa Ines,2.5,3,3.9,0.52,0.59,IA_cervical,11,0,2025-11-10,0.55,prenhe
E-OV-000512,OV-M-00093,OV-R-0002,ovino,Mestico,Santa Ines,2.1,3,3.4,0.32,0.71,IA_cervical,2,1,2024-02-05,0.745,vazia
E-OV-000513,OV-M-00220,OV-R-0015,ovino,Santa Ines,Dorper,2.7,0,2.5,0.58,0.43,IATF,3,1,2024-03-20,0.575,prenhe
E-OV-000514,OV-M-00131,OV-R-0022,ovino,Santa Ines,Somalis,8.2,5,3.4,0.52,0.59,IA_cervical,9,0,2024-09-30,0.586,prenhe
E-OV-000515,OV-M-00204,OV-R-0025,ovino,Santa Ines,Santa Ines,7.2,1,2.9,0.6,0.6,IA_cervical,6,0,2024-06-01,0.339,vazia
E-OV-000516,OV-M-00207,OV-R-0004,ovino,Santa Ines,Mestico,2.3,2,3.1,0.6,0.42,IA_cervical,3,1,2024-03-29,0.802,prenhe
E-OV-000517,OV-M-00108,OV-R-0011,ovino,Santa Ines,Morada Nova,7.5,0,3.3,0.19,0.74,IA_cervical,8,0,2024-08-05,0.345,prenhe
E-OV-000518,OV-M-00286,OV-R-0023,ovino,Morada Nova,Mestico,7.7,4,3.8,0.6,0.92,IA_cervical,4,1,2025-04-14,0.682,prenhe
E-OV-000519,OV-M-00013,OV-R-0001,ovino,Santa Ines,Santa Ines,5.1,0,4.1,0.5,0.86,IATF,8,0,2025-08-25,0.311,vazia
E-OV-000520,OV-M-00269,OV-R-0021,ovino,Somalis,Santa Ines,9.5,2,3.7,0.81,0.84,IA_cervical,8,0,2024-08-11,0.607,vazia
E-OV-000521,OV-M-00002,OV-R-0008,ovino,Santa Ines,Dorper,4.5,5,2.5,0.79,0.34,IA_cervical,5,1,2025-05-26,0.436,vazia
E-OV-000522,OV-M-00114,OV-R-0000,ovino,Dorper,Santa Ines,5.9,4,2.7,0.55,0.64,IA_cervical,8,0,2025-08-23,0.423,vazia
E-OV-000523,OV-M-00247,OV-R-0007,ovino,Morada Nova,Santa Ines,6.7,0,2.9,0.5,0.86,IA_cervical,1,0,2024-01-06,0.363,prenhe
E-OV-000524,OV-M-00205,OV-R-0022,ovino,Santa Ines,Somalis,2.6,3,2.8,0.72,0.59,IA_cervical,9,0,2025-09-14,0.559,vazia
E-OV-000525,OV-M-00096,OV-R-0026,ovino,Santa Ines,Morada Nova,5.8,5,2.5,0.51,0.72,IA_laparoscopica,5,1,2024-05-13,0.721,prenhe
E-OV-000526,OV-M-00265,OV-R-0002,ovino,Morada Nova,Santa Ines,2.7,3,3.5,0.53,0.71,IA_laparoscopica,5,1,2025-05-15,0.95,prenhe
E-OV-000527,OV-M-00041,OV-R-0013,ovino,Somalis,Santa Ines,8.0,2,3.5,0.27,0.72,IATF,7,0,2025-07-01,0.728,vazia
E-OV-000528,OV-M-00201,OV-R-0006,ovino,Santa Ines,Santa Ines,6.8,1,2.7,0.41,0.59,IA_cervical,9,0,2025-09-09,0.309,prenhe
E-OV-000529,OV-M-00155,OV-R-0020,ovino,Santa Ines,Dorper,9.0,5,3.2,0.44,0.57,IA_laparoscopica,10,0,2024-10-21,0.721,vazia
E-OV-000530,OV-M-00062,OV-R-0023,ovino,Dorper,Mestico,4.2,5,3.9,0.69,0.92,IATF,4,1,2025-04-26,0.665,prenhe
E-OV-000531,OV-M-00276,OV-R-0028,ovino,Somalis,Santa Ines,5.5,0,3.1,0.49,0.86,IATF,1,0,2024-01-20,0.608,prenhe
E-OV-000532,OV-M-00229,OV-R-0010,ovino,Santa Ines,Dorper,1.6,2,2.8,0.28,0.65,IATF,11,0,2024-11-22,0.529,vazia
E-OV-000533,OV-M-00002,OV-R-0008,ovino,Santa Ines,Dorper,4.5,5,2.5,0.79,0.34,IA_cervical,12,0,2025-12-04,0.481,vazia
E-OV-000534,OV-M-00026,OV-R-0009,ovino,White Dorper,White Dorper,3.5,2,2.4,0.36,0.74,IATF,4,1,2024-04-25,0.597,prenhe
E-OV-000535,OV-M-00016,OV-R-0022,ovino,White Dorper,Somalis,9.5,1,3.6,0.16,0.59,IATF,4,1,2024-04-20,0.304,prenhe
E-OV-000536,OV-M-00124,OV-R-0013,ovino,Morada Nova,Santa Ines,2.7,1,3.3,0.66,0.72,IATF,5,1,2025-05-26,0.794,vazia
E-OV-000537,OV-M-00125,OV-R-0000,ovino,White Dorper,Santa Ines,6.4,2,3.3,0.53,0.64,IA_laparoscopica,1,0,2025-01-07,0.721,prenhe
E-OV-000538,OV-M-00217,OV-R-0028,ovino,Dorper,Santa Ines,2.2,3,3.7,0.24,0.86,IATF,11,0,2024-11-28,0.679,prenhe
E-OV-000539,OV-M-00202,OV-R-0003,ovino,Mestico,Santa Ines,7.6,3,2.9,0.52,0.81,IA_cervical,6,0,2024-06-30,0.528,vazia
E-OV-000540,OV-M-00004,OV-R-0027,ovino,Somalis,Dorper,1.1,5,2.8,0.75,0.71,IA_laparoscopica,5,1,2024-05-05,0.789,prenhe
E-OV-000541,OV-M-00142,OV-R-0004,ovino,Santa Ines,Mestico,8.2,4,3.2,0.44,0.42,IA_laparoscopica,6,0,2025-06-22,0.639,prenhe
E-OV-000542,OV-M-00235,OV-R-0016,ovino,Morada Nova,Santa Ines,5.9,5,3.5,0.34,0.61,IA_laparoscopica,9,0,2024-09-18,0.678,prenhe
E-OV-000543,OV-M-00269,OV-R-0009,ovino,Somalis,White Dorper,9.5,2,3.7,0.81,0.74,IATF,7,0,2025-07-21,0.512,vazia
E-OV-000544,OV-M-00087,OV-R-0020,ovino,Somalis,Dorper,7.6,4,3.2,0.83,0.57,IA_cervical,11,0,2024-11-19,0.647,prenhe
E-OV-000545,OV-M-00013,OV-R-0012,ovino,Santa Ines,Dorper,5.1,0,4.1,0.5,0.64,IA_cervical,10,0,2024-10-16,0.235,vazia
E-OV-000546,OV-M-00045,OV-R-0011,ovino,Santa Ines,Morada Nova,2.2,3,3.5,0.47,0.74,IA_cervical,6,0,2024-06-16,0.736,vazia
E-OV-000547,OV-M-00102,OV-R-0014,ovino,Dorper,White Dorper,4.0,3,3.3,0.36,0.52,IA_laparoscopica,4,1,2025-04-25,0.92,prenhe
E-OV-000548,OV-M-00132,OV-R-0029,ovino,Morada Nova,Santa Ines,9.9,0,2.9,0.52,0.66,IA_laparoscopica,7,0,2024-07-26,0.513,vazia
E-OV-000549,OV-M-00105,OV-R-0007,ovino,Dorper,Santa Ines,1.1,5,3.4,0.3,0.86,IATF,10,0,2025-10-25,0.759,prenhe
E-OV-000550,OV-M-00027,OV-R-0006,ovino,Santa Ines,Santa Ines,9.9,2,2.5,0.49,0.59,IATF,10,0,2024-10-25,0.377,vazia
E-OV-000551,OV-M-00102,OV-R-0001,ovino,Dorper,Santa Ines,4.0,3,3.3,0.36,0.86,IA_cervical,8,0,2025-08-17,0.807,prenhe
E-OV-000552,OV-M-00086,OV-R-0022,ovino,Dorper,Somalis,5.4,4,3.4,0.56,0.59,IA_cervical,12,0,2024-12-09,0.629,prenhe
E-OV-000553,OV-M-00146,OV-R-0020,ovino,Santa Ines,Dorper,2.4,5,3.3,0.18,0.57,IA_laparoscopica,10,0,2024-10-29,0.74,prenhe
E-OV-000554,OV-M-00023,OV-R-0018,ovino,White Dorper,Santa Ines,6.1,0,3.1,0.98,0.6,IATF,11,0,2024-11-26,0.646,vazia
E-OV-000555,OV-M-00237,OV-R-0000,ovino,Dorper,Santa Ines,1.1,4,3.4,0.43,0.64,IA_laparoscopica,11,0,2024-11-18,0.877,vazia
E-OV-000556,OV-M-00125,OV-R-0023,ovino,White Dorper,Mestico,6.4,2,3.3,0.53,0.92,IATF,12,0,2024-12-15,0.799,prenhe
E-OV-000557,OV-M-00095,OV-R-0024,ovino,Santa Ines,Santa Ines,3.0,3,3.4,0.54,0.66,IATF,10,0,2025-10-09,0.785,prenhe
E-OV-000558,OV-M-00271,OV-R-0028,ovino,Santa Ines,Santa Ines,4.7,1,3.0,0.38,0.86,IA_cervical,5,1,2025-05-28,0.753,prenhe
E-OV-000559,OV-M-00223,OV-R-0027,ovino,Santa Ines,Dorper,3.3,1,3.0,0.41,0.71,IA_laparoscopica,1,0,2024-01-26,0.897,prenhe
E-OV-000560,OV-M-00041,OV-R-0007,ovino,Somalis,Santa Ines,8.0,2,3.5,0.27,0.86,IA_cervical,2,1,2024-02-12,0.626,vazia
E-OV-000561,OV-M-00043,OV-R-0021,ovino,Santa Ines,Santa Ines,8.0,4,3.1,0.58,0.84,IA_cervical,1,0,2024-01-17,0.696,vazia
E-OV-000562,OV-M-00000,OV-R-0012,ovino,Somalis,Dorper,5.3,2,2.7,0.6,0.64,IA_cervical,5,1,2025-05-19,0.497,prenhe
E-OV-000563,OV-M-00168,OV-R-0017,ovino,Morada Nova,Santa Ines,2.9,5,2.9,0.42,0.55,IA_cervical,5,1,2024-05-30,0.472,vazia
E-OV-000564,OV-M-00106,OV-R-0009,ovino,Santa Ines,White Dorper,6.9,0,3.3,0.28,0.74,IA_cervical,10,0,2024-10-08,0.491,prenhe
E-OV-000565,OV-M-00112,OV-R-0019,ovino,Somalis,Santa Ines,8.7,5,2.1,0.34,0.87,IA_laparoscopica,8,0,2025-08-27,0.441,vazia
E-OV-000566,OV-M-00152,OV-R-0028,ovino,Santa Ines,Santa Ines,6.9,5,2.8,0.62,0.86,IA_cervical,4,1,2024-04-06,0.554,vazia
E-OV-000567,OV-M-00161,OV-R-0019,ovino,Santa Ines,Santa Ines,5.3,5,2.5,0.57,0.87,IA_cervical,4,1,2024-04-21,0.525,vazia
E-OV-000568,OV-M-00000,OV-R-0027,ovino,Somalis,Dorper,5.3,2,2.7,0.6,0.71,IA_cervical,2,1,2024-02-27,0.513,vazia
E-OV-000569,OV-M-00032,OV-R-0027,ovino,Dorper,Dorper,7.2,0,2.2,0.78,0.71,IA_cervical,7,0,2024-07-27,0.367,vazia
E-OV-000570,OV-M-00236,OV-R-0003,ovino,Mestico,Santa Ines,8.9,3,3.6,0.63,0.81,IATF,3,1,2024-03-06,0.65,prenhe
E-OV-000571,OV-M-00286,OV-R-0028,ovino,Morada Nova,Santa Ines,7.7,4,3.8,0.6,0.86,IA_cervical,4,1,2025-04-04,0.636,prenhe
E-OV-000572,OV-M-00251,OV-R-0024,ovino,Santa Ines,Santa Ines,1.4,5,2.9,0.4,0.66,IA_cervical,6,0,2025-06-21,0.525,vazia
E-OV-000573,OV-M-00271,OV-R-0012,ovino,Santa Ines,Dorper,4.7,1,3.0,0.38,0.64,IATF,5,1,2024-05-14,0.842,prenhe
E-OV-000574,OV-M-00139,OV-R-0018,ovino,Santa Ines,Santa Ines,7.1,0,3.9,0.7,0.6,IATF,1,0,2025-01-17,0.419,vazia
E-OV-000575,OV-M-00247,OV-R-0018,ovino,Morada Nova,Santa Ines,6.7,0,2.9,0.5,0.6,IA_laparoscopica,8,0,2024-08-09,0.465,prenhe
E-OV-000576,OV-M-00264,OV-R-0023,ovino,Santa Ines,Mestico,2.6,1,2.3,0.59,0.92,IATF,2,1,2024-02-28,0.585,prenhe
E-OV-000577,OV-M-00267,OV-R-0024,ovino,Santa Ines,Santa Ines,8.1,4,2.3,0.32,0.66,IA_cervical,12,0,2024-12-06,0.298,vazia
E-OV-000578,OV-M-00044,OV-R-0003,ovino,Santa Ines,Santa Ines,7.2,4,2.7,0.45,0.81,IATF,5,1,2025-05-24,0.659,prenhe
E-OV-000579,OV-M-00044,OV-R-0000,ovino,Santa Ines,Santa Ines,7.2,4,2.7,0.45,0.64,IA_cervical,6,0,2024-06-15,0.424,vazia
E-OV-000580,OV-M-00120,OV-R-0007,ovino,Santa Ines,Santa Ines,3.1,4,3.6,0.62,0.86,IA_cervical,7,0,2025-07-29,0.486,prenhe
E-OV-000581,OV-M-00151,OV-R-0015,ovino,Mestico,Dorper,6.5,2,3.5,0.69,0.43,IA_cervical,12,0,2025-12-25,0.584,prenhe
E-OV-000582,OV-M-00287,OV-R-0025,ovino,Santa Ines,Santa Ines,1.1,0,3.8,0.58,0.6,IATF,2,1,2024-02-11,0.623,prenhe
E-OV-000583,OV-M-00095,OV-R-0019,ovino,Santa Ines,Santa Ines,3.0,3,3.4,0.54,0.87,IA_cervical,4,1,2024-04-29,0.881,prenhe
E-OV-000584,OV-M-00249,OV-R-0004,ovino,Dorper,Mestico,5.5,5,2.7,0.32,0.42,IA_cervical,7,0,2024-07-30,0.261,vazia
E-OV-000585,OV-M-00266,OV-R-0021,ovino,Santa Ines,Santa Ines,9.1,4,3.7,0.26,0.84,IA_cervical,9,0,2025-09-12,0.479,prenhe
E-OV-000586,OV-M-00289,OV-R-0014,ovino,Santa Ines,White Dorper,5.0,2,4.0,0.26,0.52,IA_laparoscopica,4,1,2024-04-13,0.676,prenhe
E-OV-000587,OV-M-00056,OV-R-0011,ovino,Santa Ines,Morada Nova,3.9,2,2.5,0.57,0.74,IA_cervical,12,0,2024-12-09,0.664,vazia
E-OV-000588,OV-M-00072,OV-R-0023,ovino,Somalis,Mestico,1.3,5,3.0,0.52,0.92,IA_cervical,1,0,2025-01-27,0.689,prenhe
E-OV-000589,OV-M-00065,OV-R-0008,ovino,Morada Nova,Dorper,3.5,1,1.9,0.4,0.34,IA_cervical,4,1,2024-04-04,0.333,vazia
E-OV-000590,OV-M-00220,OV-R-0018,ovino,Santa Ines,Santa Ines,2.7,0,2.5,0.58,0.6,IATF,1,0,2024-01-31,0.488,prenhe
E-OV-000591,OV-M-00206,OV-R-0005,ovino,Santa Ines,Santa Ines,2.2,5,3.1,0.66,0.69,IA_cervical,3,1,2024-03-27,0.727,prenhe
E-OV-000592,OV-M-00122,OV-R-0011,ovino,White Dorper,Morada Nova,2.5,0,2.4,0.76,0.74,IATF,2,1,2024-02-11,0.583,prenhe
E-OV-000593,OV-M-00026,OV-R-0016,ovino,White Dorper,Santa Ines,3.5,2,2.4,0.36,0.61,IA_cervical,12,0,2024-12-31,0.472,vazia
E-OV-000594,OV-M-00156,OV-R-0018,ovino,Mestico,Santa Ines,8.7,0,4.4,0.39,0.6,IA_cervical,11,0,2025-11-14,0.24,vazia
E-OV-000595,OV-M-00219,OV-R-0027,ovino,Dorper,Dorper,5.9,1,2.9,0.38,0.71,IA_cervical,9,0,2024-09-15,0.406,vazia
E-OV-000596,OV-M-00142,OV-R-0008,ovino,Santa Ines,Dorper,8.2,4,3.2,0.44,0.34,IA_cervical,7,0,2024-07-06,0.369,vazia
E-OV-000597,OV-M-00080,OV-R-0026,ovino,Dorper,Morada Nova,1.2,4,2.4,0.3,0.72,IA_cervical,6,0,2024-06-20,0.371,prenhe
E-OV-000598,OV-M-00177,OV-R-0024,ovino,Morada Nova,Santa Ines,6.3,2,2.7,0.47,0.66,IA_cervical,12,0,2025-12-17,0.426,vazia
E-OV-000599,OV-M-00198,OV-R-0010,ovino,Mestico,Dorper,6.1,1,3.7,0.59,0.65,IATF,12,0,2025-12-01,0.436,prenhe
E-OV-000600,OV-M-00177,OV-R-0004,ovino,Morada Nova,Mestico,6.3,2,2.7,0.47,0.42,IA_cervical,4,1,2025-04-18,0.377,vazia
E-OV-000601,OV-M-00261,OV-R-0007,ovino,Somalis,Santa Ines,3.2,3,3.0,0.37,0.86,IA_cervical,12,0,2024-12-04,0.873,prenhe
E-OV-000602,OV-M-00094,OV-R-0019,ovino,Morada Nova,Santa Ines,4.3,1,2.6,0.54,0.87,IA_cervical,4,1,2024-04-26,0.681,prenhe
E-OV-000603,OV-M-00182,OV-R-0023,ovino,Santa Ines,Mestico,8.1,1,2.8,0.3,0.92,IA_cervical,11,0,2025-11-09,0.465,vazia
E-OV-000604,OV-M-00256,OV-R-0018,ovino,Santa Ines,Santa Ines,7.4,1,2.8,0.36,0.6,IA_cervical,1,0,2024-01-01,0.371,vazia
E-OV-000605,OV-M-00063,OV-R-0021,ovino,Mestico,Santa Ines,2.5,3,3.9,0.52,0.84,IA_cervical,4,1,2024-04-29,0.713,prenhe
E-OV-000606,OV-M-00084,OV-R-0003,ovino,Santa Ines,Santa Ines,1.4,1,2.6,0.41,0.81,IA_cervical,5,1,2025-05-10,0.756,prenhe
E-OV-000607,OV-M-00014,OV-R-0015,ovino,Santa Ines,Dorper,6.8,1,2.9,0.73,0.43,IA_cervical,5,1,2024-05-13,0.361,vazia
E-OV-000608,OV-M-00112,OV-R-0026,ovino,Somalis,Morada Nova,8.7,5,2.1,0.34,0.72,IATF,3,1,2024-03-20,0.336,vazia
E-OV-000609,OV-M-00013,OV-R-0011,ovino,Santa Ines,Morada Nova,5.1,0,4.1,0.5,0.74,IA_laparoscopica,3,1,2025-03-11,0.469,prenhe
E-OV-000610,OV-M-00223,OV-R-0026,ovino,Santa Ines,Morada Nova,3.3,1,3.0,0.41,0.72,IATF,1,0,2024-01-20,0.808,prenhe
E-OV-000611,OV-M-00026,OV-R-0003,ovino,White Dorper,Santa Ines,3.5,2,2.4,0.36,0.81,IA_cervical,7,0,2024-07-16,0.526,prenhe
E-OV-000612,OV-M-00207,OV-R-0029,ovino,Santa Ines,Santa Ines,2.3,2,3.1,0.6,0.66,IATF,4,1,2025-04-14,0.847,vazia
E-OV-000613,OV-M-00173,OV-R-0023,ovino,Mestico,Mestico,9.2,5,3.4,0.49,0.92,IA_cervical,5,1,2024-05-15,0.653,prenhe
E-OV-000614,OV-M-00296,OV-R-0018,ovino,Morada Nova,Santa Ines,3.5,5,3.1,0.34,0.6,IA_cervical,7,0,2025-07-08,0.657,prenhe
E-OV-000615,OV-M-00104,OV-R-0018,ovino,Santa Ines,Santa Ines,6.8,5,2.9,0.52,0.6,IATF,3,1,2024-03-10,0.472,vazia
E-OV-000616,OV-M-00103,OV-R-0028,ovino,Mestico,Santa Ines,8.1,1,2.2,0.21,0.86,IA_cervical,3,1,2025-03-23,0.447,vazia
E-OV-000617,OV-M-00072,OV-R-0011,ovino,Somalis,Morada Nova,1.3,5,3.0,0.52,0.74,IA_cervical,2,1,2024-02-25,0.757,vazia
E-OV-000618,OV-M-00161,OV-R-0004,ovino,Santa Ines,Mestico,5.3,5,2.5,0.57,0.42,IATF,6,0,2025-06-18,0.338,vazia
E-OV-000619,OV-M-00065,OV-R-0027,ovino,Morada Nova,Dorper,3.5,1,1.9,0.4,0.71,IA_laparoscopica,7,0,2025-07-03,0.599,prenhe
E-OV-000620,OV-M-00034,OV-R-0003,ovino,Santa Ines,Santa Ines,9.0,2,2.3,0.46,0.81,IA_cervical,8,0,2025-08-03,0.345,vazia
E-OV-000621,OV-M-00284,OV-R-0019,ovino,Somalis,Santa Ines,7.7,2,3.8,0.88,0.87,IA_cervical,7,0,2024-07-24,0.577,vazia
E-OV-000622,OV-M-00203,OV-R-0007,ovino,Santa Ines,Santa Ines,2.6,5,3.0,0.95,0.86,IA_cervical,6,0,2024-06-21,0.755,prenhe
E-OV-000623,OV-M-00035,OV-R-0027,ovino,Santa Ines,Dorper,1.6,1,3.6,0.54,0.71,IATF,12,0,2025-12-15,0.607,vazia
E-OV-000624,OV-M-00185,OV-R-0029,ovino,Morada Nova,Santa Ines,4.5,4,3.6,0.48,0.66,IA_cervical,6,0,2025-06-16,0.588,prenhe
E-OV-000625,OV-M-00091,OV-R-0014,ovino,Dorper,White Dorper,9.9,3,3.0,0.14,0.52,IA_cervical,5,1,2024-05-13,0.596,vazia
E-OV-000626,OV-M-00054,OV-R-0015,ovino,Morada Nova,Dorper,8.4,1,2.9,0.47,0.43,IA_cervical,1,0,2024-01-22,0.309,vazia
E-OV-000627,OV-M-00141,OV-R-0013,ovino,Dorper,Santa Ines,5.0,4,3.0,0.44,0.72,IATF,9,0,2024-09-15,0.78,prenhe
E-OV-000628,OV-M-00236,OV-R-0012,ovino,Mestico,Dorper,8.9,3,3.6,0.63,0.64,IATF,4,1,2025-04-30,0.65,prenhe
E-OV-000629,OV-M-00000,OV-R-0028,ovino,Somalis,Santa Ines,5.3,2,2.7,0.6,0.86,IA_cervical,9,0,2024-09-30,0.569,vazia
E-OV-000630,OV-M-00106,OV-R-0008,ovino,Santa Ines,Dorper,6.9,0,3.3,0.28,0.34,IATF,8,0,2025-08-12,0.441,vazia
E-OV-000631,OV-M-00276,OV-R-0028,ovino,Somalis,Santa Ines,5.5,0,3.1,0.49,0.86,IA_cervical,12,0,2024-12-31,0.645,vazia
E-OV-000632,OV-M-00118,OV-R-0019,ovino,Mestico,Santa Ines,8.5,0,3.9,0.22,0.87,IATF,12,0,2025-12-24,0.396,vazia
E-OV-000633,OV-M-00029,OV-R-0028,ovino,Morada Nova,Santa Ines,1.7,0,4.0,0.46,0.86,IA_cervical,9,0,2025-09-27,0.545,prenhe
E-OV-000634,OV-M-00128,OV-R-0018,ovino,Dorper,Santa Ines,7.0,4,2.6,0.54,0.6,IA_cervical,12,0,2024-12-10,0.447,prenhe
E-OV-000635,OV-M-00204,OV-R-0024,ovino,Santa Ines,Santa Ines,7.2,1,2.9,0.6,0.66,IA_cervical,9,0,2025-09-01,0.337,prenhe
E-OV-000636,OV-M-00298,OV-R-0014,ovino,Morada Nova,White Dorper,9.7,5,2.9,0.78,0.52,IATF,11,0,2024-11-23,0.338,vazia
E-OV-000637,OV-M-00188,OV-R-0013,ovino,Santa Ines,Santa Ines,7.6,3,3.7,0.42,0.72,IATF,1,0,2024-01-08,0.417,vazia
E-OV-000638,OV-M-00015,OV-R-0007,ovino,White Dorper,Santa Ines,3.9,0,3.1,0.44,0.86,IA_cervical,8,0,2024-08-12,0.687,prenhe
E-OV-000639,OV-M-00242,OV-R-0006,ovino,Santa Ines,Santa Ines,7.2,3,1.6,0.51,0.59,IA_cervical,10,0,2024-10-25,0.281,vazia
E-OV-000640,OV-M-00234,OV-R-0001,ovino,Dorper,Santa Ines,6.8,0,3.1,0.24,0.86,IA_cervical,12,0,2025-12-13,0.45,prenhe
E-OV-000641,OV-M-00195,OV-R-0011,ovino,Morada Nova,Morada Nova,1.6,2,3.6,0.7,0.74,IA_cervical,8,0,2025-08-27,0.633,vazia
E-OV-000642,OV-M-00268,OV-R-0029,ovino,Mestico,Santa Ines,4.1,0,3.4,0.29,0.66,IA_cervical,4,1,2024-04-17,0.657,prenhe
E-OV-000643,OV-M-00230,OV-R-0028,ovino,Santa Ines,Santa Ines,5.3,2,3.4,0.19,0.86,IA_cervical,1,0,2024-01-01,0.671,prenhe
E-OV-000644,OV-M-00069,OV-R-0020,ovino,Mestico,Dorper,5.3,3,2.8,0.55,0.57,IA_laparoscopica,1,0,2025-01-21,0.679,prenhe
E-OV-000645,OV-M-00126,OV-R-0010,ovino,Somalis,Dorper,1.9,0,2.6,0.36,0.65,IA_laparoscopica,1,0,2025-01-24,0.625,vazia
E-OV-000646,OV-M-00152,OV-R-0015,ovino,Santa Ines,Dorper,6.9,5,2.8,0.62,0.43,IATF,6,0,2025-06-20,0.291,vazia
E-OV-000647,OV-M-00146,OV-R-0022,ovino,Santa Ines,Somalis,2.4,5,3.3,0.18,0.59,IA_cervical,7,0,2024-07-08,0.584,prenhe
E-OV-000648,OV-M-00191,OV-R-0000,ovino,Dorper,Santa Ines,7.5,2,3.7,0.7,0.64,IA_cervical,8,0,2025-08-15,0.456,vazia
E-OV-000649,OV-M-00210,OV-R-0027,ovino,Morada Nova,Dorper,6.4,5,3.4,0.69,0.71,IA_cervical,10,0,2024-10-28,0.56,vazia
E-OV-000650,OV-M-00031,OV-R-0026,ovino,Santa Ines,Morada Nova,5.1,1,3.7,0.36,0.72,IA_cervical,9,0,2024-09-01,0.327,vazia
E-OV-000651,OV-M-00170,OV-R-0029,ovino,Santa Ines,Santa Ines,5.9,3,3.1,0.52,0.66,IA_laparoscopica,11,0,2024-11-02,0.755,prenhe
E-OV-000652,OV-M-00011,OV-R-0002,ovino,Morada Nova,Santa Ines,7.2,0,3.1,0.66,0.71,IATF,11,0,2025-11-20,0.587,prenhe
E-OV-000653,OV-M-00153,OV-R-0028,ovino,Dorper,Santa Ines,4.0,4,3.4,0.18,0.86,IA_cervical,10,0,2024-10-12,0.78,vazia
E-OV-000654,OV-M-00126,OV-R-0018,ovino,Somalis,Santa Ines,1.9,0,2.6,0.36,0.6,IA_cervical,2,1,2025-02-13,0.508,vazia
E-OV-000655,OV-M-00061,OV-R-0016,ovino,Morada Nova,Santa Ines,2.3,1,2.4,0.71,0.61,IATF,10,0,2025-10-13,0.567,prenhe
E-OV-000656,OV-M-00297,OV-R-0005,ovino,Santa Ines,Santa Ines,2.3,1,3.3,0.58,0.69,IA_cervical,1,0,2024-01-14,0.736,vazia
E-OV-000657,OV-M-00077,OV-R-0014,ovino,Morada Nova,White Dorper,8.1,0,2.5,0.68,0.52,IA_cervical,1,0,2025-01-26,0.325,vazia
E-OV-000658,OV-M-00016,OV-R-0010,ovino,White Dorper,Dorper,9.5,1,3.6,0.16,0.65,IA_laparoscopica,6,0,2025-06-01,0.467,vazia
E-OV-000659,OV-M-00107,OV-R-0029,ovino,Santa Ines,Santa Ines,2.5,0,2.1,0.66,0.66,IA_cervical,10,0,2025-10-21,0.334,vazia
E-OV-000660,OV-M-00227,OV-R-0010,ovino,White Dorper,Dorper,8.7,5,2.8,0.44,0.65,IA_cervical,2,1,2024-02-14,0.38,prenhe
E-OV-000661,OV-M-00002,OV-R-0006,ovino,Santa Ines,Santa Ines,4.5,5,2.5,0.79,0.59,IATF,6,0,2025-06-14,0.519,vazia
E-OV-000662,OV-M-00147,OV-R-0028,ovino,Dorper,Santa Ines,9.6,4,4.3,0.27,0.86,IATF,8,0,2025-08-08,0.28,prenhe
E-OV-000663,OV-M-00125,OV-R-0005,ovino,White Dorper,Santa Ines,6.4,2,3.3,0.53,0.69,IA_cervical,9,0,2024-09-13,0.562,vazia
E-OV-000664,OV-M-00259,OV-R-0027,ovino,Santa Ines,Dorper,4.5,1,2.7,0.69,0.71,IA_cervical,6,0,2025-06-28,0.642,vazia
E-OV-000665,OV-M-00000,OV-R-0028,ovino,Somalis,Santa Ines,5.3,2,2.7,0.6,0.86,IA_laparoscopica,12,0,2024-12-26,0.722,prenhe
E-OV-000666,OV-M-00005,OV-R-0009,ovino,Santa Ines,White Dorper,3.6,0,3.0,0.22,0.74,IA_laparoscopica,4,1,2025-04-25,0.841,prenhe
E-OV-000667,OV-M-00169,OV-R-0020,ovino,Somalis,Dorper,8.0,4,3.2,0.46,0.57,IA_cervical,10,0,2024-10-11,0.57,vazia
E-OV-000668,OV-M-00053,OV-R-0023,ovino,Santa Ines,Mestico,1.3,2,3.1,0.32,0.92,IA_cervical,5,1,2024-05-09,0.774,prenhe
E-OV-000669,OV-M-00211,OV-R-0016,ovino,Somalis,Santa Ines,8.3,0,2.9,0.6,0.61,IA_laparoscopica,8,0,2025-08-27,0.518,prenhe
E-OV-000670,OV-M-00083,OV-R-0020,ovino,Santa Ines,Dorper,5.8,0,3.1,0.23,0.57,IA_cervical,6,0,2024-06-07,0.468,vazia
E-OV-000671,OV-M-00168,OV-R-0003,ovino,Morada Nova,Santa Ines,2.9,5,2.9,0.42,0.81,IA_cervical,5,1,2024-05-16,0.592,prenhe
E-OV-000672,OV-M-00011,OV-R-0015,ovino,Morada Nova,Dorper,7.2,0,3.1,0.66,0.43,IA_cervical,10,0,2025-10-08,0.345,prenhe
E-OV-000673,OV-M-00208,OV-R-0015,ovino,Mestico,Dorper,6.4,1,4.1,0.57,0.43,IA_cervical,11,0,2025-11-14,0.175,vazia
E-OV-000674,OV-M-00155,OV-R-0016,ovino,Santa Ines,Santa Ines,9.0,5,3.2,0.44,0.61,IATF,3,1,2025-03-20,0.676,vazia
E-OV-000675,OV-M-00000,OV-R-0028,ovino,Somalis,Santa Ines,5.3,2,2.7,0.6,0.86,IA_cervical,2,1,2025-02-27,0.617,vazia
E-OV-000676,OV-M-00079,OV-R-0024,ovino,Santa Ines,Santa Ines,1.0,1,3.5,0.36,0.66,IA_cervical,9,0,2024-09-20,0.575,prenhe
E-OV-000677,OV-M-00017,OV-R-0018,ovino,Dorper,Santa Ines,9.8,4,2.6,0.29,0.6,IATF,3,1,2025-03-22,0.606,prenhe
E-OV-000678,OV-M-00013,OV-R-0012,ovino,Santa Ines,Dorper,5.1,0,4.1,0.5,0.64,IA_cervical,3,1,2025-03-20,0.233,vazia
E-OV-000679,OV-M-00209,OV-R-0012,ovino,Santa Ines,Dorper,8.0,0,3.0,0.73,0.64,IA_cervical,1,0,2025-01-12,0.52,prenhe
E-OV-000680,OV-M-00128,OV-R-0000,ovino,Dorper,Santa Ines,7.0,4,2.6,0.54,0.64,IA_cervical,4,1,2025-04-23,0.452,vazia
E-OV-000681,OV-M-00240,OV-R-0016,ovino,Morada Nova,Santa Ines,3.7,2,2.8,0.35,0.61,IA_laparoscopica,2,1,2025-02-08,0.712,vazia
E-OV-000682,OV-M-00077,OV-R-0007,ovino,Morada Nova,Santa Ines,8.1,0,2.5,0.68,0.86,IA_laparoscopica,10,0,2025-10-03,0.597,vazia
E-OV-000683,OV-M-00215,OV-R-0026,ovino,Morada Nova,Morada Nova,4.5,2,2.6,0.49,0.72,IATF,5,1,2025-05-02,0.738,prenhe
E-OV-000684,OV-M-00184,OV-R-0023,ovino,Santa Ines,Mestico,9.1,0,3.5,0.45,0.92,IA_cervical,10,0,2024-10-08,0.653,vazia
E-OV-000685,OV-M-00198,OV-R-0027,ovino,Mestico,Dorper,6.1,1,3.7,0.59,0.71,IA_cervical,4,1,2025-04-23,0.473,vazia
E-OV-000686,OV-M-00248,OV-R-0029,ovino,Santa Ines,Santa Ines,1.2,2,3.4,0.7,0.66,IA_cervical,6,0,2024-06-16,0.713,prenhe
E-OV-000687,OV-M-00212,OV-R-0012,ovino,Morada Nova,Dorper,6.3,1,2.9,0.41,0.64,IATF,6,0,2024-06-05,0.422,vazia
E-OV-000688,OV-M-00223,OV-R-0012,ovino,Santa Ines,Dorper,3.3,1,3.0,0.41,0.64,IA_cervical,8,0,2025-08-26,0.673,prenhe
E-OV-000689,OV-M-00221,OV-R-0018,ovino,Somalis,Santa Ines,8.9,0,3.1,1.0,0.6,IA_laparoscopica,3,1,2025-03-01,0.842,vazia
E-OV-000690,OV-M-00134,OV-R-0012,ovino,Santa Ines,Dorper,1.7,0,2.4,0.29,0.64,IA_laparoscopica,2,1,2024-02-09,0.578,vazia
E-OV-000691,OV-M-00217,OV-R-0008,ovino,Dorper,Dorper,2.2,3,3.7,0.24,0.34,IA_cervical,9,0,2024-09-15,0.368,prenhe
E-OV-000692,OV-M-00252,OV-R-0021,ovino,Santa Ines,Santa Ines,6.4,3,3.2,0.55,0.84,IA_cervical,12,0,2025-12-19,0.681,prenhe
E-OV-000693,OV-M-00221,OV-R-0013,ovino,Somalis,Santa Ines,8.9,0,3.1,1.0,0.72,IA_cervical,4,1,2025-04-10,0.689,prenhe
E-OV-000694,OV-M-00182,OV-R-0028,ovino,Santa Ines,Santa Ines,8.1,1,2.8,0.3,0.86,IA_cervical,9,0,2025-09-26,0.468,prenhe
E-OV-000695,OV-M-00022,OV-R-0006,ovino,Santa Ines,Santa Ines,5.4,5,3.8,0.88,0.59,IATF,2,1,2025-02-03,0.633,vazia
E-OV-000696,OV-M-00130,OV-R-0013,ovino,Morada Nova,Santa Ines,4.8,4,4.6,0.56,0.72,IA_cervical,2,1,2024-02-01,0.579,prenhe
E-OV-000697,OV-M-00018,OV-R-0015,ovino,Santa Ines,Dorper,2.1,5,3.6,0.55,0.43,IATF,5,1,2024-05-11,0.522,vazia
E-OV-000698,OV-M-00031,OV-R-0027,ovino,Santa Ines,Dorper,5.1,1,3.7,0.36,0.71,IA_cervical,3,1,2024-03-08,0.459,prenhe
E-OV-000699,OV-M-00108,OV-R-0017,ovino,Santa Ines,Santa Ines,7.5,0,3.3,0.19,0.55,IA_cervical,6,0,2025-06-20,0.355,vazia
E-OV-000700,OV-M-00139,OV-R-0002,ovino,Santa Ines,Santa Ines,7.1,0,3.9,0.7,0.71,IATF,7,0,2025-07-06,0.472,vazia
E-OV-000701,OV-M-00158,OV-R-0010,ovino,White Dorper,Dorper,7.7,1,3.8,0.46,0.65,IATF,11,0,2024-11-29,0.434,vazia
E-OV-000702,OV-M-00270,OV-R-0026,ovino,Santa Ines,Morada Nova,3.2,3,3.5,0.66,0.72,IA_cervical,6,0,2025-06-12,0.759,vazia
E-OV-000703,OV-M-00228,OV-R-0008,ovino,Santa Ines,Dorper,6.4,3,3.3,0.68,0.34,IA_laparoscopica,2,1,2025-02-06,0.807,vazia
E-OV-000704,OV-M-00126,OV-R-0010,ovino,Somalis,Dorper,1.9,0,2.6,0.36,0.65,IATF,6,0,2025-06-24,0.473,vazia
E-OV-000705,OV-M-00100,OV-R-0004,ovino,Dorper,Mestico,3.5,5,4.0,0.77,0.42,IATF,5,1,2025-05-06,0.513,vazia
E-OV-000706,OV-M-00213,OV-R-0021,ovino,Somalis,Santa Ines,8.2,0,2.3,0.63,0.84,IA_laparoscopica,11,0,2024-11-28,0.52,prenhe
E-OV-000707,OV-M-00082,OV-R-0004,ovino,White Dorper,Mestico,1.5,0,3.7,0.71,0.42,IA_cervical,4,1,2025-04-21,0.492,prenhe
E-OV-000708,OV-M-00265,OV-R-0011,ovino,Morada Nova,Morada Nova,2.7,3,3.5,0.53,0.74,IA_cervical,8,0,2024-08-20,0.81,prenhe
E-OV-000709,OV-M-00234,OV-R-0021,ovino,Dorper,Santa Ines,6.8,0,3.1,0.24,0.84,IA_laparoscopica,6,0,2025-06-30,0.736,vazia
E-OV-000710,OV-M-00204,OV-R-0026,ovino,Santa Ines,Morada Nova,7.2,1,2.9,0.6,0.72,IA_cervical,10,0,2025-10-28,0.413,vazia
E-OV-000711,OV-M-00074,OV-R-0006,ovino,Somalis,Santa Ines,4.2,5,3.8,1.0,0.59,IA_cervical,5,1,2024-05-30,0.602,vazia
E-OV-000712,OV-M-00186,OV-R-0009,ovino,Santa Ines,White Dorper,4.6,5,3.8,0.44,0.74,IA_cervical,5,1,2025-05-01,0.574,vazia
E-OV-000713,OV-M-00246,OV-R-0003,ovino,Santa Ines,Santa Ines,9.4,1,2.2,0.48,0.81,IA_cervical,3,1,2024-03-21,0.428,prenhe
E-OV-000714,OV-M-00021,OV-R-0013,ovino,Somalis,Santa Ines,2.7,4,3.6,0.27,0.72,IA_cervical,10,0,2024-10-02,0.556,vazia
E-OV-000715,OV-M-00053,OV-R-0029,ovino,Santa Ines,Santa Ines,1.3,2,3.1,0.32,0.66,IA_cervical,5,1,2025-05-03,0.783,prenhe
E-OV-000716,OV-M-00154,OV-R-0009,ovino,Somalis,White Dorper,8.4,0,3.5,0.58,0.74,IA_cervical,7,0,2024-07-21,0.537,prenhe
E-OV-000717,OV-M-00107,OV-R-0007,ovino,Santa Ines,Santa Ines,2.5,0,2.1,0.66,0.86,IA_cervical,6,0,2024-06-21,0.516,vazia
E-OV-000718,OV-M-00212,OV-R-0011,ovino,Morada Nova,Morada Nova,6.3,1,2.9,0.41,0.74,IATF,10,0,2024-10-07,0.404,prenhe
E-OV-000719,OV-M-00120,OV-R-0026,ovino,Santa Ines,Morada Nova,3.1,4,3.6,0.62,0.72,IA_laparoscopica,3,1,2024-03-24,0.95,prenhe
E-OV-000720,OV-M-00298,OV-R-0016,ovino,Morada Nova,Santa Ines,9.7,5,2.9,0.78,0.61,IA_cervical,4,1,2025-04-01,0.498,vazia
E-OV-000721,OV-M-00089,OV-R-0018,ovino,Santa Ines,Santa Ines,5.6,3,4.1,1.0,0.6,IA_cervical,4,1,2024-04-05,0.424,vazia
E-OV-000722,OV-M-00108,OV-R-0023,ovino,Santa Ines,Mestico,7.5,0,3.3,0.19,0.92,IA_cervical,8,0,2024-08-31,0.545,prenhe
E-OV-000723,OV-M-00001,OV-R-0021,ovino,Dorper,Santa Ines,3.3,5,3.3,0.54,0.84,IA_laparoscopica,8,0,2024-08-16,0.943,prenhe
E-OV-000724,OV-M-00074,OV-R-0017,ovino,Somalis,Santa Ines,4.2,5,3.8,1.0,0.55,IA_laparoscopica,12,0,2025-12-07,0.693,prenhe
E-OV-000725,OV-M-00070,OV-R-0016,ovino,Dorper,Santa Ines,4.8,2,4.1,0.45,0.61,IA_laparoscopica,12,0,2025-12-25,0.529,prenhe
E-OV-000726,OV-M-00228,OV-R-0015,ovino,Santa Ines,Dorper,6.4,3,3.3,0.68,0.43,IA_laparoscopica,2,1,2024-02-27,0.746,prenhe
E-OV-000727,OV-M-00101,OV-R-0005,ovino,Santa Ines,Santa Ines,5.8,4,3.2,0.51,0.69,IA_cervical,4,1,2024-04-24,0.715,prenhe
E-OV-000728,OV-M-00061,OV-R-0012,ovino,Morada Nova,Dorper,2.3,1,2.4,0.71,0.64,IA_cervical,6,0,2025-06-18,0.35,vazia
E-OV-000729,OV-M-00094,OV-R-0025,ovino,Morada Nova,Santa Ines,4.3,1,2.6,0.54,0.6,IA_cervical,8,0,2024-08-05,0.416,vazia
E-OV-000730,OV-M-00168,OV-R-0001,ovino,Morada Nova,Santa Ines,2.9,5,2.9,0.42,0.86,IA_cervical,4,1,2025-04-15,0.645,vazia
E-OV-000731,OV-M-00235,OV-R-0024,ovino,Morada Nova,Santa Ines,5.9,5,3.5,0.34,0.66,IA_cervical,11,0,2025-11-03,0.471,prenhe
E-OV-000732,OV-M-00293,OV-R-0016,ovino,Santa Ines,Santa Ines,4.4,2,3.8,0.4,0.61,IA_laparoscopica,4,1,2024-04-28,0.739,prenhe
E-OV-000733,OV-M-00014,OV-R-0010,ovino,Santa Ines,Dorper,6.8,1,2.9,0.73,0.65,IA_cervical,12,0,2025-12-04,0.391,prenhe
E-OV-000734,OV-M-00252,OV-R-0003,ovino,Santa Ines,Santa Ines,6.4,3,3.2,0.55,0.81,IA_laparoscopica,2,1,2024-02-08,0.85,prenhe
E-OV-000735,OV-M-00116,OV-R-0022,ovino,Santa Ines,Somalis,4.7,4,1.8,0.59,0.59,IA_cervical,6,0,2024-06-16,0.468,prenhe
E-OV-000736,OV-M-00242,OV-R-0000,ovino,Santa Ines,Santa Ines,7.2,3,1.6,0.51,0.64,IA_cervical,1,0,2025-01-05,0.278,vazia
E-OV-000737,OV-M-00011,OV-R-0016,ovino,Morada Nova,Santa Ines,7.2,0,3.1,0.66,0.61,IA_laparoscopica,10,0,2025-10-04,0.659,prenhe
E-OV-000738,OV-M-00187,OV-R-0004,ovino,Mestico,Mestico,6.8,0,3.4,1.0,0.42,IA_cervical,2,1,2025-02-08,0.595,prenhe
E-OV-000739,OV-M-00279,OV-R-0027,ovino,Santa Ines,Dorper,4.9,4,3.4,0.81,0.71,IA_cervical,4,1,2024-04-11,0.873,prenhe
E-OV-000740,OV-M-00011,OV-R-0005,ovino,Morada Nova,Santa Ines,7.2,0,3.1,0.66,0.69,IA_cervical,6,0,2024-06-30,0.503,vazia
E-OV-000741,OV-M-00237,OV-R-0024,ovino,Dorper,Santa Ines,1.1,4,3.4,0.43,0.66,IA_laparoscopica,7,0,2025-07-09,0.791,prenhe
E-OV-000742,OV-M-00034,OV-R-0017,ovino,Santa Ines,Santa Ines,9.0,2,2.3,0.46,0.55,IA_cervical,2,1,2025-02-13,0.37,vazia
E-OV-000743,OV-M-00294,OV-R-0001,ovino,White Dorper,Santa Ines,4.2,5,3.7,0.22,0.86,IATF,1,0,2024-01-10,0.552,prenhe
E-OV-000744,OV-M-00223,OV-R-0021,ovino,Santa Ines,Santa Ines,3.3,1,3.0,0.41,0.84,IATF,1,0,2025-01-01,0.752,prenhe
E-OV-000745,OV-M-00273,OV-R-0026,ovino,Santa Ines,Morada Nova,5.0,1,3.2,0.38,0.72,IATF,10,0,2024-10-23,0.672,vazia
E-OV-000746,OV-M-00269,OV-R-0006,ovino,Somalis,Santa Ines,9.5,2,3.7,0.81,0.59,IA_cervical,1,0,2024-01-01,0.459,prenhe
E-OV-000747,OV-M-00094,OV-R-0029,ovino,Morada Nova,Santa Ines,4.3,1,2.6,0.54,0.66,IA_laparoscopica,6,0,2024-06-29,0.716,vazia
E-OV-000748,OV-M-00124,OV-R-0023,ovino,Morada Nova,Mestico,2.7,1,3.3,0.66,0.92,IA_cervical,11,0,2025-11-13,0.815,prenhe
E-OV-000749,OV-M-00207,OV-R-0022,ovino,Santa Ines,Somalis,2.3,2,3.1,0.6,0.59,IATF,5,1,2025-05-28,0.928,prenhe
E-OV-000750,OV-M-00052,OV-R-0010,ovino,Morada Nova,Dorper,3.3,5,3.0,0.39,0.65,IA_cervical,2,1,2024-02-21,0.733,prenhe
E-OV-000751,OV-M-00091,OV-R-0003,ovino,Dorper,Santa Ines,9.9,3,3.0,0.14,0.81,IA_cervical,1,0,2024-01-12,0.577,vazia
E-OV-000752,OV-M-00029,OV-R-0012,ovino,Morada Nova,Dorper,1.7,0,4.0,0.46,0.64,IA_cervical,9,0,2024-09-09,0.475,vazia
E-OV-000753,OV-M-00266,OV-R-0024,ovino,Santa Ines,Santa Ines,9.1,4,3.7,0.26,0.66,IATF,12,0,2024-12-05,0.428,vazia
E-OV-000754,OV-M-00074,OV-R-0017,ovino,Somalis,Santa Ines,4.2,5,3.8,1.0,0.55,IATF,11,0,2024-11-27,0.582,prenhe
E-OV-000755,OV-M-00123,OV-R-0019,ovino,Somalis,Santa Ines,4.5,5,3.9,0.37,0.87,IA_cervical,5,1,2025-05-23,0.677,prenhe
E-OV-000756,OV-M-00135,OV-R-0023,ovino,Santa Ines,Mestico,1.9,2,4.0,0.56,0.92,IA_cervical,5,1,2024-05-06,0.705,prenhe
E-OV-000757,OV-M-00112,OV-R-0010,ovino,Somalis,Dorper,8.7,5,2.1,0.34,0.65,IATF,2,1,2024-02-04,0.339,vazia
E-OV-000758,OV-M-00233,OV-R-0001,ovino,Somalis,Santa Ines,4.6,3,3.3,0.85,0.86,IATF,5,1,2025-05-06,0.95,prenhe
E-OV-000759,OV-M-00274,OV-R-0026,ovino,Santa Ines,Morada Nova,3.1,4,3.3,0.37,0.72,IATF,10,0,2025-10-17,0.787,vazia
E-OV-000760,OV-M-00171,OV-R-0018,ovino,Morada Nova,Santa Ines,1.2,1,3.6,0.4,0.6,IA_cervical,5,1,2024-05-02,0.522,prenhe
E-OV-000761,OV-M-00251,OV-R-0016,ovino,Santa Ines,Santa Ines,1.4,5,2.9,0.4,0.61,IA_laparoscopica,9,0,2024-09-20,0.529,prenhe
E-OV-000762,OV-M-00033,OV-R-0017,ovino,Santa Ines,Santa Ines,6.4,3,3.0,0.0,0.55,IATF,4,1,2025-04-02,0.466,vazia
E-OV-000763,OV-M-00289,OV-R-0025,ovino,Santa Ines,Santa Ines,5.0,2,4.0,0.26,0.6,IA_cervical,4,1,2024-04-30,0.666,prenhe
E-OV-000764,OV-M-00034,OV-R-0023,ovino,Santa Ines,Mestico,9.0,2,2.3,0.46,0.92,IA_cervical,9,0,2025-09-19,0.435,vazia
E-OV-000765,OV-M-00019,OV-R-0020,ovino,Morada Nova,Dorper,4.1,4,3.5,0.18,0.57,IA_cervical,6,0,2024-06-13,0.595,prenhe
E-OV-000766,OV-M-00006,OV-R-0023,ovino,Morada Nova,Mestico,9.9,3,3.2,0.46,0.92,IA_cervical,1,0,2025-01-23,0.707,prenhe
E-OV-000767,OV-M-00073,OV-R-0008,ovino,White Dorper,Dorper,1.3,2,3.0,0.81,0.34,IATF,9,0,2024-09-04,0.661,prenhe
E-OV-000768,OV-M-00251,OV-R-0021,ovino,Santa Ines,Santa Ines,1.4,5,2.9,0.4,0.84,IA_cervical,5,1,2025-05-02,0.589,prenhe
E-OV-000769,OV-M-00090,OV-R-0029,ovino,Morada Nova,Santa Ines,9.3,4,3.7,0.24,0.66,IA_cervical,5,1,2024-05-24,0.405,vazia
E-OV-000770,OV-M-00237,OV-R-0007,ovino,Dorper,Santa Ines,1.1,4,3.4,0.43,0.86,IA_cervical,3,1,2024-03-12,0.799,prenhe
E-OV-000771,OV-M-00127,OV-R-0017,ovino,Somalis,Santa Ines,3.4,5,3.3,0.63,0.55,IATF,1,0,2025-01-07,0.571,prenhe
E-OV-000772,OV-M-00031,OV-R-0020,ovino,Santa Ines,Dorper,5.1,1,3.7,0.36,0.57,IATF,9,0,2025-09-23,0.28,prenhe
E-OV-000773,OV-M-00141,OV-R-0015,ovino,Dorper,Dorper,5.0,4,3.0,0.44,0.43,IA_cervical,4,1,2025-04-07,0.751,prenhe
E-OV-000774,OV-M-00069,OV-R-0029,ovino,Mestico,Santa Ines,5.3,3,2.8,0.55,0.66,IA_laparoscopica,7,0,2025-07-05,0.565,prenhe
E-OV-000775,OV-M-00087,OV-R-0012,ovino,Somalis,Dorper,7.6,4,3.2,0.83,0.64,IA_cervical,11,0,2024-11-12,0.679,vazia
E-OV-000776,OV-M-00155,OV-R-0006,ovino,Santa Ines,Santa Ines,9.0,5,3.2,0.44,0.59,IATF,4,1,2024-04-12,0.652,prenhe
E-OV-000777,OV-M-00237,OV-R-0004,ovino,Dorper,Mestico,1.1,4,3.4,0.43,0.42,IA_laparoscopica,11,0,2024-11-07,0.795,prenhe
E-OV-000778,OV-M-00176,OV-R-0025,ovino,Morada Nova,Santa Ines,9.9,2,3.0,0.63,0.6,IA_cervical,12,0,2025-12-21,0.581,prenhe
E-OV-000779,OV-M-00066,OV-R-0020,ovino,Santa Ines,Dorper,5.9,4,3.2,0.67,0.57,IATF,7,0,2025-07-24,0.649,prenhe
E-OV-000780,OV-M-00215,OV-R-0017,ovino,Morada Nova,Santa Ines,4.5,2,2.6,0.49,0.55,IA_cervical,5,1,2025-05-28,0.567,prenhe
E-OV-000781,OV-M-00208,OV-R-0012,ovino,Mestico,Dorper,6.4,1,4.1,0.57,0.64,IA_laparoscopica,8,0,2024-08-07,0.52,vazia
E-OV-000782,OV-M-00071,OV-R-0012,ovino,Santa Ines,Dorper,2.2,5,2.1,0.5,0.64,IA_cervical,3,1,2025-03-13,0.54,vazia
E-OV-000783,OV-M-00255,OV-R-0028,ovino,Morada Nova,Santa Ines,8.1,2,3.2,0.38,0.86,IA_laparoscopica,3,1,2025-03-30,0.95,prenhe
E-OV-000784,OV-M-00252,OV-R-0020,ovino,Santa Ines,Dorper,6.4,3,3.2,0.55,0.57,IA_cervical,4,1,2025-04-22,0.54,prenhe
E-OV-000785,OV-M-00181,OV-R-0028,ovino,White Dorper,Santa Ines,8.8,3,4.2,0.49,0.86,IA_cervical,10,0,2025-10-13,0.38,prenhe
E-OV-000786,OV-M-00088,OV-R-0024,ovino,Mestico,Santa Ines,7.8,1,2.4,0.27,0.66,IA_cervical,5,1,2025-05-12,0.308,vazia
E-OV-000787,OV-M-00106,OV-R-0023,ovino,Santa Ines,Mestico,6.9,0,3.3,0.28,0.92,IATF,6,0,2024-06-10,0.627,prenhe
E-OV-000788,OV-M-00131,OV-R-0016,ovino,Santa Ines,Santa Ines,8.2,5,3.4,0.52,0.61,IA_cervical,6,0,2024-06-10,0.412,vazia
E-OV-000789,OV-M-00056,OV-R-0007,ovino,Santa Ines,Santa Ines,3.9,2,2.5,0.57,0.86,IA_laparoscopica,3,1,2025-03-28,0.821,vazia
E-OV-000790,OV-M-00091,OV-R-0019,ovino,Dorper,Santa Ines,9.9,3,3.0,0.14,0.87,IA_cervical,9,0,2025-09-24,0.671,prenhe
E-OV-000791,OV-M-00040,OV-R-0021,ovino,Morada Nova,Santa Ines,7.6,4,3.1,0.97,0.84,IATF,11,0,2025-11-23,0.782,vazia
E-OV-000792,OV-M-00046,OV-R-0015,ovino,Morada Nova,Dorper,6.5,3,3.5,0.54,0.43,IA_cervical,3,1,2025-03-21,0.516,vazia
E-OV-000793,OV-M-00223,OV-R-0000,ovino,Santa Ines,Santa Ines,3.3,1,3.0,0.41,0.64,IA_cervical,1,0,2025-01-21,0.593,prenhe
E-OV-000794,OV-M-00038,OV-R-0028,ovino,Santa Ines,Santa Ines,2.6,4,3.5,0.79,0.86,IATF,8,0,2025-08-18,0.932,prenhe
E-OV-000795,OV-M-00140,OV-R-0024,ovino,Santa Ines,Santa Ines,2.6,4,3.1,0.59,0.66,IA_cervical,12,0,2025-12-14,0.701,prenhe
E-OV-000796,OV-M-00128,OV-R-0010,ovino,Dorper,Dorper,7.0,4,2.6,0.54,0.65,IA_cervical,1,0,2024-01-21,0.44,prenhe
E-OV-000797,OV-M-00013,OV-R-0014,ovino,Santa Ines,White Dorper,5.1,0,4.1,0.5,0.52,IATF,8,0,2024-08-14,0.169,vazia
E-OV-000798,OV-M-00249,OV-R-0003,ovino,Dorper,Santa Ines,5.5,5,2.7,0.32,0.81,IA_cervical,8,0,2024-08-31,0.281,vazia
E-OV-000799,OV-M-00295,OV-R-0028,ovino,Morada Nova,Santa Ines,6.5,0,2.7,0.68,0.86,IA_cervical,2,1,2025-02-15,0.591,prenhe
E-OV-000800,OV-M-00191,OV-R-0006,ovino,Dorper,Santa Ines,7.5,2,3.7,0.7,0.59,IA_cervical,8,0,2024-08-03,0.456,vazia
E-OV-000801,OV-M-00201,OV-R-0011,ovino,Santa Ines,Morada Nova,6.8,1,2.7,0.41,0.74,IATF,8,0,2024-08-15,0.421,vazia
E-OV-000802,OV-M-00069,OV-R-0012,ovino,Mestico,Dorper,5.3,3,2.8,0.55,0.64,IATF,1,0,2024-01-18,0.45,vazia
E-OV-000803,OV-M-00253,OV-R-0007,ovino,Santa Ines,Santa Ines,8.0,5,3.5,0.32,0.86,IA_laparoscopica,1,0,2024-01-03,0.811,vazia
E-OV-000804,OV-M-00235,OV-R-0019,ovino,Morada Nova,Santa Ines,5.9,5,3.5,0.34,0.87,IA_laparoscopica,11,0,2024-11-24,0.776,prenhe
E-OV-000805,OV-M-00131,OV-R-0029,ovino,Santa Ines,Santa Ines,8.2,5,3.4,0.52,0.66,IA_cervical,12,0,2025-12-29,0.575,vazia
E-OV-000806,OV-M-00211,OV-R-0025,ovino,Somalis,Santa Ines,8.3,0,2.9,0.6,0.6,IA_cervical,8,0,2024-08-03,0.291,prenhe
E-OV-000807,OV-M-00286,OV-R-0015,ovino,Morada Nova,Dorper,7.7,4,3.8,0.6,0.43,IA_cervical,6,0,2024-06-24,0.355,prenhe
E-OV-000808,OV-M-00180,OV-R-0003,ovino,Morada Nova,Santa Ines,3.8,1,3.0,0.46,0.81,IA_cervical,7,0,2024-07-12,0.746,prenhe
E-OV-000809,OV-M-00059,OV-R-0025,ovino,Santa Ines,Santa Ines,8.1,2,4.0,0.64,0.6,IA_cervical,12,0,2025-12-11,0.4,prenhe
E-OV-000810,OV-M-00099,OV-R-0007,ovino,Dorper,Santa Ines,7.9,3,2.6,0.49,0.86,IA_laparoscopica,4,1,2025-04-29,0.757,prenhe
E-OV-000811,OV-M-00055,OV-R-0027,ovino,Somalis,Dorper,5.6,4,3.6,0.64,0.71,IA_cervical,4,1,2025-04-21,0.523,prenhe
E-OV-000812,OV-M-00099,OV-R-0011,ovino,Dorper,Morada Nova,7.9,3,2.6,0.49,0.74,IA_cervical,5,1,2024-05-18,0.554,vazia
E-OV-000813,OV-M-00267,OV-R-0015,ovino,Santa Ines,Dorper,8.1,4,2.3,0.32,0.43,IA_cervical,10,0,2025-10-21,0.13,vazia
E-OV-000814,OV-M-00056,OV-R-0013,ovino,Santa Ines,Santa Ines,3.9,2,2.5,0.57,0.72,IA_cervical,5,1,2024-05-23,0.701,prenhe
E-OV-000815,OV-M-00267,OV-R-0013,ovino,Santa Ines,Santa Ines,8.1,4,2.3,0.32,0.72,IA_cervical,12,0,2025-12-07,0.328,vazia
E-OV-000816,OV-M-00085,OV-R-0004,ovino,Santa Ines,Mestico,8.2,5,3.1,0.66,0.42,IA_cervical,11,0,2025-11-26,0.44,prenhe
E-OV-000817,OV-M-00149,OV-R-0016,ovino,Dorper,Santa Ines,7.5,0,3.8,0.98,0.61,IA_cervical,2,1,2025-02-18,0.502,vazia
E-OV-000818,OV-M-00158,OV-R-0012,ovino,White Dorper,Dorper,7.7,1,3.8,0.46,0.64,IA_cervical,9,0,2025-09-25,0.34,prenhe
E-OV-000819,OV-M-00037,OV-R-0025,ovino,Santa Ines,Santa Ines,9.9,5,2.6,0.72,0.6,IATF,12,0,2025-12-30,0.38,vazia
E-OV-000820,OV-M-00055,OV-R-0014,ovino,Somalis,White Dorper,5.6,4,3.6,0.64,0.52,IATF,2,1,2025-02-27,0.553,prenhe
E-OV-000821,OV-M-00091,OV-R-0028,ovino,Dorper,Santa Ines,9.9,3,3.0,0.14,0.86,IATF,7,0,2025-07-14,0.681,prenhe
E-OV-000822,OV-M-00017,OV-R-0008,ovino,Dorper,Dorper,9.8,4,2.6,0.29,0.34,IA_laparoscopica,3,1,2025-03-07,0.489,vazia
E-OV-000823,OV-M-00226,OV-R-0009,ovino,Santa Ines,White Dorper,4.5,2,3.4,0.73,0.74,IATF,1,0,2025-01-17,0.822,prenhe
E-OV-000824,OV-M-00163,OV-R-0001,ovino,Morada Nova,Santa Ines,2.2,3,2.7,0.47,0.86,IA_cervical,9,0,2024-09-01,0.619,vazia
E-OV-000825,OV-M-00253,OV-R-0022,ovino,Santa Ines,Somalis,8.0,5,3.5,0.32,0.59,IA_laparoscopica,4,1,2025-04-23,0.682,prenhe
E-OV-000826,OV-M-00258,OV-R-0002,ovino,Santa Ines,Santa Ines,3.2,1,3.5,0.35,0.71,IA_cervical,7,0,2024-07-14,0.74,prenhe
E-OV-000827,OV-M-00104,OV-R-0008,ovino,Santa Ines,Dorper,6.8,5,2.9,0.52,0.34,IA_cervical,5,1,2024-05-21,0.316,vazia
E-OV-000828,OV-M-00245,OV-R-0027,ovino,Morada Nova,Dorper,7.5,5,3.4,0.38,0.71,IA_cervical,7,0,2024-07-20,0.511,prenhe
E-OV-000829,OV-M-00018,OV-R-0018,ovino,Santa Ines,Santa Ines,2.1,5,3.6,0.55,0.6,IA_cervical,1,0,2024-01-09,0.413,prenhe
E-OV-000830,OV-M-00128,OV-R-0016,ovino,Dorper,Santa Ines,7.0,4,2.6,0.54,0.61,IATF,11,0,2025-11-12,0.499,prenhe
E-OV-000831,OV-M-00199,OV-R-0024,ovino,Somalis,Santa Ines,4.5,2,2.9,0.73,0.66,IA_cervical,7,0,2024-07-06,0.569,vazia
E-OV-000832,OV-M-00139,OV-R-0023,ovino,Santa Ines,Mestico,7.1,0,3.9,0.7,0.92,IA_laparoscopica,8,0,2025-08-06,0.615,vazia
E-OV-000833,OV-M-00221,OV-R-0026,ovino,Somalis,Morada Nova,8.9,0,3.1,1.0,0.72,IATF,11,0,2024-11-13,0.707,prenhe
E-OV-000834,OV-M-00257,OV-R-0019,ovino,White Dorper,Santa Ines,7.8,4,3.0,0.47,0.87,IA_cervical,9,0,2024-09-04,0.691,prenhe
E-OV-000835,OV-M-00127,OV-R-0013,ovino,Somalis,Santa Ines,3.4,5,3.3,0.63,0.72,IA_cervical,6,0,2024-06-15,0.569,vazia
E-OV-000836,OV-M-00082,OV-R-0003,ovino,White Dorper,Santa Ines,1.5,0,3.7,0.71,0.81,IA_cervical,8,0,2025-08-22,0.548,prenhe
E-OV-000837,OV-M-00174,OV-R-0011,ovino,White Dorper,Morada Nova,8.9,3,2.8,0.43,0.74,IA_cervical,1,0,2025-01-10,0.448,prenhe
E-OV-000838,OV-M-00260,OV-R-0021,ovino,Dorper,Santa Ines,2.1,2,3.1,0.39,0.84,IATF,11,0,2024-11-24,0.807,prenhe
E-OV-000839,OV-M-00296,OV-R-0007,ovino,Morada Nova,Santa Ines,3.5,5,3.1,0.34,0.86,IA_laparoscopica,4,1,2025-04-25,0.95,prenhe
E-OV-000840,OV-M-00244,OV-R-0020,ovino,Santa Ines,Dorper,5.4,1,2.8,0.64,0.57,IA_laparoscopica,8,0,2025-08-08,0.456,vazia
E-OV-000841,OV-M-00073,OV-R-0004,ovino,White Dorper,Mestico,1.3,2,3.0,0.81,0.42,IA_cervical,4,1,2025-04-23,0.628,prenhe
E-OV-000842,OV-M-00061,OV-R-0001,ovino,Morada Nova,Santa Ines,2.3,1,2.4,0.71,0.86,IA_laparoscopica,12,0,2024-12-07,0.657,prenhe
E-OV-000843,OV-M-00171,OV-R-0010,ovino,Morada Nova,Dorper,1.2,1,3.6,0.4,0.65,IA_laparoscopica,10,0,2025-10-14,0.674,vazia
E-OV-000844,OV-M-00120,OV-R-0006,ovino,Santa Ines,Santa Ines,3.1,4,3.6,0.62,0.59,IA_cervical,10,0,2025-10-15,0.389,vazia
E-OV-000845,OV-M-00183,OV-R-0026,ovino,Morada Nova,Morada Nova,8.0,4,3.1,0.63,0.72,IA_cervical,12,0,2025-12-06,0.602,vazia
E-OV-000846,OV-M-00276,OV-R-0011,ovino,Somalis,Morada Nova,5.5,0,3.1,0.49,0.74,IA_cervical,3,1,2024-03-07,0.508,prenhe
E-OV-000847,OV-M-00164,OV-R-0012,ovino,Santa Ines,Dorper,4.7,0,2.9,0.61,0.64,IA_cervical,10,0,2025-10-12,0.456,vazia
E-OV-000848,OV-M-00106,OV-R-0012,ovino,Santa Ines,Dorper,6.9,0,3.3,0.28,0.64,IATF,5,1,2024-05-21,0.67,vazia
E-OV-000849,OV-M-00260,OV-R-0009,ovino,Dorper,White Dorper,2.1,2,3.1,0.39,0.74,IA_laparoscopica,3,1,2025-03-28,0.95,prenhe
E-OV-000850,OV-M-00131,OV-R-0027,ovino,Santa Ines,Dorper,8.2,5,3.4,0.52,0.71,IA_cervical,4,1,2025-04-25,0.613,vazia
E-OV-000851,OV-M-00181,OV-R-0022,ovino,White Dorper,Somalis,8.8,3,4.2,0.49,0.59,IATF,5,1,2024-05-30,0.466,vazia
E-OV-000852,OV-M-00040,OV-R-0004,ovino,Morada Nova,Mestico,7.6,4,3.1,0.97,0.42,IA_cervical,1,0,2024-01-06,0.593,vazia
E-OV-000853,OV-M-00152,OV-R-0006,ovino,Santa Ines,Santa Ines,6.9,5,2.8,0.62,0.59,IA_cervical,11,0,2025-11-19,0.329,vazia
E-OV-000854,OV-M-00127,OV-R-0002,ovino,Somalis,Santa Ines,3.4,5,3.3,0.63,0.71,IATF,10,0,2025-10-12,0.786,prenhe
E-OV-000855,OV-M-00036,OV-R-0007,ovino,Morada Nova,Santa Ines,4.1,1,2.4,0.42,0.86,IATF,5,1,2024-05-07,0.622,prenhe
E-OV-000856,OV-M-00063,OV-R-0019,ovino,Mestico,Santa Ines,2.5,3,3.9,0.52,0.87,IA_laparoscopica,3,1,2025-03-14,0.916,vazia
E-OV-000857,OV-M-00210,OV-R-0028,ovino,Morada Nova,Santa Ines,6.4,5,3.4,0.69,0.86,IA_cervical,4,1,2024-04-20,0.705,vazia
E-OV-000858,OV-M-00054,OV-R-0014,ovino,Morada Nova,White Dorper,8.4,1,2.9,0.47,0.52,IATF,2,1,2025-02-17,0.425,prenhe
E-OV-000859,OV-M-00039,OV-R-0002,ovino,Morada Nova,Santa Ines,2.1,2,3.7,0.27,0.71,IATF,8,0,2024-08-19,0.624,prenhe
E-OV-000860,OV-M-00017,OV-R-0001,ovino,Dorper,Santa Ines,9.8,4,2.6,0.29,0.86,IA_laparoscopica,7,0,2025-07-02,0.625,prenhe
E-OV-000861,OV-M-00007,OV-R-0012,ovino,Somalis,Dorper,1.5,2,2.7,0.76,0.64,IA_cervical,2,1,2025-02-22,0.74,vazia
E-OV-000862,OV-M-00130,OV-R-0007,ovino,Morada Nova,Santa Ines,4.8,4,4.6,0.56,0.86,IA_cervical,12,0,2024-12-29,0.494,prenhe
E-OV-000863,OV-M-00146,OV-R-0017,ovino,Santa Ines,Santa Ines,2.4,5,3.3,0.18,0.55,IATF,5,1,2025-05-12,0.738,prenhe
E-OV-000864,OV-M-00187,OV-R-0003,ovino,Mestico,Santa Ines,6.8,0,3.4,1.0,0.81,IATF,12,0,2024-12-13,0.728,prenhe
E-OV-000865,OV-M-00171,OV-R-0006,ovino,Morada Nova,Santa Ines,1.2,1,3.6,0.4,0.59,IA_cervical,1,0,2024-01-10,0.408,prenhe
E-OV-000866,OV-M-00161,OV-R-0016,ovino,Santa Ines,Santa Ines,5.3,5,2.5,0.57,0.61,IA_cervical,3,1,2025-03-11,0.443,vazia
E-OV-000867,OV-M-00299,OV-R-0008,ovino,Santa Ines,Dorper,8.3,0,4.4,0.42,0.34,IA_laparoscopica,7,0,2025-07-21,0.227,vazia
E-OV-000868,OV-M-00074,OV-R-0010,ovino,Somalis,Dorper,4.2,5,3.8,1.0,0.65,IA_cervical,12,0,2024-12-23,0.572,prenhe
E-OV-000869,OV-M-00213,OV-R-0006,ovino,Somalis,Santa Ines,8.2,0,2.3,0.63,0.59,IA_cervical,5,1,2024-05-07,0.278,prenhe
E-OV-000870,OV-M-00023,OV-R-0001,ovino,White Dorper,Santa Ines,6.1,0,3.1,0.98,0.86,IA_cervical,1,0,2024-01-06,0.663,vazia
E-OV-000871,OV-M-00254,OV-R-0010,ovino,Morada Nova,Dorper,1.3,2,3.7,0.29,0.65,IA_cervical,8,0,2024-08-04,0.555,vazia
E-OV-000872,OV-M-00108,OV-R-0009,ovino,Santa Ines,White Dorper,7.5,0,3.3,0.19,0.74,IATF,7,0,2025-07-14,0.54,prenhe
E-OV-000873,OV-M-00103,OV-R-0026,ovino,Mestico,Morada Nova,8.1,1,2.2,0.21,0.72,IA_cervical,8,0,2024-08-23,0.184,vazia
E-OV-000874,OV-M-00040,OV-R-0026,ovino,Morada Nova,Morada Nova,7.6,4,3.1,0.97,0.72,IA_cervical,11,0,2025-11-28,0.659,vazia
E-OV-000875,OV-M-00152,OV-R-0012,ovino,Santa Ines,Dorper,6.9,5,2.8,0.62,0.64,IATF,8,0,2024-08-30,0.424,vazia
E-OV-000876,OV-M-00119,OV-R-0008,ovino,Santa Ines,Dorper,2.2,2,3.2,0.33,0.34,IA_laparoscopica,11,0,2024-11-08,0.759,prenhe
E-OV-000877,OV-M-00292,OV-R-0012,ovino,White Dorper,Dorper,9.7,3,3.0,0.27,0.64,IA_cervical,7,0,2025-07-09,0.506,prenhe
E-OV-000878,OV-M-00053,OV-R-0018,ovino,Santa Ines,Santa Ines,1.3,2,3.1,0.32,0.6,IA_cervical,3,1,2025-03-24,0.824,vazia
E-OV-000879,OV-M-00125,OV-R-0011,ovino,White Dorper,Morada Nova,6.4,2,3.3,0.53,0.74,IATF,1,0,2024-01-30,0.723,prenhe
E-OV-000880,OV-M-00270,OV-R-0022,ovino,Santa Ines,Somalis,3.2,3,3.5,0.66,0.59,IA_cervical,2,1,2024-02-25,0.777,prenhe
E-OV-000881,OV-M-00242,OV-R-0028,ovino,Santa Ines,Santa Ines,7.2,3,1.6,0.51,0.86,IA_cervical,5,1,2024-05-23,0.45,vazia
E-OV-000882,OV-M-00229,OV-R-0012,ovino,Santa Ines,Dorper,1.6,2,2.8,0.28,0.64,IA_cervical,9,0,2025-09-28,0.491,vazia
E-OV-000883,OV-M-00157,OV-R-0003,ovino,Santa Ines,Santa Ines,4.0,1,3.9,0.58,0.81,IA_cervical,1,0,2024-01-17,0.563,vazia
E-OV-000884,OV-M-00261,OV-R-0003,ovino,Somalis,Santa Ines,3.2,3,3.0,0.37,0.81,IA_laparoscopica,2,1,2024-02-22,0.95,prenhe
E-OV-000885,OV-M-00067,OV-R-0026,ovino,Morada Nova,Morada Nova,2.9,5,3.8,0.17,0.72,IA_cervical,7,0,2025-07-22,0.481,prenhe
E-OV-000886,OV-M-00242,OV-R-0012,ovino,Santa Ines,Dorper,7.2,3,1.6,0.51,0.64,IA_cervical,3,1,2025-03-30,0.4,vazia
E-OV-000887,OV-M-00174,OV-R-0009,ovino,White Dorper,White Dorper,8.9,3,2.8,0.43,0.74,IA_cervical,12,0,2025-12-19,0.476,prenhe
E-OV-000888,OV-M-00104,OV-R-0018,ovino,Santa Ines,Santa Ines,6.8,5,2.9,0.52,0.6,IA_cervical,6,0,2024-06-09,0.365,vazia
E-OV-000889,OV-M-00065,OV-R-0028,ovino,Morada Nova,Santa Ines,3.5,1,1.9,0.4,0.86,IA_cervical,4,1,2025-04-26,0.547,prenhe
E-OV-000890,OV-M-00156,OV-R-0012,ovino,Mestico,Dorper,8.7,0,4.4,0.39,0.64,IATF,4,1,2024-04-08,0.344,vazia
E-OV-000891,OV-M-00000,OV-R-0009,ovino,Somalis,White Dorper,5.3,2,2.7,0.6,0.74,IA_cervical,3,1,2025-03-06,0.586,vazia
E-OV-000892,OV-M-00214,OV-R-0025,ovino,Somalis,Santa Ines,9.8,4,2.4,0.54,0.6,IA_cervical,3,1,2024-03-18,0.412,prenhe
E-OV-000893,OV-M-00070,OV-R-0002,ovino,Dorper,Santa Ines,4.8,2,4.1,0.45,0.71,IA_cervical,10,0,2025-10-24,0.425,vazia
E-OV-000894,OV-M-00116,OV-R-0025,ovino,Santa Ines,Santa Ines,4.7,4,1.8,0.59,0.6,IA_laparoscopica,10,0,2024-10-30,0.594,prenhe
E-OV-000895,OV-M-00057,OV-R-0015,ovino,Santa Ines,Dorper,1.1,3,2.7,0.94,0.43,IA_cervical,7,0,2024-07-05,0.536,prenhe
E-OV-000896,OV-M-00139,OV-R-0000,ovino,Santa Ines,Santa Ines,7.1,0,3.9,0.7,0.64,IATF,12,0,2025-12-19,0.371,prenhe
E-OV-000897,OV-M-00111,OV-R-0006,ovino,Santa Ines,Santa Ines,7.2,5,2.9,0.54,0.59,IA_laparoscopica,2,1,2024-02-18,0.51,prenhe
E-OV-000898,OV-M-00056,OV-R-0020,ovino,Santa Ines,Dorper,3.9,2,2.5,0.57,0.57,IA_cervical,8,0,2025-08-06,0.566,prenhe
E-OV-000899,OV-M-00266,OV-R-0022,ovino,Santa Ines,Somalis,9.1,4,3.7,0.26,0.59,IA_laparoscopica,1,0,2025-01-07,0.545,prenhe
E-OV-000900,OV-M-00227,OV-R-0005,ovino,White Dorper,Santa Ines,8.7,5,2.8,0.44,0.69,IA_cervical,5,1,2025-05-16,0.357,vazia
E-OV-000901,OV-M-00116,OV-R-0019,ovino,Santa Ines,Santa Ines,4.7,4,1.8,0.59,0.87,IATF,7,0,2024-07-09,0.594,prenhe
E-OV-000902,OV-M-00017,OV-R-0029,ovino,Dorper,Santa Ines,9.8,4,2.6,0.29,0.66,IATF,10,0,2025-10-05,0.423,prenhe
E-OV-000903,OV-M-00253,OV-R-0020,ovino,Santa Ines,Dorper,8.0,5,3.5,0.32,0.57,IA_cervical,11,0,2024-11-25,0.451,prenhe
E-OV-000904,OV-M-00209,OV-R-0021,ovino,Santa Ines,Santa Ines,8.0,0,3.0,0.73,0.84,IA_laparoscopica,11,0,2024-11-01,0.738,prenhe
E-OV-000905,OV-M-00166,OV-R-0005,ovino,Dorper,Santa Ines,3.5,3,3.8,0.58,0.69,IA_cervical,11,0,2024-11-29,0.514,prenhe
E-OV-000906,OV-M-00181,OV-R-0019,ovino,White Dorper,Santa Ines,8.8,3,4.2,0.49,0.87,IA_cervical,8,0,2024-08-04,0.432,prenhe
E-OV-000907,OV-M-00002,OV-R-0021,ovino,Santa Ines,Santa Ines,4.5,5,2.5,0.79,0.84,IATF,8,0,2024-08-20,0.577,vazia
E-OV-000908,OV-M-00142,OV-R-0003,ovino,Santa Ines,Santa Ines,8.2,4,3.2,0.44,0.81,IATF,4,1,2024-04-12,0.76,prenhe
E-OV-000909,OV-M-00056,OV-R-0009,ovino,Santa Ines,White Dorper,3.9,2,2.5,0.57,0.74,IA_cervical,12,0,2024-12-21,0.584,vazia
E-OV-000910,OV-M-00195,OV-R-0026,ovino,Morada Nova,Morada Nova,1.6,2,3.6,0.7,0.72,IA_laparoscopica,12,0,2024-12-12,0.792,prenhe
E-OV-000911,OV-M-00279,OV-R-0029,ovino,Santa Ines,Santa Ines,4.9,4,3.4,0.81,0.66,IA_laparoscopica,10,0,2024-10-04,0.95,prenhe
E-OV-000912,OV-M-00159,OV-R-0005,ovino,Morada Nova,Santa Ines,6.0,5,3.6,0.72,0.69,IA_cervical,12,0,2025-12-20,0.48,prenhe
E-OV-000913,OV-M-00181,OV-R-0021,ovino,White Dorper,Santa Ines,8.8,3,4.2,0.49,0.84,IA_laparoscopica,3,1,2024-03-23,0.574,prenhe
E-OV-000914,OV-M-00200,OV-R-0015,ovino,Santa Ines,Dorper,1.7,0,3.0,0.63,0.43,IA_laparoscopica,10,0,2025-10-26,0.782,prenhe
E-OV-000915,OV-M-00278,OV-R-0017,ovino,Santa Ines,Santa Ines,4.7,1,3.4,0.8,0.55,IATF,9,0,2025-09-24,0.614,prenhe
E-OV-000916,OV-M-00011,OV-R-0015,ovino,Morada Nova,Dorper,7.2,0,3.1,0.66,0.43,IATF,1,0,2024-01-17,0.554,prenhe
E-OV-000917,OV-M-00093,OV-R-0026,ovino,Mestico,Morada Nova,2.1,3,3.4,0.32,0.72,IA_cervical,5,1,2025-05-26,0.69,vazia
E-OV-000918,OV-M-00080,OV-R-0013,ovino,Dorper,Santa Ines,1.2,4,2.4,0.3,0.72,IA_cervical,6,0,2024-06-01,0.56,prenhe
E-OV-000919,OV-M-00214,OV-R-0017,ovino,Somalis,Santa Ines,9.8,4,2.4,0.54,0.55,IA_cervical,1,0,2024-01-31,0.269,prenhe
E-OV-000920,OV-M-00134,OV-R-0020,ovino,Santa Ines,Dorper,1.7,0,2.4,0.29,0.57,IA_cervical,9,0,2025-09-20,0.341,vazia
E-OV-000921,OV-M-00231,OV-R-0016,ovino,White Dorper,Santa Ines,1.8,0,3.5,0.5,0.61,IA_cervical,3,1,2024-03-25,0.738,prenhe
E-OV-000922,OV-M-00141,OV-R-0026,ovino,Dorper,Morada Nova,5.0,4,3.0,0.44,0.72,IATF,8,0,2024-08-06,0.764,prenhe
E-OV-000923,OV-M-00292,OV-R-0007,ovino,White Dorper,Santa Ines,9.7,3,3.0,0.27,0.86,IA_cervical,3,1,2024-03-11,0.69,prenhe
E-OV-000924,OV-M-00230,OV-R-0028,ovino,Santa Ines,Santa Ines,5.3,2,3.4,0.19,0.86,IA_laparoscopica,4,1,2024-04-13,0.83,prenhe
E-OV-000925,OV-M-00005,OV-R-0020,ovino,Santa Ines,Dorper,3.6,0,3.0,0.22,0.57,IA_cervical,2,1,2024-02-15,0.651,vazia
E-OV-000926,OV-M-00296,OV-R-0028,ovino,Morada Nova,Santa Ines,3.5,5,3.1,0.34,0.86,IA_cervical,9,0,2025-09-06,0.671,vazia
E-OV-000927,OV-M-00285,OV-R-0011,ovino,Mestico,Morada Nova,4.7,4,2.8,0.63,0.74,IATF,2,1,2024-02-13,0.701,prenhe
E-OV-000928,OV-M-00013,OV-R-0014,ovino,Santa Ines,White Dorper,5.1,0,4.1,0.5,0.52,IA_laparoscopica,7,0,2025-07-08,0.375,prenhe
E-OV-000929,OV-M-00117,OV-R-0001,ovino,Santa Ines,Santa Ines,8.1,2,3.0,0.21,0.86,IA_cervical,4,1,2024-04-24,0.651,prenhe
E-OV-000930,OV-M-00291,OV-R-0027,ovino,Santa Ines,Dorper,7.7,2,2.8,0.51,0.71,IATF,10,0,2025-10-29,0.48,vazia
E-OV-000931,OV-M-00251,OV-R-0024,ovino,Santa Ines,Santa Ines,1.4,5,2.9,0.4,0.66,IA_cervical,9,0,2025-09-10,0.459,prenhe
E-OV-000932,OV-M-00140,OV-R-0008,ovino,Santa Ines,Dorper,2.6,4,3.1,0.59,0.34,IA_cervical,4,1,2025-04-04,0.662,prenhe
E-OV-000933,OV-M-00163,OV-R-0001,ovino,Morada Nova,Santa Ines,2.2,3,2.7,0.47,0.86,IA_cervical,8,0,2025-08-27,0.603,vazia
E-OV-000934,OV-M-00008,OV-R-0020,ovino,Santa Ines,Dorper,3.9,1,4.0,0.86,0.57,IA_laparoscopica,8,0,2024-08-05,0.797,vazia
E-OV-000935,OV-M-00169,OV-R-0020,ovino,Somalis,Dorper,8.0,4,3.2,0.46,0.57,IA_cervical,7,0,2025-07-25,0.54,vazia
E-OV-000936,OV-M-00199,OV-R-0015,ovino,Somalis,Dorper,4.5,2,2.9,0.73,0.43,IATF,6,0,2024-06-10,0.54,vazia
E-OV-000937,OV-M-00107,OV-R-0004,ovino,Santa Ines,Mestico,2.5,0,2.1,0.66,0.42,IA_cervical,3,1,2025-03-24,0.361,vazia
E-OV-000938,OV-M-00092,OV-R-0027,ovino,Santa Ines,Dorper,4.2,5,3.1,0.54,0.71,IA_cervical,11,0,2025-11-02,0.695,vazia
E-OV-000939,OV-M-00248,OV-R-0012,ovino,Santa Ines,Dorper,1.2,2,3.4,0.7,0.64,IATF,6,0,2025-06-12,0.754,vazia
E-OV-000940,OV-M-00134,OV-R-0021,ovino,Santa Ines,Santa Ines,1.7,0,2.4,0.29,0.84,IA_cervical,7,0,2024-07-15,0.405,prenhe
E-OV-000941,OV-M-00079,OV-R-0025,ovino,Santa Ines,Santa Ines,1.0,1,3.5,0.36,0.6,IA_cervical,6,0,2025-06-23,0.635,prenhe
E-OV-000942,OV-M-00112,OV-R-0016,ovino,Somalis,Santa Ines,8.7,5,2.1,0.34,0.61,IA_cervical,10,0,2025-10-06,0.103,vazia
E-OV-000943,OV-M-00147,OV-R-0002,ovino,Dorper,Santa Ines,9.6,4,4.3,0.27,0.71,IA_cervical,10,0,2025-10-11,0.388,vazia
E-OV-000944,OV-M-00077,OV-R-0026,ovino,Morada Nova,Morada Nova,8.1,0,2.5,0.68,0.72,IA_cervical,6,0,2025-06-23,0.457,vazia
E-OV-000945,OV-M-00168,OV-R-0020,ovino,Morada Nova,Dorper,2.9,5,2.9,0.42,0.57,IA_cervical,6,0,2025-06-18,0.382,vazia
E-OV-000946,OV-M-00258,OV-R-0026,ovino,Santa Ines,Morada Nova,3.2,1,3.5,0.35,0.72,IA_cervical,7,0,2025-07-26,0.612,prenhe
E-OV-000947,OV-M-00222,OV-R-0018,ovino,Somalis,Santa Ines,9.6,2,3.7,0.36,0.6,IA_cervical,6,0,2025-06-21,0.383,vazia
E-OV-000948,OV-M-00069,OV-R-0027,ovino,Mestico,Dorper,5.3,3,2.8,0.55,0.71,IA_cervical,4,1,2024-04-07,0.463,prenhe
E-OV-000949,OV-M-00141,OV-R-0026,ovino,Dorper,Morada Nova,5.0,4,3.0,0.44,0.72,IA_cervical,8,0,2025-08-09,0.804,prenhe
E-OV-000950,OV-M-00163,OV-R-0006,ovino,Morada Nova,Santa Ines,2.2,3,2.7,0.47,0.59,IA_cervical,5,1,2024-05-11,0.577,vazia
E-OV-000951,OV-M-00204,OV-R-0005,ovino,Santa Ines,Santa Ines,7.2,1,2.9,0.6,0.69,IA_laparoscopica,2,1,2025-02-10,0.747,vazia
E-OV-000952,OV-M-00226,OV-R-0004,ovino,Santa Ines,Mestico,4.5,2,3.4,0.73,0.42,IA_laparoscopica,9,0,2024-09-04,0.813,vazia
E-OV-000953,OV-M-00145,OV-R-0023,ovino,Santa Ines,Mestico,6.4,3,3.4,0.71,0.92,IA_cervical,6,0,2024-06-04,0.734,prenhe
E-OV-000954,OV-M-00094,OV-R-0007,ovino,Morada Nova,Santa Ines,4.3,1,2.6,0.54,0.86,IA_cervical,7,0,2024-07-24,0.655,prenhe
E-OV-000955,OV-M-00197,OV-R-0013,ovino,Santa Ines,Santa Ines,1.8,5,3.4,0.5,0.72,IA_cervical,3,1,2024-03-02,0.732,prenhe
E-OV-000956,OV-M-00037,OV-R-0023,ovino,Santa Ines,Mestico,9.9,5,2.6,0.72,0.92,IA_cervical,11,0,2024-11-16,0.506,prenhe
E-OV-000957,OV-M-00202,OV-R-0012,ovino,Mestico,Dorper,7.6,3,2.9,0.52,0.64,IA_cervical,11,0,2024-11-01,0.475,vazia
E-OV-000958,OV-M-00268,OV-R-0001,ovino,Mestico,Santa Ines,4.1,0,3.4,0.29,0.86,IA_laparoscopica,10,0,2024-10-21,0.814,prenhe
E-OV-000959,OV-M-00212,OV-R-0010,ovino,Morada Nova,Dorper,6.3,1,2.9,0.41,0.65,IA_laparoscopica,3,1,2024-03-07,0.549,prenhe
E-OV-000960,OV-M-00130,OV-R-0002,ovino,Morada Nova,Santa Ines,4.8,4,4.6,0.56,0.71,IA_cervical,3,1,2025-03-18,0.493,prenhe
E-OV-000961,OV-M-00246,OV-R-0011,ovino,Santa Ines,Morada Nova,9.4,1,2.2,0.48,0.74,IATF,5,1,2024-05-03,0.461,vazia
E-OV-000962,OV-M-00159,OV-R-0022,ovino,Morada Nova,Somalis,6.0,5,3.6,0.72,0.59,IA_cervical,9,0,2025-09-16,0.379,vazia
E-OV-000963,OV-M-00162,OV-R-0015,ovino,White Dorper,Dorper,6.4,1,3.9,0.37,0.43,IATF,1,0,2024-01-18,0.359,prenhe
E-OV-000964,OV-M-00255,OV-R-0020,ovino,Morada Nova,Dorper,8.1,2,3.2,0.38,0.57,IATF,2,1,2024-02-10,0.65,prenhe
E-OV-000965,OV-M-00057,OV-R-0003,ovino,Santa Ines,Santa Ines,1.1,3,2.7,0.94,0.81,IA_cervical,8,0,2024-08-07,0.63,vazia
E-OV-000966,OV-M-00233,OV-R-0022,ovino,Somalis,Somalis,4.6,3,3.3,0.85,0.59,IA_cervical,10,0,2024-10-24,0.648,prenhe
E-OV-000967,OV-M-00203,OV-R-0012,ovino,Santa Ines,Dorper,2.6,5,3.0,0.95,0.64,IA_cervical,12,0,2025-12-09,0.869,prenhe
E-OV-000968,OV-M-00158,OV-R-0008,ovino,White Dorper,Dorper,7.7,1,3.8,0.46,0.34,IATF,1,0,2025-01-18,0.314,prenhe
E-OV-000969,OV-M-00023,OV-R-0019,ovino,White Dorper,Santa Ines,6.1,0,3.1,0.98,0.87,IA_cervical,10,0,2024-10-03,0.681,vazia
E-OV-000970,OV-M-00229,OV-R-0004,ovino,Santa Ines,Mestico,1.6,2,2.8,0.28,0.42,IATF,9,0,2025-09-03,0.478,vazia
E-OV-000971,OV-M-00065,OV-R-0014,ovino,Morada Nova,White Dorper,3.5,1,1.9,0.4,0.52,IA_cervical,6,0,2024-06-24,0.256,prenhe
E-OV-000972,OV-M-00268,OV-R-0012,ovino,Mestico,Dorper,4.1,0,3.4,0.29,0.64,IA_cervical,10,0,2025-10-16,0.534,prenhe
E-OV-000973,OV-M-00237,OV-R-0004,ovino,Dorper,Mestico,1.1,4,3.4,0.43,0.42,IA_laparoscopica,10,0,2024-10-21,0.881,prenhe
E-OV-000974,OV-M-00109,OV-R-0028,ovino,White Dorper,Santa Ines,6.1,2,3.4,0.83,0.86,IA_cervical,8,0,2024-08-16,0.773,prenhe
E-OV-000975,OV-M-00130,OV-R-0010,ovino,Morada Nova,Dorper,4.8,4,4.6,0.56,0.65,IA_cervical,8,0,2024-08-07,0.424,prenhe
E-OV-000976,OV-M-00007,OV-R-0001,ovino,Somalis,Santa Ines,1.5,2,2.7,0.76,0.86,IATF,1,0,2024-01-08,0.675,prenhe
E-OV-000977,OV-M-00149,OV-R-0013,ovino,Dorper,Santa Ines,7.5,0,3.8,0.98,0.72,IA_cervical,5,1,2025-05-06,0.498,prenhe
E-OV-000978,OV-M-00017,OV-R-0028,ovino,Dorper,Santa Ines,9.8,4,2.6,0.29,0.86,IATF,2,1,2025-02-25,0.576,prenhe
E-OV-000979,OV-M-00296,OV-R-0020,ovino,Morada Nova,Dorper,3.5,5,3.1,0.34,0.57,IATF,4,1,2025-04-08,0.808,prenhe
E-OV-000980,OV-M-00192,OV-R-0019,ovino,Somalis,Santa Ines,9.6,3,4.0,0.82,0.87,IA_cervical,4,1,2025-04-20,0.643,prenhe
E-OV-000981,OV-M-00070,OV-R-0027,ovino,Dorper,Dorper,4.8,2,4.1,0.45,0.71,IA_cervical,1,0,2024-01-20,0.405,vazia
E-OV-000982,OV-M-00241,OV-R-0002,ovino,Santa Ines,Santa Ines,8.9,5,2.5,0.51,0.71,IA_cervical,10,0,2025-10-02,0.363,prenhe
E-OV-000983,OV-M-00005,OV-R-0016,ovino,Santa Ines,Santa Ines,3.6,0,3.0,0.22,0.61,IA_laparoscopica,1,0,2025-01-08,0.741,vazia
E-OV-000984,OV-M-00164,OV-R-0009,ovino,Santa Ines,White Dorper,4.7,0,2.9,0.61,0.74,IATF,5,1,2025-05-19,0.574,vazia
E-OV-000985,OV-M-00033,OV-R-0020,ovino,Santa Ines,Dorper,6.4,3,3.0,0.0,0.57,IATF,1,0,2024-01-27,0.528,vazia
E-OV-000986,OV-M-00016,OV-R-0025,ovino,White Dorper,Santa Ines,9.5,1,3.6,0.16,0.6,IATF,7,0,2025-07-09,0.392,prenhe
E-OV-000987,OV-M-00073,OV-R-0002,ovino,White Dorper,Santa Ines,1.3,2,3.0,0.81,0.71,IA_cervical,5,1,2025-05-09,0.893,prenhe
E-OV-000988,OV-M-00088,OV-R-0004,ovino,Mestico,Mestico,7.8,1,2.4,0.27,0.42,IA_cervical,9,0,2024-09-25,0.092,vazia
E-OV-000989,OV-M-00217,OV-R-0028,ovino,Dorper,Santa Ines,2.2,3,3.7,0.24,0.86,IA_cervical,11,0,2025-11-14,0.556,prenhe
E-OV-000990,OV-M-00267,OV-R-0014,ovino,Santa Ines,White Dorper,8.1,4,2.3,0.32,0.52,IATF,4,1,2025-04-19,0.279,prenhe
E-OV-000991,OV-M-00232,OV-R-0009,ovino,Santa Ines,White Dorper,4.7,2,2.5,0.24,0.74,IA_cervical,10,0,2025-10-24,0.527,prenhe
E-OV-000992,OV-M-00221,OV-R-0004,ovino,Somalis,Mestico,8.9,0,3.1,1.0,0.42,IA_cervical,8,0,2025-08-22,0.514,vazia
E-OV-000993,OV-M-00169,OV-R-0010,ovino,Somalis,Dorper,8.0,4,3.2,0.46,0.65,IA_cervical,5,1,2024-05-30,0.617,vazia
E-OV-000994,OV-M-00111,OV-R-0000,ovino,Santa Ines,Santa Ines,7.2,5,2.9,0.54,0.64,IA_cervical,12,0,2025-12-28,0.441,prenhe
E-OV-000995,OV-M-00076,OV-R-0006,ovino,Morada Nova,Santa Ines,2.2,5,3.7,0.44,0.59,IA_cervical,6,0,2025-06-26,0.474,vazia
E-OV-000996,OV-M-00283,OV-R-0005,ovino,Santa Ines,Santa Ines,8.8,4,2.9,0.48,0.69,IA_cervical,5,1,2024-05-18,0.422,vazia
E-OV-000997,OV-M-00156,OV-R-0002,ovino,Mestico,Santa Ines,8.7,0,4.4,0.39,0.71,IATF,8,0,2025-08-01,0.183,prenhe
E-OV-000998,OV-M-00169,OV-R-0029,ovino,Somalis,Santa Ines,8.0,4,3.2,0.46,0.66,IATF,11,0,2024-11-09,0.587,prenhe
E-OV-000999,OV-M-00004,OV-R-0023,ovino,Somalis,Mestico,1.1,5,2.8,0.75,0.92,IA_cervical,9,0,2025-09-22,0.707,prenhe
E-OV-001000,OV-M-00137,OV-R-0028,ovino,Santa Ines,Santa Ines,7.1,0,3.0,0.35,0.86,IATF,5,1,2024-05-06,0.719,vazia
E-OV-001001,OV-M-00204,OV-R-0007,ovino,Santa Ines,Santa Ines,7.2,1,2.9,0.6,0.86,IA_cervical,7,0,2024-07-08,0.555,vazia
E-OV-001002,OV-M-00148,OV-R-0008,ovino,Morada Nova,Dorper,3.3,3,3.4,0.45,0.34,IATF,9,0,2024-09-10,0.637,vazia
E-OV-001003,OV-M-00184,OV-R-0008,ovino,Santa Ines,Dorper,9.1,0,3.5,0.45,0.34,IA_cervical,11,0,2024-11-25,0.346,vazia
E-OV-001004,OV-M-00242,OV-R-0016,ovino,Santa Ines,Santa Ines,7.2,3,1.6,0.51,0.61,IA_cervical,4,1,2025-04-05,0.324,prenhe
E-OV-001005,OV-M-00006,OV-R-0005,ovino,Morada Nova,Santa Ines,9.9,3,3.2,0.46,0.69,IA_cervical,6,0,2024-06-10,0.615,vazia
E-OV-001006,OV-M-00271,OV-R-0007,ovino,Santa Ines,Santa Ines,4.7,1,3.0,0.38,0.86,IA_cervical,5,1,2025-05-30,0.8,vazia
E-OV-001007,OV-M-00245,OV-R-0029,ovino,Morada Nova,Santa Ines,7.5,5,3.4,0.38,0.66,IA_cervical,1,0,2024-01-18,0.478,vazia
E-OV-001008,OV-M-00125,OV-R-0010,ovino,White Dorper,Dorper,6.4,2,3.3,0.53,0.65,IATF,8,0,2024-08-29,0.727,prenhe
E-OV-001009,OV-M-00229,OV-R-0023,ovino,Santa Ines,Mestico,1.6,2,2.8,0.28,0.92,IATF,4,1,2025-04-26,0.738,prenhe
E-OV-001010,OV-M-00019,OV-R-0006,ovino,Morada Nova,Santa Ines,4.1,4,3.5,0.18,0.59,IA_cervical,7,0,2024-07-12,0.699,prenhe
E-OV-001011,OV-M-00092,OV-R-0027,ovino,Santa Ines,Dorper,4.2,5,3.1,0.54,0.71,IA_cervical,11,0,2024-11-10,0.593,prenhe
E-OV-001012,OV-M-00032,OV-R-0020,ovino,Dorper,Dorper,7.2,0,2.2,0.78,0.57,IATF,3,1,2025-03-18,0.508,vazia
E-OV-001013,OV-M-00190,OV-R-0025,ovino,Dorper,Santa Ines,8.9,2,3.7,0.23,0.6,IA_cervical,6,0,2024-06-30,0.327,vazia
E-OV-001014,OV-M-00256,OV-R-0015,ovino,Santa Ines,Dorper,7.4,1,2.8,0.36,0.43,IA_cervical,12,0,2025-12-04,0.289,vazia
E-OV-001015,OV-M-00180,OV-R-0027,ovino,Morada Nova,Dorper,3.8,1,3.0,0.46,0.71,IA_cervical,9,0,2025-09-10,0.729,prenhe
E-OV-001016,OV-M-00213,OV-R-0010,ovino,Somalis,Dorper,8.2,0,2.3,0.63,0.65,IA_cervical,12,0,2025-12-09,0.221,vazia
E-OV-001017,OV-M-00042,OV-R-0014,ovino,Dorper,White Dorper,7.1,1,3.5,0.81,0.52,IA_cervical,12,0,2024-12-27,0.591,prenhe
E-OV-001018,OV-M-00280,OV-R-0001,ovino,Morada Nova,Santa Ines,3.4,3,3.3,0.68,0.86,IA_cervical,9,0,2024-09-07,0.884,vazia
E-OV-001019,OV-M-00057,OV-R-0005,ovino,Santa Ines,Santa Ines,1.1,3,2.7,0.94,0.69,IA_cervical,12,0,2025-12-27,0.618,vazia
E-OV-001020,OV-M-00157,OV-R-0023,ovino,Santa Ines,Mestico,4.0,1,3.9,0.58,0.92,IA_laparoscopica,6,0,2025-06-15,0.769,prenhe
E-OV-001021,OV-M-00204,OV-R-0009,ovino,Santa Ines,White Dorper,7.2,1,2.9,0.6,0.74,IATF,8,0,2025-08-02,0.478,vazia
E-OV-001022,OV-M-00256,OV-R-0003,ovino,Santa Ines,Santa Ines,7.4,1,2.8,0.36,0.81,IA_laparoscopica,5,1,2024-05-13,0.66,prenhe
E-OV-001023,OV-M-00280,OV-R-0008,ovino,Morada Nova,Dorper,3.4,3,3.3,0.68,0.34,IA_cervical,9,0,2025-09-26,0.702,prenhe
E-OV-001024,OV-M-00179,OV-R-0010,ovino,Santa Ines,Dorper,9.5,4,3.4,0.34,0.65,IATF,1,0,2025-01-20,0.643,prenhe
E-OV-001025,OV-M-00172,OV-R-0021,ovino,Santa Ines,Santa Ines,8.1,1,4.9,0.55,0.84,IA_laparoscopica,7,0,2025-07-18,0.532,prenhe
E-OV-001026,OV-M-00125,OV-R-0002,ovino,White Dorper,Santa Ines,6.4,2,3.3,0.53,0.71,IA_cervical,8,0,2025-08-25,0.65,prenhe
E-OV-001027,OV-M-00170,OV-R-0000,ovino,Santa Ines,Santa Ines,5.9,3,3.1,0.52,0.64,IA_cervical,3,1,2024-03-18,0.568,prenhe
E-OV-001028,OV-M-00202,OV-R-0021,ovino,Mestico,Santa Ines,7.6,3,2.9,0.52,0.84,IA_laparoscopica,3,1,2024-03-13,0.729,prenhe
E-OV-001029,OV-M-00194,OV-R-0004,ovino,Santa Ines,Mestico,9.6,2,2.7,0.81,0.42,IA_cervical,2,1,2024-02-17,0.484,vazia
E-OV-001030,OV-M-00177,OV-R-0012,ovino,Morada Nova,Dorper,6.3,2,2.7,0.47,0.64,IA_laparoscopica,4,1,2025-04-14,0.726,prenhe
E-OV-001031,OV-M-00132,OV-R-0020,ovino,Morada Nova,Dorper,9.9,0,2.9,0.52,0.57,IATF,10,0,2025-10-30,0.352,vazia
E-OV-001032,OV-M-00058,OV-R-0015,ovino,Somalis,Dorper,1.3,3,3.0,0.11,0.43,IATF,1,0,2024-01-22,0.677,vazia
E-OV-001033,OV-M-00016,OV-R-0003,ovino,White Dorper,Santa Ines,9.5,1,3.6,0.16,0.81,IATF,4,1,2024-04-10,0.539,prenhe
E-OV-001034,OV-M-00126,OV-R-0021,ovino,Somalis,Santa Ines,1.9,0,2.6,0.36,0.84,IA_laparoscopica,12,0,2024-12-20,0.654,prenhe
E-OV-001035,OV-M-00118,OV-R-0001,ovino,Mestico,Santa Ines,8.5,0,3.9,0.22,0.86,IATF,10,0,2024-10-12,0.391,prenhe
E-OV-001036,OV-M-00182,OV-R-0006,ovino,Santa Ines,Santa Ines,8.1,1,2.8,0.3,0.59,IATF,3,1,2024-03-16,0.456,vazia
E-OV-001037,OV-M-00270,OV-R-0003,ovino,Santa Ines,Santa Ines,3.2,3,3.5,0.66,0.81,IA_cervical,3,1,2025-03-21,0.874,prenhe
E-OV-001038,OV-M-00210,OV-R-0015,ovino,Morada Nova,Dorper,6.4,5,3.4,0.69,0.43,IA_laparoscopica,10,0,2025-10-22,0.717,prenhe
E-OV-001039,OV-M-00241,OV-R-0020,ovino,Santa Ines,Dorper,8.9,5,2.5,0.51,0.57,IA_cervical,6,0,2024-06-03,0.255,prenhe
E-OV-001040,OV-M-00173,OV-R-0019,ovino,Mestico,Santa Ines,9.2,5,3.4,0.49,0.87,IA_cervical,1,0,2024-01-03,0.612,vazia
E-OV-001041,OV-M-00278,OV-R-0004,ovino,Santa Ines,Mestico,4.7,1,3.4,0.8,0.42,IA_cervical,6,0,2024-06-13,0.675,prenhe
E-OV-001042,OV-M-00281,OV-R-0010,ovino,Morada Nova,Dorper,5.8,0,3.3,0.47,0.65,IA_cervical,5,1,2024-05-14,0.548,vazia
E-OV-001043,OV-M-00045,OV-R-0004,ovino,Santa Ines,Mestico,2.2,3,3.5,0.47,0.42,IA_cervical,12,0,2024-12-06,0.595,prenhe
E-OV-001044,OV-M-00191,OV-R-0010,ovino,Dorper,Dorper,7.5,2,3.7,0.7,0.65,IA_cervical,3,1,2024-03-19,0.536,vazia
E-OV-001045,OV-M-00151,OV-R-0006,ovino,Mestico,Santa Ines,6.5,2,3.5,0.69,0.59,IA_cervical,9,0,2024-09-20,0.645,prenhe
E-OV-001046,OV-M-00291,OV-R-0022,ovino,Santa Ines,Somalis,7.7,2,2.8,0.51,0.59,IA_laparoscopica,3,1,2024-03-28,0.633,prenhe
E-OV-001047,OV-M-00175,OV-R-0022,ovino,Santa Ines,Somalis,8.4,5,2.6,0.87,0.59,IATF,5,1,2025-05-08,0.467,vazia
E-OV-001048,OV-M-00004,OV-R-0024,ovino,Somalis,Santa Ines,1.1,5,2.8,0.75,0.66,IATF,12,0,2024-12-08,0.632,prenhe
E-OV-001049,OV-M-00062,OV-R-0006,ovino,Dorper,Santa Ines,4.2,5,3.9,0.69,0.59,IA_cervical,2,1,2024-02-24,0.584,vazia
E-OV-001050,OV-M-00038,OV-R-0000,ovino,Santa Ines,Santa Ines,2.6,4,3.5,0.79,0.64,IA_cervical,2,1,2024-02-01,0.904,prenhe
E-OV-001051,OV-M-00060,OV-R-0001,ovino,Morada Nova,Santa Ines,5.4,0,3.7,0.55,0.86,IATF,12,0,2024-12-22,0.502,prenhe
E-OV-001052,OV-M-00028,OV-R-0025,ovino,Santa Ines,Santa Ines,9.3,2,3.5,0.91,0.6,IA_cervical,3,1,2025-03-08,0.841,vazia
E-OV-001053,OV-M-00234,OV-R-0027,ovino,Dorper,Dorper,6.8,0,3.1,0.24,0.71,IATF,5,1,2024-05-07,0.648,vazia
E-OV-001054,OV-M-00148,OV-R-0006,ovino,Morada Nova,Santa Ines,3.3,3,3.4,0.45,0.59,IA_laparoscopica,8,0,2024-08-24,0.83,prenhe
E-OV-001055,OV-M-00201,OV-R-0026,ovino,Santa Ines,Morada Nova,6.8,1,2.7,0.41,0.72,IA_cervical,3,1,2025-03-18,0.484,vazia
E-OV-001056,OV-M-00299,OV-R-0015,ovino,Santa Ines,Dorper,8.3,0,4.4,0.42,0.43,IA_cervical,12,0,2024-12-09,0.088,vazia
E-OV-001057,OV-M-00194,OV-R-0005,ovino,Santa Ines,Santa Ines,9.6,2,2.7,0.81,0.69,IA_cervical,3,1,2024-03-25,0.555,vazia
E-OV-001058,OV-M-00143,OV-R-0009,ovino,Santa Ines,White Dorper,8.8,0,2.9,0.68,0.74,IA_cervical,10,0,2024-10-12,0.321,prenhe
E-OV-001059,OV-M-00080,OV-R-0007,ovino,Dorper,Santa Ines,1.2,4,2.4,0.3,0.86,IA_cervical,5,1,2024-05-24,0.56,prenhe
E-OV-001060,OV-M-00226,OV-R-0022,ovino,Santa Ines,Somalis,4.5,2,3.4,0.73,0.59,IATF,11,0,2025-11-07,0.819,vazia
E-OV-001061,OV-M-00152,OV-R-0005,ovino,Santa Ines,Santa Ines,6.9,5,2.8,0.62,0.69,IA_laparoscopica,8,0,2025-08-09,0.557,prenhe
E-OV-001062,OV-M-00227,OV-R-0005,ovino,White Dorper,Santa Ines,8.7,5,2.8,0.44,0.69,IA_cervical,8,0,2024-08-15,0.289,vazia
E-OV-001063,OV-M-00006,OV-R-0021,ovino,Morada Nova,Santa Ines,9.9,3,3.2,0.46,0.84,IA_cervical,6,0,2024-06-20,0.582,prenhe
E-OV-001064,OV-M-00048,OV-R-0009,ovino,Santa Ines,White Dorper,8.8,3,3.4,0.37,0.74,IA_cervical,4,1,2024-04-08,0.786,prenhe
E-OV-001065,OV-M-00038,OV-R-0007,ovino,Santa Ines,Santa Ines,2.6,4,3.5,0.79,0.86,IA_cervical,6,0,2025-06-22,0.878,vazia
E-OV-001066,OV-M-00204,OV-R-0024,ovino,Santa Ines,Santa Ines,7.2,1,2.9,0.6,0.66,IA_laparoscopica,11,0,2025-11-01,0.533,vazia
E-OV-001067,OV-M-00155,OV-R-0027,ovino,Santa Ines,Dorper,9.0,5,3.2,0.44,0.71,IA_laparoscopica,7,0,2024-07-18,0.725,vazia
E-OV-001068,OV-M-00095,OV-R-0016,ovino,Santa Ines,Santa Ines,3.0,3,3.4,0.54,0.61,IATF,4,1,2025-04-12,0.95,prenhe
E-OV-001069,OV-M-00092,OV-R-0024,ovino,Santa Ines,Santa Ines,4.2,5,3.1,0.54,0.66,IA_cervical,6,0,2024-06-20,0.683,prenhe
E-OV-001070,OV-M-00182,OV-R-0025,ovino,Santa Ines,Santa Ines,8.1,1,2.8,0.3,0.6,IA_cervical,10,0,2025-10-31,0.171,vazia
E-OV-001071,OV-M-00289,OV-R-0017,ovino,Santa Ines,Santa Ines,5.0,2,4.0,0.26,0.55,IATF,8,0,2024-08-06,0.645,prenhe
E-OV-001072,OV-M-00298,OV-R-0024,ovino,Morada Nova,Santa Ines,9.7,5,2.9,0.78,0.66,IA_laparoscopica,3,1,2024-03-11,0.568,prenhe
E-OV-001073,OV-M-00141,OV-R-0000,ovino,Dorper,Santa Ines,5.0,4,3.0,0.44,0.64,IA_laparoscopica,10,0,2025-10-05,0.874,prenhe
E-OV-001074,OV-M-00201,OV-R-0001,ovino,Santa Ines,Santa Ines,6.8,1,2.7,0.41,0.86,IA_cervical,11,0,2025-11-21,0.379,vazia
E-OV-001075,OV-M-00025,OV-R-0026,ovino,Santa Ines,Morada Nova,3.5,4,4.3,0.6,0.72,IATF,10,0,2024-10-16,0.511,vazia
E-OV-001076,OV-M-00283,OV-R-0004,ovino,Santa Ines,Mestico,8.8,4,2.9,0.48,0.42,IA_cervical,10,0,2025-10-24,0.338,prenhe
E-OV-001077,OV-M-00005,OV-R-0021,ovino,Santa Ines,Santa Ines,3.6,0,3.0,0.22,0.84,IA_cervical,6,0,2024-06-26,0.536,vazia
E-OV-001078,OV-M-00102,OV-R-0012,ovino,Dorper,Dorper,4.0,3,3.3,0.36,0.64,IATF,7,0,2024-07-16,0.733,prenhe
E-OV-001079,OV-M-00217,OV-R-0023,ovino,Dorper,Mestico,2.2,3,3.7,0.24,0.92,IA_cervical,1,0,2025-01-26,0.663,prenhe
E-OV-001080,OV-M-00290,OV-R-0019,ovino,Santa Ines,Santa Ines,5.2,4,3.4,0.92,0.87,IATF,3,1,2025-03-14,0.85,prenhe
E-OV-001081,OV-M-00051,OV-R-0002,ovino,Mestico,Santa Ines,8.0,1,3.2,0.31,0.71,IA_cervical,10,0,2024-10-08,0.456,prenhe
E-OV-001082,OV-M-00198,OV-R-0010,ovino,Mestico,Dorper,6.1,1,3.7,0.59,0.65,IA_cervical,8,0,2025-08-06,0.381,vazia
E-OV-001083,OV-M-00056,OV-R-0021,ovino,Santa Ines,Santa Ines,3.9,2,2.5,0.57,0.84,IA_cervical,7,0,2025-07-30,0.623,prenhe
E-OV-001084,OV-M-00015,OV-R-0027,ovino,White Dorper,Dorper,3.9,0,3.1,0.44,0.71,IATF,3,1,2024-03-29,0.732,vazia
E-OV-001085,OV-M-00127,OV-R-0024,ovino,Somalis,Santa Ines,3.4,5,3.3,0.63,0.66,IATF,12,0,2025-12-24,0.661,vazia
E-OV-001086,OV-M-00172,OV-R-0026,ovino,Santa Ines,Morada Nova,8.1,1,4.9,0.55,0.72,IA_cervical,4,1,2024-04-26,0.414,prenhe
E-OV-001087,OV-M-00079,OV-R-0028,ovino,Santa Ines,Santa Ines,1.0,1,3.5,0.36,0.86,IA_cervical,1,0,2025-01-19,0.756,vazia
E-OV-001088,OV-M-00291,OV-R-0026,ovino,Santa Ines,Morada Nova,7.7,2,2.8,0.51,0.72,IA_cervical,11,0,2024-11-04,0.397,vazia
E-OV-001089,OV-M-00184,OV-R-0017,ovino,Santa Ines,Santa Ines,9.1,0,3.5,0.45,0.55,IA_cervical,11,0,2024-11-25,0.394,prenhe
E-OV-001090,OV-M-00131,OV-R-0010,ovino,Santa Ines,Dorper,8.2,5,3.4,0.52,0.65,IA_laparoscopica,4,1,2024-04-03,0.781,vazia
E-OV-001091,OV-M-00145,OV-R-0015,ovino,Santa Ines,Dorper,6.4,3,3.4,0.71,0.43,IA_cervical,9,0,2024-09-07,0.496,prenhe
E-OV-001092,OV-M-00139,OV-R-0023,ovino,Santa Ines,Mestico,7.1,0,3.9,0.7,0.92,IA_cervical,1,0,2024-01-23,0.477,vazia
E-OV-001093,OV-M-00033,OV-R-0012,ovino,Santa Ines,Dorper,6.4,3,3.0,0.0,0.64,IA_cervical,12,0,2025-12-11,0.559,prenhe
E-OV-001094,OV-M-00181,OV-R-0024,ovino,White Dorper,Santa Ines,8.8,3,4.2,0.49,0.66,IA_cervical,4,1,2024-04-15,0.399,vazia
E-OV-001095,OV-M-00235,OV-R-0021,ovino,Morada Nova,Santa Ines,5.9,5,3.5,0.34,0.84,IA_laparoscopica,12,0,2024-12-18,0.673,vazia
E-OV-001096,OV-M-00126,OV-R-0006,ovino,Somalis,Santa Ines,1.9,0,2.6,0.36,0.59,IA_laparoscopica,6,0,2024-06-06,0.598,vazia
E-OV-001097,OV-M-00127,OV-R-0027,ovino,Somalis,Dorper,3.4,5,3.3,0.63,0.71,IA_cervical,5,1,2024-05-09,0.761,vazia
E-OV-001098,OV-M-00273,OV-R-0025,ovino,Santa Ines,Santa Ines,5.0,1,3.2,0.38,0.6,IATF,10,0,2024-10-11,0.668,prenhe
E-OV-001099,OV-M-00183,OV-R-0017,ovino,Morada Nova,Santa Ines,8.0,4,3.1,0.63,0.55,IA_cervical,12,0,2025-12-08,0.6,vazia
E-OV-001100,OV-M-00089,OV-R-0005,ovino,Santa Ines,Santa Ines,5.6,3,4.1,1.0,0.69,IATF,12,0,2024-12-15,0.521,prenhe
E-OV-001101,OV-M-00001,OV-R-0006,ovino,Dorper,Santa Ines,3.3,5,3.3,0.54,0.59,IA_laparoscopica,12,0,2025-12-02,0.806,prenhe
E-OV-001102,OV-M-00246,OV-R-0025,ovino,Santa Ines,Santa Ines,9.4,1,2.2,0.48,0.6,IA_cervical,8,0,2025-08-26,0.243,prenhe
E-OV-001103,OV-M-00187,OV-R-0000,ovino,Mestico,Santa Ines,6.8,0,3.4,1.0,0.64,IATF,11,0,2024-11-14,0.739,vazia
E-OV-001104,OV-M-00187,OV-R-0014,ovino,Mestico,White Dorper,6.8,0,3.4,1.0,0.52,IA_cervical,10,0,2025-10-19,0.598,vazia
E-OV-001105,OV-M-00084,OV-R-0018,ovino,Santa Ines,Santa Ines,1.4,1,2.6,0.41,0.6,IA_laparoscopica,9,0,2024-09-11,0.684,prenhe
E-OV-001106,OV-M-00055,OV-R-0006,ovino,Somalis,Santa Ines,5.6,4,3.6,0.64,0.59,IA_cervical,1,0,2025-01-01,0.431,vazia
E-OV-001107,OV-M-00148,OV-R-0025,ovino,Morada Nova,Santa Ines,3.3,3,3.4,0.45,0.6,IA_cervical,5,1,2025-05-11,0.72,vazia
E-OV-001108,OV-M-00227,OV-R-0015,ovino,White Dorper,Dorper,8.7,5,2.8,0.44,0.43,IATF,3,1,2025-03-06,0.426,prenhe
E-OV-001109,OV-M-00089,OV-R-0001,ovino,Santa Ines,Santa Ines,5.6,3,4.1,1.0,0.86,IA_cervical,8,0,2025-08-28,0.511,prenhe
E-OV-001110,OV-M-00158,OV-R-0009,ovino,White Dorper,White Dorper,7.7,1,3.8,0.46,0.74,IA_cervical,4,1,2024-04-28,0.449,vazia
E-OV-001111,OV-M-00298,OV-R-0011,ovino,Morada Nova,Morada Nova,9.7,5,2.9,0.78,0.74,IA_cervical,12,0,2024-12-29,0.42,vazia
E-OV-001112,OV-M-00065,OV-R-0006,ovino,Morada Nova,Santa Ines,3.5,1,1.9,0.4,0.59,IA_cervical,4,1,2025-04-30,0.388,vazia
E-OV-001113,OV-M-00069,OV-R-0028,ovino,Mestico,Santa Ines,5.3,3,2.8,0.55,0.86,IATF,8,0,2024-08-29,0.617,prenhe
E-OV-001114,OV-M-00070,OV-R-0010,ovino,Dorper,Dorper,4.8,2,4.1,0.45,0.65,IA_laparoscopica,9,0,2025-09-24,0.654,prenhe
E-OV-001115,OV-M-00273,OV-R-0015,ovino,Santa Ines,Dorper,5.0,1,3.2,0.38,0.43,IATF,8,0,2024-08-08,0.617,prenhe
E-OV-001116,OV-M-00158,OV-R-0016,ovino,White Dorper,Santa Ines,7.7,1,3.8,0.46,0.61,IA_cervical,8,0,2024-08-07,0.344,prenhe
E-OV-001117,OV-M-00275,OV-R-0006,ovino,Santa Ines,Santa Ines,4.3,3,3.2,0.64,0.59,IA_cervical,8,0,2024-08-26,0.69,prenhe
E-OV-001118,OV-M-00284,OV-R-0017,ovino,Somalis,Santa Ines,7.7,2,3.8,0.88,0.55,IA_cervical,5,1,2025-05-08,0.429,prenhe
E-OV-001119,OV-M-00126,OV-R-0010,ovino,Somalis,Dorper,1.9,0,2.6,0.36,0.65,IA_cervical,3,1,2024-03-27,0.431,vazia
E-OV-001120,OV-M-00016,OV-R-0000,ovino,White Dorper,Santa Ines,9.5,1,3.6,0.16,0.64,IA_laparoscopica,4,1,2024-04-14,0.521,prenhe
E-OV-001121,OV-M-00091,OV-R-0012,ovino,Dorper,Dorper,9.9,3,3.0,0.14,0.64,IA_cervical,7,0,2025-07-22,0.469,prenhe
E-OV-001122,OV-M-00163,OV-R-0017,ovino,Morada Nova,Santa Ines,2.2,3,2.7,0.47,0.55,IA_cervical,5,1,2024-05-31,0.598,prenhe
E-OV-001123,OV-M-00114,OV-R-0003,ovino,Dorper,Santa Ines,5.9,4,2.7,0.55,0.81,IATF,3,1,2024-03-17,0.665,vazia
E-OV-001124,OV-M-00000,OV-R-0023,ovino,Somalis,Mestico,5.3,2,2.7,0.6,0.92,IA_cervical,7,0,2024-07-11,0.542,prenhe
E-OV-001125,OV-M-00296,OV-R-0019,ovino,Morada Nova,Santa Ines,3.5,5,3.1,0.34,0.87,IA_cervical,10,0,2024-10-17,0.766,prenhe
E-OV-001126,OV-M-00090,OV-R-0009,ovino,Morada Nova,White Dorper,9.3,4,3.7,0.24,0.74,IA_laparoscopica,1,0,2024-01-25,0.545,prenhe
E-OV-001127,OV-M-00185,OV-R-0017,ovino,Morada Nova,Santa Ines,4.5,4,3.6,0.48,0.55,IA_cervical,9,0,2025-09-01,0.499,vazia
E-OV-001128,OV-M-00284,OV-R-0009,ovino,Somalis,White Dorper,7.7,2,3.8,0.88,0.74,IATF,3,1,2024-03-26,0.659,prenhe
E-OV-001129,OV-M-00163,OV-R-0019,ovino,Morada Nova,Santa Ines,2.2,3,2.7,0.47,0.87,IA_laparoscopica,10,0,2024-10-21,0.867,prenhe
E-OV-001130,OV-M-00208,OV-R-0004,ovino,Mestico,Mestico,6.4,1,4.1,0.57,0.42,IA_cervical,5,1,2024-05-27,0.277,vazia
E-OV-001131,OV-M-00010,OV-R-0018,ovino,Morada Nova,Santa Ines,4.4,3,4.1,0.37,0.6,IA_cervical,8,0,2024-08-03,0.411,vazia
E-OV-001132,OV-M-00209,OV-R-0001,ovino,Santa Ines,Santa Ines,8.0,0,3.0,0.73,0.86,IA_cervical,2,1,2024-02-03,0.617,prenhe
E-OV-001133,OV-M-00254,OV-R-0000,ovino,Morada Nova,Santa Ines,1.3,2,3.7,0.29,0.64,IA_laparoscopica,11,0,2025-11-23,0.639,prenhe
E-OV-001134,OV-M-00275,OV-R-0007,ovino,Santa Ines,Santa Ines,4.3,3,3.2,0.64,0.86,IA_cervical,11,0,2025-11-15,0.887,vazia
E-OV-001135,OV-M-00025,OV-R-0005,ovino,Santa Ines,Santa Ines,3.5,4,4.3,0.6,0.69,IA_laparoscopica,4,1,2024-04-02,0.642,vazia
E-OV-001136,OV-M-00068,OV-R-0014,ovino,Dorper,White Dorper,4.1,4,4.0,0.71,0.52,IA_cervical,5,1,2024-05-24,0.687,vazia
E-OV-001137,OV-M-00014,OV-R-0004,ovino,Santa Ines,Mestico,6.8,1,2.9,0.73,0.42,IA_cervical,10,0,2025-10-07,0.349,vazia
E-OV-001138,OV-M-00275,OV-R-0007,ovino,Santa Ines,Santa Ines,4.3,3,3.2,0.64,0.86,IA_cervical,10,0,2024-10-29,0.795,vazia
E-OV-001139,OV-M-00082,OV-R-0002,ovino,White Dorper,Santa Ines,1.5,0,3.7,0.71,0.71,IA_cervical,2,1,2024-02-15,0.554,vazia
E-OV-001140,OV-M-00159,OV-R-0026,ovino,Morada Nova,Morada Nova,6.0,5,3.6,0.72,0.72,IA_cervical,4,1,2024-04-09,0.587,prenhe
E-OV-001141,OV-M-00142,OV-R-0022,ovino,Santa Ines,Somalis,8.2,4,3.2,0.44,0.59,IA_cervical,10,0,2024-10-28,0.625,vazia
E-OV-001142,OV-M-00206,OV-R-0006,ovino,Santa Ines,Santa Ines,2.2,5,3.1,0.66,0.59,IATF,2,1,2025-02-11,0.772,prenhe
E-OV-001143,OV-M-00268,OV-R-0003,ovino,Mestico,Santa Ines,4.1,0,3.4,0.29,0.81,IA_cervical,4,1,2025-04-06,0.729,prenhe
E-OV-001144,OV-M-00097,OV-R-0025,ovino,White Dorper,Santa Ines,4.4,4,3.2,0.38,0.6,IA_laparoscopica,4,1,2024-04-21,0.904,prenhe
E-OV-001145,OV-M-00237,OV-R-0020,ovino,Dorper,Dorper,1.1,4,3.4,0.43,0.57,IA_cervical,9,0,2024-09-27,0.681,prenhe
E-OV-001146,OV-M-00087,OV-R-0026,ovino,Somalis,Morada Nova,7.6,4,3.2,0.83,0.72,IA_laparoscopica,7,0,2024-07-09,0.83,prenhe
E-OV-001147,OV-M-00059,OV-R-0005,ovino,Santa Ines,Santa Ines,8.1,2,4.0,0.64,0.69,IA_cervical,1,0,2025-01-25,0.46,vazia
E-OV-001148,OV-M-00031,OV-R-0010,ovino,Santa Ines,Dorper,5.1,1,3.7,0.36,0.65,IA_laparoscopica,8,0,2024-08-22,0.613,prenhe
E-OV-001149,OV-M-00111,OV-R-0003,ovino,Santa Ines,Santa Ines,7.2,5,2.9,0.54,0.81,IA_cervical,5,1,2024-05-28,0.487,vazia
E-OV-001150,OV-M-00168,OV-R-0012,ovino,Morada Nova,Dorper,2.9,5,2.9,0.42,0.64,IA_cervical,8,0,2025-08-18,0.398,prenhe
E-OV-001151,OV-M-00234,OV-R-0004,ovino,Dorper,Mestico,6.8,0,3.1,0.24,0.42,IA_cervical,2,1,2025-02-19,0.358,vazia
E-OV-001152,OV-M-00254,OV-R-0000,ovino,Morada Nova,Santa Ines,1.3,2,3.7,0.29,0.64,IA_cervical,12,0,2024-12-11,0.51,vazia
E-OV-001153,OV-M-00158,OV-R-0015,ovino,White Dorper,Dorper,7.7,1,3.8,0.46,0.43,IA_cervical,4,1,2024-04-08,0.316,vazia
E-OV-001154,OV-M-00122,OV-R-0029,ovino,White Dorper,Santa Ines,2.5,0,2.4,0.76,0.66,IA_cervical,2,1,2024-02-21,0.498,prenhe
E-OV-001155,OV-M-00052,OV-R-0019,ovino,Morada Nova,Santa Ines,3.3,5,3.0,0.39,0.87,IATF,8,0,2025-08-04,0.675,prenhe
E-OV-001156,OV-M-00274,OV-R-0022,ovino,Santa Ines,Somalis,3.1,4,3.3,0.37,0.59,IA_cervical,12,0,2025-12-08,0.705,prenhe
E-OV-001157,OV-M-00118,OV-R-0024,ovino,Mestico,Santa Ines,8.5,0,3.9,0.22,0.66,IA_cervical,3,1,2025-03-02,0.295,vazia
E-OV-001158,OV-M-00229,OV-R-0029,ovino,Santa Ines,Santa Ines,1.6,2,2.8,0.28,0.66,IATF,1,0,2024-01-29,0.562,vazia
E-OV-001159,OV-M-00187,OV-R-0003,ovino,Mestico,Santa Ines,6.8,0,3.4,1.0,0.81,IA_laparoscopica,12,0,2024-12-17,0.817,prenhe
E-OV-001160,OV-M-00279,OV-R-0007,ovino,Santa Ines,Santa Ines,4.9,4,3.4,0.81,0.86,IA_cervical,7,0,2024-07-23,0.95,prenhe
E-OV-001161,OV-M-00291,OV-R-0018,ovino,Santa Ines,Santa Ines,7.7,2,2.8,0.51,0.6,IA_cervical,2,1,2024-02-09,0.491,prenhe
E-OV-001162,OV-M-00212,OV-R-0024,ovino,Morada Nova,Santa Ines,6.3,1,2.9,0.41,0.66,IA_cervical,4,1,2024-04-13,0.533,prenhe
E-OV-001163,OV-M-00198,OV-R-0023,ovino,Mestico,Mestico,6.1,1,3.7,0.59,0.92,IA_cervical,12,0,2024-12-30,0.524,vazia
E-OV-001164,OV-M-00041,OV-R-0021,ovino,Somalis,Santa Ines,8.0,2,3.5,0.27,0.84,IA_cervical,11,0,2024-11-07,0.691,prenhe
E-OV-001165,OV-M-00004,OV-R-0009,ovino,Somalis,White Dorper,1.1,5,2.8,0.75,0.74,IATF,2,1,2025-02-15,0.676,prenhe
E-OV-001166,OV-M-00163,OV-R-0010,ovino,Morada Nova,Dorper,2.2,3,2.7,0.47,0.65,IATF,5,1,2025-05-21,0.691,prenhe
E-OV-001167,OV-M-00211,OV-R-0002,ovino,Somalis,Santa Ines,8.3,0,2.9,0.6,0.71,IA_cervical,7,0,2024-07-12,0.425,vazia
E-OV-001168,OV-M-00223,OV-R-0009,ovino,Santa Ines,White Dorper,3.3,1,3.0,0.41,0.74,IA_cervical,7,0,2024-07-28,0.733,prenhe
E-OV-001169,OV-M-00075,OV-R-0004,ovino,Somalis,Mestico,7.5,4,3.8,0.79,0.42,IA_cervical,5,1,2025-05-09,0.493,prenhe
E-OV-001170,OV-M-00150,OV-R-0028,ovino,Dorper,Santa Ines,3.1,4,2.7,0.89,0.86,IA_cervical,5,1,2024-05-23,0.776,prenhe
E-OV-001171,OV-M-00258,OV-R-0002,ovino,Santa Ines,Santa Ines,3.2,1,3.5,0.35,0.71,IA_cervical,2,1,2024-02-26,0.736,prenhe
E-OV-001172,OV-M-00028,OV-R-0010,ovino,Santa Ines,Dorper,9.3,2,3.5,0.91,0.65,IA_laparoscopica,9,0,2025-09-15,0.909,prenhe
E-OV-001173,OV-M-00115,OV-R-0026,ovino,Mestico,Morada Nova,7.5,0,3.6,0.41,0.72,IA_cervical,6,0,2024-06-01,0.397,vazia
E-OV-001174,OV-M-00283,OV-R-0028,ovino,Santa Ines,Santa Ines,8.8,4,2.9,0.48,0.86,IATF,3,1,2024-03-29,0.6,vazia
E-OV-001175,OV-M-00059,OV-R-0011,ovino,Santa Ines,Morada Nova,8.1,2,4.0,0.64,0.74,IA_cervical,6,0,2025-06-22,0.447,prenhe
E-OV-001176,OV-M-00095,OV-R-0013,ovino,Santa Ines,Santa Ines,3.0,3,3.4,0.54,0.72,IA_cervical,1,0,2025-01-23,0.711,prenhe
E-OV-001177,OV-M-00140,OV-R-0015,ovino,Santa Ines,Dorper,2.6,4,3.1,0.59,0.43,IA_cervical,4,1,2024-04-17,0.771,prenhe
E-OV-001178,OV-M-00206,OV-R-0024,ovino,Santa Ines,Santa Ines,2.2,5,3.1,0.66,0.66,IA_laparoscopica,9,0,2025-09-12,0.81,prenhe
E-OV-001179,OV-M-00076,OV-R-0023,ovino,Morada Nova,Mestico,2.2,5,3.7,0.44,0.92,IA_cervical,6,0,2024-06-28,0.607,vazia
E-OV-001180,OV-M-00237,OV-R-0015,ovino,Dorper,Dorper,1.1,4,3.4,0.43,0.43,IA_cervical,5,1,2025-05-08,0.725,prenhe
E-OV-001181,OV-M-00070,OV-R-0011,ovino,Dorper,Morada Nova,4.8,2,4.1,0.45,0.74,IA_cervical,4,1,2025-04-20,0.529,prenhe
E-OV-001182,OV-M-00110,OV-R-0011,ovino,Santa Ines,Morada Nova,4.6,0,3.8,0.58,0.74,IA_laparoscopica,8,0,2025-08-28,0.76,vazia
E-OV-001183,OV-M-00171,OV-R-0019,ovino,Morada Nova,Santa Ines,1.2,1,3.6,0.4,0.87,IATF,6,0,2025-06-16,0.545,prenhe
E-OV-001184,OV-M-00003,OV-R-0025,ovino,Santa Ines,Santa Ines,5.8,1,3.0,0.48,0.6,IA_cervical,5,1,2025-05-28,0.679,prenhe
E-OV-001185,OV-M-00230,OV-R-0002,ovino,Santa Ines,Santa Ines,5.3,2,3.4,0.19,0.71,IA_cervical,2,1,2024-02-07,0.648,vazia
E-OV-001186,OV-M-00200,OV-R-0023,ovino,Santa Ines,Mestico,1.7,0,3.0,0.63,0.92,IA_cervical,11,0,2025-11-15,0.65,prenhe
E-OV-001187,OV-M-00250,OV-R-0014,ovino,Santa Ines,White Dorper,2.4,5,3.4,0.95,0.52,IA_cervical,4,1,2024-04-02,0.838,prenhe
E-OV-001188,OV-M-00082,OV-R-0004,ovino,White Dorper,Mestico,1.5,0,3.7,0.71,0.42,IATF,7,0,2024-07-04,0.499,vazia
E-OV-001189,OV-M-00119,OV-R-0002,ovino,Santa Ines,Santa Ines,2.2,2,3.2,0.33,0.71,IA_cervical,11,0,2024-11-21,0.689,prenhe
E-OV-001190,OV-M-00269,OV-R-0010,ovino,Somalis,Dorper,9.5,2,3.7,0.81,0.65,IA_laparoscopica,7,0,2024-07-29,0.614,prenhe
E-OV-001191,OV-M-00020,OV-R-0007,ovino,Dorper,Santa Ines,2.9,2,3.8,0.49,0.86,IATF,3,1,2025-03-08,0.684,prenhe
E-OV-001192,OV-M-00147,OV-R-0003,ovino,Dorper,Santa Ines,9.6,4,4.3,0.27,0.81,IA_laparoscopica,2,1,2024-02-08,0.719,prenhe
E-OV-001193,OV-M-00145,OV-R-0008,ovino,Santa Ines,Dorper,6.4,3,3.4,0.71,0.34,IA_cervical,11,0,2024-11-27,0.462,vazia
E-OV-001194,OV-M-00134,OV-R-0025,ovino,Santa Ines,Santa Ines,1.7,0,2.4,0.29,0.6,IA_laparoscopica,9,0,2024-09-12,0.405,vazia
E-OV-001195,OV-M-00130,OV-R-0021,ovino,Morada Nova,Santa Ines,4.8,4,4.6,0.56,0.84,IA_cervical,4,1,2025-04-17,0.631,prenhe
E-OV-001196,OV-M-00224,OV-R-0006,ovino,White Dorper,Santa Ines,2.9,0,3.2,0.55,0.59,IA_cervical,1,0,2025-01-14,0.524,prenhe
E-OV-001197,OV-M-00059,OV-R-0020,ovino,Santa Ines,Dorper,8.1,2,4.0,0.64,0.57,IATF,7,0,2025-07-05,0.417,vazia
E-OV-001198,OV-M-00267,OV-R-0013,ovino,Santa Ines,Santa Ines,8.1,4,2.3,0.32,0.72,IA_cervical,4,1,2024-04-30,0.442,vazia
E-OV-001199,OV-M-00268,OV-R-0022,ovino,Mestico,Somalis,4.1,0,3.4,0.29,0.59,IA_cervical,11,0,2025-11-24,0.577,vazia
E-OV-001200,OV-M-00053,OV-R-0007,ovino,Santa Ines,Santa Ines,1.3,2,3.1,0.32,0.86,IA_cervical,10,0,2024-10-13,0.749,prenhe
E-OV-001201,OV-M-00292,OV-R-0001,ovino,White Dorper,Santa Ines,9.7,3,3.0,0.27,0.86,IA_cervical,9,0,2024-09-12,0.629,vazia
E-OV-001202,OV-M-00078,OV-R-0009,ovino,Santa Ines,White Dorper,7.4,0,3.6,0.68,0.74,IA_laparoscopica,2,1,2025-02-04,0.63,prenhe
E-OV-001203,OV-M-00015,OV-R-0029,ovino,White Dorper,Santa Ines,3.9,0,3.1,0.44,0.66,IATF,4,1,2024-04-29,0.739,prenhe
E-OV-001204,OV-M-00119,OV-R-0016,ovino,Santa Ines,Santa Ines,2.2,2,3.2,0.33,0.61,IA_laparoscopica,8,0,2025-08-17,0.812,prenhe
E-OV-001205,OV-M-00238,OV-R-0001,ovino,Santa Ines,Santa Ines,8.0,1,3.0,0.25,0.86,IA_cervical,7,0,2024-07-11,0.545,prenhe
E-OV-001206,OV-M-00253,OV-R-0029,ovino,Santa Ines,Santa Ines,8.0,5,3.5,0.32,0.66,IA_cervical,11,0,2025-11-08,0.447,vazia
E-OV-001207,OV-M-00193,OV-R-0024,ovino,Somalis,Santa Ines,2.6,5,2.4,0.41,0.66,IA_cervical,4,1,2024-04-18,0.4,prenhe
E-OV-001208,OV-M-00243,OV-R-0016,ovino,Morada Nova,Santa Ines,2.5,3,3.2,0.69,0.61,IA_cervical,9,0,2025-09-22,0.794,vazia
E-OV-001209,OV-M-00078,OV-R-0022,ovino,Santa Ines,Somalis,7.4,0,3.6,0.68,0.59,IATF,10,0,2024-10-14,0.421,prenhe
E-OV-001210,OV-M-00263,OV-R-0005,ovino,Santa Ines,Santa Ines,3.9,2,2.7,0.75,0.69,IA_laparoscopica,3,1,2025-03-19,0.829,prenhe
E-OV-001211,OV-M-00190,OV-R-0017,ovino,Dorper,Santa Ines,8.9,2,3.7,0.23,0.55,IATF,9,0,2025-09-28,0.316,vazia
E-OV-001212,OV-M-00040,OV-R-0027,ovino,Morada Nova,Dorper,7.6,4,3.1,0.97,0.71,IATF,4,1,2024-04-04,0.83,prenhe
E-OV-001213,OV-M-00038,OV-R-0013,ovino,Santa Ines,Santa Ines,2.6,4,3.5,0.79,0.72,IA_cervical,9,0,2024-09-10,0.914,prenhe
E-OV-001214,OV-M-00080,OV-R-0001,ovino,Dorper,Santa Ines,1.2,4,2.4,0.3,0.86,IA_laparoscopica,11,0,2025-11-23,0.623,vazia
E-OV-001215,OV-M-00020,OV-R-0022,ovino,Dorper,Somalis,2.9,2,3.8,0.49,0.59,IA_laparoscopica,4,1,2024-04-18,0.776,prenhe
E-OV-001216,OV-M-00084,OV-R-0021,ovino,Santa Ines,Santa Ines,1.4,1,2.6,0.41,0.84,IATF,3,1,2024-03-16,0.692,vazia
E-OV-001217,OV-M-00298,OV-R-0022,ovino,Morada Nova,Somalis,9.7,5,2.9,0.78,0.59,IA_cervical,1,0,2025-01-16,0.367,vazia
E-OV-001218,OV-M-00072,OV-R-0019,ovino,Somalis,Santa Ines,1.3,5,3.0,0.52,0.87,IA_laparoscopica,1,0,2024-01-19,0.889,prenhe
E-OV-001219,OV-M-00190,OV-R-0004,ovino,Dorper,Mestico,8.9,2,3.7,0.23,0.42,IA_cervical,12,0,2025-12-25,0.332,vazia
E-OV-001220,OV-M-00293,OV-R-0003,ovino,Santa Ines,Santa Ines,4.4,2,3.8,0.4,0.81,IA_laparoscopica,10,0,2025-10-21,0.797,prenhe
E-OV-001221,OV-M-00075,OV-R-0023,ovino,Somalis,Mestico,7.5,4,3.8,0.79,0.92,IATF,5,1,2024-05-17,0.758,prenhe
E-OV-001222,OV-M-00208,OV-R-0025,ovino,Mestico,Santa Ines,6.4,1,4.1,0.57,0.6,IATF,5,1,2024-05-06,0.423,prenhe
E-OV-001223,OV-M-00135,OV-R-0002,ovino,Santa Ines,Santa Ines,1.9,2,4.0,0.56,0.71,IA_cervical,7,0,2025-07-21,0.631,prenhe
E-OV-001224,OV-M-00085,OV-R-0017,ovino,Santa Ines,Santa Ines,8.2,5,3.1,0.66,0.55,IA_cervical,1,0,2025-01-15,0.581,prenhe
E-OV-001225,OV-M-00285,OV-R-0015,ovino,Mestico,Dorper,4.7,4,2.8,0.63,0.43,IATF,8,0,2025-08-24,0.605,prenhe
E-OV-001226,OV-M-00197,OV-R-0010,ovino,Santa Ines,Dorper,1.8,5,3.4,0.5,0.65,IA_laparoscopica,12,0,2025-12-07,0.936,prenhe
E-OV-001227,OV-M-00131,OV-R-0019,ovino,Santa Ines,Santa Ines,8.2,5,3.4,0.52,0.87,IATF,10,0,2024-10-19,0.713,prenhe
E-OV-001228,OV-M-00243,OV-R-0027,ovino,Morada Nova,Dorper,2.5,3,3.2,0.69,0.71,IA_cervical,7,0,2024-07-04,0.749,vazia
E-OV-001229,OV-M-00270,OV-R-0024,ovino,Santa Ines,Santa Ines,3.2,3,3.5,0.66,0.66,IATF,3,1,2025-03-28,0.928,prenhe
E-OV-001230,OV-M-00234,OV-R-0004,ovino,Dorper,Mestico,6.8,0,3.1,0.24,0.42,IA_laparoscopica,4,1,2025-04-08,0.642,prenhe
E-OV-001231,OV-M-00260,OV-R-0013,ovino,Dorper,Santa Ines,2.1,2,3.1,0.39,0.72,IA_cervical,11,0,2024-11-11,0.822,prenhe
E-OV-001232,OV-M-00096,OV-R-0028,ovino,Santa Ines,Santa Ines,5.8,5,2.5,0.51,0.86,IA_cervical,8,0,2024-08-06,0.378,prenhe
E-OV-001233,OV-M-00103,OV-R-0007,ovino,Mestico,Santa Ines,8.1,1,2.2,0.21,0.86,IA_laparoscopica,7,0,2024-07-10,0.504,prenhe
E-OV-001234,OV-M-00069,OV-R-0025,ovino,Mestico,Santa Ines,5.3,3,2.8,0.55,0.6,IA_cervical,1,0,2025-01-15,0.376,vazia
E-OV-001235,OV-M-00208,OV-R-0014,ovino,Mestico,White Dorper,6.4,1,4.1,0.57,0.52,IATF,11,0,2024-11-07,0.308,vazia
E-OV-001236,OV-M-00240,OV-R-0015,ovino,Morada Nova,Dorper,3.7,2,2.8,0.35,0.43,IA_cervical,11,0,2024-11-29,0.421,prenhe
E-OV-001237,OV-M-00198,OV-R-0007,ovino,Mestico,Santa Ines,6.1,1,3.7,0.59,0.86,IA_cervical,3,1,2024-03-10,0.576,vazia
E-OV-001238,OV-M-00179,OV-R-0027,ovino,Santa Ines,Dorper,9.5,4,3.4,0.34,0.71,IA_cervical,10,0,2025-10-04,0.511,vazia
E-OV-001239,OV-M-00231,OV-R-0015,ovino,White Dorper,Dorper,1.8,0,3.5,0.5,0.43,IATF,5,1,2025-05-31,0.702,vazia
E-OV-001240,OV-M-00054,OV-R-0017,ovino,Morada Nova,Santa Ines,8.4,1,2.9,0.47,0.55,IA_laparoscopica,11,0,2025-11-01,0.514,vazia
E-OV-001241,OV-M-00109,OV-R-0013,ovino,White Dorper,Santa Ines,6.1,2,3.4,0.83,0.72,IATF,8,0,2025-08-28,0.742,prenhe
E-OV-001242,OV-M-00212,OV-R-0002,ovino,Morada Nova,Santa Ines,6.3,1,2.9,0.41,0.71,IATF,3,1,2025-03-27,0.604,prenhe
E-OV-001243,OV-M-00015,OV-R-0023,ovino,White Dorper,Mestico,3.9,0,3.1,0.44,0.92,IA_cervical,8,0,2024-08-12,0.697,prenhe
E-OV-001244,OV-M-00273,OV-R-0009,ovino,Santa Ines,White Dorper,5.0,1,3.2,0.38,0.74,IATF,4,1,2025-04-22,0.829,prenhe
E-OV-001245,OV-M-00051,OV-R-0007,ovino,Mestico,Santa Ines,8.0,1,3.2,0.31,0.86,IA_cervical,2,1,2025-02-17,0.671,prenhe
E-OV-001246,OV-M-00236,OV-R-0023,ovino,Mestico,Mestico,8.9,3,3.6,0.63,0.92,IA_cervical,11,0,2025-11-05,0.564,vazia
E-OV-001247,OV-M-00184,OV-R-0005,ovino,Santa Ines,Santa Ines,9.1,0,3.5,0.45,0.69,IA_cervical,6,0,2024-06-18,0.607,vazia
E-OV-001248,OV-M-00254,OV-R-0020,ovino,Morada Nova,Dorper,1.3,2,3.7,0.29,0.57,IA_cervical,1,0,2024-01-19,0.479,vazia
E-OV-001249,OV-M-00232,OV-R-0014,ovino,Santa Ines,White Dorper,4.7,2,2.5,0.24,0.52,IA_laparoscopica,4,1,2024-04-03,0.678,prenhe
E-OV-001250,OV-M-00154,OV-R-0023,ovino,Somalis,Mestico,8.4,0,3.5,0.58,0.92,IA_cervical,5,1,2024-05-07,0.788,prenhe
E-OV-001251,OV-M-00226,OV-R-0001,ovino,Santa Ines,Santa Ines,4.5,2,3.4,0.73,0.86,IA_laparoscopica,4,1,2025-04-29,0.95,prenhe
E-OV-001252,OV-M-00103,OV-R-0023,ovino,Mestico,Mestico,8.1,1,2.2,0.21,0.92,IATF,4,1,2024-04-17,0.37,prenhe
E-OV-001253,OV-M-00175,OV-R-0006,ovino,Santa Ines,Santa Ines,8.4,5,2.6,0.87,0.59,IA_cervical,4,1,2024-04-07,0.433,prenhe
E-OV-001254,OV-M-00274,OV-R-0026,ovino,Santa Ines,Morada Nova,3.1,4,3.3,0.37,0.72,IA_cervical,10,0,2024-10-16,0.66,prenhe
E-OV-001255,OV-M-00025,OV-R-0010,ovino,Santa Ines,Dorper,3.5,4,4.3,0.6,0.65,IA_laparoscopica,7,0,2025-07-24,0.56,prenhe
E-OV-001256,OV-M-00106,OV-R-0000,ovino,Santa Ines,Santa Ines,6.9,0,3.3,0.28,0.64,IA_cervical,11,0,2024-11-05,0.424,vazia
E-OV-001257,OV-M-00005,OV-R-0014,ovino,Santa Ines,White Dorper,3.6,0,3.0,0.22,0.52,IATF,7,0,2024-07-17,0.558,prenhe
E-OV-001258,OV-M-00160,OV-R-0001,ovino,Morada Nova,Santa Ines,6.3,0,4.1,0.16,0.86,IA_cervical,7,0,2024-07-26,0.295,vazia
E-OV-001259,OV-M-00234,OV-R-0008,ovino,Dorper,Dorper,6.8,0,3.1,0.24,0.34,IA_cervical,8,0,2025-08-20,0.345,vazia
E-OV-001260,OV-M-00011,OV-R-0021,ovino,Morada Nova,Santa Ines,7.2,0,3.1,0.66,0.84,IA_cervical,11,0,2024-11-12,0.627,prenhe
E-OV-001261,OV-M-00164,OV-R-0016,ovino,Santa Ines,Santa Ines,4.7,0,2.9,0.61,0.61,IA_cervical,9,0,2024-09-26,0.411,vazia
E-OV-001262,OV-M-00124,OV-R-0021,ovino,Morada Nova,Santa Ines,2.7,1,3.3,0.66,0.84,IA_cervical,7,0,2025-07-18,0.822,prenhe
E-OV-001263,OV-M-00234,OV-R-0026,ovino,Dorper,Morada Nova,6.8,0,3.1,0.24,0.72,IA_cervical,9,0,2024-09-26,0.536,vazia
E-OV-001264,OV-M-00066,OV-R-0014,ovino,Santa Ines,White Dorper,5.9,4,3.2,0.67,0.52,IA_cervical,9,0,2024-09-17,0.592,prenhe
E-OV-001265,OV-M-00048,OV-R-0016,ovino,Santa Ines,Santa Ines,8.8,3,3.4,0.37,0.61,IATF,7,0,2025-07-01,0.619,prenhe
E-OV-001266,OV-M-00028,OV-R-0001,ovino,Santa Ines,Santa Ines,9.3,2,3.5,0.91,0.86,IA_cervical,8,0,2024-08-27,0.693,prenhe
E-OV-001267,OV-M-00122,OV-R-0008,ovino,White Dorper,Dorper,2.5,0,2.4,0.76,0.34,IA_cervical,1,0,2025-01-07,0.331,vazia
E-OV-001268,OV-M-00146,OV-R-0021,ovino,Santa Ines,Santa Ines,2.4,5,3.3,0.18,0.84,IA_cervical,4,1,2025-04-30,0.821,prenhe
E-OV-001269,OV-M-00275,OV-R-0001,ovino,Santa Ines,Santa Ines,4.3,3,3.2,0.64,0.86,IA_cervical,5,1,2024-05-26,0.928,prenhe
E-OV-001270,OV-M-00139,OV-R-0010,ovino,Santa Ines,Dorper,7.1,0,3.9,0.7,0.65,IA_cervical,4,1,2024-04-03,0.41,prenhe
E-OV-001271,OV-M-00051,OV-R-0004,ovino,Mestico,Mestico,8.0,1,3.2,0.31,0.42,IATF,9,0,2025-09-12,0.452,vazia
E-OV-001272,OV-M-00209,OV-R-0025,ovino,Santa Ines,Santa Ines,8.0,0,3.0,0.73,0.6,IA_cervical,8,0,2024-08-04,0.495,prenhe
E-OV-001273,OV-M-00018,OV-R-0016,ovino,Santa Ines,Santa Ines,2.1,5,3.6,0.55,0.61,IA_laparoscopica,9,0,2024-09-05,0.626,prenhe
E-OV-001274,OV-M-00103,OV-R-0019,ovino,Mestico,Santa Ines,8.1,1,2.2,0.21,0.87,IA_cervical,3,1,2025-03-06,0.412,prenhe
E-OV-001275,OV-M-00196,OV-R-0020,ovino,Santa Ines,Dorper,6.0,0,1.9,0.51,0.57,IA_cervical,3,1,2024-03-16,0.284,prenhe
E-OV-001276,OV-M-00076,OV-R-0006,ovino,Morada Nova,Santa Ines,2.2,5,3.7,0.44,0.59,IA_cervical,2,1,2024-02-03,0.564,vazia
E-OV-001277,OV-M-00178,OV-R-0001,ovino,Mestico,Santa Ines,9.7,4,3.4,0.58,0.86,IA_laparoscopica,10,0,2024-10-30,0.889,prenhe
E-OV-001278,OV-M-00135,OV-R-0011,ovino,Santa Ines,Morada Nova,1.9,2,4.0,0.56,0.74,IATF,12,0,2025-12-07,0.605,prenhe
E-OV-001279,OV-M-00285,OV-R-0005,ovino,Mestico,Santa Ines,4.7,4,2.8,0.63,0.69,IA_cervical,2,1,2025-02-22,0.647,prenhe
E-OV-001280,OV-M-00086,OV-R-0009,ovino,Dorper,White Dorper,5.4,4,3.4,0.56,0.74,IATF,2,1,2025-02-26,0.74,prenhe
E-OV-001281,OV-M-00271,OV-R-0009,ovino,Santa Ines,White Dorper,4.7,1,3.0,0.38,0.74,IA_cervical,3,1,2025-03-21,0.753,prenhe
E-OV-001282,OV-M-00187,OV-R-0023,ovino,Mestico,Mestico,6.8,0,3.4,1.0,0.92,IA_cervical,9,0,2025-09-20,0.788,vazia
E-OV-001283,OV-M-00224,OV-R-0009,ovino,White Dorper,White Dorper,2.9,0,3.2,0.55,0.74,IA_laparoscopica,9,0,2025-09-01,0.944,prenhe
E-OV-001284,OV-M-00050,OV-R-0004,ovino,Santa Ines,Mestico,2.1,2,3.5,0.4,0.42,IA_cervical,1,0,2024-01-18,0.65,vazia
E-OV-001285,OV-M-00005,OV-R-0028,ovino,Santa Ines,Santa Ines,3.6,0,3.0,0.22,0.86,IA_cervical,1,0,2025-01-30,0.654,prenhe
E-OV-001286,OV-M-00219,OV-R-0001,ovino,Dorper,Santa Ines,5.9,1,2.9,0.38,0.86,IA_cervical,2,1,2025-02-03,0.442,prenhe
E-OV-001287,OV-M-00144,OV-R-0006,ovino,Dorper,Santa Ines,3.1,5,2.9,0.07,0.59,IA_laparoscopica,6,0,2024-06-12,0.551,vazia
E-OV-001288,OV-M-00092,OV-R-0010,ovino,Santa Ines,Dorper,4.2,5,3.1,0.54,0.65,IA_cervical,12,0,2025-12-12,0.608,prenhe
E-OV-001289,OV-M-00268,OV-R-0001,ovino,Mestico,Santa Ines,4.1,0,3.4,0.29,0.86,IATF,7,0,2024-07-10,0.794,prenhe
E-OV-001290,OV-M-00097,OV-R-0026,ovino,White Dorper,Morada Nova,4.4,4,3.2,0.38,0.72,IA_cervical,8,0,2025-08-31,0.644,prenhe
E-OV-001291,OV-M-00130,OV-R-0010,ovino,Morada Nova,Dorper,4.8,4,4.6,0.56,0.65,IATF,3,1,2024-03-14,0.611,vazia
E-OV-001292,OV-M-00217,OV-R-0023,ovino,Dorper,Mestico,2.2,3,3.7,0.24,0.92,IA_cervical,3,1,2025-03-15,0.642,vazia
E-OV-001293,OV-M-00288,OV-R-0004,ovino,Somalis,Mestico,4.1,5,3.1,0.9,0.42,IA_laparoscopica,6,0,2025-06-21,0.808,vazia
E-OV-001294,OV-M-00269,OV-R-0015,ovino,Somalis,Dorper,9.5,2,3.7,0.81,0.43,IA_cervical,1,0,2025-01-03,0.427,prenhe
E-OV-001295,OV-M-00195,OV-R-0003,ovino,Morada Nova,Santa Ines,1.6,2,3.6,0.7,0.81,IA_cervical,3,1,2024-03-18,0.785,prenhe
E-OV-001296,OV-M-00033,OV-R-0006,ovino,Santa Ines,Santa Ines,6.4,3,3.0,0.0,0.59,IA_cervical,3,1,2024-03-31,0.543,prenhe
E-OV-001297,OV-M-00032,OV-R-0012,ovino,Dorper,Dorper,7.2,0,2.2,0.78,0.64,IA_laparoscopica,3,1,2025-03-18,0.57,vazia
E-OV-001298,OV-M-00207,OV-R-0025,ovino,Santa Ines,Santa Ines,2.3,2,3.1,0.6,0.6,IA_cervical,9,0,2025-09-21,0.687,prenhe
E-OV-001299,OV-M-00152,OV-R-0009,ovino,Santa Ines,White Dorper,6.9,5,2.8,0.62,0.74,IA_cervical,3,1,2025-03-11,0.492,vazia
E-OV-001300,OV-M-00039,OV-R-0022,ovino,Morada Nova,Somalis,2.1,2,3.7,0.27,0.59,IATF,3,1,2024-03-14,0.66,prenhe
E-OV-001301,OV-M-00208,OV-R-0002,ovino,Mestico,Santa Ines,6.4,1,4.1,0.57,0.71,IA_cervical,7,0,2025-07-27,0.325,vazia
E-OV-001302,OV-M-00282,OV-R-0007,ovino,Somalis,Santa Ines,3.0,2,4.0,0.67,0.86,IA_cervical,12,0,2024-12-01,0.642,vazia
E-OV-001303,OV-M-00019,OV-R-0018,ovino,Morada Nova,Santa Ines,4.1,4,3.5,0.18,0.6,IA_cervical,2,1,2024-02-24,0.702,prenhe
E-OV-001304,OV-M-00247,OV-R-0014,ovino,Morada Nova,White Dorper,6.7,0,2.9,0.5,0.52,IA_cervical,9,0,2024-09-25,0.319,vazia
E-OV-001305,OV-M-00103,OV-R-0015,ovino,Mestico,Dorper,8.1,1,2.2,0.21,0.43,IA_cervical,5,1,2024-05-28,0.149,vazia
E-OV-001306,OV-M-00119,OV-R-0020,ovino,Santa Ines,Dorper,2.2,2,3.2,0.33,0.57,IA_laparoscopica,12,0,2025-12-21,0.787,vazia
E-OV-001307,OV-M-00215,OV-R-0002,ovino,Morada Nova,Santa Ines,4.5,2,2.6,0.49,0.71,IA_cervical,10,0,2025-10-25,0.602,vazia
E-OV-001308,OV-M-00074,OV-R-0020,ovino,Somalis,Dorper,4.2,5,3.8,1.0,0.57,IA_cervical,3,1,2024-03-18,0.596,prenhe
E-OV-001309,OV-M-00047,OV-R-0025,ovino,Santa Ines,Santa Ines,8.0,0,3.6,0.59,0.6,IA_laparoscopica,2,1,2025-02-21,0.505,prenhe
E-OV-001310,OV-M-00289,OV-R-0022,ovino,Santa Ines,Somalis,5.0,2,4.0,0.26,0.59,IA_cervical,1,0,2024-01-06,0.546,vazia
E-OV-001311,OV-M-00104,OV-R-0008,ovino,Santa Ines,Dorper,6.8,5,2.9,0.52,0.34,IA_cervical,11,0,2024-11-30,0.165,vazia
E-OV-001312,OV-M-00050,OV-R-0010,ovino,Santa Ines,Dorper,2.1,2,3.5,0.4,0.65,IATF,4,1,2024-04-23,0.82,prenhe
E-OV-001313,OV-M-00206,OV-R-0028,ovino,Santa Ines,Santa Ines,2.2,5,3.1,0.66,0.86,IA_cervical,6,0,2025-06-29,0.725,vazia
E-OV-001314,OV-M-00065,OV-R-0023,ovino,Morada Nova,Mestico,3.5,1,1.9,0.4,0.92,IA_cervical,2,1,2024-02-22,0.553,prenhe
E-OV-001315,OV-M-00232,OV-R-0027,ovino,Santa Ines,Dorper,4.7,2,2.5,0.24,0.71,IATF,10,0,2025-10-20,0.528,prenhe
E-OV-001316,OV-M-00021,OV-R-0027,ovino,Somalis,Dorper,2.7,4,3.6,0.27,0.71,IA_laparoscopica,6,0,2024-06-17,0.744,prenhe
E-OV-001317,OV-M-00155,OV-R-0013,ovino,Santa Ines,Santa Ines,9.0,5,3.2,0.44,0.72,IATF,7,0,2024-07-10,0.582,prenhe
E-OV-001318,OV-M-00120,OV-R-0003,ovino,Santa Ines,Santa Ines,3.1,4,3.6,0.62,0.81,IATF,10,0,2025-10-08,0.737,prenhe
E-OV-001319,OV-M-00287,OV-R-0006,ovino,Santa Ines,Santa Ines,1.1,0,3.8,0.58,0.59,IA_cervical,10,0,2025-10-20,0.412,vazia
E-OV-001320,OV-M-00156,OV-R-0008,ovino,Mestico,Dorper,8.7,0,4.4,0.39,0.34,IA_cervical,3,1,2024-03-11,0.261,prenhe
E-OV-001321,OV-M-00277,OV-R-0025,ovino,Morada Nova,Santa Ines,6.6,4,2.7,0.97,0.6,IA_laparoscopica,3,1,2024-03-20,0.659,prenhe
E-OV-001322,OV-M-00074,OV-R-0008,ovino,Somalis,Dorper,4.2,5,3.8,1.0,0.34,IA_laparoscopica,9,0,2025-09-15,0.547,vazia
E-OV-001323,OV-M-00142,OV-R-0010,ovino,Santa Ines,Dorper,8.2,4,3.2,0.44,0.65,IA_laparoscopica,12,0,2025-12-14,0.846,prenhe
E-OV-001324,OV-M-00244,OV-R-0025,ovino,Santa Ines,Santa Ines,5.4,1,2.8,0.64,0.6,IA_cervical,12,0,2024-12-22,0.402,vazia
E-OV-001325,OV-M-00048,OV-R-0004,ovino,Santa Ines,Mestico,8.8,3,3.4,0.37,0.42,IATF,4,1,2024-04-30,0.619,prenhe
E-OV-001326,OV-M-00278,OV-R-0019,ovino,Santa Ines,Santa Ines,4.7,1,3.4,0.8,0.87,IA_cervical,4,1,2024-04-21,0.92,prenhe
E-OV-001327,OV-M-00231,OV-R-0016,ovino,White Dorper,Santa Ines,1.8,0,3.5,0.5,0.61,IA_cervical,7,0,2024-07-13,0.633,prenhe
E-OV-001328,OV-M-00203,OV-R-0029,ovino,Santa Ines,Santa Ines,2.6,5,3.0,0.95,0.66,IA_cervical,5,1,2025-05-15,0.829,prenhe
E-OV-001329,OV-M-00072,OV-R-0014,ovino,Somalis,White Dorper,1.3,5,3.0,0.52,0.52,IA_cervical,3,1,2024-03-11,0.624,vazia
E-OV-001330,OV-M-00245,OV-R-0015,ovino,Morada Nova,Dorper,7.5,5,3.4,0.38,0.43,IA_laparoscopica,4,1,2025-04-13,0.699,prenhe
E-OV-001331,OV-M-00252,OV-R-0025,ovino,Santa Ines,Santa Ines,6.4,3,3.2,0.55,0.6,IA_cervical,8,0,2025-08-09,0.613,vazia
E-OV-001332,OV-M-00087,OV-R-0029,ovino,Somalis,Santa Ines,7.6,4,3.2,0.83,0.66,IA_laparoscopica,4,1,2024-04-14,0.95,prenhe
E-OV-001333,OV-M-00176,OV-R-0021,ovino,Morada Nova,Santa Ines,9.9,2,3.0,0.63,0.84,IA_cervical,12,0,2025-12-19,0.78,prenhe
E-OV-001334,OV-M-00018,OV-R-0020,ovino,Santa Ines,Dorper,2.1,5,3.6,0.55,0.57,IA_cervical,12,0,2025-12-21,0.465,vazia
E-OV-001335,OV-M-00118,OV-R-0026,ovino,Mestico,Morada Nova,8.5,0,3.9,0.22,0.72,IA_cervical,8,0,2024-08-04,0.231,prenhe
E-OV-001336,OV-M-00045,OV-R-0029,ovino,Santa Ines,Santa Ines,2.2,3,3.5,0.47,0.66,IA_cervical,3,1,2024-03-22,0.887,prenhe
E-OV-001337,OV-M-00166,OV-R-0022,ovino,Dorper,Somalis,3.5,3,3.8,0.58,0.59,IA_laparoscopica,8,0,2024-08-25,0.671,prenhe
E-OV-001338,OV-M-00164,OV-R-0008,ovino,Santa Ines,Dorper,4.7,0,2.9,0.61,0.34,IA_cervical,7,0,2024-07-07,0.365,prenhe
E-OV-001339,OV-M-00159,OV-R-0019,ovino,Morada Nova,Santa Ines,6.0,5,3.6,0.72,0.87,IA_cervical,7,0,2024-07-22,0.459,vazia
E-OV-001340,OV-M-00203,OV-R-0007,ovino,Santa Ines,Santa Ines,2.6,5,3.0,0.95,0.86,IA_cervical,11,0,2025-11-06,0.792,prenhe
E-OV-001341,OV-M-00277,OV-R-0015,ovino,Morada Nova,Dorper,6.6,4,2.7,0.97,0.43,IA_cervical,4,1,2024-04-23,0.544,vazia
E-OV-001342,OV-M-00059,OV-R-0013,ovino,Santa Ines,Santa Ines,8.1,2,4.0,0.64,0.72,IA_cervical,8,0,2024-08-19,0.488,vazia
E-OV-001343,OV-M-00064,OV-R-0029,ovino,Dorper,Santa Ines,2.0,2,2.6,0.58,0.66,IATF,7,0,2025-07-28,0.646,prenhe
E-OV-001344,OV-M-00064,OV-R-0016,ovino,Dorper,Santa Ines,2.0,2,2.6,0.58,0.61,IA_cervical,2,1,2024-02-11,0.589,prenhe
E-OV-001345,OV-M-00278,OV-R-0028,ovino,Santa Ines,Santa Ines,4.7,1,3.4,0.8,0.86,IA_cervical,2,1,2024-02-14,0.885,prenhe
E-OV-001346,OV-M-00027,OV-R-0024,ovino,Santa Ines,Santa Ines,9.9,2,2.5,0.49,0.66,IATF,8,0,2024-08-08,0.434,vazia
E-OV-001347,OV-M-00009,OV-R-0025,ovino,Dorper,Santa Ines,3.9,5,3.4,0.4,0.6,IA_laparoscopica,12,0,2025-12-07,0.77,prenhe
E-OV-001348,OV-M-00048,OV-R-0005,ovino,Santa Ines,Santa Ines,8.8,3,3.4,0.37,0.69,IA_cervical,9,0,2025-09-04,0.574,vazia
E-OV-001349,OV-M-00230,OV-R-0023,ovino,Santa Ines,Mestico,5.3,2,3.4,0.19,0.92,IA_laparoscopica,11,0,2025-11-07,0.908,prenhe
E-OV-001350,OV-M-00173,OV-R-0007,ovino,Mestico,Santa Ines,9.2,5,3.4,0.49,0.86,IATF,9,0,2025-09-22,0.629,prenhe
E-OV-001351,OV-M-00275,OV-R-0017,ovino,Santa Ines,Santa Ines,4.3,3,3.2,0.64,0.55,IA_cervical,3,1,2024-03-27,0.682,prenhe
E-OV-001352,OV-M-00061,OV-R-0014,ovino,Morada Nova,White Dorper,2.3,1,2.4,0.71,0.52,IA_cervical,10,0,2024-10-19,0.46,prenhe
E-OV-001353,OV-M-00118,OV-R-0007,ovino,Mestico,Santa Ines,8.5,0,3.9,0.22,0.86,IATF,1,0,2025-01-21,0.42,prenhe
E-OV-001354,OV-M-00166,OV-R-0029,ovino,Dorper,Santa Ines,3.5,3,3.8,0.58,0.66,IATF,5,1,2024-05-01,0.693,prenhe
E-OV-001355,OV-M-00021,OV-R-0026,ovino,Somalis,Morada Nova,2.7,4,3.6,0.27,0.72,IATF,12,0,2025-12-25,0.56,prenhe
E-OV-001356,OV-M-00275,OV-R-0017,ovino,Santa Ines,Santa Ines,4.3,3,3.2,0.64,0.55,IA_cervical,3,1,2025-03-16,0.741,prenhe
E-OV-001357,OV-M-00241,OV-R-0000,ovino,Santa Ines,Santa Ines,8.9,5,2.5,0.51,0.64,IATF,9,0,2025-09-14,0.485,prenhe
E-OV-001358,OV-M-00043,OV-R-0005,ovino,Santa Ines,Santa Ines,8.0,4,3.1,0.58,0.69,IA_cervical,7,0,2024-07-07,0.625,vazia
E-OV-001359,OV-M-00252,OV-R-0006,ovino,Santa Ines,Santa Ines,6.4,3,3.2,0.55,0.59,IA_laparoscopica,6,0,2025-06-06,0.669,vazia
E-OV-001360,OV-M-00134,OV-R-0029,ovino,Santa Ines,Santa Ines,1.7,0,2.4,0.29,0.66,IATF,3,1,2024-03-18,0.458,prenhe
E-OV-001361,OV-M-00100,OV-R-0012,ovino,Dorper,Dorper,3.5,5,4.0,0.77,0.64,IA_cervical,1,0,2024-01-17,0.58,prenhe
E-OV-001362,OV-M-00283,OV-R-0001,ovino,Santa Ines,Santa Ines,8.8,4,2.9,0.48,0.86,IA_cervical,4,1,2025-04-12,0.588,prenhe
E-OV-001363,OV-M-00155,OV-R-0017,ovino,Santa Ines,Santa Ines,9.0,5,3.2,0.44,0.55,IA_cervical,2,1,2024-02-19,0.493,vazia
E-OV-001364,OV-M-00068,OV-R-0028,ovino,Dorper,Santa Ines,4.1,4,4.0,0.71,0.86,IATF,7,0,2024-07-20,0.676,prenhe
E-OV-001365,OV-M-00242,OV-R-0016,ovino,Santa Ines,Santa Ines,7.2,3,1.6,0.51,0.61,IA_cervical,8,0,2025-08-02,0.26,prenhe
E-OV-001366,OV-M-00214,OV-R-0013,ovino,Somalis,Santa Ines,9.8,4,2.4,0.54,0.72,IATF,12,0,2024-12-29,0.482,vazia
E-OV-001367,OV-M-00057,OV-R-0005,ovino,Santa Ines,Santa Ines,1.1,3,2.7,0.94,0.69,IA_cervical,10,0,2024-10-01,0.65,prenhe
E-OV-001368,OV-M-00203,OV-R-0026,ovino,Santa Ines,Morada Nova,2.6,5,3.0,0.95,0.72,IA_cervical,7,0,2024-07-31,0.674,prenhe
E-OV-001369,OV-M-00188,OV-R-0003,ovino,Santa Ines,Santa Ines,7.6,3,3.7,0.42,0.81,IA_cervical,5,1,2025-05-02,0.567,vazia
E-OV-001370,OV-M-00082,OV-R-0028,ovino,White Dorper,Santa Ines,1.5,0,3.7,0.71,0.86,IATF,11,0,2025-11-27,0.633,vazia
E-OV-001371,OV-M-00129,OV-R-0006,ovino,Somalis,Santa Ines,4.6,3,3.8,0.42,0.59,IA_cervical,6,0,2025-06-23,0.488,vazia
E-OV-001372,OV-M-00251,OV-R-0004,ovino,Santa Ines,Mestico,1.4,5,2.9,0.4,0.42,IA_cervical,9,0,2024-09-19,0.307,prenhe
E-OV-001373,OV-M-00052,OV-R-0010,ovino,Morada Nova,Dorper,3.3,5,3.0,0.39,0.65,IA_cervical,11,0,2024-11-04,0.565,prenhe
E-OV-001374,OV-M-00216,OV-R-0000,ovino,Morada Nova,Santa Ines,2.3,4,3.3,1.0,0.64,IATF,3,1,2024-03-16,0.95,prenhe
E-OV-001375,OV-M-00249,OV-R-0000,ovino,Dorper,Santa Ines,5.5,5,2.7,0.32,0.64,IATF,4,1,2024-04-14,0.442,vazia
E-OV-001376,OV-M-00281,OV-R-0005,ovino,Morada Nova,Santa Ines,5.8,0,3.3,0.47,0.69,IA_cervical,7,0,2024-07-14,0.524,prenhe
E-OV-001377,OV-M-00097,OV-R-0020,ovino,White Dorper,Dorper,4.4,4,3.2,0.38,0.57,IA_cervical,10,0,2024-10-09,0.676,prenhe
E-OV-001378,OV-M-00079,OV-R-0024,ovino,Santa Ines,Santa Ines,1.0,1,3.5,0.36,0.66,IA_cervical,12,0,2025-12-23,0.662,vazia
E-OV-001379,OV-M-00280,OV-R-0007,ovino,Morada Nova,Santa Ines,3.4,3,3.3,0.68,0.86,IA_cervical,9,0,2025-09-27,0.817,vazia
E-OV-001380,OV-M-00138,OV-R-0019,ovino,Santa Ines,Santa Ines,7.8,3,3.5,0.5,0.87,IATF,3,1,2024-03-23,0.798,vazia
E-OV-001381,OV-M-00170,OV-R-0010,ovino,Santa Ines,Dorper,5.9,3,3.1,0.52,0.65,IA_cervical,8,0,2024-08-29,0.652,prenhe
E-OV-001382,OV-M-00153,OV-R-0012,ovino,Dorper,Dorper,4.0,4,3.4,0.18,0.64,IA_cervical,2,1,2024-02-11,0.803,prenhe
E-OV-001383,OV-M-00154,OV-R-0010,ovino,Somalis,Dorper,8.4,0,3.5,0.58,0.65,IA_laparoscopica,2,1,2024-02-15,0.705,prenhe
E-OV-001384,OV-M-00187,OV-R-0026,ovino,Mestico,Morada Nova,6.8,0,3.4,1.0,0.72,IA_cervical,9,0,2024-09-30,0.608,prenhe
E-OV-001385,OV-M-00126,OV-R-0015,ovino,Somalis,Dorper,1.9,0,2.6,0.36,0.43,IA_cervical,12,0,2025-12-01,0.376,prenhe
E-OV-001386,OV-M-00117,OV-R-0015,ovino,Santa Ines,Dorper,8.1,2,3.0,0.21,0.43,IA_cervical,5,1,2024-05-15,0.618,vazia
E-OV-001387,OV-M-00120,OV-R-0025,ovino,Santa Ines,Santa Ines,3.1,4,3.6,0.62,0.6,IA_cervical,5,1,2025-05-11,0.723,prenhe
E-OV-001388,OV-M-00196,OV-R-0019,ovino,Santa Ines,Santa Ines,6.0,0,1.9,0.51,0.87,IA_laparoscopica,10,0,2024-10-13,0.45,prenhe
E-OV-001389,OV-M-00245,OV-R-0004,ovino,Morada Nova,Mestico,7.5,5,3.4,0.38,0.42,IA_cervical,1,0,2025-01-29,0.458,vazia
E-OV-001390,OV-M-00166,OV-R-0005,ovino,Dorper,Santa Ines,3.5,3,3.8,0.58,0.69,IA_cervical,9,0,2025-09-26,0.585,vazia
E-OV-001391,OV-M-00203,OV-R-0010,ovino,Santa Ines,Dorper,2.6,5,3.0,0.95,0.65,IA_cervical,8,0,2025-08-28,0.782,prenhe
E-OV-001392,OV-M-00123,OV-R-0002,ovino,Somalis,Santa Ines,4.5,5,3.9,0.37,0.71,IA_laparoscopica,8,0,2025-08-27,0.687,prenhe
E-OV-001393,OV-M-00232,OV-R-0020,ovino,Santa Ines,Dorper,4.7,2,2.5,0.24,0.57,IA_cervical,10,0,2024-10-27,0.403,vazia
E-OV-001394,OV-M-00118,OV-R-0014,ovino,Mestico,White Dorper,8.5,0,3.9,0.22,0.52,IA_cervical,2,1,2024-02-05,0.319,vazia
E-OV-001395,OV-M-00126,OV-R-0001,ovino,Somalis,Santa Ines,1.9,0,2.6,0.36,0.86,IA_cervical,12,0,2025-12-20,0.556,prenhe
E-OV-001396,OV-M-00016,OV-R-0012,ovino,White Dorper,Dorper,9.5,1,3.6,0.16,0.64,IA_cervical,12,0,2025-12-26,0.297,vazia
E-OV-001397,OV-M-00078,OV-R-0024,ovino,Santa Ines,Santa Ines,7.4,0,3.6,0.68,0.66,IA_cervical,9,0,2025-09-18,0.348,vazia
E-OV-001398,OV-M-00221,OV-R-0027,ovino,Somalis,Dorper,8.9,0,3.1,1.0,0.71,IA_cervical,12,0,2024-12-14,0.535,vazia
E-OV-001399,OV-M-00026,OV-R-0028,ovino,White Dorper,Santa Ines,3.5,2,2.4,0.36,0.86,IATF,7,0,2024-07-23,0.59,prenhe
E-OV-001400,OV-M-00067,OV-R-0027,ovino,Morada Nova,Dorper,2.9,5,3.8,0.17,0.71,IA_cervical,5,1,2024-05-07,0.518,vazia
E-OV-001401,OV-M-00232,OV-R-0018,ovino,Santa Ines,Santa Ines,4.7,2,2.5,0.24,0.6,IA_laparoscopica,9,0,2024-09-27,0.612,prenhe
E-OV-001402,OV-M-00261,OV-R-0027,ovino,Somalis,Dorper,3.2,3,3.0,0.37,0.71,IA_cervical,9,0,2024-09-01,0.702,prenhe
E-OV-001403,OV-M-00124,OV-R-0028,ovino,Morada Nova,Santa Ines,2.7,1,3.3,0.66,0.86,IA_cervical,7,0,2024-07-20,0.794,prenhe
E-OV-001404,OV-M-00122,OV-R-0019,ovino,White Dorper,Santa Ines,2.5,0,2.4,0.76,0.87,IA_cervical,11,0,2025-11-24,0.462,prenhe
E-OV-001405,OV-M-00152,OV-R-0012,ovino,Santa Ines,Dorper,6.9,5,2.8,0.62,0.64,IA_cervical,4,1,2025-04-26,0.44,prenhe
E-OV-001406,OV-M-00231,OV-R-0028,ovino,White Dorper,Santa Ines,1.8,0,3.5,0.5,0.86,IA_laparoscopica,6,0,2024-06-11,0.797,prenhe
E-OV-001407,OV-M-00140,OV-R-0012,ovino,Santa Ines,Dorper,2.6,4,3.1,0.59,0.64,IATF,4,1,2025-04-11,0.931,prenhe
E-OV-001408,OV-M-00052,OV-R-0004,ovino,Morada Nova,Mestico,3.3,5,3.0,0.39,0.42,IATF,5,1,2025-05-29,0.657,prenhe
E-OV-001409,OV-M-00129,OV-R-0003,ovino,Somalis,Santa Ines,4.6,3,3.8,0.42,0.81,IA_cervical,1,0,2025-01-16,0.543,vazia
E-OV-001410,OV-M-00076,OV-R-0017,ovino,Morada Nova,Santa Ines,2.2,5,3.7,0.44,0.55,IA_laparoscopica,11,0,2025-11-22,0.475,vazia
E-OV-001411,OV-M-00205,OV-R-0001,ovino,Santa Ines,Santa Ines,2.6,3,2.8,0.72,0.86,IA_cervical,12,0,2025-12-06,0.729,prenhe
E-OV-001412,OV-M-00042,OV-R-0003,ovino,Dorper,Santa Ines,7.1,1,3.5,0.81,0.81,IA_cervical,11,0,2024-11-11,0.694,vazia
E-OV-001413,OV-M-00182,OV-R-0007,ovino,Santa Ines,Santa Ines,8.1,1,2.8,0.3,0.86,IA_cervical,12,0,2024-12-10,0.425,vazia
E-OV-001414,OV-M-00038,OV-R-0015,ovino,Santa Ines,Dorper,2.6,4,3.5,0.79,0.43,IA_cervical,6,0,2024-06-07,0.733,vazia
E-OV-001415,OV-M-00291,OV-R-0014,ovino,Santa Ines,White Dorper,7.7,2,2.8,0.51,0.52,IA_laparoscopica,7,0,2025-07-26,0.593,prenhe
E-OV-001416,OV-M-00192,OV-R-0015,ovino,Somalis,Dorper,9.6,3,4.0,0.82,0.43,IATF,11,0,2025-11-10,0.456,vazia
E-OV-001417,OV-M-00041,OV-R-0015,ovino,Somalis,Dorper,8.0,2,3.5,0.27,0.43,IA_cervical,4,1,2025-04-25,0.523,vazia
E-OV-001418,OV-M-00287,OV-R-0029,ovino,Santa Ines,Santa Ines,1.1,0,3.8,0.58,0.66,IA_cervical,5,1,2024-05-26,0.529,prenhe
E-OV-001419,OV-M-00172,OV-R-0006,ovino,Santa Ines,Santa Ines,8.1,1,4.9,0.55,0.59,IA_laparoscopica,1,0,2025-01-13,0.457,prenhe
E-OV-001420,OV-M-00181,OV-R-0014,ovino,White Dorper,White Dorper,8.8,3,4.2,0.49,0.52,IATF,8,0,2025-08-03,0.386,vazia
E-OV-001421,OV-M-00018,OV-R-0018,ovino,Santa Ines,Santa Ines,2.1,5,3.6,0.55,0.6,IA_laparoscopica,1,0,2024-01-31,0.635,prenhe
E-OV-001422,OV-M-00056,OV-R-0008,ovino,Santa Ines,Dorper,3.9,2,2.5,0.57,0.34,IA_cervical,3,1,2025-03-06,0.594,prenhe
E-OV-001423,OV-M-00242,OV-R-0005,ovino,Santa Ines,Santa Ines,7.2,3,1.6,0.51,0.69,IA_cervical,4,1,2025-04-24,0.437,prenhe
E-OV-001424,OV-M-00140,OV-R-0001,ovino,Santa Ines,Santa Ines,2.6,4,3.1,0.59,0.86,IA_laparoscopica,1,0,2025-01-26,0.95,prenhe
E-OV-001425,OV-M-00184,OV-R-0009,ovino,Santa Ines,White Dorper,9.1,0,3.5,0.45,0.74,IA_cervical,4,1,2025-04-14,0.716,prenhe
E-OV-001426,OV-M-00296,OV-R-0007,ovino,Morada Nova,Santa Ines,3.5,5,3.1,0.34,0.86,IATF,10,0,2025-10-15,0.825,prenhe
E-OV-001427,OV-M-00128,OV-R-0005,ovino,Dorper,Santa Ines,7.0,4,2.6,0.54,0.69,IATF,4,1,2024-04-01,0.658,prenhe
E-OV-001428,OV-M-00114,OV-R-0008,ovino,Dorper,Dorper,5.9,4,2.7,0.55,0.34,IATF,2,1,2025-02-20,0.396,prenhe
E-OV-001429,OV-M-00240,OV-R-0020,ovino,Morada Nova,Dorper,3.7,2,2.8,0.35,0.57,IA_cervical,8,0,2025-08-04,0.598,prenhe
E-OV-001430,OV-M-00019,OV-R-0024,ovino,Morada Nova,Santa Ines,4.1,4,3.5,0.18,0.66,IA_laparoscopica,8,0,2025-08-23,0.836,prenhe
E-OV-001431,OV-M-00136,OV-R-0015,ovino,Dorper,Dorper,9.7,2,2.7,0.39,0.43,IA_laparoscopica,12,0,2024-12-06,0.479,prenhe
E-OV-001432,OV-M-00256,OV-R-0001,ovino,Santa Ines,Santa Ines,7.4,1,2.8,0.36,0.86,IA_cervical,12,0,2025-12-29,0.318,vazia
E-OV-001433,OV-M-00068,OV-R-0022,ovino,Dorper,Somalis,4.1,4,4.0,0.71,0.59,IA_cervical,8,0,2024-08-24,0.584,prenhe
E-OV-001434,OV-M-00091,OV-R-0004,ovino,Dorper,Mestico,9.9,3,3.0,0.14,0.42,IA_cervical,11,0,2024-11-17,0.372,prenhe
E-OV-001435,OV-M-00141,OV-R-0001,ovino,Dorper,Santa Ines,5.0,4,3.0,0.44,0.86,IA_cervical,8,0,2025-08-24,0.812,vazia
E-OV-001436,OV-M-00022,OV-R-0017,ovino,Santa Ines,Santa Ines,5.4,5,3.8,0.88,0.55,IATF,11,0,2024-11-16,0.368,prenhe
E-OV-001437,OV-M-00021,OV-R-0012,ovino,Somalis,Dorper,2.7,4,3.6,0.27,0.64,IATF,9,0,2024-09-07,0.64,prenhe
E-OV-001438,OV-M-00075,OV-R-0009,ovino,Somalis,White Dorper,7.5,4,3.8,0.79,0.74,IA_cervical,2,1,2025-02-09,0.622,prenhe
E-OV-001439,OV-M-00269,OV-R-0029,ovino,Somalis,Santa Ines,9.5,2,3.7,0.81,0.66,IA_cervical,3,1,2025-03-29,0.68,prenhe
E-OV-001440,OV-M-00066,OV-R-0002,ovino,Santa Ines,Santa Ines,5.9,4,3.2,0.67,0.71,IA_cervical,12,0,2025-12-09,0.597,prenhe
E-OV-001441,OV-M-00219,OV-R-0001,ovino,Dorper,Santa Ines,5.9,1,2.9,0.38,0.86,IA_cervical,3,1,2025-03-27,0.587,vazia
E-OV-001442,OV-M-00127,OV-R-0017,ovino,Somalis,Santa Ines,3.4,5,3.3,0.63,0.55,IA_cervical,5,1,2024-05-15,0.616,vazia
E-OV-001443,OV-M-00228,OV-R-0012,ovino,Santa Ines,Dorper,6.4,3,3.3,0.68,0.64,IA_laparoscopica,2,1,2024-02-08,0.892,prenhe
E-OV-001444,OV-M-00099,OV-R-0024,ovino,Dorper,Santa Ines,7.9,3,2.6,0.49,0.66,IA_laparoscopica,12,0,2025-12-07,0.57,vazia
E-OV-001445,OV-M-00262,OV-R-0001,ovino,Morada Nova,Santa Ines,3.7,1,3.1,0.47,0.86,IATF,11,0,2024-11-04,0.776,vazia
E-OV-001446,OV-M-00111,OV-R-0012,ovino,Santa Ines,Dorper,7.2,5,2.9,0.54,0.64,IATF,5,1,2024-05-27,0.448,vazia
E-OV-001447,OV-M-00237,OV-R-0004,ovino,Dorper,Mestico,1.1,4,3.4,0.43,0.42,IA_cervical,6,0,2024-06-11,0.568,prenhe
E-OV-001448,OV-M-00249,OV-R-0001,ovino,Dorper,Santa Ines,5.5,5,2.7,0.32,0.86,IA_laparoscopica,3,1,2024-03-18,0.585,vazia
E-OV-001449,OV-M-00129,OV-R-0013,ovino,Somalis,Santa Ines,4.6,3,3.8,0.42,0.72,IA_cervical,5,1,2024-05-25,0.62,vazia
E-OV-001450,OV-M-00200,OV-R-0022,ovino,Santa Ines,Somalis,1.7,0,3.0,0.63,0.59,IA_cervical,7,0,2025-07-23,0.628,prenhe
E-OV-001451,OV-M-00035,OV-R-0004,ovino,Santa Ines,Mestico,1.6,1,3.6,0.54,0.42,IA_cervical,4,1,2025-04-23,0.554,vazia
E-OV-001452,OV-M-00148,OV-R-0025,ovino,Morada Nova,Santa Ines,3.3,3,3.4,0.45,0.6,IA_cervical,3,1,2025-03-13,0.785,prenhe
E-OV-001453,OV-M-00112,OV-R-0015,ovino,Somalis,Dorper,8.7,5,2.1,0.34,0.43,IA_cervical,1,0,2024-01-09,0.178,vazia
E-OV-001454,OV-M-00286,OV-R-0014,ovino,Morada Nova,White Dorper,7.7,4,3.8,0.6,0.52,IA_cervical,5,1,2025-05-05,0.394,prenhe
E-OV-001455,OV-M-00280,OV-R-0027,ovino,Morada Nova,Dorper,3.4,3,3.3,0.68,0.71,IA_cervical,12,0,2025-12-08,0.758,prenhe
E-OV-001456,OV-M-00235,OV-R-0009,ovino,Morada Nova,White Dorper,5.9,5,3.5,0.34,0.74,IATF,11,0,2025-11-04,0.6,prenhe
E-OV-001457,OV-M-00284,OV-R-0006,ovino,Somalis,Santa Ines,7.7,2,3.8,0.88,0.59,IA_cervical,10,0,2024-10-15,0.489,prenhe
E-OV-001458,OV-M-00292,OV-R-0023,ovino,White Dorper,Mestico,9.7,3,3.0,0.27,0.92,IA_cervical,3,1,2025-03-14,0.689,prenhe
E-OV-001459,OV-M-00230,OV-R-0003,ovino,Santa Ines,Santa Ines,5.3,2,3.4,0.19,0.81,IATF,8,0,2024-08-06,0.689,prenhe
E-OV-001460,OV-M-00178,OV-R-0026,ovino,Mestico,Morada Nova,9.7,4,3.4,0.58,0.72,IA_cervical,10,0,2025-10-10,0.607,prenhe
E-OV-001461,OV-M-00061,OV-R-0024,ovino,Morada Nova,Santa Ines,2.3,1,2.4,0.71,0.66,IA_cervical,11,0,2025-11-02,0.407,prenhe
E-OV-001462,OV-M-00244,OV-R-0029,ovino,Santa Ines,Santa Ines,5.4,1,2.8,0.64,0.66,IATF,6,0,2024-06-11,0.476,vazia
E-OV-001463,OV-M-00058,OV-R-0013,ovino,Somalis,Santa Ines,1.3,3,3.0,0.11,0.72,IA_cervical,12,0,2024-12-21,0.67,vazia
E-OV-001464,OV-M-00055,OV-R-0018,ovino,Somalis,Santa Ines,5.6,4,3.6,0.64,0.6,IA_cervical,6,0,2024-06-21,0.402,prenhe
E-OV-001465,OV-M-00263,OV-R-0026,ovino,Santa Ines,Morada Nova,3.9,2,2.7,0.75,0.72,IA_cervical,3,1,2025-03-24,0.68,prenhe
E-OV-001466,OV-M-00034,OV-R-0003,ovino,Santa Ines,Santa Ines,9.0,2,2.3,0.46,0.81,IA_cervical,8,0,2024-08-01,0.323,vazia
E-OV-001467,OV-M-00042,OV-R-0009,ovino,Dorper,White Dorper,7.1,1,3.5,0.81,0.74,IATF,5,1,2025-05-22,0.748,prenhe
E-OV-001468,OV-M-00153,OV-R-0014,ovino,Dorper,White Dorper,4.0,4,3.4,0.18,0.52,IA_cervical,12,0,2025-12-17,0.659,prenhe
E-OV-001469,OV-M-00175,OV-R-0018,ovino,Santa Ines,Santa Ines,8.4,5,2.6,0.87,0.6,IA_laparoscopica,9,0,2025-09-28,0.586,vazia
E-OV-001470,OV-M-00013,OV-R-0020,ovino,Santa Ines,Dorper,5.1,0,4.1,0.5,0.57,IA_laparoscopica,5,1,2024-05-13,0.496,vazia
E-OV-001471,OV-M-00113,OV-R-0027,ovino,Santa Ines,Dorper,8.0,1,2.7,0.7,0.71,IATF,4,1,2024-04-04,0.59,prenhe
E-OV-001472,OV-M-00067,OV-R-0014,ovino,Morada Nova,White Dorper,2.9,5,3.8,0.17,0.52,IA_cervical,8,0,2025-08-17,0.321,vazia
E-OV-001473,OV-M-00090,OV-R-0005,ovino,Morada Nova,Santa Ines,9.3,4,3.7,0.24,0.69,IA_cervical,2,1,2024-02-29,0.382,prenhe
E-OV-001474,OV-M-00054,OV-R-0005,ovino,Morada Nova,Santa Ines,8.4,1,2.9,0.47,0.69,IATF,10,0,2024-10-19,0.384,vazia
E-OV-001475,OV-M-00203,OV-R-0024,ovino,Santa Ines,Santa Ines,2.6,5,3.0,0.95,0.66,IA_laparoscopica,12,0,2025-12-26,0.88,vazia
E-OV-001476,OV-M-00141,OV-R-0013,ovino,Dorper,Santa Ines,5.0,4,3.0,0.44,0.72,IA_cervical,11,0,2024-11-23,0.699,prenhe
E-OV-001477,OV-M-00287,OV-R-0018,ovino,Santa Ines,Santa Ines,1.1,0,3.8,0.58,0.6,IA_cervical,1,0,2024-01-07,0.495,vazia
E-OV-001478,OV-M-00002,OV-R-0016,ovino,Santa Ines,Santa Ines,4.5,5,2.5,0.79,0.61,IATF,12,0,2025-12-12,0.611,vazia
E-OV-001479,OV-M-00233,OV-R-0024,ovino,Somalis,Santa Ines,4.6,3,3.3,0.85,0.66,IA_cervical,5,1,2025-05-31,0.95,prenhe
E-OV-001480,OV-M-00272,OV-R-0006,ovino,Somalis,Santa Ines,8.3,0,2.7,0.44,0.59,IA_cervical,8,0,2024-08-29,0.246,prenhe
E-OV-001481,OV-M-00145,OV-R-0005,ovino,Santa Ines,Santa Ines,6.4,3,3.4,0.71,0.69,IATF,3,1,2025-03-22,0.858,prenhe
E-OV-001482,OV-M-00209,OV-R-0022,ovino,Santa Ines,Somalis,8.0,0,3.0,0.73,0.59,IA_cervical,3,1,2025-03-22,0.672,prenhe
E-OV-001483,OV-M-00132,OV-R-0013,ovino,Morada Nova,Santa Ines,9.9,0,2.9,0.52,0.72,IA_cervical,2,1,2025-02-07,0.42,prenhe
E-OV-001484,OV-M-00178,OV-R-0024,ovino,Mestico,Santa Ines,9.7,4,3.4,0.58,0.66,IA_laparoscopica,12,0,2025-12-02,0.814,prenhe
E-OV-001485,OV-M-00272,OV-R-0003,ovino,Somalis,Santa Ines,8.3,0,2.7,0.44,0.81,IATF,7,0,2025-07-27,0.484,prenhe
E-OV-001486,OV-M-00159,OV-R-0008,ovino,Morada Nova,Dorper,6.0,5,3.6,0.72,0.34,IA_cervical,7,0,2024-07-08,0.257,prenhe
E-OV-001487,OV-M-00173,OV-R-0028,ovino,Mestico,Santa Ines,9.2,5,3.4,0.49,0.86,IA_laparoscopica,12,0,2025-12-25,0.765,vazia
E-OV-001488,OV-M-00296,OV-R-0025,ovino,Morada Nova,Santa Ines,3.5,5,3.1,0.34,0.6,IA_cervical,12,0,2025-12-03,0.557,prenhe
E-OV-001489,OV-M-00148,OV-R-0001,ovino,Morada Nova,Santa Ines,3.3,3,3.4,0.45,0.86,IA_cervical,2,1,2024-02-04,0.756,prenhe
E-OV-001490,OV-M-00051,OV-R-0024,ovino,Mestico,Santa Ines,8.0,1,3.2,0.31,0.66,IATF,8,0,2024-08-04,0.56,vazia
E-OV-001491,OV-M-00204,OV-R-0001,ovino,Santa Ines,Santa Ines,7.2,1,2.9,0.6,0.86,IA_cervical,3,1,2025-03-24,0.519,prenhe
E-OV-001492,OV-M-00207,OV-R-0003,ovino,Santa Ines,Santa Ines,2.3,2,3.1,0.6,0.81,IA_cervical,10,0,2025-10-03,0.75,prenhe
E-OV-001493,OV-M-00071,OV-R-0026,ovino,Santa Ines,Morada Nova,2.2,5,2.1,0.5,0.72,IATF,6,0,2025-06-07,0.469,vazia
E-OV-001494,OV-M-00218,OV-R-0003,ovino,Somalis,Santa Ines,6.4,0,2.3,0.74,0.81,IA_cervical,2,1,2025-02-23,0.339,vazia
E-OV-001495,OV-M-00019,OV-R-0009,ovino,Morada Nova,White Dorper,4.1,4,3.5,0.18,0.74,IA_cervical,8,0,2024-08-11,0.732,prenhe
E-OV-001496,OV-M-00096,OV-R-0004,ovino,Santa Ines,Mestico,5.8,5,2.5,0.51,0.42,IATF,3,1,2024-03-11,0.404,vazia
E-OV-001497,OV-M-00256,OV-R-0017,ovino,Santa Ines,Santa Ines,7.4,1,2.8,0.36,0.55,IA_cervical,10,0,2025-10-13,0.282,vazia
E-OV-001498,OV-M-00185,OV-R-0001,ovino,Morada Nova,Santa Ines,4.5,4,3.6,0.48,0.86,IA_laparoscopica,1,0,2025-01-23,0.807,prenhe
E-OV-001499,OV-M-00182,OV-R-0008,ovino,Santa Ines,Dorper,8.1,1,2.8,0.3,0.34,IA_cervical,11,0,2024-11-29,0.146,vazia
E-CA-000000,CA-M-00010,CA-R-0013,caprino,Boer,Alpina,6.2,3,2.5,0.39,0.4,IA_cervical,8,0,2025-08-09,0.279,prenhe
E-CA-000001,CA-M-00234,CA-R-0000,caprino,Boer,Moxoto,8.9,2,3.7,0.5,0.55,IATF,8,0,2024-08-26,0.442,prenhe
E-CA-000002,CA-M-00200,CA-R-0002,caprino,Alpina,Anglo Nubiana,4.4,4,4.0,0.56,0.55,IA_laparoscopica,1,0,2024-01-24,0.702,prenhe
E-CA-000003,CA-M-00224,CA-R-0000,caprino,Moxoto,Moxoto,4.5,0,3.7,0.55,0.55,IA_laparoscopica,10,0,2024-10-25,0.674,prenhe
E-CA-000004,CA-M-00140,CA-R-0007,caprino,Caninde,Pardo Alpina,3.5,0,4.3,0.47,0.59,IA_laparoscopica,1,0,2025-01-16,0.521,vazia
E-CA-000005,CA-M-00192,CA-R-0024,caprino,Boer,Boer,2.1,1,3.3,0.54,0.74,IATF,12,0,2024-12-07,0.79,prenhe
E-CA-000006,CA-M-00171,CA-R-0029,caprino,Anglo Nubiana,Saanen,9.4,5,3.3,0.16,0.69,IA_cervical,12,0,2025-12-21,0.499,vazia
E-CA-000007,CA-M-00208,CA-R-0014,caprino,Saanen,Anglo Nubiana,8.5,4,3.5,0.34,0.62,IA_cervical,1,0,2025-01-14,0.522,prenhe
E-CA-000008,CA-M-00135,CA-R-0000,caprino,Boer,Moxoto,6.3,2,3.5,0.49,0.55,IA_cervical,7,0,2025-07-22,0.668,prenhe
E-CA-000009,CA-M-00195,CA-R-0002,caprino,Saanen,Anglo Nubiana,2.3,2,3.0,0.44,0.55,IATF,9,0,2024-09-27,0.781,vazia
E-CA-000010,CA-M-00193,CA-R-0024,caprino,Saanen,Boer,3.1,2,3.1,0.53,0.74,IA_cervical,4,1,2024-04-15,0.855,prenhe
E-CA-000011,CA-M-00192,CA-R-0010,caprino,Boer,Caninde,2.1,1,3.3,0.54,0.45,IA_cervical,12,0,2024-12-29,0.658,vazia
E-CA-000012,CA-M-00261,CA-R-0026,caprino,Saanen,Anglo Nubiana,1.6,1,3.6,1.0,0.71,IA_cervical,2,0,2025-02-12,0.723,prenhe
E-CA-000013,CA-M-00104,CA-R-0015,caprino,Saanen,Saanen,8.4,1,3.3,0.13,0.71,IA_laparoscopica,11,0,2024-11-01,0.713,prenhe
E-CA-000014,CA-M-00263,CA-R-0026,caprino,Saanen,Anglo Nubiana,5.7,3,2.7,0.48,0.71,IA_laparoscopica,7,0,2025-07-13,0.868,prenhe
E-CA-000015,CA-M-00008,CA-R-0004,caprino,Boer,Anglo Nubiana,2.4,5,3.6,0.83,0.77,IA_cervical,12,0,2025-12-05,0.78,prenhe
E-CA-000016,CA-M-00145,CA-R-0025,caprino,Alpina,Boer,8.0,3,2.9,0.48,0.61,IA_cervical,2,0,2024-02-28,0.614,vazia
E-CA-000017,CA-M-00132,CA-R-0016,caprino,Saanen,Caninde,8.9,2,3.9,0.46,0.58,IATF,2,0,2024-02-19,0.435,vazia
E-CA-000018,CA-M-00260,CA-R-0013,caprino,Saanen,Alpina,5.7,0,3.8,0.6,0.4,IA_cervical,7,0,2024-07-18,0.371,vazia
E-CA-000019,CA-M-00013,CA-R-0015,caprino,Anglo Nubiana,Saanen,5.2,0,3.4,0.47,0.71,IA_laparoscopica,3,1,2025-03-03,0.827,vazia
E-CA-000020,CA-M-00065,CA-R-0009,caprino,Pardo Alpina,Anglo Nubiana,7.6,1,2.9,0.62,0.89,IA_cervical,2,0,2024-02-01,0.772,vazia
E-CA-000021,CA-M-00140,CA-R-0018,caprino,Caninde,Alpina,3.5,0,4.3,0.47,0.49,IATF,5,1,2024-05-21,0.422,prenhe
E-CA-000022,CA-M-00244,CA-R-0023,caprino,Anglo Nubiana,Pardo Alpina,1.7,4,3.1,0.57,0.76,IA_cervical,10,0,2024-10-25,0.872,prenhe
E-CA-000023,CA-M-00139,CA-R-0024,caprino,Saanen,Boer,8.1,3,3.0,0.33,0.74,IA_laparoscopica,10,0,2024-10-01,0.866,vazia
E-CA-000024,CA-M-00191,CA-R-0029,caprino,Boer,Saanen,7.3,1,4.1,0.65,0.69,IA_cervical,9,0,2025-09-09,0.312,vazia
E-CA-000025,CA-M-00053,CA-R-0012,caprino,Anglo Nubiana,Alpina,3.4,1,2.8,0.49,0.49,IA_cervical,2,0,2025-02-02,0.607,vazia
E-CA-000026,CA-M-00282,CA-R-0023,caprino,Anglo Nubiana,Pardo Alpina,5.4,0,3.4,1.0,0.76,IA_laparoscopica,9,0,2025-09-28,0.95,prenhe
E-CA-000027,CA-M-00235,CA-R-0026,caprino,Alpina,Anglo Nubiana,7.6,2,3.3,0.44,0.71,IA_laparoscopica,7,0,2025-07-08,0.818,prenhe
E-CA-000028,CA-M-00012,CA-R-0000,caprino,Moxoto,Moxoto,2.0,0,3.8,0.4,0.55,IATF,10,0,2024-10-29,0.437,vazia
E-CA-000029,CA-M-00211,CA-R-0014,caprino,Anglo Nubiana,Anglo Nubiana,5.9,2,2.8,0.56,0.62,IA_laparoscopica,12,0,2025-12-14,0.888,prenhe
E-CA-000030,CA-M-00038,CA-R-0021,caprino,Boer,Boer,9.8,0,2.7,0.7,0.46,IA_laparoscopica,9,0,2025-09-07,0.497,vazia
E-CA-000031,CA-M-00167,CA-R-0013,caprino,Boer,Alpina,1.4,3,2.3,0.63,0.4,IATF,12,0,2024-12-26,0.631,prenhe
E-CA-000032,CA-M-00212,CA-R-0003,caprino,Alpina,Anglo Nubiana,3.9,5,3.4,0.64,0.58,IA_cervical,9,0,2025-09-12,0.724,prenhe
E-CA-000033,CA-M-00277,CA-R-0019,caprino,Pardo Alpina,Moxoto,8.8,0,2.5,0.68,0.75,IATF,7,0,2024-07-06,0.485,vazia
E-CA-000034,CA-M-00021,CA-R-0012,caprino,Boer,Alpina,1.2,5,2.0,0.64,0.49,IA_cervical,5,1,2024-05-31,0.543,prenhe
E-CA-000035,CA-M-00086,CA-R-0018,caprino,Caninde,Alpina,9.8,0,2.9,0.29,0.49,IA_cervical,7,0,2025-07-31,0.504,prenhe
E-CA-000036,CA-M-00207,CA-R-0000,caprino,Anglo Nubiana,Moxoto,3.8,4,3.1,0.47,0.55,IATF,7,0,2025-07-30,0.771,vazia
E-CA-000037,CA-M-00078,CA-R-0000,caprino,Boer,Moxoto,7.2,5,3.3,0.51,0.55,IA_cervical,6,1,2024-06-10,0.741,prenhe
E-CA-000038,CA-M-00213,CA-R-0018,caprino,Caninde,Alpina,9.7,5,3.4,0.5,0.49,IA_cervical,7,0,2025-07-04,0.484,prenhe
E-CA-000039,CA-M-00055,CA-R-0029,caprino,Pardo Alpina,Saanen,8.6,2,3.5,0.29,0.69,IA_cervical,1,0,2025-01-05,0.669,prenhe
E-CA-000040,CA-M-00049,CA-R-0019,caprino,Anglo Nubiana,Moxoto,8.2,1,3.1,0.36,0.75,IA_cervical,2,0,2025-02-11,0.582,vazia
E-CA-000041,CA-M-00163,CA-R-0028,caprino,Boer,Caninde,2.7,5,3.5,0.9,0.41,IA_laparoscopica,9,0,2025-09-10,0.889,prenhe
E-CA-000042,CA-M-00206,CA-R-0025,caprino,Anglo Nubiana,Boer,7.5,0,3.1,0.78,0.61,IA_cervical,4,1,2024-04-26,0.648,prenhe
E-CA-000043,CA-M-00061,CA-R-0008,caprino,Moxoto,Alpina,7.8,5,3.3,0.14,0.66,IA_cervical,10,0,2024-10-21,0.515,prenhe
E-CA-000044,CA-M-00262,CA-R-0003,caprino,Pardo Alpina,Anglo Nubiana,7.4,0,3.1,0.74,0.58,IA_cervical,7,0,2024-07-30,0.68,prenhe
E-CA-000045,CA-M-00260,CA-R-0016,caprino,Saanen,Caninde,5.7,0,3.8,0.6,0.58,IA_cervical,2,0,2025-02-10,0.54,prenhe
E-CA-000046,CA-M-00024,CA-R-0018,caprino,Pardo Alpina,Alpina,2.8,5,3.8,0.46,0.49,IA_cervical,4,1,2024-04-25,0.552,vazia
E-CA-000047,CA-M-00091,CA-R-0023,caprino,Moxoto,Pardo Alpina,3.6,5,3.0,0.7,0.76,IA_cervical,3,1,2024-03-28,0.815,prenhe
E-CA-000048,CA-M-00166,CA-R-0015,caprino,Boer,Saanen,8.9,4,3.0,0.68,0.71,IATF,5,1,2025-05-23,0.819,prenhe
E-CA-000049,CA-M-00147,CA-R-0027,caprino,Moxoto,Moxoto,3.4,2,3.5,0.37,0.53,IA_laparoscopica,2,0,2024-02-10,0.816,vazia
E-CA-000050,CA-M-00076,CA-R-0025,caprino,Anglo Nubiana,Boer,5.6,4,3.7,0.64,0.61,IA_cervical,10,0,2024-10-31,0.656,prenhe
E-CA-000051,CA-M-00158,CA-R-0017,caprino,Anglo Nubiana,Anglo Nubiana,9.5,1,2.0,0.56,0.61,IA_cervical,12,0,2025-12-20,0.359,prenhe
E-CA-000052,CA-M-00288,CA-R-0016,caprino,Boer,Caninde,2.1,2,4.1,0.12,0.58,IA_cervical,12,0,2025-12-30,0.387,vazia
E-CA-000053,CA-M-00092,CA-R-0000,caprino,Anglo Nubiana,Moxoto,3.7,5,3.8,0.48,0.55,IA_cervical,5,1,2024-05-10,0.639,prenhe
E-CA-000054,CA-M-00065,CA-R-0023,caprino,Pardo Alpina,Pardo Alpina,7.6,1,2.9,0.62,0.76,IA_cervical,11,0,2025-11-07,0.734,prenhe
E-CA-000055,CA-M-00221,CA-R-0020,caprino,Pardo Alpina,Boer,8.8,0,3.3,0.38,0.57,IATF,9,0,2024-09-01,0.521,vazia
E-CA-000056,CA-M-00171,CA-R-0026,caprino,Anglo Nubiana,Anglo Nubiana,9.4,5,3.3,0.16,0.71,IA_laparoscopica,5,1,2024-05-24,0.794,vazia
E-CA-000057,CA-M-00207,CA-R-0002,caprino,Anglo Nubiana,Anglo Nubiana,3.8,4,3.1,0.47,0.55,IA_cervical,1,0,2025-01-03,0.695,vazia
E-CA-000058,CA-M-00193,CA-R-0004,caprino,Saanen,Anglo Nubiana,3.1,2,3.1,0.53,0.77,IA_cervical,12,0,2024-12-22,0.81,prenhe
E-CA-000059,CA-M-00228,CA-R-0020,caprino,Saanen,Boer,6.9,0,3.6,0.79,0.57,IA_laparoscopica,9,0,2024-09-30,0.512,prenhe
E-CA-000060,CA-M-00218,CA-R-0014,caprino,Boer,Anglo Nubiana,3.4,1,2.2,0.65,0.62,IATF,11,0,2024-11-07,0.474,vazia
E-CA-000061,CA-M-00181,CA-R-0017,caprino,Boer,Anglo Nubiana,5.6,4,2.9,0.51,0.61,IA_cervical,3,1,2024-03-12,0.831,prenhe
E-CA-000062,CA-M-00136,CA-R-0013,caprino,Caninde,Alpina,5.7,5,3.7,0.42,0.4,IATF,7,0,2024-07-11,0.351,prenhe
E-CA-000063,CA-M-00138,CA-R-0019,caprino,Pardo Alpina,Moxoto,1.6,1,3.7,0.53,0.75,IA_cervical,5,1,2024-05-23,0.705,prenhe
E-CA-000064,CA-M-00079,CA-R-0019,caprino,Alpina,Moxoto,3.6,5,3.0,0.76,0.75,IA_laparoscopica,11,0,2025-11-11,0.95,prenhe
E-CA-000065,CA-M-00134,CA-R-0005,caprino,Alpina,Boer,4.9,1,3.3,0.46,0.56,IA_cervical,12,0,2024-12-26,0.676,prenhe
E-CA-000066,CA-M-00181,CA-R-0022,caprino,Boer,Boer,5.6,4,2.9,0.51,0.76,IA_laparoscopica,2,0,2025-02-02,0.851,prenhe
E-CA-000067,CA-M-00214,CA-R-0014,caprino,Anglo Nubiana,Anglo Nubiana,2.0,1,3.0,0.45,0.62,IA_cervical,11,0,2024-11-16,0.685,prenhe
E-CA-000068,CA-M-00231,CA-R-0017,caprino,Anglo Nubiana,Anglo Nubiana,8.8,5,3.1,0.32,0.61,IA_cervical,10,0,2025-10-07,0.438,vazia
E-CA-000069,CA-M-00113,CA-R-0018,caprino,Anglo Nubiana,Alpina,3.6,2,2.9,0.21,0.49,IA_laparoscopica,8,0,2025-08-05,0.788,prenhe
E-CA-000070,CA-M-00219,CA-R-0022,caprino,Anglo Nubiana,Boer,3.7,4,3.9,0.62,0.76,IA_laparoscopica,5,1,2025-05-18,0.95,prenhe
E-CA-000071,CA-M-00131,CA-R-0009,caprino,Caninde,Anglo Nubiana,5.5,0,2.2,0.5,0.89,IA_laparoscopica,8,0,2024-08-15,0.544,prenhe
E-CA-000072,CA-M-00107,CA-R-0000,caprino,Caninde,Moxoto,4.3,3,2.9,0.27,0.55,IA_cervical,8,0,2024-08-13,0.643,prenhe
E-CA-000073,CA-M-00049,CA-R-0005,caprino,Anglo Nubiana,Boer,8.2,1,3.1,0.36,0.56,IA_laparoscopica,11,0,2025-11-17,0.737,prenhe
E-CA-000074,CA-M-00079,CA-R-0028,caprino,Alpina,Caninde,3.6,5,3.0,0.76,0.41,IA_cervical,11,0,2025-11-09,0.611,prenhe
E-CA-000075,CA-M-00203,CA-R-0006,caprino,Anglo Nubiana,Caninde,7.7,4,3.7,0.34,0.74,IA_laparoscopica,7,0,2024-07-25,0.605,vazia
E-CA-000076,CA-M-00064,CA-R-0007,caprino,Pardo Alpina,Pardo Alpina,2.3,5,3.7,0.3,0.59,IA_cervical,9,0,2024-09-02,0.558,vazia
E-CA-000077,CA-M-00023,CA-R-0025,caprino,Anglo Nubiana,Boer,7.8,1,3.8,0.31,0.61,IA_cervical,8,0,2024-08-29,0.385,prenhe
E-CA-000078,CA-M-00081,CA-R-0007,caprino,Boer,Pardo Alpina,2.8,3,3.6,0.62,0.59,IA_cervical,7,0,2025-07-26,0.647,prenhe
E-CA-000079,CA-M-00297,CA-R-0013,caprino,Moxoto,Alpina,5.2,1,3.1,0.63,0.4,IATF,11,0,2025-11-23,0.701,vazia
E-CA-000080,CA-M-00044,CA-R-0011,caprino,Saanen,Boer,7.0,0,3.5,0.51,0.48,IA_laparoscopica,10,0,2025-10-09,0.652,prenhe
E-CA-000081,CA-M-00043,CA-R-0019,caprino,Anglo Nubiana,Moxoto,5.4,5,3.3,0.83,0.75,IA_cervical,9,0,2025-09-05,0.859,prenhe
E-CA-000082,CA-M-00120,CA-R-0017,caprino,Alpina,Anglo Nubiana,8.8,3,4.4,0.67,0.61,IA_laparoscopica,9,0,2024-09-11,0.653,prenhe
E-CA-000083,CA-M-00114,CA-R-0015,caprino,Alpina,Saanen,5.6,2,2.8,0.57,0.71,IA_cervical,8,0,2024-08-19,0.724,vazia
E-CA-000084,CA-M-00276,CA-R-0015,caprino,Caninde,Saanen,6.7,3,2.7,0.8,0.71,IA_cervical,10,0,2025-10-10,0.552,prenhe
E-CA-000085,CA-M-00071,CA-R-0025,caprino,Saanen,Boer,10.0,5,4.1,0.72,0.61,IA_cervical,10,0,2024-10-15,0.316,vazia
E-CA-000086,CA-M-00125,CA-R-0017,caprino,Boer,Anglo Nubiana,9.7,5,3.3,0.49,0.61,IATF,6,1,2024-06-06,0.631,vazia
E-CA-000087,CA-M-00087,CA-R-0015,caprino,Pardo Alpina,Saanen,2.3,1,4.1,0.45,0.71,IATF,9,0,2025-09-06,0.543,vazia
E-CA-000088,CA-M-00074,CA-R-0026,caprino,Saanen,Anglo Nubiana,4.5,4,2.8,0.65,0.71,IATF,12,0,2024-12-16,0.867,prenhe
E-CA-000089,CA-M-00096,CA-R-0002,caprino,Moxoto,Anglo Nubiana,10.0,5,3.0,0.77,0.55,IA_cervical,3,1,2024-03-03,0.75,prenhe
E-CA-000090,CA-M-00077,CA-R-0025,caprino,Saanen,Boer,3.5,1,3.7,0.87,0.61,IA_cervical,10,0,2025-10-16,0.663,prenhe
E-CA-000091,CA-M-00215,CA-R-0005,caprino,Pardo Alpina,Boer,2.2,2,2.6,0.68,0.56,IATF,8,0,2024-08-03,0.698,prenhe
E-CA-000092,CA-M-00237,CA-R-0009,caprino,Boer,Anglo Nubiana,8.1,3,4.5,0.65,0.89,IA_cervical,8,0,2024-08-13,0.436,prenhe
E-CA-000093,CA-M-00053,CA-R-0000,caprino,Anglo Nubiana,Moxoto,3.4,1,2.8,0.49,0.55,IA_laparoscopica,1,0,2025-01-23,0.808,prenhe
E-CA-000094,CA-M-00148,CA-R-0017,caprino,Alpina,Anglo Nubiana,6.3,2,3.4,0.24,0.61,IATF,7,0,2024-07-16,0.566,vazia
E-CA-000095,CA-M-00079,CA-R-0024,caprino,Alpina,Boer,3.6,5,3.0,0.76,0.74,IA_cervical,8,0,2025-08-28,0.844,vazia
E-CA-000096,CA-M-00260,CA-R-0011,caprino,Saanen,Boer,5.7,0,3.8,0.6,0.48,IA_cervical,5,1,2025-05-19,0.484,prenhe
E-CA-000097,CA-M-00030,CA-R-0019,caprino,Boer,Moxoto,5.6,0,2.7,0.47,0.75,IATF,2,0,2025-02-16,0.517,vazia
E-CA-000098,CA-M-00122,CA-R-0011,caprino,Saanen,Boer,3.8,1,3.5,0.73,0.48,IA_laparoscopica,5,1,2024-05-26,0.892,prenhe
E-CA-000099,CA-M-00099,CA-R-0022,caprino,Anglo Nubiana,Boer,3.5,0,3.9,0.59,0.76,IATF,12,0,2024-12-23,0.73,vazia
E-CA-000100,CA-M-00109,CA-R-0029,caprino,Anglo Nubiana,Saanen,9.4,0,3.1,0.59,0.69,IA_laparoscopica,7,0,2024-07-17,0.737,vazia
E-CA-000101,CA-M-00282,CA-R-0021,caprino,Anglo Nubiana,Boer,5.4,0,3.4,1.0,0.46,IA_cervical,12,0,2025-12-03,0.72,prenhe
E-CA-000102,CA-M-00162,CA-R-0010,caprino,Saanen,Caninde,6.9,3,3.5,0.54,0.45,IATF,8,0,2025-08-01,0.541,vazia
E-CA-000103,CA-M-00114,CA-R-0024,caprino,Alpina,Boer,5.6,2,2.8,0.57,0.74,IATF,3,1,2024-03-25,0.95,prenhe
E-CA-000104,CA-M-00242,CA-R-0001,caprino,Anglo Nubiana,Anglo Nubiana,3.9,3,3.3,0.43,0.5,IATF,1,0,2025-01-20,0.637,vazia
E-CA-000105,CA-M-00233,CA-R-0029,caprino,Caninde,Saanen,1.7,3,2.9,0.57,0.69,IA_cervical,7,0,2025-07-23,0.751,prenhe
E-CA-000106,CA-M-00043,CA-R-0025,caprino,Anglo Nubiana,Boer,5.4,5,3.3,0.83,0.61,IA_cervical,1,0,2025-01-17,0.703,prenhe
E-CA-000107,CA-M-00138,CA-R-0019,caprino,Pardo Alpina,Moxoto,1.6,1,3.7,0.53,0.75,IA_cervical,4,1,2024-04-02,0.687,prenhe
E-CA-000108,CA-M-00123,CA-R-0018,caprino,Boer,Alpina,5.7,4,3.6,0.52,0.49,IA_cervical,4,1,2024-04-12,0.58,prenhe
E-CA-000109,CA-M-00134,CA-R-0007,caprino,Alpina,Pardo Alpina,4.9,1,3.3,0.46,0.59,IATF,6,1,2025-06-18,0.874,prenhe
E-CA-000110,CA-M-00104,CA-R-0012,caprino,Saanen,Alpina,8.4,1,3.3,0.13,0.49,IATF,1,0,2025-01-17,0.507,vazia
E-CA-000111,CA-M-00247,CA-R-0003,caprino,Alpina,Anglo Nubiana,3.8,5,2.7,0.86,0.58,IA_cervical,1,0,2025-01-31,0.53,prenhe
E-CA-000112,CA-M-00298,CA-R-0010,caprino,Caninde,Caninde,4.9,4,2.8,0.75,0.45,IATF,7,0,2024-07-16,0.82,prenhe
E-CA-000113,CA-M-00008,CA-R-0017,caprino,Boer,Anglo Nubiana,2.4,5,3.6,0.83,0.61,IA_cervical,7,0,2024-07-12,0.55,prenhe
E-CA-000114,CA-M-00256,CA-R-0010,caprino,Caninde,Caninde,2.7,0,3.4,0.69,0.45,IATF,10,0,2024-10-24,0.628,prenhe
E-CA-000115,CA-M-00259,CA-R-0023,caprino,Saanen,Pardo Alpina,7.7,1,3.1,0.81,0.76,IA_laparoscopica,1,0,2025-01-31,0.911,prenhe
E-CA-000116,CA-M-00109,CA-R-0025,caprino,Anglo Nubiana,Boer,9.4,0,3.1,0.59,0.61,IA_laparoscopica,12,0,2024-12-08,0.589,vazia
E-CA-000117,CA-M-00145,CA-R-0016,caprino,Alpina,Caninde,8.0,3,2.9,0.48,0.58,IA_laparoscopica,10,0,2025-10-03,0.815,vazia
E-CA-000118,CA-M-00030,CA-R-0010,caprino,Boer,Caninde,5.6,0,2.7,0.47,0.45,IA_laparoscopica,5,1,2024-05-17,0.628,prenhe
E-CA-000119,CA-M-00105,CA-R-0009,caprino,Anglo Nubiana,Anglo Nubiana,2.9,5,3.1,0.51,0.89,IATF,12,0,2024-12-10,0.782,prenhe
E-CA-000120,CA-M-00071,CA-R-0016,caprino,Saanen,Caninde,10.0,5,4.1,0.72,0.58,IA_cervical,6,1,2024-06-20,0.484,vazia
E-CA-000121,CA-M-00272,CA-R-0021,caprino,Caninde,Boer,1.7,5,3.1,0.78,0.46,IATF,1,0,2024-01-05,0.673,prenhe
E-CA-000122,CA-M-00032,CA-R-0003,caprino,Boer,Anglo Nubiana,8.2,5,2.5,0.68,0.58,IA_cervical,10,0,2024-10-29,0.446,vazia
E-CA-000123,CA-M-00101,CA-R-0013,caprino,Caninde,Alpina,5.9,1,3.2,0.77,0.4,IA_cervical,2,0,2024-02-11,0.688,prenhe
E-CA-000124,CA-M-00144,CA-R-0013,caprino,Caninde,Alpina,9.7,0,4.3,0.56,0.4,IA_laparoscopica,9,0,2024-09-28,0.371,vazia
E-CA-000125,CA-M-00293,CA-R-0008,caprino,Boer,Alpina,3.5,3,3.5,0.59,0.66,IATF,4,1,2025-04-06,0.889,prenhe
E-CA-000126,CA-M-00245,CA-R-0007,caprino,Anglo Nubiana,Pardo Alpina,4.9,0,3.0,0.72,0.59,IATF,10,0,2024-10-01,0.705,vazia
E-CA-000127,CA-M-00280,CA-R-0025,caprino,Saanen,Boer,7.3,3,3.1,0.6,0.61,IA_cervical,5,1,2025-05-09,0.8,vazia
E-CA-000128,CA-M-00093,CA-R-0012,caprino,Alpina,Alpina,3.9,0,3.6,0.82,0.49,IA_cervical,8,0,2024-08-03,0.547,prenhe
E-CA-000129,CA-M-00080,CA-R-0017,caprino,Saanen,Anglo Nubiana,5.3,0,2.5,0.38,0.61,IA_cervical,10,0,2024-10-20,0.435,vazia
E-CA-000130,CA-M-00171,CA-R-0001,caprino,Anglo Nubiana,Anglo Nubiana,9.4,5,3.3,0.16,0.5,IATF,9,0,2025-09-30,0.41,prenhe
E-CA-000131,CA-M-00102,CA-R-0008,caprino,Alpina,Alpina,1.6,4,2.7,0.28,0.66,IATF,6,1,2024-06-26,0.641,prenhe
E-CA-000132,CA-M-00004,CA-R-0006,caprino,Caninde,Caninde,9.2,3,3.4,0.63,0.74,IATF,12,0,2024-12-31,0.781,vazia
E-CA-000133,CA-M-00243,CA-R-0009,caprino,Anglo Nubiana,Anglo Nubiana,8.4,5,3.6,0.66,0.89,IA_cervical,6,1,2025-06-06,0.657,prenhe
E-CA-000134,CA-M-00028,CA-R-0025,caprino,Anglo Nubiana,Boer,2.7,1,2.8,0.63,0.61,IATF,9,0,2024-09-21,0.788,prenhe
E-CA-000135,CA-M-00058,CA-R-0017,caprino,Alpina,Anglo Nubiana,6.0,3,2.0,0.67,0.61,IA_cervical,8,0,2024-08-10,0.437,prenhe
E-CA-000136,CA-M-00282,CA-R-0027,caprino,Anglo Nubiana,Moxoto,5.4,0,3.4,1.0,0.53,IATF,5,1,2025-05-24,0.87,prenhe
E-CA-000137,CA-M-00219,CA-R-0012,caprino,Anglo Nubiana,Alpina,3.7,4,3.9,0.62,0.49,IA_laparoscopica,2,0,2024-02-24,0.795,vazia
E-CA-000138,CA-M-00192,CA-R-0023,caprino,Boer,Pardo Alpina,2.1,1,3.3,0.54,0.76,IA_cervical,7,0,2024-07-12,0.781,prenhe
E-CA-000139,CA-M-00038,CA-R-0004,caprino,Boer,Anglo Nubiana,9.8,0,2.7,0.7,0.77,IA_laparoscopica,10,0,2024-10-26,0.727,prenhe
E-CA-000140,CA-M-00075,CA-R-0024,caprino,Saanen,Boer,1.2,1,2.5,0.28,0.74,IATF,6,1,2024-06-07,0.586,prenhe
E-CA-000141,CA-M-00061,CA-R-0018,caprino,Moxoto,Alpina,7.8,5,3.3,0.14,0.49,IA_cervical,1,0,2025-01-28,0.458,vazia
E-CA-000142,CA-M-00192,CA-R-0001,caprino,Boer,Anglo Nubiana,2.1,1,3.3,0.54,0.5,IA_cervical,3,1,2025-03-28,0.697,prenhe
E-CA-000143,CA-M-00150,CA-R-0020,caprino,Anglo Nubiana,Boer,3.6,5,2.9,0.73,0.57,IA_laparoscopica,12,0,2025-12-05,0.927,prenhe
E-CA-000144,CA-M-00108,CA-R-0014,caprino,Anglo Nubiana,Anglo Nubiana,4.8,4,3.0,0.23,0.62,IATF,3,1,2025-03-15,0.845,prenhe
E-CA-000145,CA-M-00223,CA-R-0000,caprino,Moxoto,Moxoto,3.2,0,4.0,0.54,0.55,IA_laparoscopica,3,1,2025-03-08,0.808,vazia
E-CA-000146,CA-M-00233,CA-R-0025,caprino,Caninde,Boer,1.7,3,2.9,0.57,0.61,IA_cervical,6,1,2025-06-13,0.873,prenhe
E-CA-000147,CA-M-00221,CA-R-0016,caprino,Pardo Alpina,Caninde,8.8,0,3.3,0.38,0.58,IA_laparoscopica,6,1,2024-06-01,0.718,prenhe
E-CA-000148,CA-M-00031,CA-R-0018,caprino,Boer,Alpina,2.7,3,4.1,0.85,0.49,IA_cervical,12,0,2024-12-09,0.481,prenhe
E-CA-000149,CA-M-00182,CA-R-0017,caprino,Anglo Nubiana,Anglo Nubiana,5.9,0,3.4,0.41,0.61,IA_cervical,8,0,2025-08-30,0.623,prenhe
E-CA-000150,CA-M-00063,CA-R-0002,caprino,Moxoto,Anglo Nubiana,2.3,5,2.9,0.66,0.55,IA_cervical,5,1,2024-05-08,0.736,prenhe
E-CA-000151,CA-M-00081,CA-R-0009,caprino,Boer,Anglo Nubiana,2.8,3,3.6,0.62,0.89,IA_cervical,7,0,2024-07-31,0.787,prenhe
E-CA-000152,CA-M-00293,CA-R-0021,caprino,Boer,Boer,3.5,3,3.5,0.59,0.46,IA_cervical,6,1,2024-06-09,0.856,prenhe
E-CA-000153,CA-M-00124,CA-R-0010,caprino,Boer,Caninde,8.7,1,3.2,0.51,0.45,IA_cervical,12,0,2025-12-01,0.437,vazia
E-CA-000154,CA-M-00236,CA-R-0026,caprino,Boer,Anglo Nubiana,8.0,3,3.1,0.49,0.71,IA_cervical,9,0,2024-09-15,0.664,prenhe
E-CA-000155,CA-M-00073,CA-R-0009,caprino,Moxoto,Anglo Nubiana,8.8,4,3.7,1.0,0.89,IA_laparoscopica,8,0,2024-08-25,0.839,prenhe
E-CA-000156,CA-M-00291,CA-R-0013,caprino,Alpina,Alpina,6.0,3,3.3,0.4,0.4,IA_cervical,8,0,2025-08-18,0.611,prenhe
E-CA-000157,CA-M-00083,CA-R-0013,caprino,Saanen,Alpina,9.3,5,2.9,0.36,0.4,IA_cervical,10,0,2025-10-25,0.454,vazia
E-CA-000158,CA-M-00054,CA-R-0000,caprino,Caninde,Moxoto,6.2,4,4.4,0.39,0.55,IA_cervical,1,0,2024-01-04,0.381,vazia
E-CA-000159,CA-M-00096,CA-R-0024,caprino,Moxoto,Boer,10.0,5,3.0,0.77,0.74,IATF,10,0,2025-10-03,0.725,prenhe
E-CA-000160,CA-M-00052,CA-R-0004,caprino,Caninde,Anglo Nubiana,9.2,0,1.8,0.43,0.77,IATF,5,1,2025-05-31,0.481,vazia
E-CA-000161,CA-M-00179,CA-R-0014,caprino,Saanen,Anglo Nubiana,4.3,0,2.4,0.66,0.62,IA_cervical,9,0,2025-09-22,0.484,vazia
E-CA-000162,CA-M-00043,CA-R-0027,caprino,Anglo Nubiana,Moxoto,5.4,5,3.3,0.83,0.53,IA_laparoscopica,3,1,2024-03-04,0.95,prenhe
E-CA-000163,CA-M-00062,CA-R-0029,caprino,Alpina,Saanen,9.7,5,3.2,0.38,0.69,IATF,1,0,2024-01-29,0.544,prenhe
E-CA-000164,CA-M-00210,CA-R-0006,caprino,Saanen,Caninde,6.0,0,2.8,0.9,0.74,IA_laparoscopica,9,0,2024-09-02,0.95,prenhe
E-CA-000165,CA-M-00012,CA-R-0011,caprino,Moxoto,Boer,2.0,0,3.8,0.4,0.48,IA_cervical,9,0,2025-09-12,0.428,vazia
E-CA-000166,CA-M-00132,CA-R-0016,caprino,Saanen,Caninde,8.9,2,3.9,0.46,0.58,IA_cervical,12,0,2024-12-29,0.482,prenhe
E-CA-000167,CA-M-00207,CA-R-0020,caprino,Anglo Nubiana,Boer,3.8,4,3.1,0.47,0.57,IA_cervical,6,1,2025-06-10,0.878,prenhe
E-CA-000168,CA-M-00133,CA-R-0007,caprino,Anglo Nubiana,Pardo Alpina,1.0,3,4.3,0.98,0.59,IA_cervical,6,1,2024-06-27,0.686,prenhe
E-CA-000169,CA-M-00006,CA-R-0016,caprino,Anglo Nubiana,Caninde,8.4,2,3.5,0.62,0.58,IA_cervical,9,0,2024-09-01,0.593,vazia
E-CA-000170,CA-M-00047,CA-R-0025,caprino,Alpina,Boer,1.3,2,3.2,0.8,0.61,IATF,10,0,2025-10-02,0.776,prenhe
E-CA-000171,CA-M-00291,CA-R-0022,caprino,Alpina,Boer,6.0,3,3.3,0.4,0.76,IA_cervical,12,0,2024-12-23,0.82,vazia
E-CA-000172,CA-M-00231,CA-R-0024,caprino,Anglo Nubiana,Boer,8.8,5,3.1,0.32,0.74,IA_cervical,7,0,2025-07-23,0.635,prenhe
E-CA-000173,CA-M-00105,CA-R-0026,caprino,Anglo Nubiana,Anglo Nubiana,2.9,5,3.1,0.51,0.71,IATF,4,1,2025-04-12,0.825,vazia
E-CA-000174,CA-M-00262,CA-R-0025,caprino,Pardo Alpina,Boer,7.4,0,3.1,0.74,0.61,IA_laparoscopica,5,1,2024-05-08,0.746,prenhe
E-CA-000175,CA-M-00001,CA-R-0015,caprino,Caninde,Saanen,2.3,0,3.4,0.57,0.71,IA_cervical,11,0,2025-11-19,0.812,prenhe
E-CA-000176,CA-M-00014,CA-R-0029,caprino,Saanen,Saanen,6.1,2,3.2,0.81,0.69,IATF,11,0,2025-11-21,0.772,prenhe
E-CA-000177,CA-M-00265,CA-R-0014,caprino,Anglo Nubiana,Anglo Nubiana,1.1,1,2.9,0.8,0.62,IA_cervical,7,0,2025-07-23,0.777,prenhe
E-CA-000178,CA-M-00202,CA-R-0021,caprino,Alpina,Boer,6.5,3,3.0,0.55,0.46,IA_cervical,12,0,2024-12-08,0.516,prenhe
E-CA-000179,CA-M-00179,CA-R-0028,caprino,Saanen,Caninde,4.3,0,2.4,0.66,0.41,IA_cervical,11,0,2024-11-08,0.437,vazia
E-CA-000180,CA-M-00103,CA-R-0001,caprino,Boer,Anglo Nubiana,8.1,3,4.0,0.64,0.5,IA_cervical,8,0,2024-08-05,0.472,vazia
E-CA-000181,CA-M-00245,CA-R-0028,caprino,Anglo Nubiana,Caninde,4.9,0,3.0,0.72,0.41,IATF,4,1,2025-04-16,0.753,prenhe
E-CA-000182,CA-M-00182,CA-R-0024,caprino,Anglo Nubiana,Boer,5.9,0,3.4,0.41,0.74,IA_cervical,8,0,2024-08-14,0.654,vazia
E-CA-000183,CA-M-00130,CA-R-0029,caprino,Anglo Nubiana,Saanen,1.6,4,3.2,0.59,0.69,IATF,5,1,2024-05-15,0.911,prenhe
E-CA-000184,CA-M-00114,CA-R-0023,caprino,Alpina,Pardo Alpina,5.6,2,2.8,0.57,0.76,IA_cervical,2,0,2024-02-14,0.797,prenhe
E-CA-000185,CA-M-00106,CA-R-0004,caprino,Saanen,Anglo Nubiana,8.2,5,4.0,0.84,0.77,IATF,11,0,2024-11-05,0.619,prenhe
E-CA-000186,CA-M-00172,CA-R-0009,caprino,Anglo Nubiana,Anglo Nubiana,8.5,3,3.5,0.88,0.89,IA_cervical,8,0,2025-08-18,0.857,prenhe
E-CA-000187,CA-M-00196,CA-R-0000,caprino,Moxoto,Moxoto,7.2,5,3.0,0.88,0.55,IATF,7,0,2025-07-31,0.6,prenhe
E-CA-000188,CA-M-00241,CA-R-0018,caprino,Boer,Alpina,5.5,3,3.1,0.76,0.49,IA_cervical,9,0,2025-09-12,0.7,prenhe
E-CA-000189,CA-M-00121,CA-R-0013,caprino,Saanen,Alpina,7.7,0,3.1,0.79,0.4,IATF,3,1,2025-03-18,0.622,prenhe
E-CA-000190,CA-M-00076,CA-R-0014,caprino,Anglo Nubiana,Anglo Nubiana,5.6,4,3.7,0.64,0.62,IATF,9,0,2025-09-25,0.621,vazia
E-CA-000191,CA-M-00166,CA-R-0022,caprino,Boer,Boer,8.9,4,3.0,0.68,0.76,IA_laparoscopica,7,0,2025-07-25,0.869,prenhe
E-CA-000192,CA-M-00175,CA-R-0024,caprino,Boer,Boer,2.1,0,2.7,0.23,0.74,IA_cervical,8,0,2025-08-11,0.425,prenhe
E-CA-000193,CA-M-00083,CA-R-0002,caprino,Saanen,Anglo Nubiana,9.3,5,2.9,0.36,0.55,IA_laparoscopica,1,0,2025-01-07,0.611,vazia
E-CA-000194,CA-M-00021,CA-R-0027,caprino,Boer,Moxoto,1.2,5,2.0,0.64,0.53,IA_laparoscopica,3,1,2024-03-03,0.658,vazia
E-CA-000195,CA-M-00099,CA-R-0011,caprino,Anglo Nubiana,Boer,3.5,0,3.9,0.59,0.48,IA_laparoscopica,10,0,2024-10-04,0.607,vazia
E-CA-000196,CA-M-00021,CA-R-0022,caprino,Boer,Boer,1.2,5,2.0,0.64,0.76,IA_laparoscopica,9,0,2025-09-10,0.787,prenhe
E-CA-000197,CA-M-00024,CA-R-0017,caprino,Pardo Alpina,Anglo Nubiana,2.8,5,3.8,0.46,0.61,IATF,6,1,2025-06-26,0.636,prenhe
E-CA-000198,CA-M-00289,CA-R-0013,caprino,Caninde,Alpina,6.2,0,3.1,0.51,0.4,IATF,1,0,2024-01-10,0.414,vazia
E-CA-000199,CA-M-00234,CA-R-0006,caprino,Boer,Caninde,8.9,2,3.7,0.5,0.74,IA_cervical,3,1,2024-03-09,0.509,prenhe
E-CA-000200,CA-M-00010,CA-R-0005,caprino,Boer,Boer,6.2,3,2.5,0.39,0.56,IA_cervical,4,1,2025-04-25,0.512,prenhe
E-CA-000201,CA-M-00104,CA-R-0021,caprino,Saanen,Boer,8.4,1,3.3,0.13,0.46,IA_cervical,12,0,2025-12-15,0.42,prenhe
E-CA-000202,CA-M-00076,CA-R-0009,caprino,Anglo Nubiana,Anglo Nubiana,5.6,4,3.7,0.64,0.89,IA_laparoscopica,6,1,2025-06-17,0.95,prenhe
E-CA-000203,CA-M-00292,CA-R-0006,caprino,Boer,Caninde,1.0,0,3.4,0.73,0.74,IATF,11,0,2025-11-23,0.796,prenhe
E-CA-000204,CA-M-00131,CA-R-0000,caprino,Caninde,Moxoto,5.5,0,2.2,0.5,0.55,IA_cervical,2,0,2024-02-18,0.261,vazia
E-CA-000205,CA-M-00077,CA-R-0025,caprino,Saanen,Boer,3.5,1,3.7,0.87,0.61,IA_cervical,10,0,2025-10-04,0.557,prenhe
E-CA-000206,CA-M-00190,CA-R-0011,caprino,Caninde,Boer,7.5,4,4.1,0.51,0.48,IA_cervical,4,1,2024-04-03,0.35,vazia
E-CA-000207,CA-M-00142,CA-R-0010,caprino,Caninde,Caninde,4.8,5,3.7,0.76,0.45,IA_cervical,10,0,2025-10-07,0.514,prenhe
E-CA-000208,CA-M-00056,CA-R-0011,caprino,Anglo Nubiana,Boer,7.7,0,4.0,0.71,0.48,IATF,12,0,2025-12-12,0.321,vazia
E-CA-000209,CA-M-00091,CA-R-0017,caprino,Moxoto,Anglo Nubiana,3.6,5,3.0,0.7,0.61,IA_laparoscopica,1,0,2025-01-08,0.892,vazia
E-CA-000210,CA-M-00038,CA-R-0014,caprino,Boer,Anglo Nubiana,9.8,0,2.7,0.7,0.62,IA_cervical,1,0,2025-01-23,0.331,prenhe
E-CA-000211,CA-M-00208,CA-R-0016,caprino,Saanen,Caninde,8.5,4,3.5,0.34,0.58,IA_cervical,12,0,2024-12-29,0.58,vazia
E-CA-000212,CA-M-00291,CA-R-0008,caprino,Alpina,Alpina,6.0,3,3.3,0.4,0.66,IA_cervical,2,0,2025-02-07,0.773,prenhe
E-CA-000213,CA-M-00242,CA-R-0008,caprino,Anglo Nubiana,Alpina,3.9,3,3.3,0.43,0.66,IA_laparoscopica,8,0,2025-08-21,0.95,prenhe
E-CA-000214,CA-M-00112,CA-R-0025,caprino,Boer,Boer,5.4,1,2.8,0.17,0.61,IA_laparoscopica,7,0,2024-07-24,0.82,prenhe
E-CA-000215,CA-M-00146,CA-R-0013,caprino,Boer,Alpina,4.1,2,3.8,0.45,0.4,IA_cervical,7,0,2024-07-25,0.449,prenhe
E-CA-000216,CA-M-00018,CA-R-0029,caprino,Saanen,Saanen,7.0,5,3.7,0.56,0.69,IA_cervical,12,0,2025-12-07,0.493,prenhe
E-CA-000217,CA-M-00110,CA-R-0025,caprino,Saanen,Boer,9.0,1,2.5,0.83,0.61,IATF,9,0,2025-09-12,0.491,vazia
E-CA-000218,CA-M-00009,CA-R-0021,caprino,Saanen,Boer,1.5,2,3.6,0.23,0.46,IATF,1,0,2025-01-29,0.539,prenhe
E-CA-000219,CA-M-00223,CA-R-0016,caprino,Moxoto,Caninde,3.2,0,4.0,0.54,0.58,IA_laparoscopica,5,1,2024-05-26,0.699,prenhe
E-CA-000220,CA-M-00272,CA-R-0025,caprino,Caninde,Boer,1.7,5,3.1,0.78,0.61,IA_cervical,11,0,2025-11-28,0.735,prenhe
E-CA-000221,CA-M-00057,CA-R-0001,caprino,Saanen,Anglo Nubiana,1.4,3,3.0,0.51,0.5,IATF,10,0,2025-10-03,0.702,vazia
E-CA-000222,CA-M-00202,CA-R-0014,caprino,Alpina,Anglo Nubiana,6.5,3,3.0,0.55,0.62,IA_laparoscopica,8,0,2024-08-27,0.824,prenhe
E-CA-000223,CA-M-00179,CA-R-0021,caprino,Saanen,Boer,4.3,0,2.4,0.66,0.46,IATF,1,0,2025-01-29,0.526,prenhe
E-CA-000224,CA-M-00125,CA-R-0003,caprino,Boer,Anglo Nubiana,9.7,5,3.3,0.49,0.58,IA_cervical,11,0,2024-11-02,0.505,prenhe
E-CA-000225,CA-M-00220,CA-R-0005,caprino,Anglo Nubiana,Boer,2.4,5,3.1,0.66,0.56,IA_cervical,9,0,2025-09-07,0.658,vazia
E-CA-000226,CA-M-00203,CA-R-0001,caprino,Anglo Nubiana,Anglo Nubiana,7.7,4,3.7,0.34,0.5,IA_cervical,5,1,2025-05-16,0.476,vazia
E-CA-000227,CA-M-00080,CA-R-0014,caprino,Saanen,Anglo Nubiana,5.3,0,2.5,0.38,0.62,IATF,12,0,2024-12-25,0.453,vazia
E-CA-000228,CA-M-00239,CA-R-0016,caprino,Pardo Alpina,Caninde,9.5,0,3.5,1.0,0.58,IA_laparoscopica,12,0,2025-12-07,0.706,prenhe
E-CA-000229,CA-M-00196,CA-R-0014,caprino,Moxoto,Anglo Nubiana,7.2,5,3.0,0.88,0.62,IA_cervical,3,1,2025-03-20,0.722,prenhe
E-CA-000230,CA-M-00093,CA-R-0001,caprino,Alpina,Anglo Nubiana,3.9,0,3.6,0.82,0.5,IATF,12,0,2024-12-19,0.529,vazia
E-CA-000231,CA-M-00220,CA-R-0014,caprino,Anglo Nubiana,Anglo Nubiana,2.4,5,3.1,0.66,0.62,IATF,11,0,2025-11-07,0.734,prenhe
E-CA-000232,CA-M-00192,CA-R-0026,caprino,Boer,Anglo Nubiana,2.1,1,3.3,0.54,0.71,IA_cervical,11,0,2024-11-24,0.778,prenhe
E-CA-000233,CA-M-00035,CA-R-0000,caprino,Saanen,Moxoto,3.7,1,3.3,0.41,0.55,IA_laparoscopica,11,0,2024-11-01,0.865,prenhe
E-CA-000234,CA-M-00049,CA-R-0023,caprino,Anglo Nubiana,Pardo Alpina,8.2,1,3.1,0.36,0.76,IA_laparoscopica,10,0,2024-10-10,0.768,prenhe
E-CA-000235,CA-M-00097,CA-R-0008,caprino,Moxoto,Alpina,3.2,5,3.2,0.48,0.66,IA_cervical,6,1,2024-06-09,0.714,vazia
E-CA-000236,CA-M-00013,CA-R-0002,caprino,Anglo Nubiana,Anglo Nubiana,5.2,0,3.4,0.47,0.55,IA_laparoscopica,7,0,2024-07-22,0.762,prenhe
E-CA-000237,CA-M-00121,CA-R-0001,caprino,Saanen,Anglo Nubiana,7.7,0,3.1,0.79,0.5,IA_cervical,3,1,2024-03-07,0.647,vazia
E-CA-000238,CA-M-00138,CA-R-0000,caprino,Pardo Alpina,Moxoto,1.6,1,3.7,0.53,0.55,IATF,6,1,2025-06-15,0.633,prenhe
E-CA-000239,CA-M-00232,CA-R-0012,caprino,Boer,Alpina,9.1,1,2.9,0.49,0.49,IATF,3,1,2025-03-06,0.607,vazia
E-CA-000240,CA-M-00051,CA-R-0014,caprino,Boer,Anglo Nubiana,1.1,0,2.8,0.52,0.62,IATF,11,0,2025-11-11,0.653,vazia
E-CA-000241,CA-M-00170,CA-R-0018,caprino,Pardo Alpina,Alpina,7.3,5,2.5,0.13,0.49,IATF,3,1,2025-03-22,0.393,vazia
E-CA-000242,CA-M-00199,CA-R-0002,caprino,Moxoto,Anglo Nubiana,3.3,2,3.4,0.16,0.55,IA_cervical,2,0,2024-02-28,0.651,prenhe
E-CA-000243,CA-M-00134,CA-R-0019,caprino,Alpina,Moxoto,4.9,1,3.3,0.46,0.75,IA_cervical,3,1,2025-03-29,0.87,prenhe
E-CA-000244,CA-M-00272,CA-R-0022,caprino,Caninde,Boer,1.7,5,3.1,0.78,0.76,IA_laparoscopica,5,1,2024-05-07,0.95,prenhe
E-CA-000245,CA-M-00095,CA-R-0001,caprino,Anglo Nubiana,Anglo Nubiana,2.5,4,3.3,0.94,0.5,IA_cervical,1,0,2024-01-28,0.782,prenhe
E-CA-000246,CA-M-00122,CA-R-0020,caprino,Saanen,Boer,3.8,1,3.5,0.73,0.57,IA_laparoscopica,4,1,2025-04-28,0.95,prenhe
E-CA-000247,CA-M-00001,CA-R-0003,caprino,Caninde,Anglo Nubiana,2.3,0,3.4,0.57,0.58,IA_cervical,1,0,2024-01-21,0.663,prenhe
E-CA-000248,CA-M-00123,CA-R-0013,caprino,Boer,Alpina,5.7,4,3.6,0.52,0.4,IA_cervical,10,0,2024-10-25,0.517,prenhe
E-CA-000249,CA-M-00006,CA-R-0019,caprino,Anglo Nubiana,Moxoto,8.4,2,3.5,0.62,0.75,IA_cervical,10,0,2025-10-15,0.595,prenhe
E-CA-000250,CA-M-00295,CA-R-0026,caprino,Saanen,Anglo Nubiana,7.7,3,4.8,0.73,0.71,IA_laparoscopica,7,0,2024-07-05,0.561,vazia
E-CA-000251,CA-M-00072,CA-R-0015,caprino,Anglo Nubiana,Saanen,1.9,0,3.8,0.91,0.71,IA_cervical,5,1,2025-05-22,0.64,prenhe
E-CA-000252,CA-M-00243,CA-R-0013,caprino,Anglo Nubiana,Alpina,8.4,5,3.6,0.66,0.4,IA_laparoscopica,10,0,2024-10-01,0.476,prenhe
E-CA-000253,CA-M-00035,CA-R-0025,caprino,Saanen,Boer,3.7,1,3.3,0.41,0.61,IA_cervical,3,1,2024-03-23,0.772,prenhe
E-CA-000254,CA-M-00082,CA-R-0006,caprino,Anglo Nubiana,Caninde,8.5,2,3.8,0.05,0.74,IATF,5,1,2024-05-23,0.534,vazia
E-CA-000255,CA-M-00035,CA-R-0006,caprino,Saanen,Caninde,3.7,1,3.3,0.41,0.74,IA_laparoscopica,2,0,2024-02-24,0.922,prenhe
E-CA-000256,CA-M-00110,CA-R-0013,caprino,Saanen,Alpina,9.0,1,2.5,0.83,0.4,IA_laparoscopica,4,1,2024-04-20,0.602,prenhe
E-CA-000257,CA-M-00180,CA-R-0003,caprino,Pardo Alpina,Anglo Nubiana,10.0,3,3.6,0.55,0.58,IA_cervical,4,1,2024-04-28,0.567,prenhe
E-CA-000258,CA-M-00125,CA-R-0000,caprino,Boer,Moxoto,9.7,5,3.3,0.49,0.55,IA_cervical,10,0,2025-10-06,0.608,prenhe
E-CA-000259,CA-M-00181,CA-R-0010,caprino,Boer,Caninde,5.6,4,2.9,0.51,0.45,IA_cervical,8,0,2025-08-12,0.674,prenhe
E-CA-000260,CA-M-00241,CA-R-0004,caprino,Boer,Anglo Nubiana,5.5,3,3.1,0.76,0.77,IA_laparoscopica,9,0,2024-09-14,0.95,prenhe
E-CA-000261,CA-M-00013,CA-R-0019,caprino,Anglo Nubiana,Moxoto,5.2,0,3.4,0.47,0.75,IA_cervical,6,1,2025-06-11,0.75,prenhe
E-CA-000262,CA-M-00127,CA-R-0016,caprino,Boer,Caninde,6.9,3,3.3,0.42,0.58,IATF,5,1,2024-05-29,0.71,prenhe
E-CA-000263,CA-M-00178,CA-R-0014,caprino,Anglo Nubiana,Anglo Nubiana,6.7,5,3.2,0.53,0.62,IATF,4,1,2025-04-11,0.638,prenhe
E-CA-000264,CA-M-00157,CA-R-0014,caprino,Alpina,Anglo Nubiana,2.5,3,3.6,0.54,0.62,IA_cervical,5,1,2024-05-27,0.589,prenhe
E-CA-000265,CA-M-00043,CA-R-0002,caprino,Anglo Nubiana,Anglo Nubiana,5.4,5,3.3,0.83,0.55,IATF,4,1,2025-04-12,0.753,prenhe
E-CA-000266,CA-M-00061,CA-R-0012,caprino,Moxoto,Alpina,7.8,5,3.3,0.14,0.49,IA_laparoscopica,9,0,2024-09-18,0.645,prenhe
E-CA-000267,CA-M-00113,CA-R-0002,caprino,Anglo Nubiana,Anglo Nubiana,3.6,2,2.9,0.21,0.55,IA_cervical,9,0,2025-09-18,0.736,prenhe
E-CA-000268,CA-M-00195,CA-R-0010,caprino,Saanen,Caninde,2.3,2,3.0,0.44,0.45,IA_laparoscopica,9,0,2025-09-01,0.928,vazia
E-CA-000269,CA-M-00296,CA-R-0020,caprino,Pardo Alpina,Boer,1.1,5,3.8,0.69,0.57,IATF,8,0,2024-08-31,0.567,vazia
E-CA-000270,CA-M-00110,CA-R-0029,caprino,Saanen,Saanen,9.0,1,2.5,0.83,0.69,IA_cervical,1,0,2024-01-31,0.452,vazia
E-CA-000271,CA-M-00156,CA-R-0008,caprino,Anglo Nubiana,Alpina,9.4,2,3.8,0.61,0.66,IA_cervical,8,0,2024-08-23,0.474,vazia
E-CA-000272,CA-M-00091,CA-R-0007,caprino,Moxoto,Pardo Alpina,3.6,5,3.0,0.7,0.59,IA_laparoscopica,7,0,2024-07-24,0.801,vazia
E-CA-000273,CA-M-00010,CA-R-0020,caprino,Boer,Boer,6.2,3,2.5,0.39,0.57,IA_cervical,11,0,2024-11-06,0.34,prenhe
E-CA-000274,CA-M-00119,CA-R-0027,caprino,Saanen,Moxoto,1.9,5,3.2,0.91,0.53,IA_laparoscopica,2,0,2025-02-23,0.907,prenhe
E-CA-000275,CA-M-00104,CA-R-0008,caprino,Saanen,Alpina,8.4,1,3.3,0.13,0.66,IA_laparoscopica,12,0,2025-12-23,0.717,vazia
E-CA-000276,CA-M-00045,CA-R-0025,caprino,Boer,Boer,4.2,2,3.0,0.46,0.61,IATF,2,0,2024-02-15,0.874,prenhe
E-CA-000277,CA-M-00201,CA-R-0009,caprino,Anglo Nubiana,Anglo Nubiana,4.2,2,3.7,0.45,0.89,IA_cervical,2,0,2025-02-09,0.682,prenhe
E-CA-000278,CA-M-00077,CA-R-0019,caprino,Saanen,Moxoto,3.5,1,3.7,0.87,0.75,IA_cervical,5,1,2024-05-05,0.676,prenhe
E-CA-000279,CA-M-00067,CA-R-0006,caprino,Saanen,Caninde,8.2,5,3.3,0.55,0.74,IATF,2,0,2025-02-03,0.63,prenhe
E-CA-000280,CA-M-00116,CA-R-0007,caprino,Saanen,Pardo Alpina,1.8,3,2.8,0.58,0.59,IA_cervical,4,1,2025-04-09,0.828,prenhe
E-CA-000281,CA-M-00289,CA-R-0029,caprino,Caninde,Saanen,6.2,0,3.1,0.51,0.69,IA_cervical,8,0,2025-08-14,0.533,vazia
E-CA-000282,CA-M-00190,CA-R-0011,caprino,Caninde,Boer,7.5,4,4.1,0.51,0.48,IA_cervical,2,0,2025-02-12,0.321,vazia
E-CA-000283,CA-M-00127,CA-R-0000,caprino,Boer,Moxoto,6.9,3,3.3,0.42,0.55,IA_cervical,5,1,2024-05-09,0.603,prenhe
E-CA-000284,CA-M-00246,CA-R-0023,caprino,Anglo Nubiana,Pardo Alpina,8.0,2,3.1,0.51,0.76,IA_cervical,10,0,2025-10-28,0.693,prenhe
E-CA-000285,CA-M-00006,CA-R-0003,caprino,Anglo Nubiana,Anglo Nubiana,8.4,2,3.5,0.62,0.58,IA_cervical,10,0,2024-10-22,0.669,vazia
E-CA-000286,CA-M-00101,CA-R-0003,caprino,Caninde,Anglo Nubiana,5.9,1,3.2,0.77,0.58,IA_laparoscopica,12,0,2024-12-16,0.95,prenhe
E-CA-000287,CA-M-00162,CA-R-0025,caprino,Saanen,Boer,6.9,3,3.5,0.54,0.61,IA_laparoscopica,4,1,2025-04-13,0.898,prenhe
E-CA-000288,CA-M-00146,CA-R-0010,caprino,Boer,Caninde,4.1,2,3.8,0.45,0.45,IATF,7,0,2024-07-12,0.592,prenhe
E-CA-000289,CA-M-00202,CA-R-0004,caprino,Alpina,Anglo Nubiana,6.5,3,3.0,0.55,0.77,IATF,12,0,2025-12-22,0.706,prenhe
E-CA-000290,CA-M-00210,CA-R-0029,caprino,Saanen,Saanen,6.0,0,2.8,0.9,0.69,IA_cervical,2,0,2024-02-02,0.751,prenhe
E-CA-000291,CA-M-00136,CA-R-0008,caprino,Caninde,Alpina,5.7,5,3.7,0.42,0.66,IA_cervical,4,1,2024-04-22,0.655,vazia
E-CA-000292,CA-M-00278,CA-R-0018,caprino,Moxoto,Alpina,9.9,3,4.0,0.81,0.49,IATF,12,0,2025-12-23,0.429,prenhe
E-CA-000293,CA-M-00278,CA-R-0007,caprino,Moxoto,Pardo Alpina,9.9,3,4.0,0.81,0.59,IA_cervical,11,0,2024-11-25,0.488,prenhe
E-CA-000294,CA-M-00142,CA-R-0017,caprino,Caninde,Anglo Nubiana,4.8,5,3.7,0.76,0.61,IA_cervical,10,0,2025-10-14,0.612,vazia
E-CA-000295,CA-M-00270,CA-R-0020,caprino,Moxoto,Boer,8.4,5,2.8,0.51,0.57,IA_cervical,10,0,2025-10-23,0.519,prenhe
E-CA-000296,CA-M-00192,CA-R-0022,caprino,Boer,Boer,2.1,1,3.3,0.54,0.76,IA_laparoscopica,12,0,2025-12-23,0.928,prenhe
E-CA-000297,CA-M-00041,CA-R-0012,caprino,Anglo Nubiana,Alpina,1.2,0,3.1,0.38,0.49,IA_cervical,6,1,2025-06-13,0.649,prenhe
E-CA-000298,CA-M-00035,CA-R-0018,caprino,Saanen,Alpina,3.7,1,3.3,0.41,0.49,IA_cervical,5,1,2025-05-13,0.724,prenhe
E-CA-000299,CA-M-00023,CA-R-0025,caprino,Anglo Nubiana,Boer,7.8,1,3.8,0.31,0.61,IA_cervical,3,1,2025-03-24,0.5,vazia
E-CA-000300,CA-M-00063,CA-R-0025,caprino,Moxoto,Boer,2.3,5,2.9,0.66,0.61,IATF,5,1,2025-05-13,0.862,prenhe
E-CA-000301,CA-M-00093,CA-R-0022,caprino,Alpina,Boer,3.9,0,3.6,0.82,0.76,IA_cervical,7,0,2024-07-06,0.609,vazia
E-CA-000302,CA-M-00020,CA-R-0011,caprino,Caninde,Boer,3.4,0,2.8,0.66,0.48,IA_laparoscopica,8,0,2025-08-18,0.859,prenhe
E-CA-000303,CA-M-00182,CA-R-0015,caprino,Anglo Nubiana,Saanen,5.9,0,3.4,0.41,0.71,IA_cervical,5,1,2024-05-16,0.773,prenhe
E-CA-000304,CA-M-00123,CA-R-0029,caprino,Boer,Saanen,5.7,4,3.6,0.52,0.69,IA_cervical,12,0,2024-12-16,0.663,vazia
E-CA-000305,CA-M-00180,CA-R-0007,caprino,Pardo Alpina,Pardo Alpina,10.0,3,3.6,0.55,0.59,IA_cervical,9,0,2024-09-30,0.405,vazia
E-CA-000306,CA-M-00150,CA-R-0020,caprino,Anglo Nubiana,Boer,3.6,5,2.9,0.73,0.57,IA_cervical,7,0,2025-07-09,0.791,prenhe
E-CA-000307,CA-M-00081,CA-R-0023,caprino,Boer,Pardo Alpina,2.8,3,3.6,0.62,0.76,IA_cervical,7,0,2024-07-05,0.679,prenhe
E-CA-000308,CA-M-00184,CA-R-0014,caprino,Anglo Nubiana,Anglo Nubiana,9.7,3,3.4,0.83,0.62,IATF,5,1,2024-05-30,0.667,prenhe
E-CA-000309,CA-M-00285,CA-R-0025,caprino,Anglo Nubiana,Boer,7.1,0,2.0,0.55,0.61,IA_cervical,8,0,2025-08-13,0.347,vazia
E-CA-000310,CA-M-00095,CA-R-0012,caprino,Anglo Nubiana,Alpina,2.5,4,3.3,0.94,0.49,IATF,12,0,2024-12-21,0.824,prenhe
E-CA-000311,CA-M-00092,CA-R-0025,caprino,Anglo Nubiana,Boer,3.7,5,3.8,0.48,0.61,IA_cervical,6,1,2025-06-10,0.56,vazia
E-CA-000312,CA-M-00154,CA-R-0019,caprino,Pardo Alpina,Moxoto,4.4,3,3.8,0.8,0.75,IA_cervical,10,0,2025-10-03,0.67,prenhe
E-CA-000313,CA-M-00241,CA-R-0001,caprino,Boer,Anglo Nubiana,5.5,3,3.1,0.76,0.5,IA_laparoscopica,9,0,2025-09-01,0.95,prenhe
E-CA-000314,CA-M-00159,CA-R-0024,caprino,Pardo Alpina,Boer,1.9,0,3.5,0.6,0.74,IATF,10,0,2024-10-18,0.712,prenhe
E-CA-000315,CA-M-00249,CA-R-0020,caprino,Alpina,Boer,3.4,4,3.3,0.74,0.57,IA_cervical,5,1,2024-05-04,0.837,prenhe
E-CA-000316,CA-M-00022,CA-R-0006,caprino,Anglo Nubiana,Caninde,9.5,3,3.5,0.52,0.74,IA_cervical,12,0,2025-12-01,0.652,prenhe
E-CA-000317,CA-M-00029,CA-R-0021,caprino,Alpina,Boer,9.6,2,3.1,0.71,0.46,IA_laparoscopica,8,0,2024-08-14,0.761,prenhe
E-CA-000318,CA-M-00121,CA-R-0015,caprino,Saanen,Saanen,7.7,0,3.1,0.79,0.71,IA_cervical,7,0,2025-07-15,0.596,prenhe
E-CA-000319,CA-M-00069,CA-R-0028,caprino,Saanen,Caninde,1.4,5,2.8,0.7,0.41,IA_laparoscopica,7,0,2025-07-15,0.847,prenhe
E-CA-000320,CA-M-00006,CA-R-0009,caprino,Anglo Nubiana,Anglo Nubiana,8.4,2,3.5,0.62,0.89,IATF,11,0,2024-11-19,0.804,prenhe
E-CA-000321,CA-M-00064,CA-R-0007,caprino,Pardo Alpina,Pardo Alpina,2.3,5,3.7,0.3,0.59,IA_cervical,4,1,2024-04-29,0.556,prenhe
E-CA-000322,CA-M-00081,CA-R-0001,caprino,Boer,Anglo Nubiana,2.8,3,3.6,0.62,0.5,IATF,12,0,2024-12-10,0.625,vazia
E-CA-000323,CA-M-00275,CA-R-0023,caprino,Anglo Nubiana,Pardo Alpina,8.3,5,4.3,0.61,0.76,IA_cervical,4,1,2024-04-16,0.431,vazia
E-CA-000324,CA-M-00234,CA-R-0029,caprino,Boer,Saanen,8.9,2,3.7,0.5,0.69,IATF,9,0,2024-09-14,0.465,prenhe
E-CA-000325,CA-M-00105,CA-R-0020,caprino,Anglo Nubiana,Boer,2.9,5,3.1,0.51,0.57,IATF,10,0,2024-10-06,0.78,prenhe
E-CA-000326,CA-M-00287,CA-R-0011,caprino,Alpina,Boer,3.9,4,4.1,0.56,0.48,IA_laparoscopica,1,0,2025-01-13,0.66,prenhe
E-CA-000327,CA-M-00250,CA-R-0026,caprino,Alpina,Anglo Nubiana,7.4,2,3.4,0.57,0.71,IATF,5,1,2024-05-16,0.869,prenhe
E-CA-000328,CA-M-00075,CA-R-0007,caprino,Saanen,Pardo Alpina,1.2,1,2.5,0.28,0.59,IATF,9,0,2025-09-09,0.564,vazia
E-CA-000329,CA-M-00143,CA-R-0020,caprino,Anglo Nubiana,Boer,1.4,1,3.1,0.55,0.57,IA_cervical,2,0,2024-02-27,0.675,prenhe
E-CA-000330,CA-M-00276,CA-R-0017,caprino,Caninde,Anglo Nubiana,6.7,3,2.7,0.8,0.61,IA_cervical,12,0,2025-12-20,0.397,vazia
E-CA-000331,CA-M-00137,CA-R-0025,caprino,Moxoto,Boer,7.6,1,2.5,0.56,0.61,IA_cervical,8,0,2024-08-16,0.355,prenhe
E-CA-000332,CA-M-00111,CA-R-0029,caprino,Saanen,Saanen,4.4,0,3.4,0.62,0.69,IA_cervical,12,0,2024-12-23,0.742,prenhe
E-CA-000333,CA-M-00271,CA-R-0010,caprino,Pardo Alpina,Caninde,3.9,4,2.9,0.29,0.45,IA_laparoscopica,10,0,2025-10-01,0.813,prenhe
E-CA-000334,CA-M-00198,CA-R-0002,caprino,Boer,Anglo Nubiana,4.2,5,2.7,0.65,0.55,IA_cervical,4,1,2025-04-22,0.569,prenhe
E-CA-000335,CA-M-00132,CA-R-0004,caprino,Saanen,Anglo Nubiana,8.9,2,3.9,0.46,0.77,IA_laparoscopica,2,0,2024-02-11,0.555,prenhe
E-CA-000336,CA-M-00260,CA-R-0022,caprino,Saanen,Boer,5.7,0,3.8,0.6,0.76,IA_cervical,3,1,2025-03-16,0.643,prenhe
E-CA-000337,CA-M-00223,CA-R-0010,caprino,Moxoto,Caninde,3.2,0,4.0,0.54,0.45,IA_cervical,2,0,2025-02-17,0.374,prenhe
E-CA-000338,CA-M-00104,CA-R-0004,caprino,Saanen,Anglo Nubiana,8.4,1,3.3,0.13,0.77,IA_cervical,11,0,2025-11-11,0.528,prenhe
E-CA-000339,CA-M-00127,CA-R-0024,caprino,Boer,Boer,6.9,3,3.3,0.42,0.74,IATF,2,0,2025-02-14,0.733,prenhe
E-CA-000340,CA-M-00014,CA-R-0019,caprino,Saanen,Moxoto,6.1,2,3.2,0.81,0.75,IA_cervical,12,0,2025-12-25,0.691,prenhe
E-CA-000341,CA-M-00030,CA-R-0003,caprino,Boer,Anglo Nubiana,5.6,0,2.7,0.47,0.58,IA_cervical,1,0,2025-01-22,0.419,vazia
E-CA-000342,CA-M-00286,CA-R-0021,caprino,Caninde,Boer,6.6,1,2.8,0.65,0.46,IA_cervical,5,1,2024-05-20,0.633,prenhe
E-CA-000343,CA-M-00015,CA-R-0019,caprino,Alpina,Moxoto,7.5,5,3.5,0.52,0.75,IATF,1,0,2025-01-04,0.678,vazia
E-CA-000344,CA-M-00251,CA-R-0029,caprino,Moxoto,Saanen,3.6,0,3.2,0.35,0.69,IA_cervical,10,0,2025-10-31,0.636,vazia
E-CA-000345,CA-M-00062,CA-R-0029,caprino,Alpina,Saanen,9.7,5,3.2,0.38,0.69,IA_laparoscopica,1,0,2024-01-13,0.795,prenhe
E-CA-000346,CA-M-00162,CA-R-0029,caprino,Saanen,Saanen,6.9,3,3.5,0.54,0.69,IA_cervical,10,0,2024-10-18,0.6,prenhe
E-CA-000347,CA-M-00216,CA-R-0026,caprino,Anglo Nubiana,Anglo Nubiana,6.8,5,3.8,0.53,0.71,IA_cervical,2,0,2024-02-04,0.347,vazia
E-CA-000348,CA-M-00297,CA-R-0023,caprino,Moxoto,Pardo Alpina,5.2,1,3.1,0.63,0.76,IA_laparoscopica,9,0,2025-09-06,0.883,prenhe
E-CA-000349,CA-M-00112,CA-R-0020,caprino,Boer,Boer,5.4,1,2.8,0.17,0.57,IA_laparoscopica,1,0,2025-01-08,0.709,vazia
E-CA-000350,CA-M-00277,CA-R-0016,caprino,Pardo Alpina,Caninde,8.8,0,2.5,0.68,0.58,IA_laparoscopica,6,1,2025-06-06,0.645,vazia
E-CA-000351,CA-M-00136,CA-R-0023,caprino,Caninde,Pardo Alpina,5.7,5,3.7,0.42,0.76,IA_cervical,12,0,2025-12-07,0.499,vazia
E-CA-000352,CA-M-00260,CA-R-0028,caprino,Saanen,Caninde,5.7,0,3.8,0.6,0.41,IATF,8,0,2025-08-30,0.383,prenhe
E-CA-000353,CA-M-00030,CA-R-0003,caprino,Boer,Anglo Nubiana,5.6,0,2.7,0.47,0.58,IA_laparoscopica,10,0,2024-10-24,0.655,prenhe
E-CA-000354,CA-M-00080,CA-R-0004,caprino,Saanen,Anglo Nubiana,5.3,0,2.5,0.38,0.77,IATF,11,0,2025-11-13,0.595,prenhe
E-CA-000355,CA-M-00186,CA-R-0014,caprino,Pardo Alpina,Anglo Nubiana,8.2,0,2.2,0.34,0.62,IA_cervical,12,0,2024-12-10,0.279,vazia
E-CA-000356,CA-M-00211,CA-R-0008,caprino,Anglo Nubiana,Alpina,5.9,2,2.8,0.56,0.66,IA_cervical,12,0,2025-12-15,0.83,prenhe
E-CA-000357,CA-M-00241,CA-R-0015,caprino,Boer,Saanen,5.5,3,3.1,0.76,0.71,IA_cervical,12,0,2025-12-17,0.8,vazia
E-CA-000358,CA-M-00107,CA-R-0009,caprino,Caninde,Anglo Nubiana,4.3,3,2.9,0.27,0.89,IATF,6,1,2024-06-10,0.944,prenhe
E-CA-000359,CA-M-00187,CA-R-0023,caprino,Caninde,Pardo Alpina,6.7,0,3.0,0.33,0.76,IA_laparoscopica,7,0,2025-07-22,0.745,prenhe
E-CA-000360,CA-M-00186,CA-R-0026,caprino,Pardo Alpina,Anglo Nubiana,8.2,0,2.2,0.34,0.71,IA_cervical,5,1,2025-05-24,0.318,vazia
E-CA-000361,CA-M-00295,CA-R-0008,caprino,Saanen,Alpina,7.7,3,4.8,0.73,0.66,IA_cervical,7,0,2025-07-16,0.428,vazia
E-CA-000362,CA-M-00035,CA-R-0023,caprino,Saanen,Pardo Alpina,3.7,1,3.3,0.41,0.76,IA_cervical,5,1,2024-05-02,0.763,vazia
E-CA-000363,CA-M-00004,CA-R-0003,caprino,Caninde,Anglo Nubiana,9.2,3,3.4,0.63,0.58,IA_cervical,1,0,2025-01-03,0.607,vazia
E-CA-000364,CA-M-00172,CA-R-0023,caprino,Anglo Nubiana,Pardo Alpina,8.5,3,3.5,0.88,0.76,IATF,4,1,2024-04-20,0.889,vazia
E-CA-000365,CA-M-00004,CA-R-0020,caprino,Caninde,Boer,9.2,3,3.4,0.63,0.57,IA_cervical,10,0,2025-10-17,0.709,prenhe
E-CA-000366,CA-M-00058,CA-R-0021,caprino,Alpina,Boer,6.0,3,2.0,0.67,0.46,IA_cervical,9,0,2025-09-29,0.516,prenhe
E-CA-000367,CA-M-00150,CA-R-0014,caprino,Anglo Nubiana,Anglo Nubiana,3.6,5,2.9,0.73,0.62,IA_cervical,2,0,2025-02-28,0.757,prenhe
E-CA-000368,CA-M-00080,CA-R-0003,caprino,Saanen,Anglo Nubiana,5.3,0,2.5,0.38,0.58,IA_cervical,4,1,2024-04-04,0.532,prenhe
E-CA-000369,CA-M-00079,CA-R-0025,caprino,Alpina,Boer,3.6,5,3.0,0.76,0.61,IATF,4,1,2025-04-24,0.832,prenhe
E-CA-000370,CA-M-00103,CA-R-0003,caprino,Boer,Anglo Nubiana,8.1,3,4.0,0.64,0.58,IA_cervical,11,0,2024-11-16,0.398,vazia
E-CA-000371,CA-M-00205,CA-R-0014,caprino,Saanen,Anglo Nubiana,1.3,5,3.2,0.75,0.62,IATF,7,0,2025-07-28,0.716,prenhe
E-CA-000372,CA-M-00109,CA-R-0005,caprino,Anglo Nubiana,Boer,9.4,0,3.1,0.59,0.56,IA_laparoscopica,3,1,2024-03-13,0.732,prenhe
E-CA-000373,CA-M-00237,CA-R-0025,caprino,Boer,Boer,8.1,3,4.5,0.65,0.61,IA_laparoscopica,10,0,2024-10-23,0.583,vazia
E-CA-000374,CA-M-00047,CA-R-0017,caprino,Alpina,Anglo Nubiana,1.3,2,3.2,0.8,0.61,IA_cervical,9,0,2024-09-20,0.861,prenhe
E-CA-000375,CA-M-00030,CA-R-0015,caprino,Boer,Saanen,5.6,0,2.7,0.47,0.71,IA_laparoscopica,11,0,2025-11-26,0.725,prenhe
E-CA-000376,CA-M-00049,CA-R-0009,caprino,Anglo Nubiana,Anglo Nubiana,8.2,1,3.1,0.36,0.89,IA_laparoscopica,8,0,2024-08-05,0.887,prenhe
E-CA-000377,CA-M-00275,CA-R-0023,caprino,Anglo Nubiana,Pardo Alpina,8.3,5,4.3,0.61,0.76,IA_cervical,12,0,2025-12-22,0.36,vazia
E-CA-000378,CA-M-00083,CA-R-0006,caprino,Saanen,Caninde,9.3,5,2.9,0.36,0.74,IATF,11,0,2025-11-04,0.549,prenhe
E-CA-000379,CA-M-00008,CA-R-0021,caprino,Boer,Boer,2.4,5,3.6,0.83,0.46,IA_cervical,3,1,2025-03-04,0.588,vazia
E-CA-000380,CA-M-00094,CA-R-0029,caprino,Boer,Saanen,1.1,1,3.7,0.35,0.69,IA_cervical,5,1,2024-05-07,0.58,prenhe
E-CA-000381,CA-M-00206,CA-R-0007,caprino,Anglo Nubiana,Pardo Alpina,7.5,0,3.1,0.78,0.59,IA_cervical,6,1,2024-06-11,0.685,vazia
E-CA-000382,CA-M-00108,CA-R-0020,caprino,Anglo Nubiana,Boer,4.8,4,3.0,0.23,0.57,IA_laparoscopica,1,0,2024-01-13,0.836,vazia
E-CA-000383,CA-M-00115,CA-R-0009,caprino,Anglo Nubiana,Anglo Nubiana,7.1,1,2.9,0.31,0.89,IA_cervical,7,0,2025-07-19,0.643,prenhe
E-CA-000384,CA-M-00025,CA-R-0027,caprino,Moxoto,Moxoto,6.1,3,3.5,0.43,0.53,IA_cervical,6,1,2025-06-13,0.693,prenhe
E-CA-000385,CA-M-00200,CA-R-0026,caprino,Alpina,Anglo Nubiana,4.4,4,4.0,0.56,0.71,IA_cervical,8,0,2024-08-23,0.599,prenhe
E-CA-000386,CA-M-00066,CA-R-0009,caprino,Alpina,Anglo Nubiana,5.1,2,3.4,0.27,0.89,IA_cervical,6,1,2025-06-17,0.948,prenhe
E-CA-000387,CA-M-00029,CA-R-0006,caprino,Alpina,Caninde,9.6,2,3.1,0.71,0.74,IA_cervical,2,0,2025-02-25,0.651,prenhe
E-CA-000388,CA-M-00214,CA-R-0002,caprino,Anglo Nubiana,Anglo Nubiana,2.0,1,3.0,0.45,0.55,IATF,8,0,2025-08-19,0.715,vazia
E-CA-000389,CA-M-00281,CA-R-0020,caprino,Anglo Nubiana,Boer,5.2,3,3.4,0.77,0.57,IA_cervical,3,1,2024-03-04,0.867,vazia
E-CA-000390,CA-M-00183,CA-R-0027,caprino,Pardo Alpina,Moxoto,9.3,0,3.6,0.31,0.53,IATF,5,1,2024-05-25,0.435,prenhe
E-CA-000391,CA-M-00281,CA-R-0004,caprino,Anglo Nubiana,Anglo Nubiana,5.2,3,3.4,0.77,0.77,IA_laparoscopica,8,0,2025-08-12,0.95,prenhe
E-CA-000392,CA-M-00120,CA-R-0024,caprino,Alpina,Boer,8.8,3,4.4,0.67,0.74,IATF,9,0,2024-09-26,0.393,vazia
E-CA-000393,CA-M-00155,CA-R-0022,caprino,Alpina,Boer,1.8,3,3.4,0.36,0.76,IATF,12,0,2025-12-01,0.854,prenhe
E-CA-000394,CA-M-00107,CA-R-0014,caprino,Caninde,Anglo Nubiana,4.3,3,2.9,0.27,0.62,IA_cervical,10,0,2025-10-04,0.692,vazia
E-CA-000395,CA-M-00152,CA-R-0006,caprino,Alpina,Caninde,4.0,2,3.7,0.48,0.74,IA_laparoscopica,3,1,2024-03-09,0.877,vazia
E-CA-000396,CA-M-00267,CA-R-0019,caprino,Saanen,Moxoto,6.5,1,3.6,0.47,0.75,IA_cervical,10,0,2024-10-21,0.421,vazia
E-CA-000397,CA-M-00190,CA-R-0017,caprino,Caninde,Anglo Nubiana,7.5,4,4.1,0.51,0.61,IA_cervical,6,1,2025-06-18,0.482,vazia
E-CA-000398,CA-M-00008,CA-R-0024,caprino,Boer,Boer,2.4,5,3.6,0.83,0.74,IA_cervical,4,1,2024-04-09,0.717,prenhe
E-CA-000399,CA-M-00174,CA-R-0016,caprino,Anglo Nubiana,Caninde,3.1,1,3.0,0.74,0.58,IA_laparoscopica,9,0,2025-09-20,0.922,prenhe
E-CA-000400,CA-M-00113,CA-R-0001,caprino,Anglo Nubiana,Anglo Nubiana,3.6,2,2.9,0.21,0.5,IATF,3,1,2024-03-12,0.704,vazia
E-CA-000401,CA-M-00163,CA-R-0006,caprino,Boer,Caninde,2.7,5,3.5,0.9,0.74,IA_cervical,3,1,2024-03-20,0.911,prenhe
E-CA-000402,CA-M-00167,CA-R-0011,caprino,Boer,Boer,1.4,3,2.3,0.63,0.48,IA_laparoscopica,1,0,2025-01-31,0.678,prenhe
E-CA-000403,CA-M-00176,CA-R-0014,caprino,Pardo Alpina,Anglo Nubiana,8.9,2,3.0,0.34,0.62,IA_cervical,6,1,2024-06-29,0.643,prenhe
E-CA-000404,CA-M-00259,CA-R-0010,caprino,Saanen,Caninde,7.7,1,3.1,0.81,0.45,IA_cervical,4,1,2025-04-11,0.584,prenhe
E-CA-000405,CA-M-00257,CA-R-0026,caprino,Anglo Nubiana,Anglo Nubiana,8.9,2,3.9,0.64,0.71,IA_cervical,10,0,2024-10-13,0.514,prenhe
E-CA-000406,CA-M-00291,CA-R-0008,caprino,Alpina,Alpina,6.0,3,3.3,0.4,0.66,IA_laparoscopica,7,0,2024-07-16,0.95,prenhe
E-CA-000407,CA-M-00183,CA-R-0020,caprino,Pardo Alpina,Boer,9.3,0,3.6,0.31,0.57,IA_cervical,9,0,2025-09-02,0.311,vazia
E-CA-000408,CA-M-00085,CA-R-0010,caprino,Caninde,Caninde,5.0,4,3.8,0.48,0.45,IA_cervical,4,1,2024-04-26,0.574,prenhe
E-CA-000409,CA-M-00058,CA-R-0029,caprino,Alpina,Saanen,6.0,3,2.0,0.67,0.69,IA_cervical,12,0,2024-12-26,0.555,prenhe
E-CA-000410,CA-M-00254,CA-R-0027,caprino,Anglo Nubiana,Moxoto,9.5,2,3.7,0.14,0.53,IA_laparoscopica,5,1,2024-05-02,0.605,prenhe
E-CA-000411,CA-M-00274,CA-R-0023,caprino,Anglo Nubiana,Pardo Alpina,4.2,0,2.7,0.95,0.76,IATF,4,1,2024-04-09,0.747,vazia
E-CA-000412,CA-M-00011,CA-R-0022,caprino,Pardo Alpina,Boer,5.4,0,2.0,0.56,0.76,IA_cervical,5,1,2024-05-29,0.545,vazia
E-CA-000413,CA-M-00064,CA-R-0019,caprino,Pardo Alpina,Moxoto,2.3,5,3.7,0.3,0.75,IA_laparoscopica,7,0,2024-07-06,0.638,vazia
E-CA-000414,CA-M-00203,CA-R-0017,caprino,Anglo Nubiana,Anglo Nubiana,7.7,4,3.7,0.34,0.61,IA_laparoscopica,10,0,2024-10-27,0.597,prenhe
E-CA-000415,CA-M-00049,CA-R-0016,caprino,Anglo Nubiana,Caninde,8.2,1,3.1,0.36,0.58,IA_cervical,12,0,2024-12-07,0.446,vazia
E-CA-000416,CA-M-00015,CA-R-0000,caprino,Alpina,Moxoto,7.5,5,3.5,0.52,0.55,IA_cervical,4,1,2024-04-11,0.633,prenhe
E-CA-000417,CA-M-00299,CA-R-0028,caprino,Anglo Nubiana,Caninde,6.9,0,3.7,0.59,0.41,IATF,1,0,2024-01-29,0.267,vazia
E-CA-000418,CA-M-00028,CA-R-0029,caprino,Anglo Nubiana,Saanen,2.7,1,2.8,0.63,0.69,IA_cervical,3,1,2024-03-10,0.901,prenhe
E-CA-000419,CA-M-00064,CA-R-0015,caprino,Pardo Alpina,Saanen,2.3,5,3.7,0.3,0.71,IA_cervical,4,1,2025-04-05,0.462,prenhe
E-CA-000420,CA-M-00296,CA-R-0026,caprino,Pardo Alpina,Anglo Nubiana,1.1,5,3.8,0.69,0.71,IATF,12,0,2025-12-11,0.696,prenhe
E-CA-000421,CA-M-00030,CA-R-0012,caprino,Boer,Alpina,5.6,0,2.7,0.47,0.49,IATF,1,0,2024-01-19,0.378,vazia
E-CA-000422,CA-M-00239,CA-R-0003,caprino,Pardo Alpina,Anglo Nubiana,9.5,0,3.5,1.0,0.58,IA_laparoscopica,1,0,2024-01-26,0.722,prenhe
E-CA-000423,CA-M-00168,CA-R-0025,caprino,Anglo Nubiana,Boer,5.8,1,2.9,0.56,0.61,IATF,7,0,2025-07-24,0.761,prenhe
E-CA-000424,CA-M-00161,CA-R-0015,caprino,Boer,Saanen,9.3,3,3.8,0.71,0.71,IA_cervical,6,1,2025-06-13,0.647,prenhe
E-CA-000425,CA-M-00248,CA-R-0028,caprino,Pardo Alpina,Caninde,3.2,5,3.5,0.25,0.41,IATF,6,1,2025-06-19,0.64,prenhe
E-CA-000426,CA-M-00006,CA-R-0006,caprino,Anglo Nubiana,Caninde,8.4,2,3.5,0.62,0.74,IA_cervical,5,1,2024-05-06,0.825,vazia
E-CA-000427,CA-M-00018,CA-R-0014,caprino,Saanen,Anglo Nubiana,7.0,5,3.7,0.56,0.62,IATF,9,0,2025-09-23,0.38,prenhe
E-CA-000428,CA-M-00058,CA-R-0020,caprino,Alpina,Boer,6.0,3,2.0,0.67,0.57,IA_cervical,3,1,2025-03-31,0.562,prenhe
E-CA-000429,CA-M-00147,CA-R-0004,caprino,Moxoto,Anglo Nubiana,3.4,2,3.5,0.37,0.77,IA_cervical,4,1,2024-04-25,0.857,prenhe
E-CA-000430,CA-M-00288,CA-R-0029,caprino,Boer,Saanen,2.1,2,4.1,0.12,0.69,IA_cervical,3,1,2024-03-25,0.493,prenhe
E-CA-000431,CA-M-00020,CA-R-0018,caprino,Caninde,Alpina,3.4,0,2.8,0.66,0.49,IATF,3,1,2025-03-15,0.651,prenhe
E-CA-000432,CA-M-00126,CA-R-0005,caprino,Boer,Boer,3.5,1,3.2,0.69,0.56,IA_cervical,7,0,2025-07-22,0.721,vazia
E-CA-000433,CA-M-00128,CA-R-0022,caprino,Anglo Nubiana,Boer,8.7,2,2.9,0.9,0.76,IATF,7,0,2025-07-24,0.788,prenhe
E-CA-000434,CA-M-00058,CA-R-0026,caprino,Alpina,Anglo Nubiana,6.0,3,2.0,0.67,0.71,IA_cervical,3,1,2025-03-04,0.692,prenhe
E-CA-000435,CA-M-00103,CA-R-0011,caprino,Boer,Boer,8.1,3,4.0,0.64,0.48,IA_cervical,1,0,2025-01-11,0.366,prenhe
E-CA-000436,CA-M-00060,CA-R-0018,caprino,Boer,Alpina,4.2,0,3.4,0.66,0.49,IA_laparoscopica,5,1,2025-05-22,0.856,prenhe
E-CA-000437,CA-M-00041,CA-R-0022,caprino,Anglo Nubiana,Boer,1.2,0,3.1,0.38,0.76,IA_cervical,4,1,2024-04-05,0.83,prenhe
E-CA-000438,CA-M-00156,CA-R-0004,caprino,Anglo Nubiana,Anglo Nubiana,9.4,2,3.8,0.61,0.77,IA_laparoscopica,9,0,2024-09-23,0.725,vazia
E-CA-000439,CA-M-00279,CA-R-0015,caprino,Pardo Alpina,Saanen,2.8,1,3.9,0.66,0.71,IATF,3,1,2024-03-13,0.743,prenhe
E-CA-000440,CA-M-00121,CA-R-0016,caprino,Saanen,Caninde,7.7,0,3.1,0.79,0.58,IA_laparoscopica,9,0,2025-09-04,0.763,prenhe
E-CA-000441,CA-M-00190,CA-R-0009,caprino,Caninde,Anglo Nubiana,7.5,4,4.1,0.51,0.89,IA_cervical,3,1,2025-03-18,0.571,prenhe
E-CA-000442,CA-M-00201,CA-R-0008,caprino,Anglo Nubiana,Alpina,4.2,2,3.7,0.45,0.66,IA_cervical,7,0,2025-07-21,0.685,prenhe
E-CA-000443,CA-M-00252,CA-R-0018,caprino,Moxoto,Alpina,4.6,1,3.1,0.94,0.49,IATF,12,0,2024-12-29,0.779,prenhe
E-CA-000444,CA-M-00247,CA-R-0022,caprino,Alpina,Boer,3.8,5,2.7,0.86,0.76,IA_laparoscopica,11,0,2025-11-09,0.755,prenhe
E-CA-000445,CA-M-00271,CA-R-0011,caprino,Pardo Alpina,Boer,3.9,4,2.9,0.29,0.48,IATF,11,0,2025-11-09,0.722,prenhe
E-CA-000446,CA-M-00244,CA-R-0004,caprino,Anglo Nubiana,Anglo Nubiana,1.7,4,3.1,0.57,0.77,IA_cervical,3,1,2025-03-25,0.884,prenhe
E-CA-000447,CA-M-00279,CA-R-0023,caprino,Pardo Alpina,Pardo Alpina,2.8,1,3.9,0.66,0.76,IA_laparoscopica,8,0,2025-08-31,0.791,prenhe
E-CA-000448,CA-M-00289,CA-R-0005,caprino,Caninde,Boer,6.2,0,3.1,0.51,0.56,IA_cervical,4,1,2025-04-26,0.605,vazia
E-CA-000449,CA-M-00224,CA-R-0000,caprino,Moxoto,Moxoto,4.5,0,3.7,0.55,0.55,IA_laparoscopica,6,1,2025-06-12,0.679,prenhe
E-CA-000450,CA-M-00147,CA-R-0009,caprino,Moxoto,Anglo Nubiana,3.4,2,3.5,0.37,0.89,IATF,6,1,2024-06-29,0.924,prenhe
E-CA-000451,CA-M-00092,CA-R-0024,caprino,Anglo Nubiana,Boer,3.7,5,3.8,0.48,0.74,IATF,12,0,2025-12-18,0.606,prenhe
E-CA-000452,CA-M-00171,CA-R-0022,caprino,Anglo Nubiana,Boer,9.4,5,3.3,0.16,0.76,IA_cervical,5,1,2024-05-14,0.589,prenhe
E-CA-000453,CA-M-00248,CA-R-0009,caprino,Pardo Alpina,Anglo Nubiana,3.2,5,3.5,0.25,0.89,IATF,5,1,2025-05-22,0.895,prenhe
E-CA-000454,CA-M-00226,CA-R-0015,caprino,Anglo Nubiana,Saanen,9.0,2,2.5,0.6,0.71,IA_cervical,3,1,2025-03-18,0.545,prenhe
E-CA-000455,CA-M-00156,CA-R-0028,caprino,Anglo Nubiana,Caninde,9.4,2,3.8,0.61,0.41,IA_cervical,3,1,2024-03-08,0.427,vazia
E-CA-000456,CA-M-00022,CA-R-0021,caprino,Anglo Nubiana,Boer,9.5,3,3.5,0.52,0.46,IA_laparoscopica,7,0,2025-07-19,0.833,prenhe
E-CA-000457,CA-M-00081,CA-R-0022,caprino,Boer,Boer,2.8,3,3.6,0.62,0.76,IA_cervical,2,0,2024-02-26,0.591,vazia
E-CA-000458,CA-M-00173,CA-R-0002,caprino,Anglo Nubiana,Anglo Nubiana,4.3,5,3.2,0.43,0.55,IA_cervical,1,0,2025-01-06,0.635,prenhe
E-CA-000459,CA-M-00115,CA-R-0007,caprino,Anglo Nubiana,Pardo Alpina,7.1,1,2.9,0.31,0.59,IA_laparoscopica,8,0,2025-08-18,0.791,vazia
E-CA-000460,CA-M-00136,CA-R-0003,caprino,Caninde,Anglo Nubiana,5.7,5,3.7,0.42,0.58,IA_laparoscopica,4,1,2024-04-01,0.725,prenhe
E-CA-000461,CA-M-00090,CA-R-0029,caprino,Caninde,Saanen,8.9,4,3.2,0.56,0.69,IA_laparoscopica,9,0,2024-09-20,0.905,prenhe
E-CA-000462,CA-M-00022,CA-R-0010,caprino,Anglo Nubiana,Caninde,9.5,3,3.5,0.52,0.45,IA_cervical,1,0,2025-01-06,0.597,prenhe
E-CA-000463,CA-M-00139,CA-R-0014,caprino,Saanen,Anglo Nubiana,8.1,3,3.0,0.33,0.62,IA_laparoscopica,11,0,2025-11-05,0.764,prenhe
E-CA-000464,CA-M-00133,CA-R-0016,caprino,Anglo Nubiana,Caninde,1.0,3,4.3,0.98,0.58,IA_cervical,10,0,2024-10-05,0.561,vazia
E-CA-000465,CA-M-00234,CA-R-0015,caprino,Boer,Saanen,8.9,2,3.7,0.5,0.71,IA_cervical,3,1,2024-03-27,0.468,prenhe
E-CA-000466,CA-M-00033,CA-R-0001,caprino,Boer,Anglo Nubiana,5.2,3,3.1,0.57,0.5,IA_cervical,4,1,2024-04-05,0.788,prenhe
E-CA-000467,CA-M-00145,CA-R-0027,caprino,Alpina,Moxoto,8.0,3,2.9,0.48,0.53,IA_laparoscopica,5,1,2024-05-25,0.85,prenhe
E-CA-000468,CA-M-00256,CA-R-0011,caprino,Caninde,Boer,2.7,0,3.4,0.69,0.48,IA_cervical,9,0,2025-09-24,0.652,vazia
E-CA-000469,CA-M-00080,CA-R-0027,caprino,Saanen,Moxoto,5.3,0,2.5,0.38,0.53,IA_cervical,7,0,2025-07-18,0.551,vazia
E-CA-000470,CA-M-00094,CA-R-0022,caprino,Boer,Boer,1.1,1,3.7,0.35,0.76,IATF,10,0,2024-10-31,0.608,prenhe
E-CA-000471,CA-M-00026,CA-R-0020,caprino,Boer,Boer,6.4,3,3.1,0.49,0.57,IATF,9,0,2025-09-10,0.668,vazia
E-CA-000472,CA-M-00172,CA-R-0021,caprino,Anglo Nubiana,Boer,8.5,3,3.5,0.88,0.46,IA_laparoscopica,11,0,2025-11-01,0.868,prenhe
E-CA-000473,CA-M-00256,CA-R-0029,caprino,Caninde,Saanen,2.7,0,3.4,0.69,0.69,IATF,9,0,2025-09-25,0.781,prenhe
E-CA-000474,CA-M-00144,CA-R-0009,caprino,Caninde,Anglo Nubiana,9.7,0,4.3,0.56,0.89,IATF,1,0,2024-01-04,0.404,vazia
E-CA-000475,CA-M-00125,CA-R-0009,caprino,Boer,Anglo Nubiana,9.7,5,3.3,0.49,0.89,IA_laparoscopica,3,1,2024-03-13,0.9,prenhe
E-CA-000476,CA-M-00224,CA-R-0020,caprino,Moxoto,Boer,4.5,0,3.7,0.55,0.57,IA_cervical,6,1,2025-06-13,0.54,vazia
E-CA-000477,CA-M-00132,CA-R-0006,caprino,Saanen,Caninde,8.9,2,3.9,0.46,0.74,IA_laparoscopica,10,0,2024-10-05,0.69,vazia
E-CA-000478,CA-M-00119,CA-R-0024,caprino,Saanen,Boer,1.9,5,3.2,0.91,0.74,IATF,4,1,2024-04-25,0.909,prenhe
E-CA-000479,CA-M-00229,CA-R-0000,caprino,Caninde,Moxoto,2.4,3,3.9,0.83,0.55,IA_laparoscopica,4,1,2025-04-16,0.907,vazia
E-CA-000480,CA-M-00085,CA-R-0026,caprino,Caninde,Anglo Nubiana,5.0,4,3.8,0.48,0.71,IA_cervical,9,0,2024-09-16,0.57,prenhe
E-CA-000481,CA-M-00254,CA-R-0010,caprino,Anglo Nubiana,Caninde,9.5,2,3.7,0.14,0.45,IATF,11,0,2025-11-01,0.355,vazia
E-CA-000482,CA-M-00080,CA-R-0000,caprino,Saanen,Moxoto,5.3,0,2.5,0.38,0.55,IATF,2,0,2025-02-25,0.544,vazia
E-CA-000483,CA-M-00153,CA-R-0018,caprino,Anglo Nubiana,Alpina,7.3,1,3.0,0.48,0.49,IA_cervical,6,1,2024-06-23,0.591,prenhe
E-CA-000484,CA-M-00075,CA-R-0008,caprino,Saanen,Alpina,1.2,1,2.5,0.28,0.66,IATF,11,0,2025-11-13,0.632,prenhe
E-CA-000485,CA-M-00189,CA-R-0009,caprino,Anglo Nubiana,Anglo Nubiana,1.5,3,3.5,0.62,0.89,IA_laparoscopica,3,1,2025-03-14,0.95,prenhe
E-CA-000486,CA-M-00130,CA-R-0014,caprino,Anglo Nubiana,Anglo Nubiana,1.6,4,3.2,0.59,0.62,IATF,8,0,2024-08-04,0.803,prenhe
E-CA-000487,CA-M-00071,CA-R-0017,caprino,Saanen,Anglo Nubiana,10.0,5,4.1,0.72,0.61,IATF,4,1,2024-04-14,0.434,prenhe
E-CA-000488,CA-M-00223,CA-R-0004,caprino,Moxoto,Anglo Nubiana,3.2,0,4.0,0.54,0.77,IA_cervical,2,0,2025-02-09,0.54,prenhe
E-CA-000489,CA-M-00280,CA-R-0001,caprino,Saanen,Anglo Nubiana,7.3,3,3.1,0.6,0.5,IATF,6,1,2025-06-29,0.611,prenhe
E-CA-000490,CA-M-00008,CA-R-0013,caprino,Boer,Alpina,2.4,5,3.6,0.83,0.4,IA_cervical,9,0,2025-09-02,0.53,prenhe
E-CA-000491,CA-M-00170,CA-R-0010,caprino,Pardo Alpina,Caninde,7.3,5,2.5,0.13,0.45,IATF,4,1,2024-04-03,0.456,prenhe
E-CA-000492,CA-M-00215,CA-R-0017,caprino,Pardo Alpina,Anglo Nubiana,2.2,2,2.6,0.68,0.61,IATF,11,0,2024-11-11,0.674,vazia
E-CA-000493,CA-M-00215,CA-R-0022,caprino,Pardo Alpina,Boer,2.2,2,2.6,0.68,0.76,IATF,12,0,2025-12-30,0.737,prenhe
E-CA-000494,CA-M-00066,CA-R-0018,caprino,Alpina,Alpina,5.1,2,3.4,0.27,0.49,IATF,4,1,2025-04-27,0.761,vazia
E-CA-000495,CA-M-00034,CA-R-0003,caprino,Saanen,Anglo Nubiana,6.7,4,2.2,0.67,0.58,IATF,3,1,2024-03-08,0.544,vazia
E-CA-000496,CA-M-00154,CA-R-0029,caprino,Pardo Alpina,Saanen,4.4,3,3.8,0.8,0.69,IA_cervical,10,0,2025-10-31,0.674,prenhe
E-CA-000497,CA-M-00191,CA-R-0021,caprino,Boer,Boer,7.3,1,4.1,0.65,0.46,IA_cervical,5,1,2025-05-15,0.367,vazia
E-CA-000498,CA-M-00086,CA-R-0001,caprino,Caninde,Anglo Nubiana,9.8,0,2.9,0.29,0.5,IA_cervical,12,0,2024-12-01,0.36,prenhe
E-CA-000499,CA-M-00110,CA-R-0022,caprino,Saanen,Boer,9.0,1,2.5,0.83,0.76,IATF,7,0,2025-07-21,0.534,vazia
E-CA-000500,CA-M-00159,CA-R-0026,caprino,Pardo Alpina,Anglo Nubiana,1.9,0,3.5,0.6,0.71,IA_laparoscopica,4,1,2025-04-18,0.95,vazia
E-CA-000501,CA-M-00135,CA-R-0017,caprino,Boer,Anglo Nubiana,6.3,2,3.5,0.49,0.61,IA_laparoscopica,7,0,2024-07-07,0.837,prenhe
E-CA-000502,CA-M-00145,CA-R-0024,caprino,Alpina,Boer,8.0,3,2.9,0.48,0.74,IA_cervical,8,0,2025-08-04,0.719,prenhe
E-CA-000503,CA-M-00204,CA-R-0026,caprino,Boer,Anglo Nubiana,8.8,4,3.4,0.7,0.71,IA_laparoscopica,7,0,2024-07-05,0.795,prenhe
E-CA-000504,CA-M-00295,CA-R-0028,caprino,Saanen,Caninde,7.7,3,4.8,0.73,0.41,IA_cervical,6,1,2024-06-16,0.326,prenhe
E-CA-000505,CA-M-00238,CA-R-0028,caprino,Boer,Caninde,5.6,4,2.5,0.28,0.41,IATF,3,1,2025-03-11,0.599,vazia
E-CA-000506,CA-M-00002,CA-R-0005,caprino,Pardo Alpina,Boer,1.4,2,3.3,0.64,0.56,IATF,1,0,2024-01-14,0.755,prenhe
E-CA-000507,CA-M-00104,CA-R-0001,caprino,Saanen,Anglo Nubiana,8.4,1,3.3,0.13,0.5,IA_cervical,4,1,2025-04-05,0.581,prenhe
E-CA-000508,CA-M-00002,CA-R-0019,caprino,Pardo Alpina,Moxoto,1.4,2,3.3,0.64,0.75,IATF,2,0,2025-02-05,0.786,prenhe
E-CA-000509,CA-M-00261,CA-R-0020,caprino,Saanen,Boer,1.6,1,3.6,1.0,0.57,IA_cervical,6,1,2025-06-09,0.693,prenhe
E-CA-000510,CA-M-00193,CA-R-0017,caprino,Saanen,Anglo Nubiana,3.1,2,3.1,0.53,0.61,IA_cervical,4,1,2024-04-26,0.838,prenhe
E-CA-000511,CA-M-00065,CA-R-0007,caprino,Pardo Alpina,Pardo Alpina,7.6,1,2.9,0.62,0.59,IA_laparoscopica,2,0,2025-02-27,0.784,prenhe
E-CA-000512,CA-M-00251,CA-R-0028,caprino,Moxoto,Caninde,3.6,0,3.2,0.35,0.41,IA_laparoscopica,11,0,2024-11-18,0.662,prenhe
E-CA-000513,CA-M-00168,CA-R-0012,caprino,Anglo Nubiana,Alpina,5.8,1,2.9,0.56,0.49,IA_cervical,5,1,2024-05-07,0.65,prenhe
E-CA-000514,CA-M-00015,CA-R-0022,caprino,Alpina,Boer,7.5,5,3.5,0.52,0.76,IA_cervical,11,0,2024-11-25,0.617,prenhe
E-CA-000515,CA-M-00045,CA-R-0018,caprino,Boer,Alpina,4.2,2,3.0,0.46,0.49,IA_cervical,11,0,2025-11-05,0.724,prenhe
E-CA-000516,CA-M-00242,CA-R-0026,caprino,Anglo Nubiana,Anglo Nubiana,3.9,3,3.3,0.43,0.71,IA_cervical,8,0,2025-08-24,0.83,prenhe
E-CA-000517,CA-M-00086,CA-R-0021,caprino,Caninde,Boer,9.8,0,2.9,0.29,0.46,IA_cervical,5,1,2024-05-01,0.484,vazia
E-CA-000518,CA-M-00157,CA-R-0019,caprino,Alpina,Moxoto,2.5,3,3.6,0.54,0.75,IA_cervical,9,0,2025-09-10,0.687,prenhe
E-CA-000519,CA-M-00268,CA-R-0025,caprino,Anglo Nubiana,Boer,2.0,3,2.8,0.5,0.61,IATF,2,0,2025-02-16,0.808,prenhe
E-CA-000520,CA-M-00086,CA-R-0001,caprino,Caninde,Anglo Nubiana,9.8,0,2.9,0.29,0.5,IA_cervical,2,0,2024-02-04,0.504,prenhe
E-CA-000521,CA-M-00003,CA-R-0021,caprino,Boer,Boer,7.7,3,4.0,0.53,0.46,IA_cervical,11,0,2025-11-02,0.397,prenhe
E-CA-000522,CA-M-00025,CA-R-0017,caprino,Moxoto,Anglo Nubiana,6.1,3,3.5,0.43,0.61,IA_cervical,1,0,2025-01-18,0.524,vazia
E-CA-000523,CA-M-00274,CA-R-0023,caprino,Anglo Nubiana,Pardo Alpina,4.2,0,2.7,0.95,0.76,IA_cervical,10,0,2025-10-28,0.631,vazia
E-CA-000524,CA-M-00179,CA-R-0006,caprino,Saanen,Caninde,4.3,0,2.4,0.66,0.74,IATF,3,1,2024-03-12,0.682,prenhe
E-CA-000525,CA-M-00098,CA-R-0017,caprino,Moxoto,Anglo Nubiana,1.2,4,3.0,0.49,0.61,IA_cervical,5,1,2024-05-02,0.858,prenhe
E-CA-000526,CA-M-00023,CA-R-0008,caprino,Anglo Nubiana,Alpina,7.8,1,3.8,0.31,0.66,IA_cervical,10,0,2025-10-20,0.309,vazia
E-CA-000527,CA-M-00208,CA-R-0003,caprino,Saanen,Anglo Nubiana,8.5,4,3.5,0.34,0.58,IATF,6,1,2024-06-23,0.674,vazia
E-CA-000528,CA-M-00011,CA-R-0017,caprino,Pardo Alpina,Anglo Nubiana,5.4,0,2.0,0.56,0.61,IATF,2,0,2025-02-05,0.469,prenhe
E-CA-000529,CA-M-00027,CA-R-0000,caprino,Anglo Nubiana,Moxoto,2.1,4,2.9,0.69,0.55,IA_cervical,3,1,2025-03-15,0.843,vazia
E-CA-000530,CA-M-00178,CA-R-0002,caprino,Anglo Nubiana,Anglo Nubiana,6.7,5,3.2,0.53,0.55,IA_cervical,11,0,2025-11-23,0.511,prenhe
E-CA-000531,CA-M-00192,CA-R-0015,caprino,Boer,Saanen,2.1,1,3.3,0.54,0.71,IATF,9,0,2024-09-03,0.877,vazia
E-CA-000532,CA-M-00170,CA-R-0026,caprino,Pardo Alpina,Anglo Nubiana,7.3,5,2.5,0.13,0.71,IA_laparoscopica,7,0,2025-07-04,0.456,prenhe
E-CA-000533,CA-M-00272,CA-R-0021,caprino,Caninde,Boer,1.7,5,3.1,0.78,0.46,IATF,6,1,2025-06-17,0.842,prenhe
E-CA-000534,CA-M-00080,CA-R-0000,caprino,Saanen,Moxoto,5.3,0,2.5,0.38,0.55,IA_cervical,5,1,2025-05-26,0.567,prenhe
E-CA-000535,CA-M-00166,CA-R-0003,caprino,Boer,Anglo Nubiana,8.9,4,3.0,0.68,0.58,IATF,1,0,2025-01-16,0.667,prenhe
E-CA-000536,CA-M-00091,CA-R-0012,caprino,Moxoto,Alpina,3.6,5,3.0,0.7,0.49,IA_cervical,2,0,2024-02-21,0.664,vazia
E-CA-000537,CA-M-00108,CA-R-0012,caprino,Anglo Nubiana,Alpina,4.8,4,3.0,0.23,0.49,IA_cervical,7,0,2024-07-13,0.65,prenhe
E-CA-000538,CA-M-00045,CA-R-0001,caprino,Boer,Anglo Nubiana,4.2,2,3.0,0.46,0.5,IATF,2,0,2025-02-13,0.741,prenhe
E-CA-000539,CA-M-00238,CA-R-0007,caprino,Boer,Pardo Alpina,5.6,4,2.5,0.28,0.59,IA_laparoscopica,10,0,2024-10-27,0.672,vazia
E-CA-000540,CA-M-00211,CA-R-0003,caprino,Anglo Nubiana,Anglo Nubiana,5.9,2,2.8,0.56,0.58,IA_cervical,5,1,2024-05-14,0.813,prenhe
E-CA-000541,CA-M-00213,CA-R-0017,caprino,Caninde,Anglo Nubiana,9.7,5,3.4,0.5,0.61,IA_cervical,5,1,2025-05-19,0.606,prenhe
E-CA-000542,CA-M-00042,CA-R-0019,caprino,Saanen,Moxoto,7.9,1,4.2,0.16,0.75,IATF,12,0,2024-12-02,0.306,prenhe
E-CA-000543,CA-M-00035,CA-R-0011,caprino,Saanen,Boer,3.7,1,3.3,0.41,0.48,IA_cervical,7,0,2025-07-27,0.618,prenhe
E-CA-000544,CA-M-00234,CA-R-0017,caprino,Boer,Anglo Nubiana,8.9,2,3.7,0.5,0.61,IA_cervical,2,0,2025-02-04,0.342,vazia
E-CA-000545,CA-M-00199,CA-R-0006,caprino,Moxoto,Caninde,3.3,2,3.4,0.16,0.74,IA_cervical,9,0,2024-09-26,0.743,prenhe
E-CA-000546,CA-M-00008,CA-R-0025,caprino,Boer,Boer,2.4,5,3.6,0.83,0.61,IA_cervical,3,1,2024-03-20,0.624,vazia
E-CA-000547,CA-M-00199,CA-R-0000,caprino,Moxoto,Moxoto,3.3,2,3.4,0.16,0.55,IATF,3,1,2024-03-17,0.679,prenhe
E-CA-000548,CA-M-00294,CA-R-0015,caprino,Anglo Nubiana,Saanen,8.0,1,1.9,0.51,0.71,IA_cervical,1,0,2025-01-05,0.328,prenhe
E-CA-000549,CA-M-00225,CA-R-0009,caprino,Boer,Anglo Nubiana,9.2,4,3.3,0.45,0.89,IA_cervical,9,0,2024-09-14,0.707,prenhe
E-CA-000550,CA-M-00083,CA-R-0013,caprino,Saanen,Alpina,9.3,5,2.9,0.36,0.4,IA_laparoscopica,6,1,2025-06-08,0.746,vazia
E-CA-000551,CA-M-00094,CA-R-0015,caprino,Boer,Saanen,1.1,1,3.7,0.35,0.71,IA_cervical,4,1,2025-04-05,0.597,prenhe
E-CA-000552,CA-M-00225,CA-R-0019,caprino,Boer,Moxoto,9.2,4,3.3,0.45,0.75,IA_laparoscopica,7,0,2024-07-26,0.873,prenhe
E-CA-000553,CA-M-00120,CA-R-0027,caprino,Alpina,Moxoto,8.8,3,4.4,0.67,0.53,IA_cervical,7,0,2025-07-08,0.425,prenhe
E-CA-000554,CA-M-00221,CA-R-0016,caprino,Pardo Alpina,Caninde,8.8,0,3.3,0.38,0.58,IATF,2,0,2025-02-17,0.487,vazia
E-CA-000555,CA-M-00288,CA-R-0006,caprino,Boer,Caninde,2.1,2,4.1,0.12,0.74,IATF,10,0,2025-10-04,0.488,vazia
E-CA-000556,CA-M-00121,CA-R-0015,caprino,Saanen,Saanen,7.7,0,3.1,0.79,0.71,IATF,11,0,2025-11-26,0.738,prenhe
E-CA-000557,CA-M-00172,CA-R-0015,caprino,Anglo Nubiana,Saanen,8.5,3,3.5,0.88,0.71,IA_cervical,12,0,2025-12-03,0.751,prenhe
E-CA-000558,CA-M-00146,CA-R-0025,caprino,Boer,Boer,4.1,2,3.8,0.45,0.61,IATF,4,1,2024-04-02,0.703,vazia
E-CA-000559,CA-M-00152,CA-R-0016,caprino,Alpina,Caninde,4.0,2,3.7,0.48,0.58,IA_laparoscopica,1,0,2025-01-21,0.718,prenhe
E-CA-000560,CA-M-00022,CA-R-0026,caprino,Anglo Nubiana,Anglo Nubiana,9.5,3,3.5,0.52,0.71,IA_cervical,1,0,2024-01-22,0.702,prenhe
E-CA-000561,CA-M-00296,CA-R-0019,caprino,Pardo Alpina,Moxoto,1.1,5,3.8,0.69,0.75,IA_cervical,10,0,2025-10-04,0.596,vazia
E-CA-000562,CA-M-00162,CA-R-0017,caprino,Saanen,Anglo Nubiana,6.9,3,3.5,0.54,0.61,IA_cervical,5,1,2025-05-27,0.62,prenhe
E-CA-000563,CA-M-00068,CA-R-0009,caprino,Caninde,Anglo Nubiana,2.3,2,3.0,0.87,0.89,IA_cervical,7,0,2024-07-10,0.922,prenhe
E-CA-000564,CA-M-00172,CA-R-0007,caprino,Anglo Nubiana,Pardo Alpina,8.5,3,3.5,0.88,0.59,IA_cervical,3,1,2025-03-19,0.713,prenhe
E-CA-000565,CA-M-00119,CA-R-0002,caprino,Saanen,Anglo Nubiana,1.9,5,3.2,0.91,0.55,IATF,2,0,2025-02-12,0.768,prenhe
E-CA-000566,CA-M-00246,CA-R-0016,caprino,Anglo Nubiana,Caninde,8.0,2,3.1,0.51,0.58,IATF,1,0,2025-01-31,0.598,vazia
E-CA-000567,CA-M-00227,CA-R-0027,caprino,Anglo Nubiana,Moxoto,1.6,4,2.2,0.73,0.53,IA_cervical,1,0,2025-01-28,0.522,vazia
E-CA-000568,CA-M-00114,CA-R-0000,caprino,Alpina,Moxoto,5.6,2,2.8,0.57,0.55,IATF,12,0,2025-12-19,0.776,prenhe
E-CA-000569,CA-M-00213,CA-R-0028,caprino,Caninde,Caninde,9.7,5,3.4,0.5,0.41,IA_laparoscopica,7,0,2025-07-15,0.572,prenhe
E-CA-000570,CA-M-00009,CA-R-0025,caprino,Saanen,Boer,1.5,2,3.6,0.23,0.61,IA_cervical,10,0,2024-10-20,0.505,vazia
E-CA-000571,CA-M-00290,CA-R-0013,caprino,Saanen,Alpina,7.7,4,2.7,0.75,0.4,IATF,7,0,2025-07-18,0.481,prenhe
E-CA-000572,CA-M-00153,CA-R-0009,caprino,Anglo Nubiana,Anglo Nubiana,7.3,1,3.0,0.48,0.89,IA_laparoscopica,4,1,2024-04-12,0.95,prenhe
E-CA-000573,CA-M-00196,CA-R-0017,caprino,Moxoto,Anglo Nubiana,7.2,5,3.0,0.88,0.61,IA_laparoscopica,7,0,2024-07-27,0.745,prenhe
E-CA-000574,CA-M-00193,CA-R-0025,caprino,Saanen,Boer,3.1,2,3.1,0.53,0.61,IA_cervical,3,1,2024-03-26,0.785,prenhe
E-CA-000575,CA-M-00093,CA-R-0000,caprino,Alpina,Moxoto,3.9,0,3.6,0.82,0.55,IA_cervical,10,0,2025-10-08,0.622,prenhe
E-CA-000576,CA-M-00206,CA-R-0013,caprino,Anglo Nubiana,Alpina,7.5,0,3.1,0.78,0.4,IATF,1,0,2024-01-18,0.526,vazia
E-CA-000577,CA-M-00119,CA-R-0001,caprino,Saanen,Anglo Nubiana,1.9,5,3.2,0.91,0.5,IA_cervical,10,0,2025-10-12,0.717,prenhe
E-CA-000578,CA-M-00204,CA-R-0019,caprino,Boer,Moxoto,8.8,4,3.4,0.7,0.75,IA_cervical,8,0,2025-08-30,0.683,prenhe
E-CA-000579,CA-M-00026,CA-R-0002,caprino,Boer,Anglo Nubiana,6.4,3,3.1,0.49,0.55,IA_cervical,11,0,2025-11-23,0.609,prenhe
E-CA-000580,CA-M-00043,CA-R-0009,caprino,Anglo Nubiana,Anglo Nubiana,5.4,5,3.3,0.83,0.89,IA_cervical,7,0,2025-07-13,0.938,prenhe
E-CA-000581,CA-M-00277,CA-R-0022,caprino,Pardo Alpina,Boer,8.8,0,2.5,0.68,0.76,IA_cervical,11,0,2024-11-30,0.463,vazia
E-CA-000582,CA-M-00220,CA-R-0022,caprino,Anglo Nubiana,Boer,2.4,5,3.1,0.66,0.76,IATF,8,0,2025-08-15,0.849,prenhe
E-CA-000583,CA-M-00038,CA-R-0006,caprino,Boer,Caninde,9.8,0,2.7,0.7,0.74,IA_cervical,12,0,2025-12-21,0.447,vazia
E-CA-000584,CA-M-00064,CA-R-0015,caprino,Pardo Alpina,Saanen,2.3,5,3.7,0.3,0.71,IATF,10,0,2025-10-13,0.483,vazia
E-CA-000585,CA-M-00163,CA-R-0005,caprino,Boer,Boer,2.7,5,3.5,0.9,0.56,IA_laparoscopica,7,0,2025-07-26,0.87,prenhe
E-CA-000586,CA-M-00001,CA-R-0017,caprino,Caninde,Anglo Nubiana,2.3,0,3.4,0.57,0.61,IA_cervical,7,0,2025-07-13,0.612,prenhe
E-CA-000587,CA-M-00120,CA-R-0000,caprino,Alpina,Moxoto,8.8,3,4.4,0.67,0.55,IA_cervical,4,1,2025-04-21,0.455,vazia
E-CA-000588,CA-M-00097,CA-R-0024,caprino,Moxoto,Boer,3.2,5,3.2,0.48,0.74,IA_cervical,10,0,2025-10-13,0.783,prenhe
E-CA-000589,CA-M-00040,CA-R-0000,caprino,Anglo Nubiana,Moxoto,8.5,4,2.9,0.52,0.55,IATF,11,0,2024-11-11,0.642,vazia
E-CA-000590,CA-M-00089,CA-R-0018,caprino,Anglo Nubiana,Alpina,6.1,2,3.0,0.53,0.49,IATF,12,0,2024-12-31,0.597,prenhe
E-CA-000591,CA-M-00087,CA-R-0012,caprino,Pardo Alpina,Alpina,2.3,1,4.1,0.45,0.49,IA_cervical,9,0,2025-09-06,0.337,prenhe
E-CA-000592,CA-M-00020,CA-R-0006,caprino,Caninde,Caninde,3.4,0,2.8,0.66,0.74,IATF,7,0,2024-07-10,0.786,prenhe
E-CA-000593,CA-M-00190,CA-R-0016,caprino,Caninde,Caninde,7.5,4,4.1,0.51,0.58,IATF,7,0,2025-07-11,0.312,vazia
E-CA-000594,CA-M-00081,CA-R-0004,caprino,Boer,Anglo Nubiana,2.8,3,3.6,0.62,0.77,IA_cervical,3,1,2024-03-21,0.695,prenhe
E-CA-000595,CA-M-00009,CA-R-0017,caprino,Saanen,Anglo Nubiana,1.5,2,3.6,0.23,0.61,IA_laparoscopica,3,1,2025-03-03,0.825,prenhe
E-CA-000596,CA-M-00006,CA-R-0019,caprino,Anglo Nubiana,Moxoto,8.4,2,3.5,0.62,0.75,IATF,1,0,2024-01-26,0.72,prenhe
E-CA-000597,CA-M-00289,CA-R-0013,caprino,Caninde,Alpina,6.2,0,3.1,0.51,0.4,IATF,12,0,2025-12-28,0.457,vazia
E-CA-000598,CA-M-00035,CA-R-0010,caprino,Saanen,Caninde,3.7,1,3.3,0.41,0.45,IA_cervical,9,0,2025-09-06,0.614,prenhe
E-CA-000599,CA-M-00272,CA-R-0013,caprino,Caninde,Alpina,1.7,5,3.1,0.78,0.4,IA_cervical,7,0,2024-07-01,0.682,prenhe
E-CA-000600,CA-M-00049,CA-R-0028,caprino,Anglo Nubiana,Caninde,8.2,1,3.1,0.36,0.41,IA_cervical,4,1,2024-04-19,0.554,vazia
E-CA-000601,CA-M-00025,CA-R-0022,caprino,Moxoto,Boer,6.1,3,3.5,0.43,0.76,IA_cervical,4,1,2025-04-13,0.713,prenhe
E-CA-000602,CA-M-00163,CA-R-0000,caprino,Boer,Moxoto,2.7,5,3.5,0.9,0.55,IA_cervical,10,0,2025-10-20,0.695,prenhe
E-CA-000603,CA-M-00260,CA-R-0008,caprino,Saanen,Alpina,5.7,0,3.8,0.6,0.66,IA_laparoscopica,8,0,2024-08-22,0.684,prenhe
E-CA-000604,CA-M-00021,CA-R-0000,caprino,Boer,Moxoto,1.2,5,2.0,0.64,0.55,IA_cervical,12,0,2025-12-02,0.423,vazia
E-CA-000605,CA-M-00098,CA-R-0007,caprino,Moxoto,Pardo Alpina,1.2,4,3.0,0.49,0.59,IA_cervical,11,0,2024-11-30,0.742,prenhe
E-CA-000606,CA-M-00225,CA-R-0023,caprino,Boer,Pardo Alpina,9.2,4,3.3,0.45,0.76,IA_laparoscopica,11,0,2024-11-18,0.838,prenhe
E-CA-000607,CA-M-00020,CA-R-0025,caprino,Caninde,Boer,3.4,0,2.8,0.66,0.61,IA_cervical,9,0,2024-09-04,0.688,prenhe
E-CA-000608,CA-M-00050,CA-R-0013,caprino,Pardo Alpina,Alpina,2.1,4,3.4,0.78,0.4,IA_cervical,7,0,2024-07-16,0.724,vazia
E-CA-000609,CA-M-00091,CA-R-0020,caprino,Moxoto,Boer,3.6,5,3.0,0.7,0.57,IATF,9,0,2024-09-01,0.689,vazia
E-CA-000610,CA-M-00241,CA-R-0011,caprino,Boer,Boer,5.5,3,3.1,0.76,0.48,IATF,5,1,2024-05-06,0.919,prenhe
E-CA-000611,CA-M-00242,CA-R-0014,caprino,Anglo Nubiana,Anglo Nubiana,3.9,3,3.3,0.43,0.62,IA_cervical,10,0,2024-10-02,0.72,prenhe
E-CA-000612,CA-M-00212,CA-R-0024,caprino,Alpina,Boer,3.9,5,3.4,0.64,0.74,IATF,7,0,2024-07-30,0.79,prenhe
E-CA-000613,CA-M-00199,CA-R-0008,caprino,Moxoto,Alpina,3.3,2,3.4,0.16,0.66,IATF,2,0,2024-02-11,0.633,prenhe
E-CA-000614,CA-M-00007,CA-R-0009,caprino,Saanen,Anglo Nubiana,2.8,2,3.7,0.61,0.89,IA_laparoscopica,9,0,2024-09-21,0.877,prenhe
E-CA-000615,CA-M-00071,CA-R-0004,caprino,Saanen,Anglo Nubiana,10.0,5,4.1,0.72,0.77,IATF,1,0,2024-01-30,0.357,vazia
E-CA-000616,CA-M-00276,CA-R-0006,caprino,Caninde,Caninde,6.7,3,2.7,0.8,0.74,IA_cervical,5,1,2024-05-12,0.597,prenhe
E-CA-000617,CA-M-00215,CA-R-0001,caprino,Pardo Alpina,Anglo Nubiana,2.2,2,2.6,0.68,0.5,IA_cervical,6,1,2025-06-13,0.777,vazia
E-CA-000618,CA-M-00072,CA-R-0024,caprino,Anglo Nubiana,Boer,1.9,0,3.8,0.91,0.74,IATF,1,0,2024-01-19,0.66,prenhe
E-CA-000619,CA-M-00212,CA-R-0025,caprino,Alpina,Boer,3.9,5,3.4,0.64,0.61,IA_cervical,8,0,2024-08-14,0.763,vazia
E-CA-000620,CA-M-00217,CA-R-0012,caprino,Boer,Alpina,5.6,5,3.7,0.63,0.49,IA_cervical,5,1,2025-05-14,0.605,prenhe
E-CA-000621,CA-M-00222,CA-R-0017,caprino,Pardo Alpina,Anglo Nubiana,6.1,0,3.8,0.37,0.61,IA_cervical,1,0,2024-01-16,0.377,prenhe
E-CA-000622,CA-M-00294,CA-R-0007,caprino,Anglo Nubiana,Pardo Alpina,8.0,1,1.9,0.51,0.59,IA_cervical,6,1,2025-06-22,0.368,vazia
E-CA-000623,CA-M-00162,CA-R-0001,caprino,Saanen,Anglo Nubiana,6.9,3,3.5,0.54,0.5,IA_cervical,2,0,2024-02-29,0.668,prenhe
E-CA-000624,CA-M-00017,CA-R-0015,caprino,Pardo Alpina,Saanen,3.9,5,3.9,0.47,0.71,IA_cervical,2,0,2024-02-10,0.58,vazia
E-CA-000625,CA-M-00245,CA-R-0004,caprino,Anglo Nubiana,Anglo Nubiana,4.9,0,3.0,0.72,0.77,IATF,5,1,2024-05-22,0.874,prenhe
E-CA-000626,CA-M-00004,CA-R-0025,caprino,Caninde,Boer,9.2,3,3.4,0.63,0.61,IA_cervical,9,0,2025-09-20,0.663,vazia
E-CA-000627,CA-M-00192,CA-R-0008,caprino,Boer,Alpina,2.1,1,3.3,0.54,0.66,IATF,2,0,2024-02-05,0.755,vazia
E-CA-000628,CA-M-00238,CA-R-0022,caprino,Boer,Boer,5.6,4,2.5,0.28,0.76,IA_cervical,3,1,2024-03-13,0.683,prenhe
E-CA-000629,CA-M-00037,CA-R-0007,caprino,Boer,Pardo Alpina,2.5,5,3.0,0.43,0.59,IA_cervical,11,0,2025-11-21,0.65,prenhe
E-CA-000630,CA-M-00239,CA-R-0003,caprino,Pardo Alpina,Anglo Nubiana,9.5,0,3.5,1.0,0.58,IATF,3,1,2025-03-21,0.741,prenhe
E-CA-000631,CA-M-00243,CA-R-0016,caprino,Anglo Nubiana,Caninde,8.4,5,3.6,0.66,0.58,IA_cervical,2,0,2025-02-18,0.481,prenhe
E-CA-000632,CA-M-00196,CA-R-0005,caprino,Moxoto,Boer,7.2,5,3.0,0.88,0.56,IA_cervical,1,0,2024-01-30,0.54,vazia
E-CA-000633,CA-M-00097,CA-R-0011,caprino,Moxoto,Boer,3.2,5,3.2,0.48,0.48,IATF,10,0,2024-10-14,0.705,prenhe
E-CA-000634,CA-M-00060,CA-R-0008,caprino,Boer,Alpina,4.2,0,3.4,0.66,0.66,IA_cervical,2,0,2025-02-24,0.688,prenhe
E-CA-000635,CA-M-00211,CA-R-0026,caprino,Anglo Nubiana,Anglo Nubiana,5.9,2,2.8,0.56,0.71,IA_cervical,1,0,2025-01-23,0.869,prenhe
E-CA-000636,CA-M-00047,CA-R-0015,caprino,Alpina,Saanen,1.3,2,3.2,0.8,0.71,IATF,1,0,2025-01-15,0.867,prenhe
E-CA-000637,CA-M-00202,CA-R-0021,caprino,Alpina,Boer,6.5,3,3.0,0.55,0.46,IA_cervical,3,1,2024-03-23,0.675,vazia
E-CA-000638,CA-M-00050,CA-R-0017,caprino,Pardo Alpina,Anglo Nubiana,2.1,4,3.4,0.78,0.61,IA_laparoscopica,12,0,2025-12-22,0.95,prenhe
E-CA-000639,CA-M-00100,CA-R-0027,caprino,Boer,Moxoto,4.7,4,3.7,0.67,0.53,IA_cervical,5,1,2025-05-27,0.579,prenhe
E-CA-000640,CA-M-00151,CA-R-0013,caprino,Saanen,Alpina,9.5,0,1.9,0.47,0.4,IA_cervical,6,1,2024-06-25,0.331,prenhe
E-CA-000641,CA-M-00048,CA-R-0025,caprino,Boer,Boer,1.4,1,4.5,0.73,0.61,IA_cervical,12,0,2025-12-08,0.433,vazia
E-CA-000642,CA-M-00238,CA-R-0026,caprino,Boer,Anglo Nubiana,5.6,4,2.5,0.28,0.71,IA_laparoscopica,8,0,2024-08-08,0.754,prenhe
E-CA-000643,CA-M-00208,CA-R-0027,caprino,Saanen,Moxoto,8.5,4,3.5,0.34,0.53,IA_cervical,4,1,2024-04-05,0.587,vazia
E-CA-000644,CA-M-00004,CA-R-0020,caprino,Caninde,Boer,9.2,3,3.4,0.63,0.57,IATF,10,0,2025-10-13,0.597,vazia
E-CA-000645,CA-M-00254,CA-R-0029,caprino,Anglo Nubiana,Saanen,9.5,2,3.7,0.14,0.69,IATF,4,1,2024-04-21,0.514,prenhe
E-CA-000646,CA-M-00215,CA-R-0022,caprino,Pardo Alpina,Boer,2.2,2,2.6,0.68,0.76,IA_laparoscopica,2,0,2024-02-14,0.82,prenhe
E-CA-000647,CA-M-00251,CA-R-0009,caprino,Moxoto,Anglo Nubiana,3.6,0,3.2,0.35,0.89,IA_cervical,4,1,2025-04-03,0.758,prenhe
E-CA-000648,CA-M-00180,CA-R-0004,caprino,Pardo Alpina,Anglo Nubiana,10.0,3,3.6,0.55,0.77,IA_laparoscopica,7,0,2024-07-11,0.696,prenhe
E-CA-000649,CA-M-00187,CA-R-0006,caprino,Caninde,Caninde,6.7,0,3.0,0.33,0.74,IA_laparoscopica,4,1,2024-04-20,0.718,prenhe
E-CA-000650,CA-M-00115,CA-R-0017,caprino,Anglo Nubiana,Anglo Nubiana,7.1,1,2.9,0.31,0.61,IA_cervical,3,1,2024-03-15,0.622,prenhe
E-CA-000651,CA-M-00068,CA-R-0004,caprino,Caninde,Anglo Nubiana,2.3,2,3.0,0.87,0.77,IATF,4,1,2024-04-02,0.95,vazia
E-CA-000652,CA-M-00070,CA-R-0007,caprino,Anglo Nubiana,Pardo Alpina,7.3,3,3.0,0.18,0.59,IA_cervical,12,0,2025-12-02,0.428,vazia
E-CA-000653,CA-M-00094,CA-R-0018,caprino,Boer,Alpina,1.1,1,3.7,0.35,0.49,IATF,5,1,2025-05-04,0.54,prenhe
E-CA-000654,CA-M-00087,CA-R-0009,caprino,Pardo Alpina,Anglo Nubiana,2.3,1,4.1,0.45,0.89,IATF,9,0,2025-09-07,0.589,prenhe
E-CA-000655,CA-M-00226,CA-R-0020,caprino,Anglo Nubiana,Boer,9.0,2,2.5,0.6,0.57,IA_cervical,3,1,2025-03-27,0.485,prenhe
E-CA-000656,CA-M-00157,CA-R-0029,caprino,Alpina,Saanen,2.5,3,3.6,0.54,0.69,IA_cervical,1,0,2025-01-31,0.65,prenhe
E-CA-000657,CA-M-00123,CA-R-0002,caprino,Boer,Anglo Nubiana,5.7,4,3.6,0.52,0.55,IA_cervical,6,1,2024-06-07,0.666,prenhe
E-CA-000658,CA-M-00217,CA-R-0019,caprino,Boer,Moxoto,5.6,5,3.7,0.63,0.75,IA_cervical,12,0,2025-12-07,0.535,prenhe
E-CA-000659,CA-M-00219,CA-R-0024,caprino,Anglo Nubiana,Boer,3.7,4,3.9,0.62,0.74,IATF,8,0,2025-08-23,0.689,prenhe
E-CA-000660,CA-M-00280,CA-R-0004,caprino,Saanen,Anglo Nubiana,7.3,3,3.1,0.6,0.77,IA_cervical,1,0,2025-01-20,0.749,prenhe
E-CA-000661,CA-M-00092,CA-R-0023,caprino,Anglo Nubiana,Pardo Alpina,3.7,5,3.8,0.48,0.76,IA_laparoscopica,3,1,2024-03-17,0.766,prenhe
E-CA-000662,CA-M-00072,CA-R-0015,caprino,Anglo Nubiana,Saanen,1.9,0,3.8,0.91,0.71,IATF,7,0,2025-07-08,0.626,vazia
E-CA-000663,CA-M-00001,CA-R-0018,caprino,Caninde,Alpina,2.3,0,3.4,0.57,0.49,IATF,8,0,2024-08-30,0.708,vazia
E-CA-000664,CA-M-00047,CA-R-0001,caprino,Alpina,Anglo Nubiana,1.3,2,3.2,0.8,0.5,IA_cervical,6,1,2024-06-01,0.807,prenhe
E-CA-000665,CA-M-00181,CA-R-0013,caprino,Boer,Alpina,5.6,4,2.9,0.51,0.4,IATF,6,1,2025-06-23,0.805,vazia
E-CA-000666,CA-M-00242,CA-R-0011,caprino,Anglo Nubiana,Boer,3.9,3,3.3,0.43,0.48,IA_cervical,9,0,2025-09-03,0.634,prenhe
E-CA-000667,CA-M-00180,CA-R-0004,caprino,Pardo Alpina,Anglo Nubiana,10.0,3,3.6,0.55,0.77,IA_cervical,3,1,2025-03-24,0.6,prenhe
E-CA-000668,CA-M-00297,CA-R-0022,caprino,Moxoto,Boer,5.2,1,3.1,0.63,0.76,IA_cervical,2,0,2024-02-23,0.812,vazia
E-CA-000669,CA-M-00188,CA-R-0015,caprino,Anglo Nubiana,Saanen,4.8,5,3.8,0.48,0.71,IA_laparoscopica,3,1,2025-03-14,0.67,prenhe
E-CA-000670,CA-M-00264,CA-R-0026,caprino,Caninde,Anglo Nubiana,3.8,1,3.1,0.44,0.71,IA_cervical,11,0,2025-11-01,0.705,prenhe
E-CA-000671,CA-M-00080,CA-R-0004,caprino,Saanen,Anglo Nubiana,5.3,0,2.5,0.38,0.77,IA_cervical,5,1,2025-05-15,0.625,vazia
E-CA-000672,CA-M-00097,CA-R-0021,caprino,Moxoto,Boer,3.2,5,3.2,0.48,0.46,IA_cervical,7,0,2024-07-12,0.621,vazia
E-CA-000673,CA-M-00243,CA-R-0018,caprino,Anglo Nubiana,Alpina,8.4,5,3.6,0.66,0.49,IATF,4,1,2025-04-16,0.442,vazia
E-CA-000674,CA-M-00198,CA-R-0019,caprino,Boer,Moxoto,4.2,5,2.7,0.65,0.75,IA_laparoscopica,6,1,2024-06-30,0.785,prenhe
E-CA-000675,CA-M-00146,CA-R-0009,caprino,Boer,Anglo Nubiana,4.1,2,3.8,0.45,0.89,IA_laparoscopica,9,0,2025-09-30,0.887,prenhe
E-CA-000676,CA-M-00286,CA-R-0020,caprino,Caninde,Boer,6.6,1,2.8,0.65,0.57,IA_laparoscopica,9,0,2025-09-09,0.742,prenhe
E-CA-000677,CA-M-00228,CA-R-0007,caprino,Saanen,Pardo Alpina,6.9,0,3.6,0.79,0.59,IA_cervical,2,0,2025-02-19,0.431,prenhe
E-CA-000678,CA-M-00088,CA-R-0022,caprino,Boer,Boer,8.3,5,3.1,0.62,0.76,IA_cervical,4,1,2024-04-08,0.727,vazia
E-CA-000679,CA-M-00183,CA-R-0013,caprino,Pardo Alpina,Alpina,9.3,0,3.6,0.31,0.4,IA_cervical,10,0,2024-10-19,0.21,vazia
E-CA-000680,CA-M-00118,CA-R-0014,caprino,Boer,Anglo Nubiana,7.5,2,3.1,0.45,0.62,IA_cervical,3,1,2024-03-29,0.752,prenhe
E-CA-000681,CA-M-00124,CA-R-0017,caprino,Boer,Anglo Nubiana,8.7,1,3.2,0.51,0.61,IATF,7,0,2025-07-13,0.576,vazia
E-CA-000682,CA-M-00241,CA-R-0002,caprino,Boer,Anglo Nubiana,5.5,3,3.1,0.76,0.55,IA_cervical,5,1,2025-05-11,0.922,prenhe
E-CA-000683,CA-M-00203,CA-R-0011,caprino,Anglo Nubiana,Boer,7.7,4,3.7,0.34,0.48,IA_laparoscopica,7,0,2024-07-08,0.606,prenhe
E-CA-000684,CA-M-00003,CA-R-0006,caprino,Boer,Caninde,7.7,3,4.0,0.53,0.74,IATF,9,0,2025-09-17,0.595,prenhe
E-CA-000685,CA-M-00172,CA-R-0028,caprino,Anglo Nubiana,Caninde,8.5,3,3.5,0.88,0.41,IATF,7,0,2025-07-08,0.641,vazia
E-CA-000686,CA-M-00194,CA-R-0012,caprino,Anglo Nubiana,Alpina,7.6,1,2.7,1.0,0.49,IA_cervical,11,0,2025-11-14,0.583,prenhe
E-CA-000687,CA-M-00153,CA-R-0000,caprino,Anglo Nubiana,Moxoto,7.3,1,3.0,0.48,0.55,IATF,7,0,2024-07-23,0.584,prenhe
E-CA-000688,CA-M-00089,CA-R-0000,caprino,Anglo Nubiana,Moxoto,6.1,2,3.0,0.53,0.55,IA_laparoscopica,5,1,2024-05-07,0.868,prenhe
E-CA-000689,CA-M-00194,CA-R-0027,caprino,Anglo Nubiana,Moxoto,7.6,1,2.7,1.0,0.53,IA_cervical,12,0,2024-12-16,0.471,prenhe
E-CA-000690,CA-M-00284,CA-R-0004,caprino,Pardo Alpina,Anglo Nubiana,4.1,0,2.6,0.71,0.77,IATF,7,0,2024-07-12,0.564,vazia
E-CA-000691,CA-M-00025,CA-R-0000,caprino,Moxoto,Moxoto,6.1,3,3.5,0.43,0.55,IA_cervical,6,1,2025-06-23,0.731,prenhe
E-CA-000692,CA-M-00180,CA-R-0006,caprino,Pardo Alpina,Caninde,10.0,3,3.6,0.55,0.74,IATF,11,0,2024-11-06,0.517,vazia
E-CA-000693,CA-M-00273,CA-R-0006,caprino,Boer,Caninde,2.3,4,3.8,0.47,0.74,IA_laparoscopica,4,1,2025-04-03,0.926,prenhe
E-CA-000694,CA-M-00120,CA-R-0002,caprino,Alpina,Anglo Nubiana,8.8,3,4.4,0.67,0.55,IATF,5,1,2024-05-05,0.532,prenhe
E-CA-000695,CA-M-00100,CA-R-0029,caprino,Boer,Saanen,4.7,4,3.7,0.67,0.69,IATF,3,1,2024-03-03,0.79,prenhe
E-CA-000696,CA-M-00074,CA-R-0001,caprino,Saanen,Anglo Nubiana,4.5,4,2.8,0.65,0.5,IA_laparoscopica,11,0,2025-11-15,0.875,vazia
E-CA-000697,CA-M-00067,CA-R-0021,caprino,Saanen,Boer,8.2,5,3.3,0.55,0.46,IA_cervical,11,0,2024-11-21,0.477,prenhe
E-CA-000698,CA-M-00117,CA-R-0025,caprino,Saanen,Boer,9.3,1,3.3,0.59,0.61,IA_cervical,4,1,2024-04-11,0.538,prenhe
E-CA-000699,CA-M-00231,CA-R-0019,caprino,Anglo Nubiana,Moxoto,8.8,5,3.1,0.32,0.75,IATF,8,0,2025-08-15,0.588,prenhe
E-CA-000700,CA-M-00054,CA-R-0003,caprino,Caninde,Anglo Nubiana,6.2,4,4.4,0.39,0.58,IA_laparoscopica,4,1,2024-04-06,0.61,prenhe
E-CA-000701,CA-M-00069,CA-R-0021,caprino,Saanen,Boer,1.4,5,2.8,0.7,0.46,IATF,12,0,2025-12-28,0.672,prenhe
E-CA-000702,CA-M-00299,CA-R-0009,caprino,Anglo Nubiana,Anglo Nubiana,6.9,0,3.7,0.59,0.89,IA_cervical,10,0,2024-10-08,0.454,vazia
E-CA-000703,CA-M-00298,CA-R-0012,caprino,Caninde,Alpina,4.9,4,2.8,0.75,0.49,IA_cervical,12,0,2024-12-06,0.741,prenhe
E-CA-000704,CA-M-00068,CA-R-0007,caprino,Caninde,Pardo Alpina,2.3,2,3.0,0.87,0.59,IATF,7,0,2024-07-08,0.911,prenhe
E-CA-000705,CA-M-00126,CA-R-0023,caprino,Boer,Pardo Alpina,3.5,1,3.2,0.69,0.76,IATF,3,1,2024-03-03,0.909,prenhe
E-CA-000706,CA-M-00121,CA-R-0017,caprino,Saanen,Anglo Nubiana,7.7,0,3.1,0.79,0.61,IA_cervical,10,0,2024-10-25,0.675,vazia
E-CA-000707,CA-M-00088,CA-R-0004,caprino,Boer,Anglo Nubiana,8.3,5,3.1,0.62,0.77,IA_cervical,9,0,2024-09-24,0.603,vazia
E-CA-000708,CA-M-00045,CA-R-0012,caprino,Boer,Alpina,4.2,2,3.0,0.46,0.49,IATF,11,0,2024-11-23,0.739,vazia
E-CA-000709,CA-M-00018,CA-R-0023,caprino,Saanen,Pardo Alpina,7.0,5,3.7,0.56,0.76,IATF,12,0,2024-12-23,0.454,vazia
E-CA-000710,CA-M-00184,CA-R-0028,caprino,Anglo Nubiana,Caninde,9.7,3,3.4,0.83,0.41,IA_cervical,4,1,2025-04-05,0.794,prenhe
E-CA-000711,CA-M-00012,CA-R-0028,caprino,Moxoto,Caninde,2.0,0,3.8,0.4,0.41,IA_cervical,2,0,2024-02-23,0.393,prenhe
E-CA-000712,CA-M-00186,CA-R-0004,caprino,Pardo Alpina,Anglo Nubiana,8.2,0,2.2,0.34,0.77,IA_cervical,9,0,2024-09-21,0.392,vazia
E-CA-000713,CA-M-00028,CA-R-0025,caprino,Anglo Nubiana,Boer,2.7,1,2.8,0.63,0.61,IA_cervical,9,0,2025-09-22,0.709,prenhe
E-CA-000714,CA-M-00046,CA-R-0016,caprino,Anglo Nubiana,Caninde,6.6,1,2.8,0.42,0.58,IA_cervical,11,0,2025-11-25,0.622,vazia
E-CA-000715,CA-M-00001,CA-R-0022,caprino,Caninde,Boer,2.3,0,3.4,0.57,0.76,IA_cervical,1,0,2025-01-28,0.734,prenhe
E-CA-000716,CA-M-00119,CA-R-0011,caprino,Saanen,Boer,1.9,5,3.2,0.91,0.48,IATF,9,0,2024-09-24,0.776,prenhe
E-CA-000717,CA-M-00098,CA-R-0019,caprino,Moxoto,Moxoto,1.2,4,3.0,0.49,0.75,IA_cervical,10,0,2024-10-30,0.747,prenhe
E-CA-000718,CA-M-00099,CA-R-0007,caprino,Anglo Nubiana,Pardo Alpina,3.5,0,3.9,0.59,0.59,IATF,7,0,2025-07-25,0.541,vazia
E-CA-000719,CA-M-00093,CA-R-0015,caprino,Alpina,Saanen,3.9,0,3.6,0.82,0.71,IA_cervical,10,0,2024-10-16,0.535,prenhe
E-CA-000720,CA-M-00281,CA-R-0006,caprino,Anglo Nubiana,Caninde,5.2,3,3.4,0.77,0.74,IA_cervical,11,0,2025-11-20,0.873,prenhe
E-CA-000721,CA-M-00129,CA-R-0011,caprino,Alpina,Boer,9.9,3,3.0,0.4,0.48,IA_cervical,1,0,2024-01-21,0.476,vazia
E-CA-000722,CA-M-00242,CA-R-0012,caprino,Anglo Nubiana,Alpina,3.9,3,3.3,0.43,0.49,IA_cervical,3,1,2025-03-18,0.767,vazia
E-CA-000723,CA-M-00069,CA-R-0025,caprino,Saanen,Boer,1.4,5,2.8,0.7,0.61,IA_laparoscopica,1,0,2025-01-13,0.939,prenhe
E-CA-000724,CA-M-00144,CA-R-0018,caprino,Caninde,Alpina,9.7,0,4.3,0.56,0.49,IATF,11,0,2024-11-25,0.275,prenhe
E-CA-000725,CA-M-00018,CA-R-0019,caprino,Saanen,Moxoto,7.0,5,3.7,0.56,0.75,IATF,12,0,2024-12-13,0.41,vazia
E-CA-000726,CA-M-00077,CA-R-0008,caprino,Saanen,Alpina,3.5,1,3.7,0.87,0.66,IATF,4,1,2024-04-25,0.643,prenhe
E-CA-000727,CA-M-00021,CA-R-0013,caprino,Boer,Alpina,1.2,5,2.0,0.64,0.4,IATF,9,0,2024-09-09,0.403,prenhe
E-CA-000728,CA-M-00006,CA-R-0014,caprino,Anglo Nubiana,Anglo Nubiana,8.4,2,3.5,0.62,0.62,IATF,9,0,2024-09-14,0.761,prenhe
E-CA-000729,CA-M-00054,CA-R-0023,caprino,Caninde,Pardo Alpina,6.2,4,4.4,0.39,0.76,IA_laparoscopica,4,1,2025-04-25,0.594,prenhe
E-CA-000730,CA-M-00047,CA-R-0005,caprino,Alpina,Boer,1.3,2,3.2,0.8,0.56,IA_laparoscopica,3,1,2025-03-12,0.95,prenhe
E-CA-000731,CA-M-00094,CA-R-0001,caprino,Boer,Anglo Nubiana,1.1,1,3.7,0.35,0.5,IA_cervical,10,0,2024-10-27,0.46,vazia
E-CA-000732,CA-M-00223,CA-R-0015,caprino,Moxoto,Saanen,3.2,0,4.0,0.54,0.71,IA_cervical,1,0,2025-01-12,0.434,vazia
E-CA-000733,CA-M-00044,CA-R-0024,caprino,Saanen,Boer,7.0,0,3.5,0.51,0.74,IA_laparoscopica,2,0,2025-02-21,0.67,prenhe
E-CA-000734,CA-M-00183,CA-R-0022,caprino,Pardo Alpina,Boer,9.3,0,3.6,0.31,0.76,IA_laparoscopica,2,0,2024-02-04,0.584,prenhe
E-CA-000735,CA-M-00109,CA-R-0024,caprino,Anglo Nubiana,Boer,9.4,0,3.1,0.59,0.74,IA_cervical,10,0,2025-10-08,0.6,prenhe
E-CA-000736,CA-M-00120,CA-R-0011,caprino,Alpina,Boer,8.8,3,4.4,0.67,0.48,IATF,10,0,2025-10-13,0.44,vazia
E-CA-000737,CA-M-00276,CA-R-0006,caprino,Caninde,Caninde,6.7,3,2.7,0.8,0.74,IA_cervical,9,0,2024-09-22,0.506,prenhe
E-CA-000738,CA-M-00139,CA-R-0019,caprino,Saanen,Moxoto,8.1,3,3.0,0.33,0.75,IA_laparoscopica,7,0,2025-07-09,0.822,prenhe
E-CA-000739,CA-M-00078,CA-R-0001,caprino,Boer,Anglo Nubiana,7.2,5,3.3,0.51,0.5,IATF,10,0,2024-10-17,0.532,prenhe
E-CA-000740,CA-M-00071,CA-R-0026,caprino,Saanen,Anglo Nubiana,10.0,5,4.1,0.72,0.71,IA_cervical,2,0,2024-02-19,0.351,vazia
E-CA-000741,CA-M-00050,CA-R-0021,caprino,Pardo Alpina,Boer,2.1,4,3.4,0.78,0.46,IATF,9,0,2025-09-24,0.761,prenhe
E-CA-000742,CA-M-00240,CA-R-0015,caprino,Pardo Alpina,Saanen,2.8,1,2.7,0.55,0.71,IATF,7,0,2024-07-14,0.596,vazia
E-CA-000743,CA-M-00199,CA-R-0005,caprino,Moxoto,Boer,3.3,2,3.4,0.16,0.56,IA_laparoscopica,9,0,2024-09-18,0.845,prenhe
E-CA-000744,CA-M-00080,CA-R-0007,caprino,Saanen,Pardo Alpina,5.3,0,2.5,0.38,0.59,IATF,2,0,2025-02-24,0.497,prenhe
E-CA-000745,CA-M-00147,CA-R-0029,caprino,Moxoto,Saanen,3.4,2,3.5,0.37,0.69,IA_laparoscopica,11,0,2024-11-16,0.943,prenhe
E-CA-000746,CA-M-00151,CA-R-0000,caprino,Saanen,Moxoto,9.5,0,1.9,0.47,0.55,IA_cervical,7,0,2024-07-13,0.284,vazia
E-CA-000747,CA-M-00014,CA-R-0000,caprino,Saanen,Moxoto,6.1,2,3.2,0.81,0.55,IA_laparoscopica,8,0,2025-08-07,0.772,prenhe
E-CA-000748,CA-M-00272,CA-R-0010,caprino,Caninde,Caninde,1.7,5,3.1,0.78,0.45,IA_cervical,9,0,2024-09-16,0.575,prenhe
E-CA-000749,CA-M-00236,CA-R-0006,caprino,Boer,Caninde,8.0,3,3.1,0.49,0.74,IA_cervical,3,1,2025-03-08,0.805,vazia
E-CA-000750,CA-M-00160,CA-R-0020,caprino,Caninde,Boer,3.4,5,3.0,0.56,0.57,IA_cervical,4,1,2025-04-30,0.703,prenhe
E-CA-000751,CA-M-00214,CA-R-0001,caprino,Anglo Nubiana,Anglo Nubiana,2.0,1,3.0,0.45,0.5,IA_cervical,11,0,2025-11-12,0.631,prenhe
E-CA-000752,CA-M-00032,CA-R-0023,caprino,Boer,Pardo Alpina,8.2,5,2.5,0.68,0.76,IATF,12,0,2024-12-15,0.469,vazia
E-CA-000753,CA-M-00293,CA-R-0023,caprino,Boer,Pardo Alpina,3.5,3,3.5,0.59,0.76,IATF,12,0,2024-12-09,0.83,prenhe
E-CA-000754,CA-M-00192,CA-R-0006,caprino,Boer,Caninde,2.1,1,3.3,0.54,0.74,IATF,10,0,2025-10-28,0.721,prenhe
E-CA-000755,CA-M-00281,CA-R-0017,caprino,Anglo Nubiana,Anglo Nubiana,5.2,3,3.4,0.77,0.61,IA_cervical,12,0,2024-12-15,0.78,vazia
E-CA-000756,CA-M-00259,CA-R-0020,caprino,Saanen,Boer,7.7,1,3.1,0.81,0.57,IA_laparoscopica,8,0,2024-08-05,0.822,prenhe
E-CA-000757,CA-M-00175,CA-R-0025,caprino,Boer,Boer,2.1,0,2.7,0.23,0.61,IA_laparoscopica,2,0,2024-02-01,0.6,prenhe
E-CA-000758,CA-M-00086,CA-R-0021,caprino,Caninde,Boer,9.8,0,2.9,0.29,0.46,IA_cervical,8,0,2024-08-25,0.447,prenhe
E-CA-000759,CA-M-00205,CA-R-0028,caprino,Saanen,Caninde,1.3,5,3.2,0.75,0.41,IA_laparoscopica,5,1,2024-05-24,0.869,prenhe
E-CA-000760,CA-M-00153,CA-R-0003,caprino,Anglo Nubiana,Anglo Nubiana,7.3,1,3.0,0.48,0.58,IA_cervical,8,0,2024-08-10,0.603,vazia
E-CA-000761,CA-M-00122,CA-R-0018,caprino,Saanen,Alpina,3.8,1,3.5,0.73,0.49,IATF,1,0,2025-01-29,0.707,vazia
E-CA-000762,CA-M-00213,CA-R-0023,caprino,Caninde,Pardo Alpina,9.7,5,3.4,0.5,0.76,IA_cervical,1,0,2025-01-18,0.499,vazia
E-CA-000763,CA-M-00266,CA-R-0006,caprino,Caninde,Caninde,3.1,3,4.1,0.39,0.74,IATF,5,1,2024-05-16,0.64,vazia
E-CA-000764,CA-M-00051,CA-R-0006,caprino,Boer,Caninde,1.1,0,2.8,0.52,0.74,IATF,12,0,2024-12-04,0.778,prenhe
E-CA-000765,CA-M-00165,CA-R-0002,caprino,Caninde,Anglo Nubiana,2.6,3,2.7,0.21,0.55,IA_laparoscopica,11,0,2024-11-27,0.644,prenhe
E-CA-000766,CA-M-00233,CA-R-0029,caprino,Caninde,Saanen,1.7,3,2.9,0.57,0.69,IA_cervical,2,0,2024-02-01,0.86,prenhe
E-CA-000767,CA-M-00097,CA-R-0025,caprino,Moxoto,Boer,3.2,5,3.2,0.48,0.61,IA_cervical,7,0,2024-07-25,0.627,vazia
E-CA-000768,CA-M-00102,CA-R-0003,caprino,Alpina,Anglo Nubiana,1.6,4,2.7,0.28,0.58,IATF,6,1,2025-06-11,0.672,prenhe
E-CA-000769,CA-M-00002,CA-R-0007,caprino,Pardo Alpina,Pardo Alpina,1.4,2,3.3,0.64,0.59,IA_cervical,1,0,2024-01-16,0.861,prenhe
E-CA-000770,CA-M-00096,CA-R-0013,caprino,Moxoto,Alpina,10.0,5,3.0,0.77,0.4,IA_cervical,8,0,2024-08-07,0.516,prenhe
E-CA-000771,CA-M-00175,CA-R-0026,caprino,Boer,Anglo Nubiana,2.1,0,2.7,0.23,0.71,IATF,12,0,2024-12-12,0.489,prenhe
E-CA-000772,CA-M-00291,CA-R-0024,caprino,Alpina,Boer,6.0,3,3.3,0.4,0.74,IATF,5,1,2024-05-01,0.891,prenhe
E-CA-000773,CA-M-00157,CA-R-0026,caprino,Alpina,Anglo Nubiana,2.5,3,3.6,0.54,0.71,IA_laparoscopica,4,1,2025-04-16,0.95,prenhe
E-CA-000774,CA-M-00087,CA-R-0024,caprino,Pardo Alpina,Boer,2.3,1,4.1,0.45,0.74,IA_cervical,6,1,2025-06-06,0.576,prenhe
E-CA-000775,CA-M-00243,CA-R-0018,caprino,Anglo Nubiana,Alpina,8.4,5,3.6,0.66,0.49,IA_cervical,9,0,2024-09-03,0.465,vazia
E-CA-000776,CA-M-00056,CA-R-0008,caprino,Anglo Nubiana,Alpina,7.7,0,4.0,0.71,0.66,IATF,6,1,2024-06-17,0.54,prenhe
E-CA-000777,CA-M-00056,CA-R-0018,caprino,Anglo Nubiana,Alpina,7.7,0,4.0,0.71,0.49,IA_cervical,7,0,2025-07-20,0.315,prenhe
E-CA-000778,CA-M-00156,CA-R-0014,caprino,Anglo Nubiana,Anglo Nubiana,9.4,2,3.8,0.61,0.62,IA_cervical,6,1,2024-06-05,0.531,prenhe
E-CA-000779,CA-M-00244,CA-R-0028,caprino,Anglo Nubiana,Caninde,1.7,4,3.1,0.57,0.41,IA_cervical,4,1,2024-04-16,0.771,prenhe
E-CA-000780,CA-M-00063,CA-R-0013,caprino,Moxoto,Alpina,2.3,5,2.9,0.66,0.4,IA_laparoscopica,1,0,2024-01-25,0.69,prenhe
E-CA-000781,CA-M-00004,CA-R-0022,caprino,Caninde,Boer,9.2,3,3.4,0.63,0.76,IA_cervical,3,1,2024-03-07,0.766,prenhe
E-CA-000782,CA-M-00217,CA-R-0005,caprino,Boer,Boer,5.6,5,3.7,0.63,0.56,IATF,9,0,2025-09-28,0.517,vazia
E-CA-000783,CA-M-00176,CA-R-0020,caprino,Pardo Alpina,Boer,8.9,2,3.0,0.34,0.57,IA_cervical,11,0,2025-11-13,0.588,prenhe
E-CA-000784,CA-M-00205,CA-R-0013,caprino,Saanen,Alpina,1.3,5,3.2,0.75,0.4,IA_cervical,2,0,2025-02-02,0.737,vazia
E-CA-000785,CA-M-00119,CA-R-0013,caprino,Saanen,Alpina,1.9,5,3.2,0.91,0.4,IATF,11,0,2025-11-03,0.705,prenhe
E-CA-000786,CA-M-00035,CA-R-0022,caprino,Saanen,Boer,3.7,1,3.3,0.41,0.76,IATF,5,1,2025-05-31,0.76,prenhe
E-CA-000787,CA-M-00099,CA-R-0014,caprino,Anglo Nubiana,Anglo Nubiana,3.5,0,3.9,0.59,0.62,IA_laparoscopica,10,0,2024-10-23,0.63,prenhe
E-CA-000788,CA-M-00140,CA-R-0001,caprino,Caninde,Anglo Nubiana,3.5,0,4.3,0.47,0.5,IATF,6,1,2025-06-04,0.457,prenhe
E-CA-000789,CA-M-00129,CA-R-0011,caprino,Alpina,Boer,9.9,3,3.0,0.4,0.48,IA_cervical,11,0,2024-11-02,0.557,prenhe
E-CA-000790,CA-M-00266,CA-R-0028,caprino,Caninde,Caninde,3.1,3,4.1,0.39,0.41,IA_cervical,12,0,2025-12-03,0.463,prenhe
E-CA-000791,CA-M-00067,CA-R-0028,caprino,Saanen,Caninde,8.2,5,3.3,0.55,0.41,IA_cervical,9,0,2025-09-13,0.522,prenhe
E-CA-000792,CA-M-00093,CA-R-0018,caprino,Alpina,Alpina,3.9,0,3.6,0.82,0.49,IA_cervical,9,0,2025-09-08,0.547,vazia
E-CA-000793,CA-M-00055,CA-R-0019,caprino,Pardo Alpina,Moxoto,8.6,2,3.5,0.29,0.75,IATF,1,0,2025-01-22,0.657,vazia
E-CA-000794,CA-M-00171,CA-R-0007,caprino,Anglo Nubiana,Pardo Alpina,9.4,5,3.3,0.16,0.59,IATF,1,0,2025-01-13,0.553,vazia
E-CA-000795,CA-M-00241,CA-R-0023,caprino,Boer,Pardo Alpina,5.5,3,3.1,0.76,0.76,IA_cervical,3,1,2024-03-26,0.901,prenhe
E-CA-000796,CA-M-00264,CA-R-0017,caprino,Caninde,Anglo Nubiana,3.8,1,3.1,0.44,0.61,IA_cervical,4,1,2025-04-21,0.82,vazia
E-CA-000797,CA-M-00068,CA-R-0001,caprino,Caninde,Anglo Nubiana,2.3,2,3.0,0.87,0.5,IATF,3,1,2024-03-24,0.88,prenhe
E-CA-000798,CA-M-00128,CA-R-0028,caprino,Anglo Nubiana,Caninde,8.7,2,2.9,0.9,0.41,IA_laparoscopica,1,0,2025-01-29,0.722,prenhe
E-CA-000799,CA-M-00221,CA-R-0025,caprino,Pardo Alpina,Boer,8.8,0,3.3,0.38,0.61,IA_cervical,4,1,2024-04-05,0.61,vazia
E-CA-000800,CA-M-00013,CA-R-0002,caprino,Anglo Nubiana,Anglo Nubiana,5.2,0,3.4,0.47,0.55,IA_cervical,12,0,2024-12-13,0.694,vazia
E-CA-000801,CA-M-00213,CA-R-0012,caprino,Caninde,Alpina,9.7,5,3.4,0.5,0.49,IA_cervical,7,0,2025-07-23,0.476,vazia
E-CA-000802,CA-M-00040,CA-R-0022,caprino,Anglo Nubiana,Boer,8.5,4,2.9,0.52,0.76,IA_cervical,8,0,2024-08-13,0.766,prenhe
E-CA-000803,CA-M-00010,CA-R-0022,caprino,Boer,Boer,6.2,3,2.5,0.39,0.76,IA_cervical,3,1,2025-03-15,0.489,vazia
E-CA-000804,CA-M-00033,CA-R-0005,caprino,Boer,Boer,5.2,3,3.1,0.57,0.56,IA_cervical,7,0,2024-07-08,0.688,prenhe
E-CA-000805,CA-M-00264,CA-R-0001,caprino,Caninde,Anglo Nubiana,3.8,1,3.1,0.44,0.5,IA_cervical,8,0,2024-08-06,0.641,prenhe
E-CA-000806,CA-M-00204,CA-R-0029,caprino,Boer,Saanen,8.8,4,3.4,0.7,0.69,IA_cervical,5,1,2024-05-13,0.757,prenhe
E-CA-000807,CA-M-00236,CA-R-0026,caprino,Boer,Anglo Nubiana,8.0,3,3.1,0.49,0.71,IA_cervical,4,1,2024-04-28,0.709,prenhe
E-CA-000808,CA-M-00207,CA-R-0022,caprino,Anglo Nubiana,Boer,3.8,4,3.1,0.47,0.76,IA_cervical,9,0,2024-09-28,0.815,prenhe
E-CA-000809,CA-M-00238,CA-R-0019,caprino,Boer,Moxoto,5.6,4,2.5,0.28,0.75,IA_cervical,3,1,2024-03-31,0.65,prenhe
E-CA-000810,CA-M-00148,CA-R-0020,caprino,Alpina,Boer,6.3,2,3.4,0.24,0.57,IATF,10,0,2025-10-12,0.568,vazia
E-CA-000811,CA-M-00242,CA-R-0013,caprino,Anglo Nubiana,Alpina,3.9,3,3.3,0.43,0.4,IATF,6,1,2025-06-25,0.78,prenhe
E-CA-000812,CA-M-00016,CA-R-0020,caprino,Anglo Nubiana,Boer,4.7,0,4.2,0.18,0.57,IA_cervical,6,1,2024-06-10,0.351,vazia
E-CA-000813,CA-M-00174,CA-R-0009,caprino,Anglo Nubiana,Anglo Nubiana,3.1,1,3.0,0.74,0.89,IA_cervical,10,0,2025-10-08,0.859,prenhe
E-CA-000814,CA-M-00226,CA-R-0002,caprino,Anglo Nubiana,Anglo Nubiana,9.0,2,2.5,0.6,0.55,IA_laparoscopica,9,0,2024-09-23,0.588,prenhe
E-CA-000815,CA-M-00298,CA-R-0009,caprino,Caninde,Anglo Nubiana,4.9,4,2.8,0.75,0.89,IA_cervical,1,0,2025-01-22,0.856,prenhe
E-CA-000816,CA-M-00107,CA-R-0008,caprino,Caninde,Alpina,4.3,3,2.9,0.27,0.66,IA_laparoscopica,5,1,2025-05-25,0.95,vazia
E-CA-000817,CA-M-00053,CA-R-0009,caprino,Anglo Nubiana,Anglo Nubiana,3.4,1,2.8,0.49,0.89,IATF,7,0,2025-07-18,0.929,prenhe
E-CA-000818,CA-M-00216,CA-R-0014,caprino,Anglo Nubiana,Anglo Nubiana,6.8,5,3.8,0.53,0.62,IA_cervical,1,0,2024-01-06,0.437,prenhe
E-CA-000819,CA-M-00021,CA-R-0003,caprino,Boer,Anglo Nubiana,1.2,5,2.0,0.64,0.58,IA_cervical,7,0,2024-07-25,0.437,vazia
E-CA-000820,CA-M-00232,CA-R-0012,caprino,Boer,Alpina,9.1,1,2.9,0.49,0.49,IA_cervical,9,0,2024-09-02,0.492,vazia
E-CA-000821,CA-M-00211,CA-R-0013,caprino,Anglo Nubiana,Alpina,5.9,2,2.8,0.56,0.4,IA_laparoscopica,3,1,2025-03-03,0.918,prenhe
E-CA-000822,CA-M-00207,CA-R-0005,caprino,Anglo Nubiana,Boer,3.8,4,3.1,0.47,0.56,IA_cervical,9,0,2025-09-28,0.781,prenhe
E-CA-000823,CA-M-00088,CA-R-0013,caprino,Boer,Alpina,8.3,5,3.1,0.62,0.4,IA_laparoscopica,11,0,2024-11-15,0.54,vazia
E-CA-000824,CA-M-00036,CA-R-0020,caprino,Anglo Nubiana,Boer,1.5,3,3.2,0.13,0.57,IA_cervical,12,0,2024-12-04,0.646,prenhe
E-CA-000825,CA-M-00182,CA-R-0012,caprino,Anglo Nubiana,Alpina,5.9,0,3.4,0.41,0.49,IA_laparoscopica,3,1,2024-03-05,0.875,vazia
E-CA-000826,CA-M-00108,CA-R-0000,caprino,Anglo Nubiana,Moxoto,4.8,4,3.0,0.23,0.55,IA_laparoscopica,1,0,2025-01-19,0.789,prenhe
E-CA-000827,CA-M-00117,CA-R-0021,caprino,Saanen,Boer,9.3,1,3.3,0.59,0.46,IA_cervical,12,0,2024-12-21,0.553,vazia
E-CA-000828,CA-M-00056,CA-R-0017,caprino,Anglo Nubiana,Anglo Nubiana,7.7,0,4.0,0.71,0.61,IATF,4,1,2025-04-09,0.525,vazia
E-CA-000829,CA-M-00100,CA-R-0012,caprino,Boer,Alpina,4.7,4,3.7,0.67,0.49,IATF,9,0,2025-09-10,0.527,prenhe
E-CA-000830,CA-M-00249,CA-R-0000,caprino,Alpina,Moxoto,3.4,4,3.3,0.74,0.55,IA_cervical,2,0,2025-02-18,0.782,prenhe
E-CA-000831,CA-M-00267,CA-R-0002,caprino,Saanen,Anglo Nubiana,6.5,1,3.6,0.47,0.55,IATF,2,0,2024-02-07,0.373,vazia
E-CA-000832,CA-M-00104,CA-R-0002,caprino,Saanen,Anglo Nubiana,8.4,1,3.3,0.13,0.55,IATF,8,0,2025-08-19,0.527,vazia
E-CA-000833,CA-M-00042,CA-R-0025,caprino,Saanen,Boer,7.9,1,4.2,0.16,0.61,IA_cervical,12,0,2024-12-14,0.269,prenhe
E-CA-000834,CA-M-00010,CA-R-0009,caprino,Boer,Anglo Nubiana,6.2,3,2.5,0.39,0.89,IA_laparoscopica,12,0,2024-12-21,0.734,prenhe
E-CA-000835,CA-M-00056,CA-R-0012,caprino,Anglo Nubiana,Alpina,7.7,0,4.0,0.71,0.49,IA_laparoscopica,9,0,2025-09-29,0.522,vazia
E-CA-000836,CA-M-00002,CA-R-0020,caprino,Pardo Alpina,Boer,1.4,2,3.3,0.64,0.57,IA_laparoscopica,3,1,2025-03-06,0.95,prenhe
E-CA-000837,CA-M-00200,CA-R-0019,caprino,Alpina,Moxoto,4.4,4,4.0,0.56,0.75,IATF,7,0,2025-07-30,0.623,prenhe
E-CA-000838,CA-M-00192,CA-R-0001,caprino,Boer,Anglo Nubiana,2.1,1,3.3,0.54,0.5,IA_cervical,10,0,2025-10-04,0.666,prenhe
E-CA-000839,CA-M-00234,CA-R-0027,caprino,Boer,Moxoto,8.9,2,3.7,0.5,0.53,IA_cervical,12,0,2024-12-26,0.382,vazia
E-CA-000840,CA-M-00099,CA-R-0007,caprino,Anglo Nubiana,Pardo Alpina,3.5,0,3.9,0.59,0.59,IA_cervical,12,0,2025-12-18,0.546,prenhe
E-CA-000841,CA-M-00249,CA-R-0023,caprino,Alpina,Pardo Alpina,3.4,4,3.3,0.74,0.76,IATF,5,1,2024-05-05,0.95,prenhe
E-CA-000842,CA-M-00050,CA-R-0024,caprino,Pardo Alpina,Boer,2.1,4,3.4,0.78,0.74,IA_cervical,9,0,2025-09-28,0.896,prenhe
E-CA-000843,CA-M-00069,CA-R-0016,caprino,Saanen,Caninde,1.4,5,2.8,0.7,0.58,IA_cervical,9,0,2025-09-11,0.788,vazia
E-CA-000844,CA-M-00274,CA-R-0004,caprino,Anglo Nubiana,Anglo Nubiana,4.2,0,2.7,0.95,0.77,IA_cervical,3,1,2024-03-13,0.702,prenhe
E-CA-000845,CA-M-00264,CA-R-0016,caprino,Caninde,Caninde,3.8,1,3.1,0.44,0.58,IA_laparoscopica,4,1,2024-04-21,0.903,prenhe
E-CA-000846,CA-M-00179,CA-R-0007,caprino,Saanen,Pardo Alpina,4.3,0,2.4,0.66,0.59,IA_cervical,1,0,2024-01-27,0.49,vazia
E-CA-000847,CA-M-00182,CA-R-0025,caprino,Anglo Nubiana,Boer,5.9,0,3.4,0.41,0.61,IA_cervical,7,0,2024-07-21,0.556,vazia
E-CA-000848,CA-M-00210,CA-R-0022,caprino,Saanen,Boer,6.0,0,2.8,0.9,0.76,IA_cervical,12,0,2025-12-24,0.718,prenhe
E-CA-000849,CA-M-00246,CA-R-0024,caprino,Anglo Nubiana,Boer,8.0,2,3.1,0.51,0.74,IA_cervical,3,1,2024-03-31,0.789,prenhe
E-CA-000850,CA-M-00069,CA-R-0024,caprino,Saanen,Boer,1.4,5,2.8,0.7,0.74,IA_cervical,1,0,2024-01-25,0.696,prenhe
E-CA-000851,CA-M-00020,CA-R-0005,caprino,Caninde,Boer,3.4,0,2.8,0.66,0.56,IA_cervical,12,0,2024-12-01,0.612,prenhe
E-CA-000852,CA-M-00055,CA-R-0000,caprino,Pardo Alpina,Moxoto,8.6,2,3.5,0.29,0.55,IA_laparoscopica,9,0,2024-09-15,0.723,prenhe
E-CA-000853,CA-M-00107,CA-R-0018,caprino,Caninde,Alpina,4.3,3,2.9,0.27,0.49,IA_cervical,4,1,2025-04-04,0.719,vazia
E-CA-000854,CA-M-00070,CA-R-0018,caprino,Anglo Nubiana,Alpina,7.3,3,3.0,0.18,0.49,IA_cervical,3,1,2025-03-18,0.636,prenhe
E-CA-000855,CA-M-00157,CA-R-0025,caprino,Alpina,Boer,2.5,3,3.6,0.54,0.61,IA_laparoscopica,8,0,2025-08-26,0.765,prenhe
E-CA-000856,CA-M-00041,CA-R-0019,caprino,Anglo Nubiana,Moxoto,1.2,0,3.1,0.38,0.75,IA_cervical,10,0,2024-10-29,0.646,prenhe
E-CA-000857,CA-M-00173,CA-R-0024,caprino,Anglo Nubiana,Boer,4.3,5,3.2,0.43,0.74,IA_cervical,12,0,2024-12-02,0.761,prenhe
E-CA-000858,CA-M-00213,CA-R-0010,caprino,Caninde,Caninde,9.7,5,3.4,0.5,0.45,IA_cervical,1,0,2024-01-17,0.516,prenhe
E-CA-000859,CA-M-00029,CA-R-0003,caprino,Alpina,Anglo Nubiana,9.6,2,3.1,0.71,0.58,IA_cervical,12,0,2025-12-09,0.583,vazia
E-CA-000860,CA-M-00086,CA-R-0001,caprino,Caninde,Anglo Nubiana,9.8,0,2.9,0.29,0.5,IA_cervical,6,1,2024-06-04,0.531,prenhe
E-CA-000861,CA-M-00161,CA-R-0013,caprino,Boer,Alpina,9.3,3,3.8,0.71,0.4,IATF,3,1,2025-03-10,0.486,prenhe
E-CA-000862,CA-M-00019,CA-R-0000,caprino,Anglo Nubiana,Moxoto,7.2,0,2.8,0.56,0.55,IA_cervical,10,0,2025-10-04,0.475,vazia
E-CA-000863,CA-M-00199,CA-R-0015,caprino,Moxoto,Saanen,3.3,2,3.4,0.16,0.71,IA_laparoscopica,3,1,2025-03-17,0.95,prenhe
E-CA-000864,CA-M-00226,CA-R-0012,caprino,Anglo Nubiana,Alpina,9.0,2,2.5,0.6,0.49,IATF,4,1,2025-04-01,0.542,prenhe
E-CA-000865,CA-M-00108,CA-R-0007,caprino,Anglo Nubiana,Pardo Alpina,4.8,4,3.0,0.23,0.59,IA_cervical,5,1,2024-05-07,0.761,prenhe
E-CA-000866,CA-M-00002,CA-R-0017,caprino,Pardo Alpina,Anglo Nubiana,1.4,2,3.3,0.64,0.61,IATF,6,1,2025-06-01,0.896,prenhe
E-CA-000867,CA-M-00150,CA-R-0020,caprino,Anglo Nubiana,Boer,3.6,5,2.9,0.73,0.57,IA_cervical,5,1,2024-05-18,0.828,prenhe
E-CA-000868,CA-M-00260,CA-R-0001,caprino,Saanen,Anglo Nubiana,5.7,0,3.8,0.6,0.5,IA_laparoscopica,5,1,2025-05-20,0.675,prenhe
E-CA-000869,CA-M-00087,CA-R-0014,caprino,Pardo Alpina,Anglo Nubiana,2.3,1,4.1,0.45,0.62,IATF,2,0,2025-02-24,0.431,vazia
E-CA-000870,CA-M-00254,CA-R-0028,caprino,Anglo Nubiana,Caninde,9.5,2,3.7,0.14,0.41,IA_cervical,12,0,2024-12-23,0.335,prenhe
E-CA-000871,CA-M-00261,CA-R-0008,caprino,Saanen,Alpina,1.6,1,3.6,1.0,0.66,IATF,6,1,2025-06-10,0.688,prenhe
E-CA-000872,CA-M-00084,CA-R-0023,caprino,Boer,Pardo Alpina,4.6,1,2.8,0.55,0.76,IA_cervical,6,1,2025-06-09,0.904,prenhe
E-CA-000873,CA-M-00179,CA-R-0010,caprino,Saanen,Caninde,4.3,0,2.4,0.66,0.45,IA_laparoscopica,5,1,2024-05-29,0.622,prenhe
E-CA-000874,CA-M-00012,CA-R-0008,caprino,Moxoto,Alpina,2.0,0,3.8,0.4,0.66,IA_cervical,10,0,2024-10-01,0.472,prenhe
E-CA-000875,CA-M-00165,CA-R-0025,caprino,Caninde,Boer,2.6,3,2.7,0.21,0.61,IA_cervical,12,0,2024-12-19,0.446,prenhe
E-CA-000876,CA-M-00263,CA-R-0010,caprino,Saanen,Caninde,5.7,3,2.7,0.48,0.45,IA_cervical,4,1,2024-04-20,0.543,prenhe
E-CA-000877,CA-M-00283,CA-R-0025,caprino,Boer,Boer,3.9,2,3.3,0.5,0.61,IATF,9,0,2024-09-17,0.849,prenhe
E-CA-000878,CA-M-00059,CA-R-0019,caprino,Boer,Moxoto,5.9,2,2.6,0.61,0.75,IA_laparoscopica,1,0,2024-01-31,0.884,vazia
E-CA-000879,CA-M-00199,CA-R-0024,caprino,Moxoto,Boer,3.3,2,3.4,0.16,0.74,IATF,11,0,2024-11-16,0.826,prenhe
E-CA-000880,CA-M-00019,CA-R-0024,caprino,Anglo Nubiana,Boer,7.2,0,2.8,0.56,0.74,IA_cervical,5,1,2024-05-30,0.596,prenhe
E-CA-000881,CA-M-00083,CA-R-0027,caprino,Saanen,Moxoto,9.3,5,2.9,0.36,0.53,IA_cervical,6,1,2024-06-11,0.511,prenhe
E-CA-000882,CA-M-00250,CA-R-0016,caprino,Alpina,Caninde,7.4,2,3.4,0.57,0.58,IA_cervical,8,0,2025-08-20,0.643,prenhe
E-CA-000883,CA-M-00192,CA-R-0028,caprino,Boer,Caninde,2.1,1,3.3,0.54,0.41,IA_cervical,4,1,2024-04-12,0.748,vazia
E-CA-000884,CA-M-00117,CA-R-0001,caprino,Saanen,Anglo Nubiana,9.3,1,3.3,0.59,0.5,IA_cervical,3,1,2024-03-29,0.588,vazia
E-CA-000885,CA-M-00288,CA-R-0014,caprino,Boer,Anglo Nubiana,2.1,2,4.1,0.12,0.62,IATF,8,0,2024-08-21,0.413,vazia
E-CA-000886,CA-M-00227,CA-R-0011,caprino,Anglo Nubiana,Boer,1.6,4,2.2,0.73,0.48,IATF,1,0,2024-01-18,0.451,prenhe
E-CA-000887,CA-M-00007,CA-R-0002,caprino,Saanen,Anglo Nubiana,2.8,2,3.7,0.61,0.55,IA_cervical,9,0,2025-09-26,0.665,prenhe
E-CA-000888,CA-M-00023,CA-R-0026,caprino,Anglo Nubiana,Anglo Nubiana,7.8,1,3.8,0.31,0.71,IA_cervical,12,0,2025-12-21,0.382,vazia
E-CA-000889,CA-M-00187,CA-R-0024,caprino,Caninde,Boer,6.7,0,3.0,0.33,0.74,IA_laparoscopica,8,0,2025-08-10,0.714,prenhe
E-CA-000890,CA-M-00263,CA-R-0022,caprino,Saanen,Boer,5.7,3,2.7,0.48,0.76,IA_laparoscopica,8,0,2025-08-06,0.814,prenhe
E-CA-000891,CA-M-00047,CA-R-0019,caprino,Alpina,Moxoto,1.3,2,3.2,0.8,0.75,IA_laparoscopica,3,1,2024-03-15,0.95,prenhe
E-CA-000892,CA-M-00161,CA-R-0018,caprino,Boer,Alpina,9.3,3,3.8,0.71,0.49,IA_cervical,2,0,2025-02-08,0.4,prenhe
E-CA-000893,CA-M-00244,CA-R-0011,caprino,Anglo Nubiana,Boer,1.7,4,3.1,0.57,0.48,IA_cervical,3,1,2024-03-05,0.854,prenhe
E-CA-000894,CA-M-00258,CA-R-0020,caprino,Boer,Boer,8.6,5,3.0,0.85,0.57,IA_cervical,8,0,2024-08-07,0.534,vazia
E-CA-000895,CA-M-00192,CA-R-0029,caprino,Boer,Saanen,2.1,1,3.3,0.54,0.69,IATF,12,0,2024-12-25,0.832,prenhe
E-CA-000896,CA-M-00299,CA-R-0007,caprino,Anglo Nubiana,Pardo Alpina,6.9,0,3.7,0.59,0.59,IA_laparoscopica,5,1,2025-05-12,0.528,prenhe
E-CA-000897,CA-M-00281,CA-R-0010,caprino,Anglo Nubiana,Caninde,5.2,3,3.4,0.77,0.45,IATF,7,0,2024-07-21,0.769,vazia
E-CA-000898,CA-M-00250,CA-R-0003,caprino,Alpina,Anglo Nubiana,7.4,2,3.4,0.57,0.58,IA_cervical,7,0,2024-07-05,0.707,prenhe
E-CA-000899,CA-M-00200,CA-R-0027,caprino,Alpina,Moxoto,4.4,4,4.0,0.56,0.53,IA_cervical,8,0,2025-08-24,0.599,vazia
E-CA-000900,CA-M-00295,CA-R-0015,caprino,Saanen,Saanen,7.7,3,4.8,0.73,0.71,IA_cervical,6,1,2024-06-12,0.541,prenhe
E-CA-000901,CA-M-00005,CA-R-0017,caprino,Boer,Anglo Nubiana,9.5,5,3.0,0.7,0.61,IATF,12,0,2024-12-20,0.562,vazia
E-CA-000902,CA-M-00026,CA-R-0007,caprino,Boer,Pardo Alpina,6.4,3,3.1,0.49,0.59,IA_cervical,7,0,2024-07-28,0.577,prenhe
E-CA-000903,CA-M-00153,CA-R-0001,caprino,Anglo Nubiana,Anglo Nubiana,7.3,1,3.0,0.48,0.5,IA_laparoscopica,9,0,2025-09-14,0.763,prenhe
E-CA-000904,CA-M-00201,CA-R-0024,caprino,Anglo Nubiana,Boer,4.2,2,3.7,0.45,0.74,IA_cervical,1,0,2025-01-25,0.65,vazia
E-CA-000905,CA-M-00271,CA-R-0025,caprino,Pardo Alpina,Boer,3.9,4,2.9,0.29,0.61,IA_cervical,3,1,2024-03-19,0.837,vazia
E-CA-000906,CA-M-00203,CA-R-0010,caprino,Anglo Nubiana,Caninde,7.7,4,3.7,0.34,0.45,IA_cervical,4,1,2024-04-18,0.442,vazia
E-CA-000907,CA-M-00069,CA-R-0022,caprino,Saanen,Boer,1.4,5,2.8,0.7,0.76,IA_cervical,12,0,2025-12-09,0.76,prenhe
E-CA-000908,CA-M-00272,CA-R-0017,caprino,Caninde,Anglo Nubiana,1.7,5,3.1,0.78,0.61,IATF,11,0,2025-11-17,0.798,prenhe
E-CA-000909,CA-M-00024,CA-R-0019,caprino,Pardo Alpina,Moxoto,2.8,5,3.8,0.46,0.75,IATF,7,0,2025-07-13,0.595,prenhe
E-CA-000910,CA-M-00028,CA-R-0005,caprino,Anglo Nubiana,Boer,2.7,1,2.8,0.63,0.56,IA_laparoscopica,2,0,2024-02-26,0.872,prenhe
E-CA-000911,CA-M-00215,CA-R-0018,caprino,Pardo Alpina,Alpina,2.2,2,2.6,0.68,0.49,IA_cervical,6,1,2025-06-18,0.581,prenhe
E-CA-000912,CA-M-00289,CA-R-0004,caprino,Caninde,Anglo Nubiana,6.2,0,3.1,0.51,0.77,IATF,4,1,2025-04-27,0.748,prenhe
E-CA-000913,CA-M-00150,CA-R-0006,caprino,Anglo Nubiana,Caninde,3.6,5,2.9,0.73,0.74,IA_cervical,11,0,2025-11-17,0.794,vazia
E-CA-000914,CA-M-00040,CA-R-0010,caprino,Anglo Nubiana,Caninde,8.5,4,2.9,0.52,0.45,IATF,12,0,2024-12-21,0.564,vazia
E-CA-000915,CA-M-00014,CA-R-0006,caprino,Saanen,Caninde,6.1,2,3.2,0.81,0.74,IATF,12,0,2024-12-09,0.827,prenhe
E-CA-000916,CA-M-00293,CA-R-0027,caprino,Boer,Moxoto,3.5,3,3.5,0.59,0.53,IA_cervical,4,1,2025-04-06,0.832,prenhe
E-CA-000917,CA-M-00083,CA-R-0000,caprino,Saanen,Moxoto,9.3,5,2.9,0.36,0.55,IA_cervical,4,1,2024-04-18,0.585,prenhe
E-CA-000918,CA-M-00191,CA-R-0027,caprino,Boer,Moxoto,7.3,1,4.1,0.65,0.53,IA_cervical,6,1,2025-06-28,0.426,prenhe
E-CA-000919,CA-M-00098,CA-R-0004,caprino,Moxoto,Anglo Nubiana,1.2,4,3.0,0.49,0.77,IA_cervical,12,0,2024-12-28,0.849,prenhe
E-CA-000920,CA-M-00064,CA-R-0026,caprino,Pardo Alpina,Anglo Nubiana,2.3,5,3.7,0.3,0.71,IATF,5,1,2024-05-17,0.629,vazia
E-CA-000921,CA-M-00200,CA-R-0010,caprino,Alpina,Caninde,4.4,4,4.0,0.56,0.45,IA_laparoscopica,8,0,2025-08-18,0.693,prenhe
E-CA-000922,CA-M-00221,CA-R-0027,caprino,Pardo Alpina,Moxoto,8.8,0,3.3,0.38,0.53,IA_cervical,7,0,2024-07-12,0.567,prenhe
E-CA-000923,CA-M-00141,CA-R-0016,caprino,Saanen,Caninde,8.4,0,3.1,0.67,0.58,IA_cervical,9,0,2025-09-19,0.509,vazia
E-CA-000924,CA-M-00152,CA-R-0014,caprino,Alpina,Anglo Nubiana,4.0,2,3.7,0.48,0.62,IATF,7,0,2024-07-18,0.651,prenhe
E-CA-000925,CA-M-00146,CA-R-0003,caprino,Boer,Anglo Nubiana,4.1,2,3.8,0.45,0.58,IA_cervical,12,0,2024-12-22,0.558,prenhe
E-CA-000926,CA-M-00177,CA-R-0013,caprino,Saanen,Alpina,1.7,1,2.8,0.69,0.4,IA_cervical,11,0,2024-11-14,0.681,prenhe
E-CA-000927,CA-M-00241,CA-R-0016,caprino,Boer,Caninde,5.5,3,3.1,0.76,0.58,IA_laparoscopica,6,1,2025-06-18,0.95,prenhe
E-CA-000928,CA-M-00213,CA-R-0029,caprino,Caninde,Saanen,9.7,5,3.4,0.5,0.69,IA_cervical,5,1,2024-05-15,0.64,prenhe
E-CA-000929,CA-M-00083,CA-R-0007,caprino,Saanen,Pardo Alpina,9.3,5,2.9,0.36,0.59,IA_cervical,6,1,2024-06-29,0.618,vazia
E-CA-000930,CA-M-00074,CA-R-0002,caprino,Saanen,Anglo Nubiana,4.5,4,2.8,0.65,0.55,IA_cervical,5,1,2024-05-20,0.853,prenhe
E-CA-000931,CA-M-00201,CA-R-0007,caprino,Anglo Nubiana,Pardo Alpina,4.2,2,3.7,0.45,0.59,IA_cervical,6,1,2024-06-17,0.614,vazia
E-CA-000932,CA-M-00193,CA-R-0007,caprino,Saanen,Pardo Alpina,3.1,2,3.1,0.53,0.59,IATF,11,0,2024-11-26,0.845,vazia
E-CA-000933,CA-M-00110,CA-R-0028,caprino,Saanen,Caninde,9.0,1,2.5,0.83,0.41,IATF,3,1,2025-03-03,0.536,vazia
E-CA-000934,CA-M-00251,CA-R-0004,caprino,Moxoto,Anglo Nubiana,3.6,0,3.2,0.35,0.77,IATF,9,0,2025-09-22,0.696,vazia
E-CA-000935,CA-M-00125,CA-R-0029,caprino,Boer,Saanen,9.7,5,3.3,0.49,0.69,IATF,11,0,2024-11-03,0.659,vazia
E-CA-000936,CA-M-00100,CA-R-0003,caprino,Boer,Anglo Nubiana,4.7,4,3.7,0.67,0.58,IA_cervical,10,0,2024-10-26,0.564,vazia
E-CA-000937,CA-M-00166,CA-R-0024,caprino,Boer,Boer,8.9,4,3.0,0.68,0.74,IA_cervical,4,1,2024-04-27,0.791,prenhe
E-CA-000938,CA-M-00057,CA-R-0012,caprino,Saanen,Alpina,1.4,3,3.0,0.51,0.49,IA_laparoscopica,3,1,2024-03-13,0.937,prenhe
E-CA-000939,CA-M-00208,CA-R-0001,caprino,Saanen,Anglo Nubiana,8.5,4,3.5,0.34,0.5,IA_cervical,7,0,2025-07-09,0.586,vazia
E-CA-000940,CA-M-00269,CA-R-0018,caprino,Moxoto,Alpina,6.9,5,2.7,0.62,0.49,IATF,4,1,2025-04-06,0.436,vazia
E-CA-000941,CA-M-00283,CA-R-0021,caprino,Boer,Boer,3.9,2,3.3,0.5,0.46,IA_cervical,1,0,2025-01-23,0.732,vazia
E-CA-000942,CA-M-00134,CA-R-0025,caprino,Alpina,Boer,4.9,1,3.3,0.46,0.61,IA_cervical,11,0,2024-11-20,0.726,prenhe
E-CA-000943,CA-M-00080,CA-R-0005,caprino,Saanen,Boer,5.3,0,2.5,0.38,0.56,IA_laparoscopica,1,0,2025-01-14,0.591,vazia
E-CA-000944,CA-M-00143,CA-R-0018,caprino,Anglo Nubiana,Alpina,1.4,1,3.1,0.55,0.49,IATF,9,0,2025-09-09,0.787,prenhe
E-CA-000945,CA-M-00031,CA-R-0017,caprino,Boer,Anglo Nubiana,2.7,3,4.1,0.85,0.61,IA_laparoscopica,5,1,2024-05-18,0.767,prenhe
E-CA-000946,CA-M-00200,CA-R-0013,caprino,Alpina,Alpina,4.4,4,4.0,0.56,0.4,IA_laparoscopica,12,0,2024-12-30,0.612,prenhe
E-CA-000947,CA-M-00128,CA-R-0026,caprino,Anglo Nubiana,Anglo Nubiana,8.7,2,2.9,0.9,0.71,IA_cervical,6,1,2024-06-25,0.867,prenhe
E-CA-000948,CA-M-00036,CA-R-0012,caprino,Anglo Nubiana,Alpina,1.5,3,3.2,0.13,0.49,IA_laparoscopica,3,1,2024-03-17,0.775,prenhe
E-CA-000949,CA-M-00164,CA-R-0011,caprino,Boer,Boer,6.3,5,3.1,0.56,0.48,IA_laparoscopica,5,1,2025-05-20,0.829,prenhe
E-CA-000950,CA-M-00215,CA-R-0015,caprino,Pardo Alpina,Saanen,2.2,2,2.6,0.68,0.71,IA_cervical,5,1,2025-05-29,0.745,prenhe
E-CA-000951,CA-M-00068,CA-R-0027,caprino,Caninde,Moxoto,2.3,2,3.0,0.87,0.53,IATF,9,0,2025-09-13,0.755,prenhe
E-CA-000952,CA-M-00121,CA-R-0026,caprino,Saanen,Anglo Nubiana,7.7,0,3.1,0.79,0.71,IA_cervical,1,0,2024-01-16,0.575,vazia
E-CA-000953,CA-M-00267,CA-R-0021,caprino,Saanen,Boer,6.5,1,3.6,0.47,0.46,IA_cervical,5,1,2024-05-09,0.336,vazia
E-CA-000954,CA-M-00212,CA-R-0002,caprino,Alpina,Anglo Nubiana,3.9,5,3.4,0.64,0.55,IATF,2,0,2025-02-23,0.727,prenhe
E-CA-000955,CA-M-00239,CA-R-0009,caprino,Pardo Alpina,Anglo Nubiana,9.5,0,3.5,1.0,0.89,IA_cervical,8,0,2025-08-16,0.67,prenhe
E-CA-000956,CA-M-00134,CA-R-0000,caprino,Alpina,Moxoto,4.9,1,3.3,0.46,0.55,IA_laparoscopica,11,0,2025-11-17,0.867,prenhe
E-CA-000957,CA-M-00148,CA-R-0002,caprino,Alpina,Anglo Nubiana,6.3,2,3.4,0.24,0.55,IA_cervical,7,0,2025-07-29,0.533,prenhe
E-CA-000958,CA-M-00149,CA-R-0024,caprino,Caninde,Boer,9.9,0,3.3,0.41,0.74,IATF,10,0,2025-10-22,0.564,prenhe
E-CA-000959,CA-M-00135,CA-R-0024,caprino,Boer,Boer,6.3,2,3.5,0.49,0.74,IA_cervical,8,0,2025-08-17,0.699,prenhe
E-CA-000960,CA-M-00043,CA-R-0003,caprino,Anglo Nubiana,Anglo Nubiana,5.4,5,3.3,0.83,0.58,IA_cervical,8,0,2024-08-18,0.759,prenhe
E-CA-000961,CA-M-00012,CA-R-0013,caprino,Moxoto,Alpina,2.0,0,3.8,0.4,0.4,IATF,2,0,2025-02-28,0.467,vazia
E-CA-000962,CA-M-00249,CA-R-0008,caprino,Alpina,Alpina,3.4,4,3.3,0.74,0.66,IA_laparoscopica,4,1,2025-04-08,0.95,prenhe
E-CA-000963,CA-M-00161,CA-R-0002,caprino,Boer,Anglo Nubiana,9.3,3,3.8,0.71,0.55,IA_cervical,9,0,2024-09-13,0.471,vazia
E-CA-000964,CA-M-00159,CA-R-0011,caprino,Pardo Alpina,Boer,1.9,0,3.5,0.6,0.48,IA_cervical,10,0,2025-10-08,0.59,prenhe
E-CA-000965,CA-M-00178,CA-R-0003,caprino,Anglo Nubiana,Anglo Nubiana,6.7,5,3.2,0.53,0.58,IA_cervical,7,0,2025-07-16,0.546,vazia
E-CA-000966,CA-M-00123,CA-R-0022,caprino,Boer,Boer,5.7,4,3.6,0.52,0.76,IATF,1,0,2025-01-12,0.639,prenhe
E-CA-000967,CA-M-00267,CA-R-0029,caprino,Saanen,Saanen,6.5,1,3.6,0.47,0.69,IA_laparoscopica,12,0,2024-12-16,0.579,prenhe
E-CA-000968,CA-M-00140,CA-R-0012,caprino,Caninde,Alpina,3.5,0,4.3,0.47,0.49,IATF,8,0,2025-08-01,0.339,prenhe
E-CA-000969,CA-M-00150,CA-R-0007,caprino,Anglo Nubiana,Pardo Alpina,3.6,5,2.9,0.73,0.59,IATF,6,1,2024-06-10,0.837,prenhe
E-CA-000970,CA-M-00159,CA-R-0014,caprino,Pardo Alpina,Anglo Nubiana,1.9,0,3.5,0.6,0.62,IA_cervical,6,1,2024-06-08,0.758,prenhe
E-CA-000971,CA-M-00047,CA-R-0028,caprino,Alpina,Caninde,1.3,2,3.2,0.8,0.41,IA_laparoscopica,10,0,2024-10-20,0.929,prenhe
E-CA-000972,CA-M-00052,CA-R-0004,caprino,Caninde,Anglo Nubiana,9.2,0,1.8,0.43,0.77,IA_laparoscopica,4,1,2024-04-03,0.549,vazia
E-CA-000973,CA-M-00054,CA-R-0020,caprino,Caninde,Boer,6.2,4,4.4,0.39,0.57,IATF,11,0,2024-11-30,0.317,vazia
E-CA-000974,CA-M-00076,CA-R-0002,caprino,Anglo Nubiana,Anglo Nubiana,5.6,4,3.7,0.64,0.55,IA_laparoscopica,11,0,2024-11-11,0.768,prenhe
E-CA-000975,CA-M-00047,CA-R-0009,caprino,Alpina,Anglo Nubiana,1.3,2,3.2,0.8,0.89,IA_cervical,1,0,2025-01-03,0.88,prenhe
E-CA-000976,CA-M-00067,CA-R-0013,caprino,Saanen,Alpina,8.2,5,3.3,0.55,0.4,IATF,12,0,2024-12-02,0.528,prenhe
E-CA-000977,CA-M-00281,CA-R-0011,caprino,Anglo Nubiana,Boer,5.2,3,3.4,0.77,0.48,IA_laparoscopica,10,0,2025-10-17,0.912,prenhe
E-CA-000978,CA-M-00108,CA-R-0005,caprino,Anglo Nubiana,Boer,4.8,4,3.0,0.23,0.56,IATF,7,0,2024-07-19,0.72,prenhe
E-CA-000979,CA-M-00238,CA-R-0023,caprino,Boer,Pardo Alpina,5.6,4,2.5,0.28,0.76,IA_cervical,10,0,2024-10-27,0.611,vazia
E-CA-000980,CA-M-00117,CA-R-0020,caprino,Saanen,Boer,9.3,1,3.3,0.59,0.57,IA_cervical,6,1,2025-06-22,0.736,vazia
E-CA-000981,CA-M-00247,CA-R-0013,caprino,Alpina,Alpina,3.8,5,2.7,0.86,0.4,IA_laparoscopica,7,0,2024-07-26,0.681,prenhe
E-CA-000982,CA-M-00225,CA-R-0012,caprino,Boer,Alpina,9.2,4,3.3,0.45,0.49,IATF,4,1,2025-04-24,0.68,prenhe
E-CA-000983,CA-M-00252,CA-R-0002,caprino,Moxoto,Anglo Nubiana,4.6,1,3.1,0.94,0.55,IA_cervical,12,0,2025-12-03,0.733,prenhe
E-CA-000984,CA-M-00086,CA-R-0019,caprino,Caninde,Moxoto,9.8,0,2.9,0.29,0.75,IA_cervical,10,0,2024-10-01,0.578,prenhe
E-CA-000985,CA-M-00028,CA-R-0006,caprino,Anglo Nubiana,Caninde,2.7,1,2.8,0.63,0.74,IATF,6,1,2024-06-25,0.878,prenhe
E-CA-000986,CA-M-00092,CA-R-0009,caprino,Anglo Nubiana,Anglo Nubiana,3.7,5,3.8,0.48,0.89,IATF,5,1,2024-05-18,0.646,prenhe
E-CA-000987,CA-M-00210,CA-R-0025,caprino,Saanen,Boer,6.0,0,2.8,0.9,0.61,IA_cervical,1,0,2024-01-09,0.724,vazia
E-CA-000988,CA-M-00196,CA-R-0019,caprino,Moxoto,Moxoto,7.2,5,3.0,0.88,0.75,IA_cervical,7,0,2024-07-26,0.686,vazia
E-CA-000989,CA-M-00211,CA-R-0020,caprino,Anglo Nubiana,Boer,5.9,2,2.8,0.56,0.57,IA_cervical,9,0,2025-09-12,0.709,prenhe
E-CA-000990,CA-M-00298,CA-R-0007,caprino,Caninde,Pardo Alpina,4.9,4,2.8,0.75,0.59,IA_cervical,7,0,2024-07-04,0.79,vazia
E-CA-000991,CA-M-00067,CA-R-0015,caprino,Saanen,Saanen,8.2,5,3.3,0.55,0.71,IA_cervical,11,0,2025-11-27,0.59,vazia
E-CA-000992,CA-M-00133,CA-R-0000,caprino,Anglo Nubiana,Moxoto,1.0,3,4.3,0.98,0.55,IA_cervical,11,0,2025-11-26,0.553,prenhe
E-CA-000993,CA-M-00147,CA-R-0007,caprino,Moxoto,Pardo Alpina,3.4,2,3.5,0.37,0.59,IA_laparoscopica,5,1,2025-05-12,0.95,prenhe
E-CA-000994,CA-M-00044,CA-R-0024,caprino,Saanen,Boer,7.0,0,3.5,0.51,0.74,IA_cervical,12,0,2025-12-17,0.512,prenhe
E-CA-000995,CA-M-00198,CA-R-0014,caprino,Boer,Anglo Nubiana,4.2,5,2.7,0.65,0.62,IA_cervical,10,0,2024-10-24,0.64,vazia
E-CA-000996,CA-M-00014,CA-R-0019,caprino,Saanen,Moxoto,6.1,2,3.2,0.81,0.75,IATF,11,0,2025-11-29,0.77,prenhe
E-CA-000997,CA-M-00269,CA-R-0023,caprino,Moxoto,Pardo Alpina,6.9,5,2.7,0.62,0.76,IA_cervical,1,0,2025-01-31,0.487,vazia
E-CA-000998,CA-M-00026,CA-R-0028,caprino,Boer,Caninde,6.4,3,3.1,0.49,0.41,IATF,2,0,2024-02-28,0.578,vazia
E-CA-000999,CA-M-00033,CA-R-0002,caprino,Boer,Anglo Nubiana,5.2,3,3.1,0.57,0.55,IA_cervical,8,0,2025-08-30,0.658,vazia
E-CA-001000,CA-M-00052,CA-R-0017,caprino,Caninde,Anglo Nubiana,9.2,0,1.8,0.43,0.61,IATF,11,0,2025-11-24,0.217,vazia
E-CA-001001,CA-M-00267,CA-R-0029,caprino,Saanen,Saanen,6.5,1,3.6,0.47,0.69,IATF,10,0,2025-10-08,0.434,vazia
E-CA-001002,CA-M-00258,CA-R-0005,caprino,Boer,Boer,8.6,5,3.0,0.85,0.56,IA_cervical,10,0,2024-10-31,0.644,vazia
E-CA-001003,CA-M-00276,CA-R-0025,caprino,Caninde,Boer,6.7,3,2.7,0.8,0.61,IA_laparoscopica,3,1,2024-03-15,0.695,vazia
E-CA-001004,CA-M-00249,CA-R-0017,caprino,Alpina,Anglo Nubiana,3.4,4,3.3,0.74,0.61,IA_laparoscopica,3,1,2025-03-03,0.95,prenhe
E-CA-001005,CA-M-00277,CA-R-0009,caprino,Pardo Alpina,Anglo Nubiana,8.8,0,2.5,0.68,0.89,IA_cervical,9,0,2025-09-25,0.51,prenhe
E-CA-001006,CA-M-00141,CA-R-0023,caprino,Saanen,Pardo Alpina,8.4,0,3.1,0.67,0.76,IATF,9,0,2025-09-05,0.672,prenhe
E-CA-001007,CA-M-00001,CA-R-0026,caprino,Caninde,Anglo Nubiana,2.3,0,3.4,0.57,0.71,IA_cervical,3,1,2025-03-26,0.81,vazia
E-CA-001008,CA-M-00131,CA-R-0004,caprino,Caninde,Anglo Nubiana,5.5,0,2.2,0.5,0.77,IA_cervical,7,0,2025-07-28,0.399,vazia
E-CA-001009,CA-M-00066,CA-R-0020,caprino,Alpina,Boer,5.1,2,3.4,0.27,0.57,IATF,1,0,2024-01-24,0.642,vazia
E-CA-001010,CA-M-00073,CA-R-0028,caprino,Moxoto,Caninde,8.8,4,3.7,1.0,0.41,IA_cervical,3,1,2025-03-31,0.581,prenhe
E-CA-001011,CA-M-00207,CA-R-0019,caprino,Anglo Nubiana,Moxoto,3.8,4,3.1,0.47,0.75,IA_cervical,3,1,2024-03-20,0.95,prenhe
E-CA-001012,CA-M-00050,CA-R-0016,caprino,Pardo Alpina,Caninde,2.1,4,3.4,0.78,0.58,IA_cervical,7,0,2025-07-01,0.781,prenhe
E-CA-001013,CA-M-00096,CA-R-0004,caprino,Moxoto,Anglo Nubiana,10.0,5,3.0,0.77,0.77,IATF,2,0,2024-02-03,0.635,prenhe
E-CA-001014,CA-M-00117,CA-R-0013,caprino,Saanen,Alpina,9.3,1,3.3,0.59,0.4,IA_cervical,3,1,2025-03-10,0.567,vazia
E-CA-001015,CA-M-00018,CA-R-0027,caprino,Saanen,Moxoto,7.0,5,3.7,0.56,0.53,IA_cervical,11,0,2025-11-23,0.374,vazia
E-CA-001016,CA-M-00210,CA-R-0023,caprino,Saanen,Pardo Alpina,6.0,0,2.8,0.9,0.76,IA_laparoscopica,3,1,2024-03-22,0.95,prenhe
E-CA-001017,CA-M-00228,CA-R-0013,caprino,Saanen,Alpina,6.9,0,3.6,0.79,0.4,IATF,11,0,2024-11-07,0.428,vazia
E-CA-001018,CA-M-00167,CA-R-0009,caprino,Boer,Anglo Nubiana,1.4,3,2.3,0.63,0.89,IA_cervical,1,0,2024-01-30,0.768,vazia
E-CA-001019,CA-M-00008,CA-R-0024,caprino,Boer,Boer,2.4,5,3.6,0.83,0.74,IATF,6,1,2025-06-06,0.741,prenhe
E-CA-001020,CA-M-00236,CA-R-0029,caprino,Boer,Saanen,8.0,3,3.1,0.49,0.69,IA_cervical,11,0,2025-11-06,0.556,prenhe
E-CA-001021,CA-M-00133,CA-R-0008,caprino,Anglo Nubiana,Alpina,1.0,3,4.3,0.98,0.66,IA_laparoscopica,1,0,2024-01-02,0.735,prenhe
E-CA-001022,CA-M-00079,CA-R-0024,caprino,Alpina,Boer,3.6,5,3.0,0.76,0.74,IA_laparoscopica,2,0,2025-02-02,0.921,prenhe
E-CA-001023,CA-M-00284,CA-R-0009,caprino,Pardo Alpina,Anglo Nubiana,4.1,0,2.6,0.71,0.89,IA_cervical,8,0,2025-08-02,0.601,prenhe
E-CA-001024,CA-M-00257,CA-R-0024,caprino,Anglo Nubiana,Boer,8.9,2,3.9,0.64,0.74,IATF,1,0,2024-01-19,0.574,vazia
E-CA-001025,CA-M-00132,CA-R-0028,caprino,Saanen,Caninde,8.9,2,3.9,0.46,0.41,IA_laparoscopica,12,0,2024-12-17,0.547,prenhe
E-CA-001026,CA-M-00132,CA-R-0019,caprino,Saanen,Moxoto,8.9,2,3.9,0.46,0.75,IA_cervical,4,1,2024-04-04,0.498,prenhe
E-CA-001027,CA-M-00273,CA-R-0014,caprino,Boer,Anglo Nubiana,2.3,4,3.8,0.47,0.62,IA_cervical,11,0,2025-11-05,0.622,prenhe
E-CA-001028,CA-M-00057,CA-R-0009,caprino,Saanen,Anglo Nubiana,1.4,3,3.0,0.51,0.89,IA_cervical,1,0,2025-01-06,0.869,prenhe
E-CA-001029,CA-M-00122,CA-R-0001,caprino,Saanen,Anglo Nubiana,3.8,1,3.5,0.73,0.5,IATF,1,0,2025-01-15,0.754,prenhe
E-CA-001030,CA-M-00171,CA-R-0001,caprino,Anglo Nubiana,Anglo Nubiana,9.4,5,3.3,0.16,0.5,IA_cervical,12,0,2025-12-28,0.469,vazia
E-CA-001031,CA-M-00104,CA-R-0025,caprino,Saanen,Boer,8.4,1,3.3,0.13,0.61,IATF,7,0,2025-07-29,0.492,prenhe
E-CA-001032,CA-M-00094,CA-R-0019,caprino,Boer,Moxoto,1.1,1,3.7,0.35,0.75,IA_cervical,8,0,2024-08-17,0.623,prenhe
E-CA-001033,CA-M-00032,CA-R-0006,caprino,Boer,Caninde,8.2,5,2.5,0.68,0.74,IATF,4,1,2025-04-04,0.565,vazia
E-CA-001034,CA-M-00080,CA-R-0016,caprino,Saanen,Caninde,5.3,0,2.5,0.38,0.58,IATF,8,0,2024-08-04,0.554,vazia
E-CA-001035,CA-M-00107,CA-R-0026,caprino,Caninde,Anglo Nubiana,4.3,3,2.9,0.27,0.71,IA_cervical,1,0,2025-01-14,0.703,prenhe
E-CA-001036,CA-M-00251,CA-R-0019,caprino,Moxoto,Moxoto,3.6,0,3.2,0.35,0.75,IA_cervical,8,0,2025-08-15,0.752,prenhe
E-CA-001037,CA-M-00101,CA-R-0027,caprino,Caninde,Moxoto,5.9,1,3.2,0.77,0.53,IATF,11,0,2025-11-23,0.711,vazia
E-CA-001038,CA-M-00048,CA-R-0003,caprino,Boer,Anglo Nubiana,1.4,1,4.5,0.73,0.58,IA_cervical,11,0,2025-11-25,0.595,prenhe
E-CA-001039,CA-M-00253,CA-R-0002,caprino,Anglo Nubiana,Anglo Nubiana,5.9,5,3.8,0.92,0.55,IA_cervical,12,0,2024-12-27,0.516,vazia
E-CA-001040,CA-M-00105,CA-R-0019,caprino,Anglo Nubiana,Moxoto,2.9,5,3.1,0.51,0.75,IATF,10,0,2025-10-15,0.815,vazia
E-CA-001041,CA-M-00275,CA-R-0017,caprino,Anglo Nubiana,Anglo Nubiana,8.3,5,4.3,0.61,0.61,IATF,10,0,2025-10-13,0.308,prenhe
E-CA-001042,CA-M-00032,CA-R-0020,caprino,Boer,Boer,8.2,5,2.5,0.68,0.57,IATF,2,0,2025-02-02,0.46,prenhe
E-CA-001043,CA-M-00006,CA-R-0029,caprino,Anglo Nubiana,Saanen,8.4,2,3.5,0.62,0.69,IATF,1,0,2024-01-27,0.708,vazia
E-CA-001044,CA-M-00276,CA-R-0003,caprino,Caninde,Anglo Nubiana,6.7,3,2.7,0.8,0.58,IA_laparoscopica,3,1,2024-03-27,0.697,prenhe
E-CA-001045,CA-M-00029,CA-R-0027,caprino,Alpina,Moxoto,9.6,2,3.1,0.71,0.53,IATF,4,1,2025-04-24,0.604,prenhe
E-CA-001046,CA-M-00002,CA-R-0001,caprino,Pardo Alpina,Anglo Nubiana,1.4,2,3.3,0.64,0.5,IA_cervical,8,0,2025-08-29,0.863,prenhe
E-CA-001047,CA-M-00192,CA-R-0015,caprino,Boer,Saanen,2.1,1,3.3,0.54,0.71,IATF,10,0,2025-10-27,0.786,prenhe
E-CA-001048,CA-M-00095,CA-R-0024,caprino,Anglo Nubiana,Boer,2.5,4,3.3,0.94,0.74,IA_laparoscopica,6,1,2024-06-26,0.95,prenhe
E-CA-001049,CA-M-00145,CA-R-0020,caprino,Alpina,Boer,8.0,3,2.9,0.48,0.57,IA_laparoscopica,10,0,2025-10-18,0.789,prenhe
E-CA-001050,CA-M-00122,CA-R-0006,caprino,Saanen,Caninde,3.8,1,3.5,0.73,0.74,IATF,8,0,2025-08-26,0.866,prenhe
E-CA-001051,CA-M-00089,CA-R-0018,caprino,Anglo Nubiana,Alpina,6.1,2,3.0,0.53,0.49,IA_cervical,12,0,2024-12-20,0.546,vazia
E-CA-001052,CA-M-00144,CA-R-0027,caprino,Caninde,Moxoto,9.7,0,4.3,0.56,0.53,IA_laparoscopica,9,0,2024-09-30,0.369,vazia
E-CA-001053,CA-M-00077,CA-R-0006,caprino,Saanen,Caninde,3.5,1,3.7,0.87,0.74,IA_cervical,12,0,2024-12-10,0.659,prenhe
E-CA-001054,CA-M-00067,CA-R-0028,caprino,Saanen,Caninde,8.2,5,3.3,0.55,0.41,IA_cervical,5,1,2025-05-08,0.614,vazia
E-CA-001055,CA-M-00067,CA-R-0019,caprino,Saanen,Moxoto,8.2,5,3.3,0.55,0.75,IA_cervical,8,0,2025-08-14,0.615,vazia
E-CA-001056,CA-M-00035,CA-R-0002,caprino,Saanen,Anglo Nubiana,3.7,1,3.3,0.41,0.55,IATF,5,1,2024-05-05,0.845,prenhe
E-CA-001057,CA-M-00157,CA-R-0009,caprino,Alpina,Anglo Nubiana,2.5,3,3.6,0.54,0.89,IA_cervical,9,0,2024-09-01,0.761,vazia
E-CA-001058,CA-M-00164,CA-R-0025,caprino,Boer,Boer,6.3,5,3.1,0.56,0.61,IA_laparoscopica,3,1,2024-03-28,0.795,prenhe
E-CA-001059,CA-M-00005,CA-R-0010,caprino,Boer,Caninde,9.5,5,3.0,0.7,0.45,IA_laparoscopica,11,0,2025-11-15,0.611,prenhe
E-CA-001060,CA-M-00137,CA-R-0028,caprino,Moxoto,Caninde,7.6,1,2.5,0.56,0.41,IATF,10,0,2024-10-24,0.355,prenhe
E-CA-001061,CA-M-00221,CA-R-0012,caprino,Pardo Alpina,Alpina,8.8,0,3.3,0.38,0.49,IATF,7,0,2024-07-01,0.508,prenhe
E-CA-001062,CA-M-00000,CA-R-0010,caprino,Saanen,Caninde,9.8,4,3.3,0.65,0.45,IA_cervical,5,1,2024-05-28,0.673,prenhe
E-CA-001063,CA-M-00090,CA-R-0025,caprino,Caninde,Boer,8.9,4,3.2,0.56,0.61,IA_cervical,2,0,2024-02-24,0.668,prenhe
E-CA-001064,CA-M-00288,CA-R-0023,caprino,Boer,Pardo Alpina,2.1,2,4.1,0.12,0.76,IA_laparoscopica,12,0,2024-12-10,0.681,vazia
E-CA-001065,CA-M-00128,CA-R-0007,caprino,Anglo Nubiana,Pardo Alpina,8.7,2,2.9,0.9,0.59,IA_cervical,7,0,2025-07-17,0.723,prenhe
E-CA-001066,CA-M-00004,CA-R-0023,caprino,Caninde,Pardo Alpina,9.2,3,3.4,0.63,0.76,IA_cervical,8,0,2024-08-23,0.696,prenhe
E-CA-001067,CA-M-00158,CA-R-0007,caprino,Anglo Nubiana,Pardo Alpina,9.5,1,2.0,0.56,0.59,IA_cervical,10,0,2024-10-22,0.334,vazia
E-CA-001068,CA-M-00123,CA-R-0026,caprino,Boer,Anglo Nubiana,5.7,4,3.6,0.52,0.71,IA_cervical,4,1,2025-04-09,0.82,prenhe
E-CA-001069,CA-M-00063,CA-R-0000,caprino,Moxoto,Moxoto,2.3,5,2.9,0.66,0.55,IATF,9,0,2024-09-16,0.638,prenhe
E-CA-001070,CA-M-00022,CA-R-0019,caprino,Anglo Nubiana,Moxoto,9.5,3,3.5,0.52,0.75,IATF,6,1,2025-06-23,0.818,vazia
E-CA-001071,CA-M-00265,CA-R-0004,caprino,Anglo Nubiana,Anglo Nubiana,1.1,1,2.9,0.8,0.77,IA_laparoscopica,8,0,2024-08-22,0.95,prenhe
E-CA-001072,CA-M-00243,CA-R-0020,caprino,Anglo Nubiana,Boer,8.4,5,3.6,0.66,0.57,IA_cervical,11,0,2024-11-21,0.331,prenhe
E-CA-001073,CA-M-00204,CA-R-0029,caprino,Boer,Saanen,8.8,4,3.4,0.7,0.69,IATF,12,0,2025-12-16,0.776,prenhe
E-CA-001074,CA-M-00005,CA-R-0020,caprino,Boer,Boer,9.5,5,3.0,0.7,0.57,IA_laparoscopica,9,0,2025-09-02,0.795,prenhe
E-CA-001075,CA-M-00261,CA-R-0013,caprino,Saanen,Alpina,1.6,1,3.6,1.0,0.4,IATF,2,0,2025-02-21,0.506,prenhe
E-CA-001076,CA-M-00141,CA-R-0024,caprino,Saanen,Boer,8.4,0,3.1,0.67,0.74,IA_cervical,10,0,2024-10-13,0.646,prenhe
E-CA-001077,CA-M-00142,CA-R-0005,caprino,Caninde,Boer,4.8,5,3.7,0.76,0.56,IA_cervical,12,0,2025-12-25,0.522,vazia
E-CA-001078,CA-M-00263,CA-R-0016,caprino,Saanen,Caninde,5.7,3,2.7,0.48,0.58,IA_laparoscopica,12,0,2024-12-03,0.735,vazia
E-CA-001079,CA-M-00129,CA-R-0028,caprino,Alpina,Caninde,9.9,3,3.0,0.4,0.41,IATF,9,0,2024-09-07,0.538,vazia
E-CA-001080,CA-M-00070,CA-R-0010,caprino,Anglo Nubiana,Caninde,7.3,3,3.0,0.18,0.45,IA_cervical,3,1,2025-03-11,0.642,vazia
E-CA-001081,CA-M-00071,CA-R-0000,caprino,Saanen,Moxoto,10.0,5,4.1,0.72,0.55,IA_cervical,10,0,2024-10-29,0.288,vazia
E-CA-001082,CA-M-00278,CA-R-0013,caprino,Moxoto,Alpina,9.9,3,4.0,0.81,0.4,IA_laparoscopica,10,0,2025-10-11,0.579,vazia
E-CA-001083,CA-M-00163,CA-R-0014,caprino,Boer,Anglo Nubiana,2.7,5,3.5,0.9,0.62,IATF,6,1,2024-06-03,0.846,prenhe
E-CA-001084,CA-M-00173,CA-R-0024,caprino,Anglo Nubiana,Boer,4.3,5,3.2,0.43,0.74,IATF,2,0,2024-02-06,0.725,prenhe
E-CA-001085,CA-M-00177,CA-R-0024,caprino,Saanen,Boer,1.7,1,2.8,0.69,0.74,IATF,11,0,2024-11-10,0.77,prenhe
E-CA-001086,CA-M-00066,CA-R-0010,caprino,Alpina,Caninde,5.1,2,3.4,0.27,0.45,IA_laparoscopica,11,0,2025-11-23,0.79,prenhe
E-CA-001087,CA-M-00125,CA-R-0023,caprino,Boer,Pardo Alpina,9.7,5,3.3,0.49,0.76,IATF,2,0,2024-02-15,0.638,prenhe
E-CA-001088,CA-M-00285,CA-R-0004,caprino,Anglo Nubiana,Anglo Nubiana,7.1,0,2.0,0.55,0.77,IA_cervical,8,0,2025-08-12,0.348,vazia
E-CA-001089,CA-M-00043,CA-R-0005,caprino,Anglo Nubiana,Boer,5.4,5,3.3,0.83,0.56,IA_cervical,1,0,2024-01-01,0.78,prenhe
E-CA-001090,CA-M-00285,CA-R-0018,caprino,Anglo Nubiana,Alpina,7.1,0,2.0,0.55,0.49,IA_laparoscopica,2,0,2025-02-10,0.398,prenhe
E-CA-001091,CA-M-00081,CA-R-0021,caprino,Boer,Boer,2.8,3,3.6,0.62,0.46,IA_laparoscopica,11,0,2024-11-26,0.694,vazia
E-CA-001092,CA-M-00088,CA-R-0024,caprino,Boer,Boer,8.3,5,3.1,0.62,0.74,IA_cervical,4,1,2024-04-26,0.649,prenhe
E-CA-001093,CA-M-00004,CA-R-0018,caprino,Caninde,Alpina,9.2,3,3.4,0.63,0.49,IA_cervical,6,1,2025-06-28,0.697,prenhe
E-CA-001094,CA-M-00199,CA-R-0003,caprino,Moxoto,Anglo Nubiana,3.3,2,3.4,0.16,0.58,IATF,5,1,2024-05-07,0.778,prenhe
E-CA-001095,CA-M-00095,CA-R-0020,caprino,Anglo Nubiana,Boer,2.5,4,3.3,0.94,0.57,IATF,11,0,2024-11-15,0.852,prenhe
E-CA-001096,CA-M-00137,CA-R-0012,caprino,Moxoto,Alpina,7.6,1,2.5,0.56,0.49,IA_cervical,2,0,2025-02-11,0.381,vazia
E-CA-001097,CA-M-00174,CA-R-0007,caprino,Anglo Nubiana,Pardo Alpina,3.1,1,3.0,0.74,0.59,IATF,1,0,2025-01-13,0.8,prenhe
E-CA-001098,CA-M-00190,CA-R-0010,caprino,Caninde,Caninde,7.5,4,4.1,0.51,0.45,IA_cervical,1,0,2024-01-24,0.305,prenhe
E-CA-001099,CA-M-00286,CA-R-0024,caprino,Caninde,Boer,6.6,1,2.8,0.65,0.74,IA_cervical,11,0,2024-11-21,0.647,vazia
E-CA-001100,CA-M-00166,CA-R-0005,caprino,Boer,Boer,8.9,4,3.0,0.68,0.56,IA_cervical,4,1,2025-04-22,0.68,prenhe
E-CA-001101,CA-M-00053,CA-R-0016,caprino,Anglo Nubiana,Caninde,3.4,1,2.8,0.49,0.58,IA_cervical,1,0,2025-01-19,0.659,prenhe
E-CA-001102,CA-M-00211,CA-R-0002,caprino,Anglo Nubiana,Anglo Nubiana,5.9,2,2.8,0.56,0.55,IA_cervical,6,1,2025-06-16,0.864,prenhe
E-CA-001103,CA-M-00016,CA-R-0021,caprino,Anglo Nubiana,Boer,4.7,0,4.2,0.18,0.46,IA_laparoscopica,7,0,2025-07-20,0.409,prenhe
E-CA-001104,CA-M-00253,CA-R-0004,caprino,Anglo Nubiana,Anglo Nubiana,5.9,5,3.8,0.92,0.77,IATF,5,1,2024-05-10,0.695,prenhe
E-CA-001105,CA-M-00088,CA-R-0028,caprino,Boer,Caninde,8.3,5,3.1,0.62,0.41,IA_cervical,8,0,2025-08-09,0.546,prenhe
E-CA-001106,CA-M-00216,CA-R-0026,caprino,Anglo Nubiana,Anglo Nubiana,6.8,5,3.8,0.53,0.71,IATF,10,0,2025-10-15,0.403,prenhe
E-CA-001107,CA-M-00047,CA-R-0025,caprino,Alpina,Boer,1.3,2,3.2,0.8,0.61,IATF,9,0,2025-09-03,0.846,prenhe
E-CA-001108,CA-M-00122,CA-R-0010,caprino,Saanen,Caninde,3.8,1,3.5,0.73,0.45,IA_cervical,9,0,2025-09-13,0.711,prenhe
E-CA-001109,CA-M-00208,CA-R-0023,caprino,Saanen,Pardo Alpina,8.5,4,3.5,0.34,0.76,IA_cervical,6,1,2024-06-04,0.732,prenhe
E-CA-001110,CA-M-00186,CA-R-0004,caprino,Pardo Alpina,Anglo Nubiana,8.2,0,2.2,0.34,0.77,IA_cervical,4,1,2025-04-20,0.242,prenhe
E-CA-001111,CA-M-00001,CA-R-0008,caprino,Caninde,Alpina,2.3,0,3.4,0.57,0.66,IA_laparoscopica,11,0,2024-11-30,0.878,prenhe
E-CA-001112,CA-M-00010,CA-R-0003,caprino,Boer,Anglo Nubiana,6.2,3,2.5,0.39,0.58,IA_cervical,12,0,2025-12-19,0.486,prenhe
E-CA-001113,CA-M-00294,CA-R-0001,caprino,Anglo Nubiana,Anglo Nubiana,8.0,1,1.9,0.51,0.5,IA_laparoscopica,8,0,2025-08-29,0.471,vazia
E-CA-001114,CA-M-00158,CA-R-0011,caprino,Anglo Nubiana,Boer,9.5,1,2.0,0.56,0.48,IA_laparoscopica,4,1,2024-04-27,0.408,prenhe
E-CA-001115,CA-M-00256,CA-R-0017,caprino,Caninde,Anglo Nubiana,2.7,0,3.4,0.69,0.61,IA_laparoscopica,11,0,2025-11-18,0.95,prenhe
E-CA-001116,CA-M-00021,CA-R-0025,caprino,Boer,Boer,1.2,5,2.0,0.64,0.61,IA_cervical,5,1,2025-05-23,0.446,vazia
E-CA-001117,CA-M-00147,CA-R-0001,caprino,Moxoto,Anglo Nubiana,3.4,2,3.5,0.37,0.5,IA_cervical,1,0,2025-01-31,0.63,prenhe
E-CA-001118,CA-M-00172,CA-R-0012,caprino,Anglo Nubiana,Alpina,8.5,3,3.5,0.88,0.49,IA_cervical,11,0,2024-11-21,0.691,vazia
E-CA-001119,CA-M-00276,CA-R-0021,caprino,Caninde,Boer,6.7,3,2.7,0.8,0.46,IATF,12,0,2024-12-25,0.507,prenhe
E-CA-001120,CA-M-00213,CA-R-0006,caprino,Caninde,Caninde,9.7,5,3.4,0.5,0.74,IA_laparoscopica,7,0,2025-07-16,0.77,prenhe
E-CA-001121,CA-M-00188,CA-R-0022,caprino,Anglo Nubiana,Boer,4.8,5,3.8,0.48,0.76,IA_laparoscopica,7,0,2025-07-12,0.702,prenhe
E-CA-001122,CA-M-00088,CA-R-0017,caprino,Boer,Anglo Nubiana,8.3,5,3.1,0.62,0.61,IA_laparoscopica,2,0,2025-02-07,0.805,prenhe
E-CA-001123,CA-M-00298,CA-R-0016,caprino,Caninde,Caninde,4.9,4,2.8,0.75,0.58,IA_cervical,12,0,2025-12-24,0.79,vazia
E-CA-001124,CA-M-00098,CA-R-0003,caprino,Moxoto,Anglo Nubiana,1.2,4,3.0,0.49,0.58,IA_cervical,6,1,2024-06-18,0.742,prenhe
E-CA-001125,CA-M-00083,CA-R-0005,caprino,Saanen,Boer,9.3,5,2.9,0.36,0.56,IA_cervical,11,0,2024-11-06,0.558,prenhe
E-CA-001126,CA-M-00217,CA-R-0026,caprino,Boer,Anglo Nubiana,5.6,5,3.7,0.63,0.71,IA_cervical,3,1,2025-03-13,0.661,vazia
E-CA-001127,CA-M-00299,CA-R-0026,caprino,Anglo Nubiana,Anglo Nubiana,6.9,0,3.7,0.59,0.71,IA_cervical,4,1,2024-04-30,0.548,prenhe
E-CA-001128,CA-M-00257,CA-R-0013,caprino,Anglo Nubiana,Alpina,8.9,2,3.9,0.64,0.4,IA_cervical,12,0,2024-12-30,0.427,vazia
E-CA-001129,CA-M-00054,CA-R-0017,caprino,Caninde,Anglo Nubiana,6.2,4,4.4,0.39,0.61,IATF,9,0,2025-09-01,0.482,prenhe
E-CA-001130,CA-M-00244,CA-R-0016,caprino,Anglo Nubiana,Caninde,1.7,4,3.1,0.57,0.58,IA_cervical,5,1,2025-05-08,0.821,vazia
E-CA-001131,CA-M-00106,CA-R-0015,caprino,Saanen,Saanen,8.2,5,4.0,0.84,0.71,IA_cervical,6,1,2025-06-02,0.563,prenhe
E-CA-001132,CA-M-00066,CA-R-0021,caprino,Alpina,Boer,5.1,2,3.4,0.27,0.46,IA_cervical,4,1,2024-04-28,0.764,prenhe
E-CA-001133,CA-M-00280,CA-R-0017,caprino,Saanen,Anglo Nubiana,7.3,3,3.1,0.6,0.61,IA_cervical,4,1,2024-04-15,0.709,prenhe
E-CA-001134,CA-M-00284,CA-R-0003,caprino,Pardo Alpina,Anglo Nubiana,4.1,0,2.6,0.71,0.58,IA_cervical,11,0,2024-11-18,0.554,vazia
E-CA-001135,CA-M-00111,CA-R-0002,caprino,Saanen,Anglo Nubiana,4.4,0,3.4,0.62,0.55,IA_cervical,8,0,2024-08-24,0.507,vazia
E-CA-001136,CA-M-00007,CA-R-0025,caprino,Saanen,Boer,2.8,2,3.7,0.61,0.61,IA_cervical,1,0,2024-01-08,0.602,vazia
E-CA-001137,CA-M-00062,CA-R-0022,caprino,Alpina,Boer,9.7,5,3.2,0.38,0.76,IATF,2,0,2025-02-07,0.605,prenhe
E-CA-001138,CA-M-00162,CA-R-0005,caprino,Saanen,Boer,6.9,3,3.5,0.54,0.56,IA_cervical,7,0,2025-07-04,0.605,prenhe
E-CA-001139,CA-M-00017,CA-R-0001,caprino,Pardo Alpina,Anglo Nubiana,3.9,5,3.9,0.47,0.5,IA_cervical,6,1,2025-06-17,0.49,vazia
E-CA-001140,CA-M-00068,CA-R-0006,caprino,Caninde,Caninde,2.3,2,3.0,0.87,0.74,IA_cervical,3,1,2024-03-16,0.95,prenhe
E-CA-001141,CA-M-00044,CA-R-0017,caprino,Saanen,Anglo Nubiana,7.0,0,3.5,0.51,0.61,IA_cervical,7,0,2025-07-23,0.501,vazia
E-CA-001142,CA-M-00285,CA-R-0017,caprino,Anglo Nubiana,Anglo Nubiana,7.1,0,2.0,0.55,0.61,IA_laparoscopica,10,0,2024-10-04,0.444,vazia
E-CA-001143,CA-M-00106,CA-R-0005,caprino,Saanen,Boer,8.2,5,4.0,0.84,0.56,IA_cervical,4,1,2024-04-23,0.5,prenhe
E-CA-001144,CA-M-00114,CA-R-0005,caprino,Alpina,Boer,5.6,2,2.8,0.57,0.56,IATF,12,0,2024-12-10,0.803,prenhe
E-CA-001145,CA-M-00126,CA-R-0006,caprino,Boer,Caninde,3.5,1,3.2,0.69,0.74,IATF,6,1,2024-06-07,0.95,prenhe
E-CA-001146,CA-M-00003,CA-R-0013,caprino,Boer,Alpina,7.7,3,4.0,0.53,0.4,IA_laparoscopica,5,1,2025-05-06,0.636,vazia
E-CA-001147,CA-M-00162,CA-R-0006,caprino,Saanen,Caninde,6.9,3,3.5,0.54,0.74,IA_cervical,6,1,2025-06-27,0.806,prenhe
E-CA-001148,CA-M-00273,CA-R-0013,caprino,Boer,Alpina,2.3,4,3.8,0.47,0.4,IA_cervical,6,1,2025-06-13,0.581,prenhe
E-CA-001149,CA-M-00244,CA-R-0000,caprino,Anglo Nubiana,Moxoto,1.7,4,3.1,0.57,0.55,IA_cervical,3,1,2024-03-25,0.799,prenhe
E-CA-001150,CA-M-00075,CA-R-0028,caprino,Saanen,Caninde,1.2,1,2.5,0.28,0.41,IATF,9,0,2024-09-11,0.433,prenhe
E-CA-001151,CA-M-00004,CA-R-0026,caprino,Caninde,Anglo Nubiana,9.2,3,3.4,0.63,0.71,IA_cervical,12,0,2024-12-29,0.676,prenhe
E-CA-001152,CA-M-00232,CA-R-0010,caprino,Boer,Caninde,9.1,1,2.9,0.49,0.45,IA_laparoscopica,12,0,2025-12-19,0.706,prenhe
E-CA-001153,CA-M-00252,CA-R-0024,caprino,Moxoto,Boer,4.6,1,3.1,0.94,0.74,IA_cervical,2,0,2025-02-02,0.849,prenhe
E-CA-001154,CA-M-00276,CA-R-0016,caprino,Caninde,Caninde,6.7,3,2.7,0.8,0.58,IA_cervical,4,1,2025-04-21,0.542,prenhe
E-CA-001155,CA-M-00173,CA-R-0000,caprino,Anglo Nubiana,Moxoto,4.3,5,3.2,0.43,0.55,IA_cervical,9,0,2024-09-04,0.625,vazia
E-CA-001156,CA-M-00142,CA-R-0008,caprino,Caninde,Alpina,4.8,5,3.7,0.76,0.66,IA_cervical,8,0,2024-08-03,0.5,vazia
E-CA-001157,CA-M-00226,CA-R-0001,caprino,Anglo Nubiana,Anglo Nubiana,9.0,2,2.5,0.6,0.5,IA_laparoscopica,8,0,2025-08-04,0.591,vazia
E-CA-001158,CA-M-00207,CA-R-0021,caprino,Anglo Nubiana,Boer,3.8,4,3.1,0.47,0.46,IA_laparoscopica,9,0,2025-09-01,0.858,vazia
E-CA-001159,CA-M-00227,CA-R-0023,caprino,Anglo Nubiana,Pardo Alpina,1.6,4,2.2,0.73,0.76,IA_cervical,2,0,2024-02-10,0.68,prenhe
E-CA-001160,CA-M-00085,CA-R-0018,caprino,Caninde,Alpina,5.0,4,3.8,0.48,0.49,IA_cervical,1,0,2025-01-28,0.599,prenhe
E-CA-001161,CA-M-00270,CA-R-0000,caprino,Moxoto,Moxoto,8.4,5,2.8,0.51,0.55,IATF,7,0,2025-07-21,0.5,prenhe
E-CA-001162,CA-M-00011,CA-R-0007,caprino,Pardo Alpina,Pardo Alpina,5.4,0,2.0,0.56,0.59,IA_cervical,4,1,2024-04-25,0.478,vazia
E-CA-001163,CA-M-00028,CA-R-0014,caprino,Anglo Nubiana,Anglo Nubiana,2.7,1,2.8,0.63,0.62,IA_laparoscopica,4,1,2025-04-16,0.95,prenhe
E-CA-001164,CA-M-00196,CA-R-0004,caprino,Moxoto,Anglo Nubiana,7.2,5,3.0,0.88,0.77,IA_cervical,12,0,2024-12-11,0.672,vazia
E-CA-001165,CA-M-00171,CA-R-0003,caprino,Anglo Nubiana,Anglo Nubiana,9.4,5,3.3,0.16,0.58,IA_laparoscopica,1,0,2025-01-05,0.626,prenhe
E-CA-001166,CA-M-00166,CA-R-0009,caprino,Boer,Anglo Nubiana,8.9,4,3.0,0.68,0.89,IA_laparoscopica,3,1,2025-03-09,0.95,prenhe
E-CA-001167,CA-M-00272,CA-R-0017,caprino,Caninde,Anglo Nubiana,1.7,5,3.1,0.78,0.61,IA_cervical,9,0,2025-09-28,0.824,prenhe
E-CA-001168,CA-M-00261,CA-R-0002,caprino,Saanen,Anglo Nubiana,1.6,1,3.6,1.0,0.55,IA_cervical,3,1,2024-03-04,0.669,vazia
E-CA-001169,CA-M-00215,CA-R-0029,caprino,Pardo Alpina,Saanen,2.2,2,2.6,0.68,0.69,IA_cervical,5,1,2024-05-27,0.749,prenhe
E-CA-001170,CA-M-00049,CA-R-0013,caprino,Anglo Nubiana,Alpina,8.2,1,3.1,0.36,0.4,IA_cervical,9,0,2024-09-08,0.336,vazia
E-CA-001171,CA-M-00028,CA-R-0005,caprino,Anglo Nubiana,Boer,2.7,1,2.8,0.63,0.56,IA_laparoscopica,8,0,2025-08-07,0.921,prenhe
E-CA-001172,CA-M-00041,CA-R-0000,caprino,Anglo Nubiana,Moxoto,1.2,0,3.1,0.38,0.55,IA_cervical,3,1,2025-03-08,0.745,prenhe
E-CA-001173,CA-M-00184,CA-R-0028,caprino,Anglo Nubiana,Caninde,9.7,3,3.4,0.83,0.41,IA_cervical,5,1,2024-05-17,0.637,vazia
E-CA-001174,CA-M-00213,CA-R-0017,caprino,Caninde,Anglo Nubiana,9.7,5,3.4,0.5,0.61,IATF,1,0,2024-01-18,0.548,vazia
E-CA-001175,CA-M-00239,CA-R-0025,caprino,Pardo Alpina,Boer,9.5,0,3.5,1.0,0.61,IATF,12,0,2025-12-24,0.677,vazia
E-CA-001176,CA-M-00030,CA-R-0023,caprino,Boer,Pardo Alpina,5.6,0,2.7,0.47,0.76,IA_cervical,4,1,2024-04-10,0.619,prenhe
E-CA-001177,CA-M-00082,CA-R-0029,caprino,Anglo Nubiana,Saanen,8.5,2,3.8,0.05,0.69,IA_laparoscopica,1,0,2024-01-24,0.589,prenhe
E-CA-001178,CA-M-00101,CA-R-0026,caprino,Caninde,Anglo Nubiana,5.9,1,3.2,0.77,0.71,IA_cervical,10,0,2024-10-23,0.784,prenhe
E-CA-001179,CA-M-00189,CA-R-0022,caprino,Anglo Nubiana,Boer,1.5,3,3.5,0.62,0.76,IA_laparoscopica,2,0,2025-02-07,0.95,prenhe
E-CA-001180,CA-M-00013,CA-R-0025,caprino,Anglo Nubiana,Boer,5.2,0,3.4,0.47,0.61,IA_cervical,7,0,2024-07-07,0.615,prenhe
E-CA-001181,CA-M-00252,CA-R-0025,caprino,Moxoto,Boer,4.6,1,3.1,0.94,0.61,IATF,5,1,2024-05-02,0.95,vazia
E-CA-001182,CA-M-00024,CA-R-0007,caprino,Pardo Alpina,Pardo Alpina,2.8,5,3.8,0.46,0.59,IA_cervical,3,1,2024-03-04,0.63,vazia
E-CA-001183,CA-M-00157,CA-R-0017,caprino,Alpina,Anglo Nubiana,2.5,3,3.6,0.54,0.61,IA_cervical,10,0,2024-10-24,0.634,prenhe
E-CA-001184,CA-M-00279,CA-R-0029,caprino,Pardo Alpina,Saanen,2.8,1,3.9,0.66,0.69,IATF,11,0,2025-11-25,0.576,vazia
E-CA-001185,CA-M-00058,CA-R-0026,caprino,Alpina,Anglo Nubiana,6.0,3,2.0,0.67,0.71,IA_cervical,4,1,2024-04-18,0.683,prenhe
E-CA-001186,CA-M-00206,CA-R-0003,caprino,Anglo Nubiana,Anglo Nubiana,7.5,0,3.1,0.78,0.58,IA_cervical,2,0,2025-02-22,0.598,prenhe
E-CA-001187,CA-M-00164,CA-R-0003,caprino,Boer,Anglo Nubiana,6.3,5,3.1,0.56,0.58,IA_cervical,5,1,2024-05-21,0.518,prenhe
E-CA-001188,CA-M-00245,CA-R-0006,caprino,Anglo Nubiana,Caninde,4.9,0,3.0,0.72,0.74,IA_laparoscopica,5,1,2025-05-06,0.93,prenhe
E-CA-001189,CA-M-00176,CA-R-0022,caprino,Pardo Alpina,Boer,8.9,2,3.0,0.34,0.76,IA_cervical,2,0,2024-02-14,0.67,vazia
E-CA-001190,CA-M-00254,CA-R-0011,caprino,Anglo Nubiana,Boer,9.5,2,3.7,0.14,0.48,IA_laparoscopica,5,1,2024-05-28,0.573,prenhe
E-CA-001191,CA-M-00120,CA-R-0018,caprino,Alpina,Alpina,8.8,3,4.4,0.67,0.49,IA_cervical,1,0,2024-01-06,0.314,prenhe
E-CA-001192,CA-M-00049,CA-R-0004,caprino,Anglo Nubiana,Anglo Nubiana,8.2,1,3.1,0.36,0.77,IA_laparoscopica,4,1,2025-04-18,0.914,prenhe
E-CA-001193,CA-M-00203,CA-R-0001,caprino,Anglo Nubiana,Anglo Nubiana,7.7,4,3.7,0.34,0.5,IATF,6,1,2025-06-09,0.444,vazia
E-CA-001194,CA-M-00290,CA-R-0023,caprino,Saanen,Pardo Alpina,7.7,4,2.7,0.75,0.76,IA_cervical,5,1,2024-05-05,0.621,prenhe
E-CA-001195,CA-M-00129,CA-R-0008,caprino,Alpina,Alpina,9.9,3,3.0,0.4,0.66,IA_laparoscopica,11,0,2024-11-27,0.762,vazia
E-CA-001196,CA-M-00245,CA-R-0001,caprino,Anglo Nubiana,Anglo Nubiana,4.9,0,3.0,0.72,0.5,IA_cervical,8,0,2024-08-02,0.68,vazia
E-CA-001197,CA-M-00263,CA-R-0006,caprino,Saanen,Caninde,5.7,3,2.7,0.48,0.74,IA_cervical,2,0,2024-02-03,0.546,prenhe
E-CA-001198,CA-M-00193,CA-R-0009,caprino,Saanen,Anglo Nubiana,3.1,2,3.1,0.53,0.89,IATF,1,0,2024-01-28,0.877,prenhe
E-CA-001199,CA-M-00237,CA-R-0012,caprino,Boer,Alpina,8.1,3,4.5,0.65,0.49,IATF,11,0,2025-11-16,0.28,vazia
E-CA-001200,CA-M-00168,CA-R-0026,caprino,Anglo Nubiana,Anglo Nubiana,5.8,1,2.9,0.56,0.71,IATF,4,1,2025-04-17,0.85,prenhe
E-CA-001201,CA-M-00241,CA-R-0005,caprino,Boer,Boer,5.5,3,3.1,0.76,0.56,IATF,4,1,2025-04-30,0.932,prenhe
E-CA-001202,CA-M-00100,CA-R-0018,caprino,Boer,Alpina,4.7,4,3.7,0.67,0.49,IA_cervical,8,0,2024-08-03,0.607,prenhe
E-CA-001203,CA-M-00157,CA-R-0008,caprino,Alpina,Alpina,2.5,3,3.6,0.54,0.66,IA_laparoscopica,7,0,2024-07-11,0.746,prenhe
E-CA-001204,CA-M-00023,CA-R-0014,caprino,Anglo Nubiana,Anglo Nubiana,7.8,1,3.8,0.31,0.62,IA_cervical,8,0,2025-08-03,0.397,prenhe
E-CA-001205,CA-M-00058,CA-R-0008,caprino,Alpina,Alpina,6.0,3,2.0,0.67,0.66,IATF,11,0,2024-11-16,0.559,vazia
E-CA-001206,CA-M-00173,CA-R-0010,caprino,Anglo Nubiana,Caninde,4.3,5,3.2,0.43,0.45,IA_laparoscopica,3,1,2024-03-15,0.914,prenhe
E-CA-001207,CA-M-00217,CA-R-0017,caprino,Boer,Anglo Nubiana,5.6,5,3.7,0.63,0.61,IA_cervical,12,0,2024-12-23,0.524,prenhe
E-CA-001208,CA-M-00008,CA-R-0017,caprino,Boer,Anglo Nubiana,2.4,5,3.6,0.83,0.61,IATF,1,0,2025-01-15,0.451,vazia
E-CA-001209,CA-M-00020,CA-R-0004,caprino,Caninde,Anglo Nubiana,3.4,0,2.8,0.66,0.77,IA_laparoscopica,2,0,2025-02-20,0.95,prenhe
E-CA-001210,CA-M-00001,CA-R-0004,caprino,Caninde,Anglo Nubiana,2.3,0,3.4,0.57,0.77,IATF,1,0,2025-01-26,0.739,prenhe
E-CA-001211,CA-M-00155,CA-R-0007,caprino,Alpina,Pardo Alpina,1.8,3,3.4,0.36,0.59,IATF,9,0,2025-09-17,0.734,prenhe
E-CA-001212,CA-M-00100,CA-R-0026,caprino,Boer,Anglo Nubiana,4.7,4,3.7,0.67,0.71,IATF,6,1,2024-06-27,0.785,vazia
E-CA-001213,CA-M-00015,CA-R-0009,caprino,Alpina,Anglo Nubiana,7.5,5,3.5,0.52,0.89,IA_cervical,3,1,2025-03-06,0.669,prenhe
E-CA-001214,CA-M-00238,CA-R-0017,caprino,Boer,Anglo Nubiana,5.6,4,2.5,0.28,0.61,IA_cervical,10,0,2025-10-10,0.544,prenhe
E-CA-001215,CA-M-00158,CA-R-0013,caprino,Anglo Nubiana,Alpina,9.5,1,2.0,0.56,0.4,IATF,12,0,2025-12-15,0.289,vazia
E-CA-001216,CA-M-00003,CA-R-0010,caprino,Boer,Caninde,7.7,3,4.0,0.53,0.45,IA_cervical,12,0,2025-12-05,0.414,vazia
E-CA-001217,CA-M-00205,CA-R-0001,caprino,Saanen,Anglo Nubiana,1.3,5,3.2,0.75,0.5,IA_cervical,6,1,2025-06-14,0.73,prenhe
E-CA-001218,CA-M-00273,CA-R-0013,caprino,Boer,Alpina,2.3,4,3.8,0.47,0.4,IATF,3,1,2024-03-18,0.654,prenhe
E-CA-001219,CA-M-00125,CA-R-0029,caprino,Boer,Saanen,9.7,5,3.3,0.49,0.69,IATF,12,0,2025-12-22,0.554,prenhe
E-CA-001220,CA-M-00284,CA-R-0028,caprino,Pardo Alpina,Caninde,4.1,0,2.6,0.71,0.41,IATF,1,0,2024-01-24,0.445,vazia
E-CA-001221,CA-M-00125,CA-R-0009,caprino,Boer,Anglo Nubiana,9.7,5,3.3,0.49,0.89,IA_cervical,2,0,2025-02-06,0.647,vazia
E-CA-001222,CA-M-00023,CA-R-0015,caprino,Anglo Nubiana,Saanen,7.8,1,3.8,0.31,0.71,IA_cervical,11,0,2024-11-22,0.421,prenhe
E-CA-001223,CA-M-00036,CA-R-0008,caprino,Anglo Nubiana,Alpina,1.5,3,3.2,0.13,0.66,IATF,5,1,2025-05-10,0.794,prenhe
E-CA-001224,CA-M-00020,CA-R-0027,caprino,Caninde,Moxoto,3.4,0,2.8,0.66,0.53,IA_cervical,7,0,2025-07-25,0.715,prenhe
E-CA-001225,CA-M-00090,CA-R-0016,caprino,Caninde,Caninde,8.9,4,3.2,0.56,0.58,IA_cervical,6,1,2025-06-22,0.719,prenhe
E-CA-001226,CA-M-00115,CA-R-0027,caprino,Anglo Nubiana,Moxoto,7.1,1,2.9,0.31,0.53,IA_cervical,6,1,2024-06-14,0.588,prenhe
E-CA-001227,CA-M-00133,CA-R-0025,caprino,Anglo Nubiana,Boer,1.0,3,4.3,0.98,0.61,IATF,7,0,2025-07-04,0.623,vazia
E-CA-001228,CA-M-00144,CA-R-0009,caprino,Caninde,Anglo Nubiana,9.7,0,4.3,0.56,0.89,IA_cervical,7,0,2025-07-07,0.415,vazia
E-CA-001229,CA-M-00259,CA-R-0013,caprino,Saanen,Alpina,7.7,1,3.1,0.81,0.4,IA_cervical,1,0,2024-01-18,0.564,prenhe
E-CA-001230,CA-M-00003,CA-R-0017,caprino,Boer,Anglo Nubiana,7.7,3,4.0,0.53,0.61,IA_cervical,4,1,2025-04-10,0.45,vazia
E-CA-001231,CA-M-00269,CA-R-0007,caprino,Moxoto,Pardo Alpina,6.9,5,2.7,0.62,0.59,IA_cervical,4,1,2024-04-03,0.524,prenhe
E-CA-001232,CA-M-00071,CA-R-0024,caprino,Saanen,Boer,10.0,5,4.1,0.72,0.74,IA_laparoscopica,2,0,2025-02-14,0.546,vazia
E-CA-001233,CA-M-00286,CA-R-0016,caprino,Caninde,Caninde,6.6,1,2.8,0.65,0.58,IA_laparoscopica,6,1,2024-06-15,0.876,prenhe
E-CA-001234,CA-M-00040,CA-R-0006,caprino,Anglo Nubiana,Caninde,8.5,4,2.9,0.52,0.74,IA_laparoscopica,9,0,2024-09-18,0.83,prenhe
E-CA-001235,CA-M-00030,CA-R-0014,caprino,Boer,Anglo Nubiana,5.6,0,2.7,0.47,0.62,IA_cervical,7,0,2024-07-17,0.391,prenhe
E-CA-001236,CA-M-00036,CA-R-0024,caprino,Anglo Nubiana,Boer,1.5,3,3.2,0.13,0.74,IA_cervical,9,0,2025-09-21,0.618,prenhe
E-CA-001237,CA-M-00088,CA-R-0012,caprino,Boer,Alpina,8.3,5,3.1,0.62,0.49,IA_cervical,10,0,2025-10-22,0.473,vazia
E-CA-001238,CA-M-00282,CA-R-0021,caprino,Anglo Nubiana,Boer,5.4,0,3.4,1.0,0.46,IATF,8,0,2025-08-05,0.75,prenhe
E-CA-001239,CA-M-00138,CA-R-0029,caprino,Pardo Alpina,Saanen,1.6,1,3.7,0.53,0.69,IA_cervical,6,1,2025-06-11,0.717,prenhe
E-CA-001240,CA-M-00049,CA-R-0010,caprino,Anglo Nubiana,Caninde,8.2,1,3.1,0.36,0.45,IA_cervical,9,0,2024-09-22,0.497,prenhe
E-CA-001241,CA-M-00192,CA-R-0029,caprino,Boer,Saanen,2.1,1,3.3,0.54,0.69,IA_cervical,4,1,2024-04-14,0.771,vazia
E-CA-001242,CA-M-00152,CA-R-0012,caprino,Alpina,Alpina,4.0,2,3.7,0.48,0.49,IATF,2,0,2025-02-18,0.523,prenhe
E-CA-001243,CA-M-00210,CA-R-0016,caprino,Saanen,Caninde,6.0,0,2.8,0.9,0.58,IATF,11,0,2024-11-07,0.82,prenhe
E-CA-001244,CA-M-00222,CA-R-0023,caprino,Pardo Alpina,Pardo Alpina,6.1,0,3.8,0.37,0.76,IA_cervical,7,0,2024-07-25,0.322,vazia
E-CA-001245,CA-M-00235,CA-R-0002,caprino,Alpina,Anglo Nubiana,7.6,2,3.3,0.44,0.55,IA_laparoscopica,6,1,2024-06-26,0.943,prenhe
E-CA-001246,CA-M-00045,CA-R-0021,caprino,Boer,Boer,4.2,2,3.0,0.46,0.46,IA_cervical,4,1,2024-04-27,0.86,vazia
E-CA-001247,CA-M-00148,CA-R-0017,caprino,Alpina,Anglo Nubiana,6.3,2,3.4,0.24,0.61,IATF,8,0,2025-08-28,0.709,prenhe
E-CA-001248,CA-M-00189,CA-R-0019,caprino,Anglo Nubiana,Moxoto,1.5,3,3.5,0.62,0.75,IATF,8,0,2024-08-22,0.883,prenhe
E-CA-001249,CA-M-00166,CA-R-0028,caprino,Boer,Caninde,8.9,4,3.0,0.68,0.41,IA_laparoscopica,10,0,2025-10-31,0.733,prenhe
E-CA-001250,CA-M-00291,CA-R-0014,caprino,Alpina,Anglo Nubiana,6.0,3,3.3,0.4,0.62,IATF,5,1,2025-05-03,0.866,prenhe
E-CA-001251,CA-M-00288,CA-R-0027,caprino,Boer,Moxoto,2.1,2,4.1,0.12,0.53,IA_cervical,4,1,2024-04-29,0.501,prenhe
E-CA-001252,CA-M-00243,CA-R-0017,caprino,Anglo Nubiana,Anglo Nubiana,8.4,5,3.6,0.66,0.61,IA_cervical,2,0,2024-02-15,0.373,vazia
E-CA-001253,CA-M-00072,CA-R-0006,caprino,Anglo Nubiana,Caninde,1.9,0,3.8,0.91,0.74,IA_laparoscopica,10,0,2024-10-31,0.733,prenhe
E-CA-001254,CA-M-00158,CA-R-0019,caprino,Anglo Nubiana,Moxoto,9.5,1,2.0,0.56,0.75,IA_laparoscopica,2,0,2024-02-29,0.528,prenhe
E-CA-001255,CA-M-00241,CA-R-0005,caprino,Boer,Boer,5.5,3,3.1,0.76,0.56,IA_cervical,11,0,2025-11-26,0.747,vazia
E-CA-001256,CA-M-00080,CA-R-0026,caprino,Saanen,Anglo Nubiana,5.3,0,2.5,0.38,0.71,IA_cervical,10,0,2025-10-24,0.562,prenhe
E-CA-001257,CA-M-00213,CA-R-0004,caprino,Caninde,Anglo Nubiana,9.7,5,3.4,0.5,0.77,IA_cervical,4,1,2025-04-24,0.657,prenhe
E-CA-001258,CA-M-00074,CA-R-0014,caprino,Saanen,Anglo Nubiana,4.5,4,2.8,0.65,0.62,IA_cervical,8,0,2024-08-01,0.793,prenhe
E-CA-001259,CA-M-00042,CA-R-0024,caprino,Saanen,Boer,7.9,1,4.2,0.16,0.74,IATF,9,0,2025-09-25,0.367,vazia
E-CA-001260,CA-M-00071,CA-R-0000,caprino,Saanen,Moxoto,10.0,5,4.1,0.72,0.55,IA_cervical,4,1,2025-04-17,0.438,prenhe
E-CA-001261,CA-M-00277,CA-R-0014,caprino,Pardo Alpina,Anglo Nubiana,8.8,0,2.5,0.68,0.62,IATF,9,0,2024-09-18,0.434,prenhe
E-CA-001262,CA-M-00298,CA-R-0015,caprino,Caninde,Saanen,4.9,4,2.8,0.75,0.71,IA_cervical,10,0,2025-10-04,0.863,vazia
E-CA-001263,CA-M-00256,CA-R-0010,caprino,Caninde,Caninde,2.7,0,3.4,0.69,0.45,IA_laparoscopica,6,1,2024-06-02,0.827,prenhe
E-CA-001264,CA-M-00081,CA-R-0020,caprino,Boer,Boer,2.8,3,3.6,0.62,0.57,IATF,2,0,2025-02-18,0.673,prenhe
E-CA-001265,CA-M-00233,CA-R-0009,caprino,Caninde,Anglo Nubiana,1.7,3,2.9,0.57,0.89,IATF,5,1,2025-05-19,0.95,prenhe
E-CA-001266,CA-M-00065,CA-R-0011,caprino,Pardo Alpina,Boer,7.6,1,2.9,0.62,0.48,IATF,10,0,2025-10-24,0.482,prenhe
E-CA-001267,CA-M-00038,CA-R-0008,caprino,Boer,Alpina,9.8,0,2.7,0.7,0.66,IA_cervical,4,1,2024-04-10,0.582,prenhe
E-CA-001268,CA-M-00077,CA-R-0018,caprino,Saanen,Alpina,3.5,1,3.7,0.87,0.49,IA_cervical,7,0,2024-07-28,0.525,prenhe
E-CA-001269,CA-M-00041,CA-R-0026,caprino,Anglo Nubiana,Anglo Nubiana,1.2,0,3.1,0.38,0.71,IA_laparoscopica,9,0,2025-09-05,0.87,prenhe
E-CA-001270,CA-M-00192,CA-R-0005,caprino,Boer,Boer,2.1,1,3.3,0.54,0.56,IATF,12,0,2024-12-30,0.726,vazia
E-CA-001271,CA-M-00204,CA-R-0012,caprino,Boer,Alpina,8.8,4,3.4,0.7,0.49,IATF,7,0,2025-07-05,0.643,prenhe
E-CA-001272,CA-M-00010,CA-R-0006,caprino,Boer,Caninde,6.2,3,2.5,0.39,0.74,IA_laparoscopica,7,0,2025-07-18,0.644,prenhe
E-CA-001273,CA-M-00032,CA-R-0007,caprino,Boer,Pardo Alpina,8.2,5,2.5,0.68,0.59,IA_cervical,8,0,2024-08-10,0.352,vazia
E-CA-001274,CA-M-00143,CA-R-0029,caprino,Anglo Nubiana,Saanen,1.4,1,3.1,0.55,0.69,IA_cervical,8,0,2024-08-29,0.772,prenhe
E-CA-001275,CA-M-00033,CA-R-0021,caprino,Boer,Boer,5.2,3,3.1,0.57,0.46,IATF,12,0,2024-12-30,0.724,vazia
E-CA-001276,CA-M-00248,CA-R-0028,caprino,Pardo Alpina,Caninde,3.2,5,3.5,0.25,0.41,IA_laparoscopica,1,0,2024-01-21,0.649,vazia
E-CA-001277,CA-M-00120,CA-R-0019,caprino,Alpina,Moxoto,8.8,3,4.4,0.67,0.75,IATF,8,0,2025-08-06,0.422,vazia
E-CA-001278,CA-M-00123,CA-R-0019,caprino,Boer,Moxoto,5.7,4,3.6,0.52,0.75,IA_laparoscopica,3,1,2024-03-25,0.829,prenhe
E-CA-001279,CA-M-00001,CA-R-0021,caprino,Caninde,Boer,2.3,0,3.4,0.57,0.46,IATF,11,0,2025-11-13,0.612,vazia
E-CA-001280,CA-M-00210,CA-R-0019,caprino,Saanen,Moxoto,6.0,0,2.8,0.9,0.75,IATF,7,0,2025-07-22,0.844,prenhe
E-CA-001281,CA-M-00216,CA-R-0024,caprino,Anglo Nubiana,Boer,6.8,5,3.8,0.53,0.74,IA_cervical,9,0,2024-09-14,0.396,prenhe
E-CA-001282,CA-M-00226,CA-R-0009,caprino,Anglo Nubiana,Anglo Nubiana,9.0,2,2.5,0.6,0.89,IATF,2,0,2024-02-22,0.665,prenhe
E-CA-001283,CA-M-00162,CA-R-0003,caprino,Saanen,Anglo Nubiana,6.9,3,3.5,0.54,0.58,IA_cervical,7,0,2025-07-30,0.614,prenhe
E-CA-001284,CA-M-00080,CA-R-0014,caprino,Saanen,Anglo Nubiana,5.3,0,2.5,0.38,0.62,IA_cervical,11,0,2024-11-23,0.45,prenhe
E-CA-001285,CA-M-00023,CA-R-0000,caprino,Anglo Nubiana,Moxoto,7.8,1,3.8,0.31,0.55,IATF,5,1,2024-05-21,0.453,prenhe
E-CA-001286,CA-M-00094,CA-R-0001,caprino,Boer,Anglo Nubiana,1.1,1,3.7,0.35,0.5,IA_cervical,11,0,2024-11-09,0.53,prenhe
E-CA-001287,CA-M-00163,CA-R-0001,caprino,Boer,Anglo Nubiana,2.7,5,3.5,0.9,0.5,IA_cervical,10,0,2025-10-21,0.641,vazia
E-CA-001288,CA-M-00034,CA-R-0002,caprino,Saanen,Anglo Nubiana,6.7,4,2.2,0.67,0.55,IA_laparoscopica,5,1,2025-05-17,0.697,prenhe
E-CA-001289,CA-M-00016,CA-R-0021,caprino,Anglo Nubiana,Boer,4.7,0,4.2,0.18,0.46,IATF,5,1,2025-05-15,0.418,prenhe
E-CA-001290,CA-M-00065,CA-R-0017,caprino,Pardo Alpina,Anglo Nubiana,7.6,1,2.9,0.62,0.61,IA_cervical,1,0,2025-01-10,0.597,vazia
E-CA-001291,CA-M-00021,CA-R-0028,caprino,Boer,Caninde,1.2,5,2.0,0.64,0.41,IA_laparoscopica,4,1,2024-04-21,0.661,prenhe
E-CA-001292,CA-M-00004,CA-R-0008,caprino,Caninde,Alpina,9.2,3,3.4,0.63,0.66,IA_cervical,11,0,2025-11-24,0.654,prenhe
E-CA-001293,CA-M-00145,CA-R-0009,caprino,Alpina,Anglo Nubiana,8.0,3,2.9,0.48,0.89,IA_cervical,6,1,2025-06-24,0.826,prenhe
E-CA-001294,CA-M-00223,CA-R-0014,caprino,Moxoto,Anglo Nubiana,3.2,0,4.0,0.54,0.62,IA_laparoscopica,1,0,2025-01-11,0.639,prenhe
E-CA-001295,CA-M-00149,CA-R-0023,caprino,Caninde,Pardo Alpina,9.9,0,3.3,0.41,0.76,IA_laparoscopica,6,1,2025-06-12,0.864,vazia
E-CA-001296,CA-M-00027,CA-R-0027,caprino,Anglo Nubiana,Moxoto,2.1,4,2.9,0.69,0.53,IATF,9,0,2024-09-21,0.755,prenhe
E-CA-001297,CA-M-00101,CA-R-0021,caprino,Caninde,Boer,5.9,1,3.2,0.77,0.46,IA_laparoscopica,6,1,2025-06-25,0.945,prenhe
E-CA-001298,CA-M-00010,CA-R-0015,caprino,Boer,Saanen,6.2,3,2.5,0.39,0.71,IATF,12,0,2025-12-07,0.536,prenhe
E-CA-001299,CA-M-00186,CA-R-0029,caprino,Pardo Alpina,Saanen,8.2,0,2.2,0.34,0.69,IATF,9,0,2024-09-08,0.336,vazia
E-CA-001300,CA-M-00069,CA-R-0005,caprino,Saanen,Boer,1.4,5,2.8,0.7,0.56,IA_cervical,1,0,2024-01-07,0.653,prenhe
E-CA-001301,CA-M-00116,CA-R-0014,caprino,Saanen,Anglo Nubiana,1.8,3,2.8,0.58,0.62,IATF,6,1,2025-06-24,0.922,prenhe
E-CA-001302,CA-M-00270,CA-R-0007,caprino,Moxoto,Pardo Alpina,8.4,5,2.8,0.51,0.59,IA_laparoscopica,9,0,2025-09-14,0.659,prenhe
E-CA-001303,CA-M-00176,CA-R-0004,caprino,Pardo Alpina,Anglo Nubiana,8.9,2,3.0,0.34,0.77,IA_cervical,8,0,2025-08-26,0.548,prenhe
E-CA-001304,CA-M-00229,CA-R-0011,caprino,Caninde,Boer,2.4,3,3.9,0.83,0.48,IA_laparoscopica,12,0,2025-12-12,0.731,vazia
E-CA-001305,CA-M-00104,CA-R-0022,caprino,Saanen,Boer,8.4,1,3.3,0.13,0.76,IATF,9,0,2024-09-10,0.632,vazia
E-CA-001306,CA-M-00279,CA-R-0009,caprino,Pardo Alpina,Anglo Nubiana,2.8,1,3.9,0.66,0.89,IA_cervical,11,0,2025-11-01,0.677,prenhe
E-CA-001307,CA-M-00214,CA-R-0024,caprino,Anglo Nubiana,Boer,2.0,1,3.0,0.45,0.74,IA_cervical,5,1,2024-05-31,0.799,prenhe
E-CA-001308,CA-M-00154,CA-R-0018,caprino,Pardo Alpina,Alpina,4.4,3,3.8,0.8,0.49,IA_cervical,3,1,2025-03-04,0.679,prenhe
E-CA-001309,CA-M-00173,CA-R-0021,caprino,Anglo Nubiana,Boer,4.3,5,3.2,0.43,0.46,IA_cervical,10,0,2025-10-10,0.601,vazia
E-CA-001310,CA-M-00186,CA-R-0007,caprino,Pardo Alpina,Pardo Alpina,8.2,0,2.2,0.34,0.59,IATF,10,0,2025-10-30,0.275,vazia
E-CA-001311,CA-M-00048,CA-R-0025,caprino,Boer,Boer,1.4,1,4.5,0.73,0.61,IA_cervical,3,1,2025-03-29,0.479,prenhe
E-CA-001312,CA-M-00075,CA-R-0006,caprino,Saanen,Caninde,1.2,1,2.5,0.28,0.74,IATF,2,0,2025-02-02,0.567,prenhe
E-CA-001313,CA-M-00205,CA-R-0011,caprino,Saanen,Boer,1.3,5,3.2,0.75,0.48,IATF,12,0,2024-12-02,0.708,prenhe
E-CA-001314,CA-M-00132,CA-R-0023,caprino,Saanen,Pardo Alpina,8.9,2,3.9,0.46,0.76,IA_cervical,9,0,2025-09-25,0.438,vazia
E-CA-001315,CA-M-00235,CA-R-0020,caprino,Alpina,Boer,7.6,2,3.3,0.44,0.57,IA_cervical,10,0,2025-10-04,0.527,prenhe
E-CA-001316,CA-M-00157,CA-R-0008,caprino,Alpina,Alpina,2.5,3,3.6,0.54,0.66,IA_cervical,6,1,2024-06-23,0.674,prenhe
E-CA-001317,CA-M-00019,CA-R-0007,caprino,Anglo Nubiana,Pardo Alpina,7.2,0,2.8,0.56,0.59,IA_cervical,4,1,2024-04-09,0.608,vazia
E-CA-001318,CA-M-00199,CA-R-0012,caprino,Moxoto,Alpina,3.3,2,3.4,0.16,0.49,IA_cervical,8,0,2025-08-17,0.639,prenhe
E-CA-001319,CA-M-00182,CA-R-0013,caprino,Anglo Nubiana,Alpina,5.9,0,3.4,0.41,0.4,IA_cervical,8,0,2025-08-14,0.524,prenhe
E-CA-001320,CA-M-00109,CA-R-0001,caprino,Anglo Nubiana,Anglo Nubiana,9.4,0,3.1,0.59,0.5,IATF,3,1,2024-03-13,0.578,vazia
E-CA-001321,CA-M-00237,CA-R-0007,caprino,Boer,Pardo Alpina,8.1,3,4.5,0.65,0.59,IA_laparoscopica,12,0,2024-12-24,0.526,prenhe
E-CA-001322,CA-M-00105,CA-R-0004,caprino,Anglo Nubiana,Anglo Nubiana,2.9,5,3.1,0.51,0.77,IA_cervical,1,0,2025-01-04,0.755,vazia
E-CA-001323,CA-M-00034,CA-R-0004,caprino,Saanen,Anglo Nubiana,6.7,4,2.2,0.67,0.77,IA_cervical,2,0,2024-02-01,0.514,vazia
E-CA-001324,CA-M-00036,CA-R-0010,caprino,Anglo Nubiana,Caninde,1.5,3,3.2,0.13,0.45,IATF,4,1,2025-04-29,0.615,prenhe
E-CA-001325,CA-M-00270,CA-R-0001,caprino,Moxoto,Anglo Nubiana,8.4,5,2.8,0.51,0.5,IA_cervical,12,0,2025-12-11,0.533,prenhe
E-CA-001326,CA-M-00112,CA-R-0020,caprino,Boer,Boer,5.4,1,2.8,0.17,0.57,IA_laparoscopica,6,1,2024-06-03,0.866,prenhe
E-CA-001327,CA-M-00124,CA-R-0020,caprino,Boer,Boer,8.7,1,3.2,0.51,0.57,IA_cervical,7,0,2025-07-21,0.586,prenhe
E-CA-001328,CA-M-00091,CA-R-0006,caprino,Moxoto,Caninde,3.6,5,3.0,0.7,0.74,IATF,2,0,2024-02-29,0.855,prenhe
E-CA-001329,CA-M-00221,CA-R-0026,caprino,Pardo Alpina,Anglo Nubiana,8.8,0,3.3,0.38,0.71,IA_cervical,6,1,2024-06-05,0.582,vazia
E-CA-001330,CA-M-00181,CA-R-0017,caprino,Boer,Anglo Nubiana,5.6,4,2.9,0.51,0.61,IA_cervical,2,0,2025-02-16,0.803,prenhe
E-CA-001331,CA-M-00269,CA-R-0009,caprino,Moxoto,Anglo Nubiana,6.9,5,2.7,0.62,0.89,IA_laparoscopica,11,0,2025-11-05,0.617,vazia
E-CA-001332,CA-M-00268,CA-R-0005,caprino,Anglo Nubiana,Boer,2.0,3,2.8,0.5,0.56,IA_cervical,10,0,2025-10-08,0.74,prenhe
E-CA-001333,CA-M-00296,CA-R-0012,caprino,Pardo Alpina,Alpina,1.1,5,3.8,0.69,0.49,IA_laparoscopica,11,0,2025-11-13,0.652,vazia
E-CA-001334,CA-M-00098,CA-R-0028,caprino,Moxoto,Caninde,1.2,4,3.0,0.49,0.41,IA_cervical,12,0,2025-12-21,0.674,prenhe
E-CA-001335,CA-M-00175,CA-R-0000,caprino,Boer,Moxoto,2.1,0,2.7,0.23,0.55,IA_cervical,8,0,2025-08-07,0.357,vazia
E-CA-001336,CA-M-00103,CA-R-0000,caprino,Boer,Moxoto,8.1,3,4.0,0.64,0.55,IA_cervical,9,0,2024-09-22,0.48,vazia
E-CA-001337,CA-M-00211,CA-R-0012,caprino,Anglo Nubiana,Alpina,5.9,2,2.8,0.56,0.49,IA_laparoscopica,4,1,2024-04-02,0.95,prenhe
E-CA-001338,CA-M-00224,CA-R-0027,caprino,Moxoto,Moxoto,4.5,0,3.7,0.55,0.53,IATF,8,0,2025-08-23,0.443,prenhe
E-CA-001339,CA-M-00075,CA-R-0008,caprino,Saanen,Alpina,1.2,1,2.5,0.28,0.66,IA_cervical,5,1,2024-05-16,0.599,vazia
E-CA-001340,CA-M-00257,CA-R-0022,caprino,Anglo Nubiana,Boer,8.9,2,3.9,0.64,0.76,IATF,1,0,2025-01-15,0.615,vazia
E-CA-001341,CA-M-00087,CA-R-0017,caprino,Pardo Alpina,Anglo Nubiana,2.3,1,4.1,0.45,0.61,IATF,7,0,2025-07-04,0.439,vazia
E-CA-001342,CA-M-00294,CA-R-0005,caprino,Anglo Nubiana,Boer,8.0,1,1.9,0.51,0.56,IA_cervical,1,0,2024-01-26,0.354,vazia
E-CA-001343,CA-M-00255,CA-R-0027,caprino,Anglo Nubiana,Moxoto,8.1,4,3.9,0.59,0.53,IA_cervical,10,0,2025-10-29,0.419,vazia
E-CA-001344,CA-M-00005,CA-R-0004,caprino,Boer,Anglo Nubiana,9.5,5,3.0,0.7,0.77,IA_cervical,8,0,2024-08-09,0.642,prenhe
E-CA-001345,CA-M-00119,CA-R-0015,caprino,Saanen,Saanen,1.9,5,3.2,0.91,0.71,IA_cervical,6,1,2024-06-05,0.826,prenhe
E-CA-001346,CA-M-00116,CA-R-0019,caprino,Saanen,Moxoto,1.8,3,2.8,0.58,0.75,IATF,9,0,2024-09-28,0.862,prenhe
E-CA-001347,CA-M-00246,CA-R-0020,caprino,Anglo Nubiana,Boer,8.0,2,3.1,0.51,0.57,IA_cervical,12,0,2024-12-02,0.61,vazia
E-CA-001348,CA-M-00217,CA-R-0025,caprino,Boer,Boer,5.6,5,3.7,0.63,0.61,IA_cervical,11,0,2024-11-27,0.562,vazia
E-CA-001349,CA-M-00015,CA-R-0021,caprino,Alpina,Boer,7.5,5,3.5,0.52,0.46,IA_laparoscopica,4,1,2024-04-22,0.706,prenhe
E-CA-001350,CA-M-00252,CA-R-0019,caprino,Moxoto,Moxoto,4.6,1,3.1,0.94,0.75,IA_cervical,5,1,2024-05-18,0.894,prenhe
E-CA-001351,CA-M-00065,CA-R-0004,caprino,Pardo Alpina,Anglo Nubiana,7.6,1,2.9,0.62,0.77,IATF,12,0,2024-12-14,0.715,prenhe
E-CA-001352,CA-M-00110,CA-R-0009,caprino,Saanen,Anglo Nubiana,9.0,1,2.5,0.83,0.89,IA_laparoscopica,6,1,2024-06-14,0.902,prenhe
E-CA-001353,CA-M-00051,CA-R-0010,caprino,Boer,Caninde,1.1,0,2.8,0.52,0.45,IA_cervical,4,1,2025-04-14,0.705,prenhe
E-CA-001354,CA-M-00047,CA-R-0011,caprino,Alpina,Boer,1.3,2,3.2,0.8,0.48,IA_cervical,10,0,2025-10-18,0.854,prenhe
E-CA-001355,CA-M-00158,CA-R-0003,caprino,Anglo Nubiana,Anglo Nubiana,9.5,1,2.0,0.56,0.58,IA_cervical,1,0,2024-01-14,0.332,prenhe
E-CA-001356,CA-M-00025,CA-R-0002,caprino,Moxoto,Anglo Nubiana,6.1,3,3.5,0.43,0.55,IATF,1,0,2024-01-27,0.642,vazia
E-CA-001357,CA-M-00024,CA-R-0013,caprino,Pardo Alpina,Alpina,2.8,5,3.8,0.46,0.4,IA_cervical,4,1,2025-04-14,0.526,vazia
E-CA-001358,CA-M-00235,CA-R-0021,caprino,Alpina,Boer,7.6,2,3.3,0.44,0.46,IATF,1,0,2024-01-21,0.656,prenhe
E-CA-001359,CA-M-00103,CA-R-0026,caprino,Boer,Anglo Nubiana,8.1,3,4.0,0.64,0.71,IATF,4,1,2025-04-12,0.694,vazia
E-CA-001360,CA-M-00194,CA-R-0028,caprino,Anglo Nubiana,Caninde,7.6,1,2.7,1.0,0.41,IA_cervical,12,0,2024-12-23,0.37,vazia
E-CA-001361,CA-M-00295,CA-R-0014,caprino,Saanen,Anglo Nubiana,7.7,3,4.8,0.73,0.62,IA_laparoscopica,11,0,2024-11-28,0.614,prenhe
E-CA-001362,CA-M-00015,CA-R-0026,caprino,Alpina,Anglo Nubiana,7.5,5,3.5,0.52,0.71,IA_laparoscopica,3,1,2025-03-18,0.851,prenhe
E-CA-001363,CA-M-00238,CA-R-0013,caprino,Boer,Alpina,5.6,4,2.5,0.28,0.4,IA_cervical,10,0,2025-10-15,0.446,vazia
E-CA-001364,CA-M-00032,CA-R-0014,caprino,Boer,Anglo Nubiana,8.2,5,2.5,0.68,0.62,IATF,4,1,2024-04-03,0.435,prenhe
E-CA-001365,CA-M-00228,CA-R-0006,caprino,Saanen,Caninde,6.9,0,3.6,0.79,0.74,IA_cervical,4,1,2024-04-08,0.467,prenhe
E-CA-001366,CA-M-00091,CA-R-0018,caprino,Moxoto,Alpina,3.6,5,3.0,0.7,0.49,IATF,5,1,2025-05-23,0.758,vazia
E-CA-001367,CA-M-00040,CA-R-0009,caprino,Anglo Nubiana,Anglo Nubiana,8.5,4,2.9,0.52,0.89,IA_laparoscopica,2,0,2024-02-07,0.837,prenhe
E-CA-001368,CA-M-00068,CA-R-0014,caprino,Caninde,Anglo Nubiana,2.3,2,3.0,0.87,0.62,IA_cervical,11,0,2024-11-09,0.815,vazia
E-CA-001369,CA-M-00109,CA-R-0028,caprino,Anglo Nubiana,Caninde,9.4,0,3.1,0.59,0.41,IA_cervical,12,0,2024-12-27,0.498,vazia
E-CA-001370,CA-M-00218,CA-R-0016,caprino,Boer,Caninde,3.4,1,2.2,0.65,0.58,IA_cervical,10,0,2024-10-12,0.423,prenhe
E-CA-001371,CA-M-00204,CA-R-0009,caprino,Boer,Anglo Nubiana,8.8,4,3.4,0.7,0.89,IA_cervical,1,0,2025-01-24,0.78,prenhe
E-CA-001372,CA-M-00218,CA-R-0020,caprino,Boer,Boer,3.4,1,2.2,0.65,0.57,IA_laparoscopica,3,1,2024-03-23,0.645,vazia
E-CA-001373,CA-M-00006,CA-R-0021,caprino,Anglo Nubiana,Boer,8.4,2,3.5,0.62,0.46,IA_cervical,7,0,2024-07-13,0.603,prenhe
E-CA-001374,CA-M-00292,CA-R-0018,caprino,Boer,Alpina,1.0,0,3.4,0.73,0.49,IATF,1,0,2024-01-04,0.707,prenhe
E-CA-001375,CA-M-00130,CA-R-0001,caprino,Anglo Nubiana,Anglo Nubiana,1.6,4,3.2,0.59,0.5,IA_cervical,12,0,2025-12-02,0.657,prenhe
E-CA-001376,CA-M-00033,CA-R-0006,caprino,Boer,Caninde,5.2,3,3.1,0.57,0.74,IA_cervical,8,0,2025-08-30,0.782,prenhe
E-CA-001377,CA-M-00278,CA-R-0003,caprino,Moxoto,Anglo Nubiana,9.9,3,4.0,0.81,0.58,IA_cervical,7,0,2024-07-04,0.441,vazia
E-CA-001378,CA-M-00237,CA-R-0028,caprino,Boer,Caninde,8.1,3,4.5,0.65,0.41,IA_cervical,1,0,2024-01-27,0.329,vazia
E-CA-001379,CA-M-00024,CA-R-0009,caprino,Pardo Alpina,Anglo Nubiana,2.8,5,3.8,0.46,0.89,IA_laparoscopica,7,0,2024-07-16,0.786,prenhe
E-CA-001380,CA-M-00131,CA-R-0014,caprino,Caninde,Anglo Nubiana,5.5,0,2.2,0.5,0.62,IA_cervical,11,0,2025-11-28,0.386,vazia
E-CA-001381,CA-M-00271,CA-R-0027,caprino,Pardo Alpina,Moxoto,3.9,4,2.9,0.29,0.53,IA_laparoscopica,8,0,2025-08-15,0.844,prenhe
E-CA-001382,CA-M-00204,CA-R-0029,caprino,Boer,Saanen,8.8,4,3.4,0.7,0.69,IA_laparoscopica,4,1,2025-04-26,0.95,prenhe
E-CA-001383,CA-M-00058,CA-R-0006,caprino,Alpina,Caninde,6.0,3,2.0,0.67,0.74,IA_cervical,11,0,2025-11-04,0.587,prenhe
E-CA-001384,CA-M-00210,CA-R-0025,caprino,Saanen,Boer,6.0,0,2.8,0.9,0.61,IA_cervical,5,1,2024-05-08,0.789,prenhe
E-CA-001385,CA-M-00056,CA-R-0021,caprino,Anglo Nubiana,Boer,7.7,0,4.0,0.71,0.46,IA_cervical,1,0,2025-01-26,0.304,prenhe
E-CA-001386,CA-M-00105,CA-R-0018,caprino,Anglo Nubiana,Alpina,2.9,5,3.1,0.51,0.49,IA_cervical,8,0,2025-08-02,0.625,prenhe
E-CA-001387,CA-M-00058,CA-R-0005,caprino,Alpina,Boer,6.0,3,2.0,0.67,0.56,IATF,1,0,2024-01-14,0.519,prenhe
E-CA-001388,CA-M-00208,CA-R-0020,caprino,Saanen,Boer,8.5,4,3.5,0.34,0.57,IA_cervical,11,0,2024-11-13,0.679,vazia
E-CA-001389,CA-M-00279,CA-R-0018,caprino,Pardo Alpina,Alpina,2.8,1,3.9,0.66,0.49,IA_cervical,9,0,2024-09-16,0.499,prenhe
E-CA-001390,CA-M-00013,CA-R-0013,caprino,Anglo Nubiana,Alpina,5.2,0,3.4,0.47,0.4,IA_cervical,5,1,2024-05-09,0.658,vazia
E-CA-001391,CA-M-00181,CA-R-0017,caprino,Boer,Anglo Nubiana,5.6,4,2.9,0.51,0.61,IA_cervical,6,1,2024-06-12,0.859,prenhe
E-CA-001392,CA-M-00074,CA-R-0006,caprino,Saanen,Caninde,4.5,4,2.8,0.65,0.74,IATF,12,0,2025-12-07,0.936,prenhe
E-CA-001393,CA-M-00225,CA-R-0018,caprino,Boer,Alpina,9.2,4,3.3,0.45,0.49,IATF,1,0,2025-01-08,0.555,prenhe
E-CA-001394,CA-M-00041,CA-R-0004,caprino,Anglo Nubiana,Anglo Nubiana,1.2,0,3.1,0.38,0.77,IATF,2,0,2024-02-29,0.791,prenhe
E-CA-001395,CA-M-00109,CA-R-0008,caprino,Anglo Nubiana,Alpina,9.4,0,3.1,0.59,0.66,IA_cervical,5,1,2025-05-13,0.635,prenhe
E-CA-001396,CA-M-00061,CA-R-0014,caprino,Moxoto,Anglo Nubiana,7.8,5,3.3,0.14,0.62,IA_cervical,3,1,2025-03-07,0.681,prenhe
E-CA-001397,CA-M-00261,CA-R-0004,caprino,Saanen,Anglo Nubiana,1.6,1,3.6,1.0,0.77,IA_cervical,10,0,2024-10-13,0.716,prenhe
E-CA-001398,CA-M-00024,CA-R-0027,caprino,Pardo Alpina,Moxoto,2.8,5,3.8,0.46,0.53,IATF,10,0,2024-10-16,0.433,vazia
E-CA-001399,CA-M-00174,CA-R-0026,caprino,Anglo Nubiana,Anglo Nubiana,3.1,1,3.0,0.74,0.71,IA_cervical,1,0,2025-01-27,0.782,prenhe
E-CA-001400,CA-M-00036,CA-R-0014,caprino,Anglo Nubiana,Anglo Nubiana,1.5,3,3.2,0.13,0.62,IA_cervical,11,0,2025-11-09,0.751,prenhe
E-CA-001401,CA-M-00179,CA-R-0017,caprino,Saanen,Anglo Nubiana,4.3,0,2.4,0.66,0.61,IA_laparoscopica,7,0,2025-07-08,0.69,prenhe
E-CA-001402,CA-M-00230,CA-R-0008,caprino,Anglo Nubiana,Alpina,2.9,4,2.8,0.29,0.66,IATF,10,0,2024-10-19,0.759,prenhe
E-CA-001403,CA-M-00225,CA-R-0006,caprino,Boer,Caninde,9.2,4,3.3,0.45,0.74,IA_cervical,6,1,2024-06-28,0.782,prenhe
E-CA-001404,CA-M-00010,CA-R-0028,caprino,Boer,Caninde,6.2,3,2.5,0.39,0.41,IA_cervical,3,1,2024-03-20,0.415,prenhe
E-CA-001405,CA-M-00232,CA-R-0012,caprino,Boer,Alpina,9.1,1,2.9,0.49,0.49,IATF,5,1,2024-05-23,0.623,prenhe
E-CA-001406,CA-M-00089,CA-R-0028,caprino,Anglo Nubiana,Caninde,6.1,2,3.0,0.53,0.41,IA_cervical,4,1,2024-04-10,0.583,prenhe
E-CA-001407,CA-M-00204,CA-R-0002,caprino,Boer,Anglo Nubiana,8.8,4,3.4,0.7,0.55,IATF,8,0,2025-08-11,0.756,prenhe
E-CA-001408,CA-M-00289,CA-R-0003,caprino,Caninde,Anglo Nubiana,6.2,0,3.1,0.51,0.58,IA_cervical,2,0,2025-02-24,0.453,prenhe
E-CA-001409,CA-M-00035,CA-R-0014,caprino,Saanen,Anglo Nubiana,3.7,1,3.3,0.41,0.62,IATF,1,0,2024-01-28,0.728,vazia
E-CA-001410,CA-M-00108,CA-R-0023,caprino,Anglo Nubiana,Pardo Alpina,4.8,4,3.0,0.23,0.76,IATF,11,0,2025-11-07,0.814,prenhe
E-CA-001411,CA-M-00260,CA-R-0012,caprino,Saanen,Alpina,5.7,0,3.8,0.6,0.49,IA_cervical,4,1,2024-04-19,0.535,prenhe
E-CA-001412,CA-M-00042,CA-R-0025,caprino,Saanen,Boer,7.9,1,4.2,0.16,0.61,IATF,4,1,2025-04-16,0.283,vazia
E-CA-001413,CA-M-00078,CA-R-0003,caprino,Boer,Anglo Nubiana,7.2,5,3.3,0.51,0.58,IA_cervical,1,0,2024-01-10,0.484,prenhe
E-CA-001414,CA-M-00164,CA-R-0025,caprino,Boer,Boer,6.3,5,3.1,0.56,0.61,IA_cervical,3,1,2025-03-05,0.662,prenhe
E-CA-001415,CA-M-00298,CA-R-0013,caprino,Caninde,Alpina,4.9,4,2.8,0.75,0.4,IA_cervical,2,0,2025-02-09,0.681,vazia
E-CA-001416,CA-M-00088,CA-R-0008,caprino,Boer,Alpina,8.3,5,3.1,0.62,0.66,IA_laparoscopica,10,0,2025-10-25,0.654,prenhe
E-CA-001417,CA-M-00115,CA-R-0019,caprino,Anglo Nubiana,Moxoto,7.1,1,2.9,0.31,0.75,IA_cervical,3,1,2025-03-14,0.691,prenhe
E-CA-001418,CA-M-00238,CA-R-0023,caprino,Boer,Pardo Alpina,5.6,4,2.5,0.28,0.76,IA_cervical,12,0,2024-12-23,0.556,vazia
E-CA-001419,CA-M-00035,CA-R-0027,caprino,Saanen,Moxoto,3.7,1,3.3,0.41,0.53,IATF,1,0,2025-01-22,0.716,vazia
E-CA-001420,CA-M-00098,CA-R-0002,caprino,Moxoto,Anglo Nubiana,1.2,4,3.0,0.49,0.55,IATF,4,1,2025-04-07,0.828,prenhe
E-CA-001421,CA-M-00094,CA-R-0021,caprino,Boer,Boer,1.1,1,3.7,0.35,0.46,IA_cervical,10,0,2024-10-29,0.432,vazia
E-CA-001422,CA-M-00120,CA-R-0009,caprino,Alpina,Anglo Nubiana,8.8,3,4.4,0.67,0.89,IA_cervical,6,1,2025-06-05,0.583,vazia
E-CA-001423,CA-M-00172,CA-R-0015,caprino,Anglo Nubiana,Saanen,8.5,3,3.5,0.88,0.71,IA_cervical,1,0,2025-01-21,0.683,vazia
E-CA-001424,CA-M-00066,CA-R-0013,caprino,Alpina,Alpina,5.1,2,3.4,0.27,0.4,IA_cervical,12,0,2025-12-08,0.583,prenhe
E-CA-001425,CA-M-00117,CA-R-0023,caprino,Saanen,Pardo Alpina,9.3,1,3.3,0.59,0.76,IATF,5,1,2024-05-21,0.749,vazia
E-CA-001426,CA-M-00275,CA-R-0011,caprino,Anglo Nubiana,Boer,8.3,5,4.3,0.61,0.48,IATF,6,1,2025-06-16,0.297,vazia
E-CA-001427,CA-M-00248,CA-R-0008,caprino,Pardo Alpina,Alpina,3.2,5,3.5,0.25,0.66,IA_cervical,8,0,2025-08-26,0.68,prenhe
E-CA-001428,CA-M-00286,CA-R-0014,caprino,Caninde,Anglo Nubiana,6.6,1,2.8,0.65,0.62,IA_cervical,6,1,2025-06-08,0.673,prenhe
E-CA-001429,CA-M-00204,CA-R-0020,caprino,Boer,Boer,8.8,4,3.4,0.7,0.57,IA_cervical,12,0,2025-12-16,0.576,prenhe
E-CA-001430,CA-M-00174,CA-R-0025,caprino,Anglo Nubiana,Boer,3.1,1,3.0,0.74,0.61,IA_cervical,11,0,2024-11-12,0.724,prenhe
E-CA-001431,CA-M-00064,CA-R-0000,caprino,Pardo Alpina,Moxoto,2.3,5,3.7,0.3,0.55,IA_cervical,1,0,2025-01-29,0.445,prenhe
E-CA-001432,CA-M-00047,CA-R-0017,caprino,Alpina,Anglo Nubiana,1.3,2,3.2,0.8,0.61,IA_cervical,4,1,2024-04-22,0.872,prenhe
E-CA-001433,CA-M-00161,CA-R-0002,caprino,Boer,Anglo Nubiana,9.3,3,3.8,0.71,0.55,IA_cervical,9,0,2024-09-30,0.492,vazia
E-CA-001434,CA-M-00121,CA-R-0018,caprino,Saanen,Alpina,7.7,0,3.1,0.79,0.49,IA_cervical,4,1,2024-04-26,0.643,prenhe
E-CA-001435,CA-M-00236,CA-R-0018,caprino,Boer,Alpina,8.0,3,3.1,0.49,0.49,IATF,8,0,2025-08-01,0.724,prenhe
E-CA-001436,CA-M-00002,CA-R-0025,caprino,Pardo Alpina,Boer,1.4,2,3.3,0.64,0.61,IATF,7,0,2025-07-24,0.87,prenhe
E-CA-001437,CA-M-00267,CA-R-0005,caprino,Saanen,Boer,6.5,1,3.6,0.47,0.56,IA_cervical,5,1,2024-05-20,0.376,vazia
E-CA-001438,CA-M-00051,CA-R-0023,caprino,Boer,Pardo Alpina,1.1,0,2.8,0.52,0.76,IA_cervical,8,0,2025-08-09,0.7,vazia
E-CA-001439,CA-M-00118,CA-R-0020,caprino,Boer,Boer,7.5,2,3.1,0.45,0.57,IATF,8,0,2024-08-22,0.615,prenhe
E-CA-001440,CA-M-00106,CA-R-0019,caprino,Saanen,Moxoto,8.2,5,4.0,0.84,0.75,IA_cervical,6,1,2025-06-16,0.607,prenhe
E-CA-001441,CA-M-00277,CA-R-0019,caprino,Pardo Alpina,Moxoto,8.8,0,2.5,0.68,0.75,IATF,11,0,2025-11-17,0.429,prenhe
E-CA-001442,CA-M-00216,CA-R-0016,caprino,Anglo Nubiana,Caninde,6.8,5,3.8,0.53,0.58,IA_cervical,8,0,2025-08-28,0.341,vazia
E-CA-001443,CA-M-00010,CA-R-0001,caprino,Boer,Anglo Nubiana,6.2,3,2.5,0.39,0.5,IATF,5,1,2024-05-15,0.436,vazia
E-CA-001444,CA-M-00255,CA-R-0024,caprino,Anglo Nubiana,Boer,8.1,4,3.9,0.59,0.74,IA_cervical,5,1,2024-05-11,0.574,prenhe
E-CA-001445,CA-M-00203,CA-R-0011,caprino,Anglo Nubiana,Boer,7.7,4,3.7,0.34,0.48,IATF,3,1,2024-03-22,0.452,prenhe
E-CA-001446,CA-M-00020,CA-R-0003,caprino,Caninde,Anglo Nubiana,3.4,0,2.8,0.66,0.58,IA_cervical,9,0,2025-09-06,0.658,prenhe
E-CA-001447,CA-M-00234,CA-R-0018,caprino,Boer,Alpina,8.9,2,3.7,0.5,0.49,IATF,2,0,2025-02-02,0.377,vazia
E-CA-001448,CA-M-00010,CA-R-0028,caprino,Boer,Caninde,6.2,3,2.5,0.39,0.41,IA_laparoscopica,4,1,2024-04-23,0.651,prenhe
E-CA-001449,CA-M-00127,CA-R-0021,caprino,Boer,Boer,6.9,3,3.3,0.42,0.46,IA_cervical,3,1,2025-03-04,0.652,vazia
E-CA-001450,CA-M-00048,CA-R-0007,caprino,Boer,Pardo Alpina,1.4,1,4.5,0.73,0.59,IATF,1,0,2025-01-21,0.43,vazia
E-CA-001451,CA-M-00003,CA-R-0024,caprino,Boer,Boer,7.7,3,4.0,0.53,0.74,IA_cervical,3,1,2025-03-11,0.593,prenhe
E-CA-001452,CA-M-00167,CA-R-0025,caprino,Boer,Boer,1.4,3,2.3,0.63,0.61,IA_cervical,4,1,2025-04-08,0.612,vazia
E-CA-001453,CA-M-00206,CA-R-0009,caprino,Anglo Nubiana,Anglo Nubiana,7.5,0,3.1,0.78,0.89,IA_cervical,4,1,2024-04-30,0.839,prenhe
E-CA-001454,CA-M-00143,CA-R-0015,caprino,Anglo Nubiana,Saanen,1.4,1,3.1,0.55,0.71,IATF,10,0,2024-10-09,0.865,prenhe
E-CA-001455,CA-M-00102,CA-R-0025,caprino,Alpina,Boer,1.6,4,2.7,0.28,0.61,IATF,6,1,2025-06-10,0.647,prenhe
E-CA-001456,CA-M-00154,CA-R-0004,caprino,Pardo Alpina,Anglo Nubiana,4.4,3,3.8,0.8,0.77,IA_cervical,10,0,2025-10-25,0.665,prenhe
E-CA-001457,CA-M-00045,CA-R-0010,caprino,Boer,Caninde,4.2,2,3.0,0.46,0.45,IATF,6,1,2024-06-25,0.759,vazia
E-CA-001458,CA-M-00014,CA-R-0013,caprino,Saanen,Alpina,6.1,2,3.2,0.81,0.4,IATF,2,0,2025-02-20,0.609,prenhe
E-CA-001459,CA-M-00047,CA-R-0000,caprino,Alpina,Moxoto,1.3,2,3.2,0.8,0.55,IA_laparoscopica,11,0,2025-11-23,0.95,prenhe
E-CA-001460,CA-M-00016,CA-R-0005,caprino,Anglo Nubiana,Boer,4.7,0,4.2,0.18,0.56,IA_cervical,3,1,2025-03-14,0.449,vazia
E-CA-001461,CA-M-00230,CA-R-0018,caprino,Anglo Nubiana,Alpina,2.9,4,2.8,0.29,0.49,IA_cervical,6,1,2024-06-15,0.792,prenhe
E-CA-001462,CA-M-00182,CA-R-0007,caprino,Anglo Nubiana,Pardo Alpina,5.9,0,3.4,0.41,0.59,IA_cervical,3,1,2025-03-02,0.757,prenhe
E-CA-001463,CA-M-00056,CA-R-0007,caprino,Anglo Nubiana,Pardo Alpina,7.7,0,4.0,0.71,0.59,IA_cervical,1,0,2024-01-13,0.397,vazia
E-CA-001464,CA-M-00170,CA-R-0008,caprino,Pardo Alpina,Alpina,7.3,5,2.5,0.13,0.66,IA_cervical,12,0,2024-12-23,0.262,vazia
E-CA-001465,CA-M-00145,CA-R-0003,caprino,Alpina,Anglo Nubiana,8.0,3,2.9,0.48,0.58,IATF,2,0,2025-02-18,0.599,prenhe
E-CA-001466,CA-M-00033,CA-R-0019,caprino,Boer,Moxoto,5.2,3,3.1,0.57,0.75,IA_laparoscopica,2,0,2024-02-11,0.95,prenhe
E-CA-001467,CA-M-00291,CA-R-0007,caprino,Alpina,Pardo Alpina,6.0,3,3.3,0.4,0.59,IA_laparoscopica,5,1,2024-05-28,0.916,prenhe
E-CA-001468,CA-M-00281,CA-R-0019,caprino,Anglo Nubiana,Moxoto,5.2,3,3.4,0.77,0.75,IA_cervical,12,0,2025-12-22,0.879,prenhe
E-CA-001469,CA-M-00227,CA-R-0024,caprino,Anglo Nubiana,Boer,1.6,4,2.2,0.73,0.74,IA_cervical,4,1,2025-04-03,0.702,vazia
E-CA-001470,CA-M-00242,CA-R-0014,caprino,Anglo Nubiana,Anglo Nubiana,3.9,3,3.3,0.43,0.62,IATF,11,0,2024-11-30,0.801,prenhe
E-CA-001471,CA-M-00164,CA-R-0027,caprino,Boer,Moxoto,6.3,5,3.1,0.56,0.53,IA_cervical,6,1,2024-06-16,0.629,vazia
E-CA-001472,CA-M-00241,CA-R-0005,caprino,Boer,Boer,5.5,3,3.1,0.76,0.56,IATF,3,1,2024-03-31,0.803,prenhe
E-CA-001473,CA-M-00158,CA-R-0028,caprino,Anglo Nubiana,Caninde,9.5,1,2.0,0.56,0.41,IA_cervical,11,0,2024-11-08,0.303,prenhe
E-CA-001474,CA-M-00049,CA-R-0009,caprino,Anglo Nubiana,Anglo Nubiana,8.2,1,3.1,0.36,0.89,IA_cervical,2,0,2025-02-02,0.58,prenhe
E-CA-001475,CA-M-00050,CA-R-0009,caprino,Pardo Alpina,Anglo Nubiana,2.1,4,3.4,0.78,0.89,IA_laparoscopica,5,1,2024-05-11,0.95,vazia
E-CA-001476,CA-M-00256,CA-R-0029,caprino,Caninde,Saanen,2.7,0,3.4,0.69,0.69,IA_laparoscopica,8,0,2025-08-07,0.925,prenhe
E-CA-001477,CA-M-00133,CA-R-0013,caprino,Anglo Nubiana,Alpina,1.0,3,4.3,0.98,0.4,IA_cervical,11,0,2024-11-09,0.514,prenhe
E-CA-001478,CA-M-00218,CA-R-0022,caprino,Boer,Boer,3.4,1,2.2,0.65,0.76,IA_laparoscopica,2,0,2024-02-10,0.63,prenhe
E-CA-001479,CA-M-00043,CA-R-0024,caprino,Anglo Nubiana,Boer,5.4,5,3.3,0.83,0.74,IA_cervical,4,1,2024-04-09,0.817,prenhe
E-CA-001480,CA-M-00134,CA-R-0013,caprino,Alpina,Alpina,4.9,1,3.3,0.46,0.4,IA_cervical,9,0,2025-09-20,0.626,prenhe
E-CA-001481,CA-M-00025,CA-R-0009,caprino,Moxoto,Anglo Nubiana,6.1,3,3.5,0.43,0.89,IA_cervical,9,0,2024-09-03,0.748,prenhe
E-CA-001482,CA-M-00066,CA-R-0014,caprino,Alpina,Anglo Nubiana,5.1,2,3.4,0.27,0.62,IA_laparoscopica,9,0,2024-09-29,0.827,prenhe
E-CA-001483,CA-M-00032,CA-R-0011,caprino,Boer,Boer,8.2,5,2.5,0.68,0.48,IA_laparoscopica,5,1,2024-05-25,0.628,prenhe
E-CA-001484,CA-M-00062,CA-R-0012,caprino,Alpina,Alpina,9.7,5,3.2,0.38,0.49,IA_cervical,8,0,2025-08-12,0.396,vazia
E-CA-001485,CA-M-00181,CA-R-0007,caprino,Boer,Pardo Alpina,5.6,4,2.9,0.51,0.59,IATF,8,0,2025-08-18,0.809,vazia
E-CA-001486,CA-M-00001,CA-R-0027,caprino,Caninde,Moxoto,2.3,0,3.4,0.57,0.53,IATF,6,1,2024-06-26,0.702,vazia
E-CA-001487,CA-M-00058,CA-R-0017,caprino,Alpina,Anglo Nubiana,6.0,3,2.0,0.67,0.61,IA_cervical,6,1,2025-06-16,0.602,vazia
E-CA-001488,CA-M-00207,CA-R-0023,caprino,Anglo Nubiana,Pardo Alpina,3.8,4,3.1,0.47,0.76,IA_cervical,11,0,2024-11-26,0.804,prenhe
E-CA-001489,CA-M-00044,CA-R-0019,caprino,Saanen,Moxoto,7.0,0,3.5,0.51,0.75,IA_cervical,5,1,2024-05-01,0.72,prenhe
E-CA-001490,CA-M-00166,CA-R-0010,caprino,Boer,Caninde,8.9,4,3.0,0.68,0.45,IA_cervical,8,0,2025-08-03,0.608,prenhe
E-CA-001491,CA-M-00260,CA-R-0009,caprino,Saanen,Anglo Nubiana,5.7,0,3.8,0.6,0.89,IATF,3,1,2024-03-01,0.696,prenhe
E-CA-001492,CA-M-00234,CA-R-0029,caprino,Boer,Saanen,8.9,2,3.7,0.5,0.69,IATF,9,0,2025-09-30,0.534,vazia
E-CA-001493,CA-M-00036,CA-R-0000,caprino,Anglo Nubiana,Moxoto,1.5,3,3.2,0.13,0.55,IA_cervical,1,0,2024-01-19,0.763,prenhe
E-CA-001494,CA-M-00044,CA-R-0008,caprino,Saanen,Alpina,7.0,0,3.5,0.51,0.66,IA_cervical,8,0,2024-08-23,0.583,vazia
E-CA-001495,CA-M-00211,CA-R-0022,caprino,Anglo Nubiana,Boer,5.9,2,2.8,0.56,0.76,IA_cervical,6,1,2024-06-14,0.903,prenhe
E-CA-001496,CA-M-00103,CA-R-0016,caprino,Boer,Caninde,8.1,3,4.0,0.64,0.58,IA_cervical,6,1,2024-06-20,0.508,prenhe
E-CA-001497,CA-M-00125,CA-R-0018,caprino,Boer,Alpina,9.7,5,3.3,0.49,0.49,IA_cervical,12,0,2024-12-16,0.463,vazia
E-CA-001498,CA-M-00143,CA-R-0000,caprino,Anglo Nubiana,Moxoto,1.4,1,3.1,0.55,0.55,IA_cervical,7,0,2025-07-02,0.724,prenhe
E-CA-001499,CA-M-00173,CA-R-0006,caprino,Anglo Nubiana,Caninde,4.3,5,3.2,0.43,0.74,IA_cervical,10,0,2024-10-18,0.668,prenhe
