evento_id,ciclo_id,matriz_id,reprodutor_id,especie,raca_matriz,raca_reprodutor,idade_matriz,paridade,ecc,historico_matriz,taxa_reprodutor,tecnica,mes,estacao_favoravel,data_evento,tentativa_no_ciclo,dias_desde_parto,ciclos_anteriores_falha,prob_verdadeira,resultado
E-BO-000000,C-BO-M-00000-00,BO-M-00000,BO-R-0029,bovino,Brahman,Nelore,7.6,5,1.9,0.35,0.78,IATF,2,1,2023-02-20,1,-1,0,0.606,vazia
E-BO-000001,C-BO-M-00000-00,BO-M-00000,BO-R-0034,bovino,Brahman,Nelore,7.6,5,1.9,0.35,0.63,IATF,3,1,2023-03-21,2,-1,0,0.327,prenhe
E-BO-000002,C-BO-M-00000-01,BO-M-00000,BO-R-0002,bovino,Brahman,Brahman,7.6,5,1.9,0.35,0.3,convencional,4,0,2024-04-17,1,110,0,0.4,vazia
E-BO-000003,C-BO-M-00000-01,BO-M-00000,BO-R-0036,bovino,Brahman,Guzera,7.6,5,1.9,0.35,0.72,convencional,5,0,2024-05-17,2,140,0,0.469,vazia
E-BO-000004,C-BO-M-00000-01,BO-M-00000,BO-R-0030,bovino,Brahman,Nelore,7.6,5,1.9,0.35,0.8,IATF,6,0,2024-06-13,3,167,0,0.196,vazia
E-BO-000005,C-BO-M-00000-02,BO-M-00000,BO-R-0020,bovino,Brahman,Nelore,7.6,5,1.9,0.35,0.55,IATF,7,0,2024-07-17,1,201,1,0.345,prenhe
E-BO-000006,C-BO-M-00000-03,BO-M-00000,BO-R-0029,bovino,Brahman,Nelore,7.6,5,1.9,0.35,0.78,IATF,8,0,2025-08-13,1,109,0,0.454,prenhe
E-BO-000007,C-BO-M-00001-00,BO-M-00001,BO-R-0035,bovino,Nelore,Brahman,9.0,0,2.5,0.58,0.74,convencional,7,0,2023-07-24,1,-1,0,0.485,vazia
E-BO-000008,C-BO-M-00001-00,BO-M-00001,BO-R-0012,bovino,Nelore,Senepol,9.0,0,2.5,0.58,0.33,convencional,8,0,2023-08-25,2,-1,0,0.221,vazia
E-BO-000009,C-BO-M-00001-00,BO-M-00001,BO-R-0035,bovino,Nelore,Brahman,9.0,0,2.5,0.58,0.74,IATF,9,0,2023-09-22,3,-1,0,0.176,prenhe
E-BO-000010,C-BO-M-00001-01,BO-M-00001,BO-R-0038,bovino,Nelore,Senepol,9.0,0,2.5,0.58,0.52,IATF,9,0,2024-09-28,1,89,0,0.256,vazia
E-BO-000011,C-BO-M-00001-01,BO-M-00001,BO-R-0015,bovino,Nelore,Angus,9.0,0,2.5,0.58,0.51,convencional,10,1,2024-10-21,2,112,0,0.419,vazia
E-BO-000012,C-BO-M-00001-01,BO-M-00001,BO-R-0035,bovino,Nelore,Brahman,9.0,0,2.5,0.58,0.74,IATF,11,1,2024-11-14,3,136,0,0.368,prenhe
E-BO-000013,C-BO-M-00001-02,BO-M-00001,BO-R-0038,bovino,Nelore,Senepol,9.0,0,2.5,0.58,0.52,IA_repasse,12,1,2025-12-18,1,116,0,0.393,prenhe
E-BO-000014,C-BO-M-00002-00,BO-M-00002,BO-R-0013,bovino,Gir,Nelore,9.3,2,2.3,0.43,0.46,convencional,4,0,2023-04-27,1,-1,0,0.364,vazia
E-BO-000015,C-BO-M-00002-00,BO-M-00002,BO-R-0029,bovino,Gir,Nelore,9.3,2,2.3,0.43,0.78,IATF,5,0,2023-05-27,2,-1,0,0.164,prenhe
E-BO-000016,C-BO-M-00002-01,BO-M-00002,BO-R-0009,bovino,Gir,Gir,9.3,2,2.3,0.43,0.52,IATF,6,0,2024-06-02,1,89,0,0.05,vazia
E-BO-000017,C-BO-M-00002-01,BO-M-00002,BO-R-0033,bovino,Gir,Nelore,9.3,2,2.3,0.43,0.79,IATF,7,0,2024-07-03,2,120,0,0.408,vazia
E-BO-000018,C-BO-M-00002-01,BO-M-00002,BO-R-0006,bovino,Gir,Angus,9.3,2,2.3,0.43,0.76,convencional,7,0,2024-07-31,3,148,0,0.203,vazia
E-BO-000019,C-BO-M-00002-02,BO-M-00002,BO-R-0008,bovino,Gir,Brahman,9.3,2,2.3,0.43,0.38,IATF,9,0,2024-09-11,1,190,1,0.197,vazia
E-BO-000020,C-BO-M-00002-02,BO-M-00002,BO-R-0028,bovino,Gir,Angus,9.3,2,2.3,0.43,0.91,IATF,10,1,2024-10-06,2,215,1,0.427,vazia
E-BO-000021,C-BO-M-00002-02,BO-M-00002,BO-R-0018,bovino,Gir,Nelore,9.3,2,2.3,0.43,0.82,convencional,10,1,2024-10-29,3,238,1,0.212,vazia
E-BO-000022,C-BO-M-00002-03,BO-M-00002,BO-R-0031,bovino,Gir,Nelore,9.3,2,2.3,0.43,0.88,convencional,1,1,2025-01-02,1,303,2,0.467,vazia
E-BO-000023,C-BO-M-00002-03,BO-M-00002,BO-R-0013,bovino,Gir,Nelore,9.3,2,2.3,0.43,0.46,IATF,2,1,2025-02-01,2,333,2,0.05,vazia
E-BO-000024,C-BO-M-00002-03,BO-M-00002,BO-R-0026,bovino,Gir,Mestico,9.3,2,2.3,0.43,0.64,IATF,2,1,2025-02-23,3,355,2,0.05,vazia
E-BO-000025,C-BO-M-00002-04,BO-M-00002,BO-R-0015,bovino,Gir,Angus,9.3,2,2.3,0.43,0.51,IATF,4,0,2025-04-16,1,407,3,0.07,vazia
E-BO-000026,C-BO-M-00002-04,BO-M-00002,BO-R-0022,bovino,Gir,Guzera,9.3,2,2.3,0.43,0.4,IATF,5,0,2025-05-15,2,436,3,0.05,vazia
E-BO-000027,C-BO-M-00002-04,BO-M-00002,BO-R-0033,bovino,Gir,Nelore,9.3,2,2.3,0.43,0.79,IATF,6,0,2025-06-14,3,466,3,0.05,vazia
E-BO-000028,C-BO-M-00002-05,BO-M-00002,BO-R-0020,bovino,Gir,Nelore,9.3,2,2.3,0.43,0.55,IATF,7,0,2025-07-16,1,498,4,0.055,vazia
E-BO-000029,C-BO-M-00002-05,BO-M-00002,BO-R-0016,bovino,Gir,Nelore,9.3,2,2.3,0.43,0.58,IATF,8,0,2025-08-14,2,527,4,0.05,vazia
E-BO-000030,C-BO-M-00002-05,BO-M-00002,BO-R-0012,bovino,Gir,Senepol,9.3,2,2.3,0.43,0.33,IATF,9,0,2025-09-06,3,550,4,0.05,vazia
E-BO-000031,C-BO-M-00003-00,BO-M-00003,BO-R-0018,bovino,Angus,Nelore,5.5,2,2.1,0.44,0.82,IATF,4,0,2023-04-22,1,-1,0,0.607,prenhe
E-BO-000032,C-BO-M-00003-01,BO-M-00003,BO-R-0015,bovino,Angus,Angus,5.5,2,2.1,0.44,0.51,convencional,5,0,2024-05-10,1,101,0,0.605,prenhe
E-BO-000033,C-BO-M-00003-02,BO-M-00003,BO-R-0024,bovino,Angus,Nelore,5.5,2,2.1,0.44,0.68,IATF,5,0,2025-05-28,1,100,0,0.509,vazia
E-BO-000034,C-BO-M-00003-02,BO-M-00003,BO-R-0035,bovino,Angus,Brahman,5.5,2,2.1,0.44,0.74,IATF,6,0,2025-06-24,2,127,0,0.474,prenhe
E-BO-000035,C-BO-M-00004-00,BO-M-00004,BO-R-0013,bovino,Nelore,Nelore,5.7,4,2.6,0.67,0.46,IATF,10,1,2023-10-13,1,-1,0,0.649,prenhe
E-BO-000036,C-BO-M-00004-01,BO-M-00004,BO-R-0035,bovino,Nelore,Brahman,5.7,4,2.6,0.67,0.74,convencional,9,0,2024-09-26,1,66,0,0.703,prenhe
E-BO-000037,C-BO-M-00004-02,BO-M-00004,BO-R-0031,bovino,Nelore,Nelore,5.7,4,2.6,0.67,0.88,IA_repasse,10,1,2025-10-31,1,117,0,0.671,prenhe
E-BO-000038,C-BO-M-00005-00,BO-M-00005,BO-R-0024,bovino,Mestico,Nelore,8.2,0,3.9,0.28,0.68,IATF,3,1,2023-03-18,1,-1,0,0.402,vazia
E-BO-000039,C-BO-M-00005-00,BO-M-00005,BO-R-0037,bovino,Mestico,Brahman,8.2,0,3.9,0.28,0.45,IATF,4,0,2023-04-17,2,-1,0,0.245,prenhe
E-BO-000040,C-BO-M-00005-01,BO-M-00005,BO-R-0027,bovino,Mestico,Brahman,8.2,0,3.9,0.28,0.77,IATF,4,0,2024-04-09,1,75,0,0.237,vazia
E-BO-000041,C-BO-M-00005-01,BO-M-00005,BO-R-0018,bovino,Mestico,Nelore,8.2,0,3.9,0.28,0.82,convencional,5,0,2024-05-08,2,104,0,0.416,prenhe
E-BO-000042,C-BO-M-00005-02,BO-M-00005,BO-R-0022,bovino,Mestico,Guzera,8.2,0,3.9,0.28,0.4,IATF,5,0,2025-05-28,1,102,0,0.173,prenhe
E-BO-000043,C-BO-M-00006-00,BO-M-00006,BO-R-0006,bovino,Brahman,Angus,3.8,2,3.2,0.76,0.76,IATF,1,1,2023-01-24,1,-1,0,0.95,prenhe
E-BO-000044,C-BO-M-00006-01,BO-M-00006,BO-R-0028,bovino,Brahman,Angus,3.8,2,3.2,0.76,0.91,IATF,1,1,2024-01-03,1,61,0,0.929,prenhe
E-BO-000045,C-BO-M-00006-02,BO-M-00006,BO-R-0031,bovino,Brahman,Nelore,3.8,2,3.2,0.76,0.88,IA_repasse,1,1,2025-01-09,1,89,0,0.709,prenhe
E-BO-000046,C-BO-M-00006-03,BO-M-00006,BO-R-0010,bovino,Brahman,Gir,3.8,2,3.2,0.76,0.31,IATF,1,1,2026-01-10,1,83,0,0.672,prenhe
E-BO-000047,C-BO-M-00007-00,BO-M-00007,BO-R-0012,bovino,Brahman,Senepol,8.5,0,3.8,0.27,0.33,IATF,10,1,2023-10-21,1,-1,0,0.194,prenhe
E-BO-000048,C-BO-M-00007-01,BO-M-00007,BO-R-0011,bovino,Brahman,Nelore,8.5,0,3.8,0.27,0.57,convencional,10,1,2024-10-29,1,91,0,0.633,prenhe
E-BO-000049,C-BO-M-00007-02,BO-M-00007,BO-R-0008,bovino,Brahman,Brahman,8.5,0,3.8,0.27,0.38,IATF,10,1,2025-10-13,1,66,0,0.169,prenhe
E-BO-000050,C-BO-M-00008-00,BO-M-00008,BO-R-0031,bovino,Nelore,Nelore,5.4,4,3.4,0.42,0.88,IATF,8,0,2023-08-26,1,-1,0,0.801,prenhe
E-BO-000051,C-BO-M-00008-01,BO-M-00008,BO-R-0024,bovino,Nelore,Nelore,5.4,4,3.4,0.42,0.68,IATF,8,0,2024-08-11,1,68,0,0.653,vazia
E-BO-000052,C-BO-M-00008-01,BO-M-00008,BO-R-0004,bovino,Nelore,Brahman,5.4,4,3.4,0.42,0.56,IATF,9,0,2024-09-07,2,95,0,0.644,prenhe
E-BO-000053,C-BO-M-00008-02,BO-M-00008,BO-R-0023,bovino,Nelore,Brahman,5.4,4,3.4,0.42,0.35,convencional,9,0,2025-09-18,1,93,0,0.76,vazia
E-BO-000054,C-BO-M-00008-02,BO-M-00008,BO-R-0011,bovino,Nelore,Nelore,5.4,4,3.4,0.42,0.57,IATF,10,1,2025-10-11,2,116,0,0.719,vazia
E-BO-000055,C-BO-M-00008-02,BO-M-00008,BO-R-0012,bovino,Nelore,Senepol,5.4,4,3.4,0.42,0.33,IATF,11,1,2025-11-10,3,146,0,0.49,vazia
E-BO-000056,C-BO-M-00008-03,BO-M-00008,BO-R-0009,bovino,Nelore,Gir,5.4,4,3.4,0.42,0.52,convencional,1,1,2026-01-11,1,208,1,0.858,prenhe
E-BO-000057,C-BO-M-00009-00,BO-M-00009,BO-R-0012,bovino,Senepol,Senepol,2.0,3,3.6,0.93,0.33,IATF,9,0,2023-09-17,1,-1,0,0.376,vazia
E-BO-000058,C-BO-M-00009-00,BO-M-00009,BO-R-0009,bovino,Senepol,Gir,2.0,3,3.6,0.93,0.52,IATF,10,1,2023-10-08,2,-1,0,0.4,vazia
E-BO-000059,C-BO-M-00009-00,BO-M-00009,BO-R-0027,bovino,Senepol,Brahman,2.0,3,3.6,0.93,0.77,IATF,10,1,2023-10-31,3,-1,0,0.408,vazia
E-BO-000060,C-BO-M-00009-01,BO-M-00009,BO-R-0006,bovino,Senepol,Angus,2.0,3,3.6,0.93,0.76,IATF,12,1,2023-12-01,1,-1,1,0.519,prenhe
E-BO-000061,C-BO-M-00009-02,BO-M-00009,BO-R-0036,bovino,Senepol,Guzera,2.0,3,3.6,0.93,0.72,IATF,11,1,2024-11-11,1,63,0,0.598,prenhe
E-BO-000062,C-BO-M-00010-00,BO-M-00010,BO-R-0001,bovino,Nelore,Nelore,1.6,2,2.7,0.78,0.66,IATF,9,0,2023-09-11,1,-1,0,0.477,vazia
E-BO-000063,C-BO-M-00010-00,BO-M-00010,BO-R-0003,bovino,Nelore,Senepol,1.6,2,2.7,0.78,0.66,IATF,10,1,2023-10-03,2,-1,0,0.384,prenhe
E-BO-000064,C-BO-M-00010-01,BO-M-00010,BO-R-0006,bovino,Nelore,Angus,1.6,2,2.7,0.78,0.76,IATF,9,0,2024-09-14,1,64,0,0.485,vazia
E-BO-000065,C-BO-M-00010-01,BO-M-00010,BO-R-0009,bovino,Nelore,Gir,1.6,2,2.7,0.78,0.52,convencional,10,1,2024-10-07,2,87,0,0.397,vazia
E-BO-000066,C-BO-M-00010-01,BO-M-00010,BO-R-0031,bovino,Nelore,Nelore,1.6,2,2.7,0.78,0.88,IATF,11,1,2024-11-04,3,115,0,0.477,vazia
E-BO-000067,C-BO-M-00010-02,BO-M-00010,BO-R-0027,bovino,Nelore,Brahman,1.6,2,2.7,0.78,0.77,IA_repasse,1,1,2025-01-12,1,184,1,0.472,prenhe
E-BO-000068,C-BO-M-00010-03,BO-M-00010,BO-R-0000,bovino,Nelore,Senepol,1.6,2,2.7,0.78,0.48,IATF,1,1,2026-01-03,1,73,0,0.427,vazia
E-BO-000069,C-BO-M-00010-03,BO-M-00010,BO-R-0024,bovino,Nelore,Nelore,1.6,2,2.7,0.78,0.68,convencional,1,1,2026-01-31,2,101,0,0.686,prenhe
E-BO-000070,C-BO-M-00011-00,BO-M-00011,BO-R-0001,bovino,Guzera,Nelore,8.6,2,3.5,0.57,0.66,IATF,6,0,2023-06-23,1,-1,0,0.668,prenhe
E-BO-000071,C-BO-M-00011-01,BO-M-00011,BO-R-0004,bovino,Guzera,Brahman,8.6,2,3.5,0.57,0.56,IATF,7,0,2024-07-08,1,98,0,0.616,vazia
E-BO-000072,C-BO-M-00011-01,BO-M-00011,BO-R-0022,bovino,Guzera,Guzera,8.6,2,3.5,0.57,0.4,IATF,8,0,2024-08-09,2,130,0,0.531,vazia
E-BO-000073,C-BO-M-00011-01,BO-M-00011,BO-R-0034,bovino,Guzera,Nelore,8.6,2,3.5,0.57,0.63,convencional,8,0,2024-08-30,3,151,0,0.464,prenhe
E-BO-000074,C-BO-M-00011-02,BO-M-00011,BO-R-0022,bovino,Guzera,Guzera,8.6,2,3.5,0.57,0.4,IATF,9,0,2025-09-12,1,95,0,0.564,prenhe
E-BO-000075,C-BO-M-00012-00,BO-M-00012,BO-R-0015,bovino,Angus,Angus,1.5,0,3.6,0.36,0.51,convencional,7,0,2023-07-19,1,-1,0,0.447,vazia
E-BO-000076,C-BO-M-00012-00,BO-M-00012,BO-R-0036,bovino,Angus,Guzera,1.5,0,3.6,0.36,0.72,convencional,8,0,2023-08-18,2,-1,0,0.311,prenhe
E-BO-000077,C-BO-M-00012-01,BO-M-00012,BO-R-0039,bovino,Angus,Senepol,1.5,0,3.6,0.36,0.53,IATF,7,0,2024-07-26,1,60,0,0.152,vazia
E-BO-000078,C-BO-M-00012-01,BO-M-00012,BO-R-0018,bovino,Angus,Nelore,1.5,0,3.6,0.36,0.82,convencional,8,0,2024-08-17,2,82,0,0.262,prenhe
E-BO-000079,C-BO-M-00012-02,BO-M-00012,BO-R-0005,bovino,Angus,Gir,1.5,0,3.6,0.36,0.72,convencional,9,0,2025-09-22,1,118,0,0.588,prenhe
E-BO-000080,C-BO-M-00013-00,BO-M-00013,BO-R-0004,bovino,Gir,Brahman,3.5,5,2.9,0.44,0.56,convencional,8,0,2023-08-09,1,-1,0,0.52,prenhe
E-BO-000081,C-BO-M-00013-01,BO-M-00013,BO-R-0018,bovino,Gir,Nelore,3.5,5,2.9,0.44,0.82,IATF,7,0,2024-07-19,1,62,0,0.453,vazia
E-BO-000082,C-BO-M-00013-01,BO-M-00013,BO-R-0035,bovino,Gir,Brahman,3.5,5,2.9,0.44,0.74,convencional,8,0,2024-08-13,2,87,0,0.443,prenhe
E-BO-000083,C-BO-M-00013-02,BO-M-00013,BO-R-0017,bovino,Gir,Nelore,3.5,5,2.9,0.44,0.35,IATF,9,0,2025-09-09,1,109,0,0.431,vazia
E-BO-000084,C-BO-M-00013-02,BO-M-00013,BO-R-0039,bovino,Gir,Senepol,3.5,5,2.9,0.44,0.53,IATF,10,1,2025-10-09,2,139,0,0.452,prenhe
E-BO-000085,C-BO-M-00014-00,BO-M-00014,BO-R-0017,bovino,Nelore,Nelore,4.0,3,3.5,0.56,0.35,IATF,1,1,2023-01-30,1,-1,0,0.659,prenhe
E-BO-000086,C-BO-M-00014-01,BO-M-00014,BO-R-0030,bovino,Nelore,Nelore,4.0,3,3.5,0.56,0.8,convencional,2,1,2024-02-07,1,90,0,0.95,prenhe
E-BO-000087,C-BO-M-00014-02,BO-M-00014,BO-R-0026,bovino,Nelore,Mestico,4.0,3,3.5,0.56,0.64,IATF,1,1,2025-01-28,1,73,0,0.764,vazia
E-BO-000088,C-BO-M-00014-02,BO-M-00014,BO-R-0035,bovino,Nelore,Brahman,4.0,3,3.5,0.56,0.74,IATF,2,1,2025-02-24,2,100,0,0.803,prenhe
E-BO-000089,C-BO-M-00014-03,BO-M-00014,BO-R-0038,bovino,Nelore,Senepol,4.0,3,3.5,0.56,0.52,IATF,2,1,2026-02-26,1,84,0,0.64,prenhe
E-BO-000090,C-BO-M-00015-00,BO-M-00015,BO-R-0011,bovino,Nelore,Nelore,2.6,1,3.5,0.56,0.57,IATF,1,1,2023-01-08,1,-1,0,0.655,prenhe
E-BO-000091,C-BO-M-00015-01,BO-M-00015,BO-R-0000,bovino,Nelore,Senepol,2.6,1,3.5,0.56,0.48,IATF,1,1,2024-01-11,1,85,0,0.469,vazia
E-BO-000092,C-BO-M-00015-01,BO-M-00015,BO-R-0025,bovino,Nelore,Nelore,2.6,1,3.5,0.56,0.62,IATF,2,1,2024-02-09,2,114,0,0.532,vazia
E-BO-000093,C-BO-M-00015-01,BO-M-00015,BO-R-0007,bovino,Nelore,Angus,2.6,1,3.5,0.56,0.93,IATF,3,1,2024-03-01,3,135,0,0.645,prenhe
E-BO-000094,C-BO-M-00015-02,BO-M-00015,BO-R-0003,bovino,Nelore,Senepol,2.6,1,3.5,0.56,0.66,convencional,4,0,2025-04-04,1,116,0,0.607,prenhe
E-BO-000095,C-BO-M-00016-00,BO-M-00016,BO-R-0027,bovino,Senepol,Brahman,3.8,2,2.9,0.53,0.77,convencional,4,0,2023-04-16,1,-1,0,0.766,prenhe
E-BO-000096,C-BO-M-00016-01,BO-M-00016,BO-R-0007,bovino,Senepol,Angus,3.8,2,2.9,0.53,0.93,IATF,3,1,2024-03-27,1,63,0,0.598,prenhe
E-BO-000097,C-BO-M-00016-02,BO-M-00016,BO-R-0015,bovino,Senepol,Angus,3.8,2,2.9,0.53,0.51,IATF,5,0,2025-05-02,1,118,0,0.544,prenhe
E-BO-000098,C-BO-M-00016-03,BO-M-00016,BO-R-0010,bovino,Senepol,Gir,3.8,2,2.9,0.53,0.31,convencional,4,0,2026-04-18,1,68,0,0.44,vazia
E-BO-000099,C-BO-M-00017-00,BO-M-00017,BO-R-0001,bovino,Nelore,Nelore,7.7,4,2.6,0.54,0.66,IATF,10,1,2023-10-25,1,-1,0,0.713,prenhe
E-BO-000100,C-BO-M-00017-01,BO-M-00017,BO-R-0019,bovino,Nelore,Brahman,7.7,4,2.6,0.54,0.55,IATF,10,1,2024-10-24,1,82,0,0.614,prenhe
E-BO-000101,C-BO-M-00017-02,BO-M-00017,BO-R-0018,bovino,Nelore,Nelore,7.7,4,2.6,0.54,0.82,convencional,10,1,2025-10-17,1,75,0,0.743,vazia
E-BO-000102,C-BO-M-00017-02,BO-M-00017,BO-R-0009,bovino,Nelore,Gir,7.7,4,2.6,0.54,0.52,IATF,11,1,2025-11-11,2,100,0,0.528,vazia
E-BO-000103,C-BO-M-00017-02,BO-M-00017,BO-R-0039,bovino,Nelore,Senepol,7.7,4,2.6,0.54,0.53,IATF,12,1,2025-12-02,3,121,0,0.535,prenhe
E-BO-000104,C-BO-M-00018-00,BO-M-00018,BO-R-0000,bovino,Gir,Senepol,1.1,4,2.6,0.51,0.48,IATF,10,1,2023-10-22,1,-1,0,0.32,prenhe
E-BO-000105,C-BO-M-00018-01,BO-M-00018,BO-R-0025,bovino,Gir,Nelore,1.1,4,2.6,0.51,0.62,convencional,10,1,2024-10-18,1,79,0,0.539,prenhe
E-BO-000106,C-BO-M-00018-02,BO-M-00018,BO-R-0009,bovino,Gir,Gir,1.1,4,2.6,0.51,0.52,IA_repasse,11,1,2025-11-15,1,110,0,0.452,prenhe
E-BO-000107,C-BO-M-00019-00,BO-M-00019,BO-R-0030,bovino,Angus,Nelore,8.4,2,3.2,0.26,0.8,IATF,5,0,2023-05-16,1,-1,0,0.693,prenhe
E-BO-000108,C-BO-M-00019-01,BO-M-00019,BO-R-0027,bovino,Angus,Brahman,8.4,2,3.2,0.26,0.77,IATF,5,0,2024-05-02,1,69,0,0.527,prenhe
E-BO-000109,C-BO-M-00019-02,BO-M-00019,BO-R-0032,bovino,Angus,Brahman,8.4,2,3.2,0.26,0.75,convencional,5,0,2025-05-19,1,99,0,0.799,prenhe
E-BO-000110,C-BO-M-00020-00,BO-M-00020,BO-R-0014,bovino,Brahman,Gir,8.7,1,3.4,0.45,0.7,IATF,3,1,2023-03-02,1,-1,0,0.661,prenhe
E-BO-000111,C-BO-M-00020-01,BO-M-00020,BO-R-0018,bovino,Brahman,Nelore,8.7,1,3.4,0.45,0.82,IATF,3,1,2024-03-11,1,92,0,0.77,vazia
E-BO-000112,C-BO-M-00020-01,BO-M-00020,BO-R-0027,bovino,Brahman,Brahman,8.7,1,3.4,0.45,0.77,IATF,4,0,2024-04-02,2,114,0,0.472,vazia
E-BO-000113,C-BO-M-00020-01,BO-M-00020,BO-R-0035,bovino,Brahman,Brahman,8.7,1,3.4,0.45,0.74,IATF,4,0,2024-04-26,3,138,0,0.351,vazia
E-BO-000114,C-BO-M-00020-02,BO-M-00020,BO-R-0026,bovino,Brahman,Mestico,8.7,1,3.4,0.45,0.64,IATF,6,0,2024-06-08,1,181,1,0.521,prenhe
E-BO-000115,C-BO-M-00020-03,BO-M-00020,BO-R-0031,bovino,Brahman,Nelore,8.7,1,3.4,0.45,0.88,IATF,7,0,2025-07-14,1,118,0,0.602,vazia
E-BO-000116,C-BO-M-00020-03,BO-M-00020,BO-R-0038,bovino,Brahman,Senepol,8.7,1,3.4,0.45,0.52,IATF,8,0,2025-08-09,2,144,0,0.467,prenhe
E-BO-000117,C-BO-M-00021-00,BO-M-00021,BO-R-0021,bovino,Nelore,Nelore,4.4,3,2.8,0.73,0.68,convencional,10,1,2023-10-23,1,-1,0,0.825,prenhe
E-BO-000118,C-BO-M-00021-01,BO-M-00021,BO-R-0029,bovino,Nelore,Nelore,4.4,3,2.8,0.73,0.78,convencional,10,1,2024-10-05,1,65,0,0.765,prenhe
E-BO-000119,C-BO-M-00021-02,BO-M-00021,BO-R-0024,bovino,Nelore,Nelore,4.4,3,2.8,0.73,0.68,convencional,10,1,2025-10-29,1,106,0,0.875,prenhe
E-BO-000120,C-BO-M-00022-00,BO-M-00022,BO-R-0004,bovino,Mestico,Brahman,2.4,3,3.2,0.28,0.56,IATF,5,0,2023-05-28,1,-1,0,0.483,prenhe
E-BO-000121,C-BO-M-00022-01,BO-M-00022,BO-R-0038,bovino,Mestico,Senepol,2.4,3,3.2,0.28,0.52,IATF,5,0,2024-05-29,1,84,0,0.429,vazia
E-BO-000122,C-BO-M-00022-01,BO-M-00022,BO-R-0019,bovino,Mestico,Brahman,2.4,3,3.2,0.28,0.55,IATF,6,0,2024-06-30,2,116,0,0.449,vazia
E-BO-000123,C-BO-M-00022-01,BO-M-00022,BO-R-0003,bovino,Mestico,Senepol,2.4,3,3.2,0.28,0.66,IATF,7,0,2024-07-23,3,139,0,0.394,vazia
E-BO-000124,C-BO-M-00022-02,BO-M-00022,BO-R-0001,bovino,Mestico,Nelore,2.4,3,3.2,0.28,0.66,convencional,9,0,2024-09-11,1,189,1,0.625,prenhe
E-BO-000125,C-BO-M-00022-03,BO-M-00022,BO-R-0009,bovino,Mestico,Gir,2.4,3,3.2,0.28,0.52,IATF,10,1,2025-10-13,1,114,0,0.696,prenhe
E-BO-000126,C-BO-M-00023-00,BO-M-00023,BO-R-0016,bovino,Guzera,Nelore,6.4,3,3.5,0.51,0.58,IATF,3,1,2023-03-01,1,-1,0,0.717,prenhe
E-BO-000127,C-BO-M-00023-01,BO-M-00023,BO-R-0022,bovino,Guzera,Guzera,6.4,3,3.5,0.51,0.4,IATF,3,1,2024-03-04,1,86,0,0.512,prenhe
E-BO-000128,C-BO-M-00023-02,BO-M-00023,BO-R-0009,bovino,Guzera,Gir,6.4,3,3.5,0.51,0.52,IATF,3,1,2025-03-12,1,90,0,0.768,vazia
E-BO-000129,C-BO-M-00023-02,BO-M-00023,BO-R-0038,bovino,Guzera,Senepol,6.4,3,3.5,0.51,0.52,IATF,4,0,2025-04-07,2,116,0,0.585,prenhe
E-BO-000130,C-BO-M-00024-00,BO-M-00024,BO-R-0003,bovino,Brahman,Senepol,2.1,0,3.5,0.39,0.66,IATF,1,1,2023-01-30,1,-1,0,0.598,vazia
E-BO-000131,C-BO-M-00024-00,BO-M-00024,BO-R-0022,bovino,Brahman,Guzera,2.1,0,3.5,0.39,0.4,IATF,2,1,2023-02-25,2,-1,0,0.274,prenhe
E-BO-000132,C-BO-M-00024-01,BO-M-00024,BO-R-0031,bovino,Brahman,Nelore,2.1,0,3.5,0.39,0.88,IATF,2,1,2024-02-13,1,70,0,0.631,vazia
E-BO-000133,C-BO-M-00024-01,BO-M-00024,BO-R-0038,bovino,Brahman,Senepol,2.1,0,3.5,0.39,0.52,IATF,3,1,2024-03-12,2,98,0,0.464,vazia
E-BO-000134,C-BO-M-00024-01,BO-M-00024,BO-R-0008,bovino,Brahman,Brahman,2.1,0,3.5,0.39,0.38,IATF,4,0,2024-04-04,3,121,0,0.317,vazia
E-BO-000135,C-BO-M-00024-02,BO-M-00024,BO-R-0033,bovino,Brahman,Nelore,2.1,0,3.5,0.39,0.79,IATF,6,0,2024-06-09,1,187,1,0.559,prenhe
E-BO-000136,C-BO-M-00024-03,BO-M-00024,BO-R-0017,bovino,Brahman,Nelore,2.1,0,3.5,0.39,0.35,convencional,5,0,2025-05-24,1,66,0,0.395,vazia
E-BO-000137,C-BO-M-00024-03,BO-M-00024,BO-R-0014,bovino,Brahman,Gir,2.1,0,3.5,0.39,0.7,IATF,6,0,2025-06-15,2,88,0,0.242,vazia
E-BO-000138,C-BO-M-00024-03,BO-M-00024,BO-R-0006,bovino,Brahman,Angus,2.1,0,3.5,0.39,0.76,IATF,7,0,2025-07-16,3,119,0,0.482,prenhe
E-BO-000139,C-BO-M-00025-00,BO-M-00025,BO-R-0023,bovino,Nelore,Brahman,4.3,2,4.0,0.57,0.35,IATF,7,0,2023-07-07,1,-1,0,0.44,vazia
E-BO-000140,C-BO-M-00025-00,BO-M-00025,BO-R-0008,bovino,Nelore,Brahman,4.3,2,4.0,0.57,0.38,IATF,8,0,2023-08-04,2,-1,0,0.41,vazia
E-BO-000141,C-BO-M-00025-00,BO-M-00025,BO-R-0010,bovino,Nelore,Gir,4.3,2,4.0,0.57,0.31,IATF,9,0,2023-09-02,3,-1,0,0.263,vazia
E-BO-000142,C-BO-M-00025-01,BO-M-00025,BO-R-0008,bovino,Nelore,Brahman,4.3,2,4.0,0.57,0.38,IATF,10,1,2023-10-24,1,-1,1,0.372,vazia
E-BO-000143,C-BO-M-00025-01,BO-M-00025,BO-R-0036,bovino,Nelore,Guzera,4.3,2,4.0,0.57,0.72,convencional,11,1,2023-11-25,2,-1,1,0.61,vazia
E-BO-000144,C-BO-M-00025-01,BO-M-00025,BO-R-0004,bovino,Nelore,Brahman,4.3,2,4.0,0.57,0.56,IATF,12,1,2023-12-27,3,-1,1,0.305,vazia
E-BO-000145,C-BO-M-00025-02,BO-M-00025,BO-R-0011,bovino,Nelore,Nelore,4.3,2,4.0,0.57,0.57,IA_repasse,2,1,2024-02-25,1,-1,2,0.446,vazia
E-BO-000146,C-BO-M-00025-02,BO-M-00025,BO-R-0020,bovino,Nelore,Nelore,4.3,2,4.0,0.57,0.55,IATF,3,1,2024-03-27,2,-1,2,0.314,prenhe
E-BO-000147,C-BO-M-00025-03,BO-M-00025,BO-R-0027,bovino,Nelore,Brahman,4.3,2,4.0,0.57,0.77,convencional,3,1,2025-03-09,1,64,0,0.837,prenhe
E-BO-000148,C-BO-M-00025-04,BO-M-00025,BO-R-0006,bovino,Nelore,Angus,4.3,2,4.0,0.57,0.76,convencional,4,0,2026-04-07,1,111,0,0.847,prenhe
E-BO-000149,C-BO-M-00026-00,BO-M-00026,BO-R-0002,bovino,Senepol,Brahman,9.6,3,3.8,0.47,0.3,IATF,7,0,2023-07-30,1,-1,0,0.365,vazia
E-BO-000150,C-BO-M-00026-00,BO-M-00026,BO-R-0039,bovino,Senepol,Senepol,9.6,3,3.8,0.47,0.53,IATF,8,0,2023-08-26,2,-1,0,0.253,vazia
E-BO-000151,C-BO-M-00026-00,BO-M-00026,BO-R-0024,bovino,Senepol,Nelore,9.6,3,3.8,0.47,0.68,IATF,9,0,2023-09-18,3,-1,0,0.2,vazia
E-BO-000152,C-BO-M-00026-01,BO-M-00026,BO-R-0023,bovino,Senepol,Brahman,9.6,3,3.8,0.47,0.35,IATF,11,1,2023-11-16,1,-1,1,0.276,vazia
E-BO-000153,C-BO-M-00026-01,BO-M-00026,BO-R-0018,bovino,Senepol,Nelore,9.6,3,3.8,0.47,0.82,convencional,12,1,2023-12-12,2,-1,1,0.484,prenhe
E-BO-000154,C-BO-M-00026-02,BO-M-00026,BO-R-0013,bovino,Senepol,Nelore,9.6,3,3.8,0.47,0.46,IATF,12,1,2024-12-22,1,93,0,0.558,vazia
E-BO-000155,C-BO-M-00026-02,BO-M-00026,BO-R-0036,bovino,Senepol,Guzera,9.6,3,3.8,0.47,0.72,convencional,1,1,2025-01-23,2,125,0,0.678,prenhe
E-BO-000156,C-BO-M-00026-03,BO-M-00026,BO-R-0025,bovino,Senepol,Nelore,9.6,3,3.8,0.47,0.62,IA_repasse,2,1,2026-02-22,1,112,0,0.406,vazia
E-BO-000157,C-BO-M-00026-03,BO-M-00026,BO-R-0027,bovino,Senepol,Brahman,9.6,3,3.8,0.47,0.77,convencional,3,1,2026-03-23,2,141,0,0.589,vazia
E-BO-000158,C-BO-M-00026-03,BO-M-00026,BO-R-0017,bovino,Senepol,Nelore,9.6,3,3.8,0.47,0.35,IATF,4,0,2026-04-17,3,166,0,0.077,vazia
E-BO-000159,C-BO-M-00027-00,BO-M-00027,BO-R-0013,bovino,Nelore,Nelore,10.0,5,2.7,0.85,0.46,IATF,6,0,2023-06-22,1,-1,0,0.334,prenhe
E-BO-000160,C-BO-M-00027-01,BO-M-00027,BO-R-0034,bovino,Nelore,Nelore,10.0,5,2.7,0.85,0.63,IATF,7,0,2024-07-25,1,116,0,0.453,prenhe
E-BO-000161,C-BO-M-00027-02,BO-M-00027,BO-R-0022,bovino,Nelore,Guzera,10.0,5,2.7,0.85,0.4,convencional,7,0,2025-07-26,1,83,0,0.344,prenhe
E-BO-000162,C-BO-M-00028-00,BO-M-00028,BO-R-0033,bovino,Nelore,Nelore,7.9,3,4.0,0.65,0.79,convencional,10,1,2023-10-23,1,-1,0,0.864,prenhe
E-BO-000163,C-BO-M-00028-01,BO-M-00028,BO-R-0010,bovino,Nelore,Gir,7.9,3,4.0,0.65,0.31,convencional,10,1,2024-10-17,1,77,0,0.609,vazia
E-BO-000164,C-BO-M-00028-01,BO-M-00028,BO-R-0014,bovino,Nelore,Gir,7.9,3,4.0,0.65,0.7,convencional,11,1,2024-11-10,2,101,0,0.751,prenhe
E-BO-000165,C-BO-M-00028-02,BO-M-00028,BO-R-0020,bovino,Nelore,Nelore,7.9,3,4.0,0.65,0.55,convencional,11,1,2025-11-27,1,99,0,0.808,vazia
E-BO-000166,C-BO-M-00028-02,BO-M-00028,BO-R-0016,bovino,Nelore,Nelore,7.9,3,4.0,0.65,0.58,IATF,12,1,2025-12-21,2,123,0,0.603,prenhe
E-BO-000167,C-BO-M-00029-00,BO-M-00029,BO-R-0005,bovino,Angus,Gir,3.8,2,2.9,0.29,0.72,IATF,3,1,2023-03-02,1,-1,0,0.618,vazia
E-BO-000168,C-BO-M-00029-00,BO-M-00029,BO-R-0006,bovino,Angus,Angus,3.8,2,2.9,0.29,0.76,IATF,3,1,2023-03-28,2,-1,0,0.47,prenhe
E-BO-000169,C-BO-M-00029-01,BO-M-00029,BO-R-0008,bovino,Angus,Brahman,3.8,2,2.9,0.29,0.38,IATF,3,1,2024-03-23,1,78,0,0.396,prenhe
E-BO-000170,C-BO-M-00029-02,BO-M-00029,BO-R-0028,bovino,Angus,Angus,3.8,2,2.9,0.29,0.91,IA_repasse,3,1,2025-03-08,1,67,0,0.489,vazia
E-BO-000171,C-BO-M-00029-02,BO-M-00029,BO-R-0008,bovino,Angus,Brahman,3.8,2,2.9,0.29,0.38,IATF,3,1,2025-03-30,2,89,0,0.287,vazia
E-BO-000172,C-BO-M-00029-02,BO-M-00029,BO-R-0037,bovino,Angus,Brahman,3.8,2,2.9,0.29,0.45,IATF,4,0,2025-04-25,3,115,0,0.309,vazia
E-BO-000173,C-BO-M-00029-03,BO-M-00029,BO-R-0024,bovino,Angus,Nelore,3.8,2,2.9,0.29,0.68,convencional,6,0,2025-06-02,1,153,1,0.541,prenhe
E-BO-000174,C-BO-M-00030-00,BO-M-00030,BO-R-0026,bovino,Brahman,Mestico,7.2,3,3.7,0.68,0.64,convencional,7,0,2023-07-31,1,-1,0,0.66,prenhe
E-BO-000175,C-BO-M-00030-01,BO-M-00030,BO-R-0004,bovino,Brahman,Brahman,7.2,3,3.7,0.68,0.56,IATF,7,0,2024-07-25,1,77,0,0.547,prenhe
E-BO-000176,C-BO-M-00030-02,BO-M-00030,BO-R-0016,bovino,Brahman,Nelore,7.2,3,3.7,0.68,0.58,IATF,8,0,2025-08-27,1,115,0,0.547,vazia
E-BO-000177,C-BO-M-00030-02,BO-M-00030,BO-R-0023,bovino,Brahman,Brahman,7.2,3,3.7,0.68,0.35,IATF,9,0,2025-09-23,2,142,0,0.43,prenhe
E-BO-000178,C-BO-M-00031-00,BO-M-00031,BO-R-0029,bovino,Mestico,Nelore,7.3,1,3.2,0.4,0.78,IATF,9,0,2023-09-17,1,-1,0,0.74,vazia
E-BO-000179,C-BO-M-00031-00,BO-M-00031,BO-R-0034,bovino,Mestico,Nelore,7.3,1,3.2,0.4,0.63,convencional,10,1,2023-10-13,2,-1,0,0.726,prenhe
E-BO-000180,C-BO-M-00031-01,BO-M-00031,BO-R-0000,bovino,Mestico,Senepol,7.3,1,3.2,0.4,0.48,IATF,10,1,2024-10-03,1,73,0,0.606,prenhe
E-BO-000181,C-BO-M-00031-02,BO-M-00031,BO-R-0036,bovino,Mestico,Guzera,7.3,1,3.2,0.4,0.72,IATF,10,1,2025-10-22,1,101,0,0.853,prenhe
E-BO-000182,C-BO-M-00032-00,BO-M-00032,BO-R-0029,bovino,Nelore,Nelore,4.5,0,3.0,0.43,0.78,IATF,10,1,2023-10-27,1,-1,0,0.685,prenhe
E-BO-000183,C-BO-M-00032-01,BO-M-00032,BO-R-0028,bovino,Nelore,Angus,4.5,0,3.0,0.43,0.91,IATF,10,1,2024-10-09,1,65,0,0.809,prenhe
E-BO-000184,C-BO-M-00032-02,BO-M-00032,BO-R-0010,bovino,Nelore,Gir,4.5,0,3.0,0.43,0.31,IATF,10,1,2025-10-29,1,102,0,0.69,prenhe
E-BO-000185,C-BO-M-00033-00,BO-M-00033,BO-R-0031,bovino,Nelore,Nelore,6.8,4,2.3,0.61,0.88,IA_repasse,8,0,2023-08-12,1,-1,0,0.457,vazia
E-BO-000186,C-BO-M-00033-00,BO-M-00033,BO-R-0027,bovino,Nelore,Brahman,6.8,4,2.3,0.61,0.77,IA_repasse,9,0,2023-09-12,2,-1,0,0.371,prenhe
E-BO-000187,C-BO-M-00033-01,BO-M-00033,BO-R-0010,bovino,Nelore,Gir,6.8,4,2.3,0.61,0.31,convencional,9,0,2024-09-23,1,94,0,0.614,prenhe
E-BO-000188,C-BO-M-00033-02,BO-M-00033,BO-R-0003,bovino,Nelore,Senepol,6.8,4,2.3,0.61,0.66,convencional,9,0,2025-09-26,1,85,0,0.47,vazia
E-BO-000189,C-BO-M-00033-02,BO-M-00033,BO-R-0029,bovino,Nelore,Nelore,6.8,4,2.3,0.61,0.78,IA_repasse,10,1,2025-10-22,2,111,0,0.479,vazia
E-BO-000190,C-BO-M-00033-02,BO-M-00033,BO-R-0010,bovino,Nelore,Gir,6.8,4,2.3,0.61,0.31,IATF,11,1,2025-11-22,3,142,0,0.28,vazia
E-BO-000191,C-BO-M-00033-03,BO-M-00033,BO-R-0033,bovino,Nelore,Nelore,6.8,4,2.3,0.61,0.79,IATF,1,1,2026-01-04,1,185,1,0.65,prenhe
E-BO-000192,C-BO-M-00034-00,BO-M-00034,BO-R-0007,bovino,Senepol,Angus,1.1,5,3.1,0.45,0.93,IATF,5,0,2023-05-15,1,-1,0,0.53,vazia
E-BO-000193,C-BO-M-00034-00,BO-M-00034,BO-R-0010,bovino,Senepol,Gir,1.1,5,3.1,0.45,0.31,IATF,6,0,2023-06-09,2,-1,0,0.256,vazia
E-BO-000194,C-BO-M-00034-00,BO-M-00034,BO-R-0035,bovino,Senepol,Brahman,1.1,5,3.1,0.45,0.74,IATF,7,0,2023-07-06,3,-1,0,0.286,vazia
E-BO-000195,C-BO-M-00034-01,BO-M-00034,BO-R-0023,bovino,Senepol,Brahman,1.1,5,3.1,0.45,0.35,convencional,9,0,2023-09-09,1,-1,1,0.408,prenhe
E-BO-000196,C-BO-M-00034-02,BO-M-00034,BO-R-0030,bovino,Senepol,Nelore,1.1,5,3.1,0.45,0.8,IATF,8,0,2024-08-29,1,72,0,0.459,vazia
E-BO-000197,C-BO-M-00034-02,BO-M-00034,BO-R-0026,bovino,Senepol,Mestico,1.1,5,3.1,0.45,0.64,IATF,9,0,2024-09-29,2,103,0,0.457,vazia
E-BO-000198,C-BO-M-00034-02,BO-M-00034,BO-R-0017,bovino,Senepol,Nelore,1.1,5,3.1,0.45,0.35,IATF,10,1,2024-10-22,3,126,0,0.288,vazia
E-BO-000199,C-BO-M-00034-03,BO-M-00034,BO-R-0010,bovino,Senepol,Gir,1.1,5,3.1,0.45,0.31,IATF,12,1,2024-12-30,1,195,1,0.416,prenhe
E-BO-000200,C-BO-M-00034-04,BO-M-00034,BO-R-0016,bovino,Senepol,Nelore,1.1,5,3.1,0.45,0.58,IATF,12,1,2025-12-09,1,61,0,0.442,prenhe
E-BO-000201,C-BO-M-00035-00,BO-M-00035,BO-R-0017,bovino,Nelore,Nelore,2.9,5,2.4,0.73,0.35,IATF,6,0,2023-06-02,1,-1,0,0.282,vazia
E-BO-000202,C-BO-M-00035-00,BO-M-00035,BO-R-0020,bovino,Nelore,Nelore,2.9,5,2.4,0.73,0.55,convencional,6,0,2023-06-23,2,-1,0,0.243,vazia
E-BO-000203,C-BO-M-00035-00,BO-M-00035,BO-R-0036,bovino,Nelore,Guzera,2.9,5,2.4,0.73,0.72,IATF,7,0,2023-07-15,3,-1,0,0.101,vazia
E-BO-000204,C-BO-M-00035-01,BO-M-00035,BO-R-0001,bovino,Nelore,Nelore,2.9,5,2.4,0.73,0.66,IATF,8,0,2023-08-15,1,-1,1,0.256,vazia
E-BO-000205,C-BO-M-00035-01,BO-M-00035,BO-R-0003,bovino,Nelore,Senepol,2.9,5,2.4,0.73,0.66,IATF,9,0,2023-09-13,2,-1,1,0.083,vazia
E-BO-000206,C-BO-M-00035-01,BO-M-00035,BO-R-0017,bovino,Nelore,Nelore,2.9,5,2.4,0.73,0.35,IATF,10,1,2023-10-14,3,-1,1,0.05,vazia
E-BO-000207,C-BO-M-00035-02,BO-M-00035,BO-R-0009,bovino,Nelore,Gir,2.9,5,2.4,0.73,0.52,IATF,12,1,2023-12-09,1,-1,2,0.242,prenhe
E-BO-000208,C-BO-M-00035-03,BO-M-00035,BO-R-0037,bovino,Nelore,Brahman,2.9,5,2.4,0.73,0.45,IATF,12,1,2024-12-17,1,91,0,0.43,vazia
E-BO-000209,C-BO-M-00035-03,BO-M-00035,BO-R-0020,bovino,Nelore,Nelore,2.9,5,2.4,0.73,0.55,IATF,1,1,2025-01-16,2,121,0,0.287,vazia
E-BO-000210,C-BO-M-00035-03,BO-M-00035,BO-R-0021,bovino,Nelore,Nelore,2.9,5,2.4,0.73,0.68,IATF,2,1,2025-02-06,3,142,0,0.192,vazia
E-BO-000211,C-BO-M-00035-04,BO-M-00035,BO-R-0037,bovino,Nelore,Brahman,2.9,5,2.4,0.73,0.45,IATF,4,0,2025-04-01,1,196,1,0.126,vazia
E-BO-000212,C-BO-M-00035-04,BO-M-00035,BO-R-0037,bovino,Nelore,Brahman,2.9,5,2.4,0.73,0.45,convencional,5,0,2025-05-01,2,226,1,0.174,vazia
E-BO-000213,C-BO-M-00035-04,BO-M-00035,BO-R-0029,bovino,Nelore,Nelore,2.9,5,2.4,0.73,0.78,IATF,5,0,2025-05-29,3,254,1,0.05,vazia
E-BO-000214,C-BO-M-00035-05,BO-M-00035,BO-R-0034,bovino,Nelore,Nelore,2.9,5,2.4,0.73,0.63,IATF,8,0,2025-08-01,1,318,2,0.126,vazia
E-BO-000215,C-BO-M-00035-05,BO-M-00035,BO-R-0017,bovino,Nelore,Nelore,2.9,5,2.4,0.73,0.35,convencional,8,0,2025-08-26,2,343,2,0.058,vazia
E-BO-000216,C-BO-M-00035-05,BO-M-00035,BO-R-0003,bovino,Nelore,Senepol,2.9,5,2.4,0.73,0.66,IATF,9,0,2025-09-20,3,368,2,0.05,vazia
E-BO-000217,C-BO-M-00036-00,BO-M-00036,BO-R-0006,bovino,Nelore,Angus,5.7,3,3.7,0.4,0.76,convencional,4,0,2023-04-26,1,-1,0,0.739,vazia
E-BO-000218,C-BO-M-00036-00,BO-M-00036,BO-R-0008,bovino,Nelore,Brahman,5.7,3,3.7,0.4,0.38,IATF,5,0,2023-05-18,2,-1,0,0.32,vazia
E-BO-000219,C-BO-M-00036-00,BO-M-00036,BO-R-0010,bovino,Nelore,Gir,5.7,3,3.7,0.4,0.31,IATF,6,0,2023-06-12,3,-1,0,0.27,vazia
E-BO-000220,C-BO-M-00036-01,BO-M-00036,BO-R-0007,bovino,Nelore,Angus,5.7,3,3.7,0.4,0.93,IATF,7,0,2023-07-17,1,-1,1,0.622,prenhe
E-BO-000221,C-BO-M-00036-02,BO-M-00036,BO-R-0013,bovino,Nelore,Nelore,5.7,3,3.7,0.4,0.46,convencional,8,0,2024-08-14,1,111,0,0.643,prenhe
E-BO-000222,C-BO-M-00036-03,BO-M-00036,BO-R-0008,bovino,Nelore,Brahman,5.7,3,3.7,0.4,0.38,IATF,8,0,2025-08-08,1,76,0,0.343,vazia
E-BO-000223,C-BO-M-00036-03,BO-M-00036,BO-R-0015,bovino,Nelore,Angus,5.7,3,3.7,0.4,0.51,IATF,9,0,2025-09-08,2,107,0,0.43,prenhe
E-BO-000224,C-BO-M-00037-00,BO-M-00037,BO-R-0035,bovino,Senepol,Brahman,2.5,0,4.0,0.43,0.74,IATF,7,0,2023-07-10,1,-1,0,0.386,prenhe
E-BO-000225,C-BO-M-00037-01,BO-M-00037,BO-R-0004,bovino,Senepol,Brahman,2.5,0,4.0,0.43,0.56,convencional,7,0,2024-07-16,1,89,0,0.346,vazia
E-BO-000226,C-BO-M-00037-01,BO-M-00037,BO-R-0000,bovino,Senepol,Senepol,2.5,0,4.0,0.43,0.48,convencional,8,0,2024-08-13,2,117,0,0.221,vazia
E-BO-000227,C-BO-M-00037-01,BO-M-00037,BO-R-0025,bovino,Senepol,Nelore,2.5,0,4.0,0.43,0.62,IATF,9,0,2024-09-11,3,146,0,0.137,prenhe
E-BO-000228,C-BO-M-00037-02,BO-M-00037,BO-R-0036,bovino,Senepol,Guzera,2.5,0,4.0,0.43,0.72,IATF,10,1,2025-10-15,1,116,0,0.487,vazia
E-BO-000229,C-BO-M-00037-02,BO-M-00037,BO-R-0026,bovino,Senepol,Mestico,2.5,0,4.0,0.43,0.64,IATF,11,1,2025-11-12,2,144,0,0.349,vazia
E-BO-000230,C-BO-M-00037-02,BO-M-00037,BO-R-0023,bovino,Senepol,Brahman,2.5,0,4.0,0.43,0.35,IA_repasse,12,1,2025-12-04,3,166,0,0.05,vazia
E-BO-000231,C-BO-M-00037-03,BO-M-00037,BO-R-0013,bovino,Senepol,Nelore,2.5,0,4.0,0.43,0.46,convencional,1,1,2026-01-16,1,209,1,0.281,prenhe
E-BO-000232,C-BO-M-00038-00,BO-M-00038,BO-R-0028,bovino,Nelore,Angus,2.5,5,2.8,0.42,0.91,convencional,8,0,2023-08-07,1,-1,0,0.649,prenhe
E-BO-000233,C-BO-M-00038-01,BO-M-00038,BO-R-0033,bovino,Nelore,Nelore,2.5,5,2.8,0.42,0.79,IATF,9,0,2024-09-06,1,113,0,0.508,vazia
E-BO-000234,C-BO-M-00038-01,BO-M-00038,BO-R-0017,bovino,Nelore,Nelore,2.5,5,2.8,0.42,0.35,IATF,10,1,2024-10-02,2,139,0,0.259,vazia
E-BO-000235,C-BO-M-00038-01,BO-M-00038,BO-R-0035,bovino,Nelore,Brahman,2.5,5,2.8,0.42,0.74,IATF,11,1,2024-11-03,3,171,0,0.226,vazia
E-BO-000236,C-BO-M-00038-02,BO-M-00038,BO-R-0001,bovino,Nelore,Nelore,2.5,5,2.8,0.42,0.66,IATF,1,1,2025-01-07,1,236,1,0.271,vazia
E-BO-000237,C-BO-M-00038-02,BO-M-00038,BO-R-0032,bovino,Nelore,Brahman,2.5,5,2.8,0.42,0.75,convencional,2,1,2025-02-06,2,266,1,0.397,vazia
E-BO-000238,C-BO-M-00038-02,BO-M-00038,BO-R-0030,bovino,Nelore,Nelore,2.5,5,2.8,0.42,0.8,IATF,3,1,2025-03-09,3,297,1,0.174,vazia
E-BO-000239,C-BO-M-00038-03,BO-M-00038,BO-R-0018,bovino,Nelore,Nelore,2.5,5,2.8,0.42,0.82,IATF,4,0,2025-04-22,1,341,2,0.306,prenhe
E-BO-000240,C-BO-M-00038-04,BO-M-00038,BO-R-0028,bovino,Nelore,Angus,2.5,5,2.8,0.42,0.91,IATF,4,0,2026-04-29,1,89,0,0.426,vazia
E-BO-000241,C-BO-M-00039-00,BO-M-00039,BO-R-0004,bovino,Angus,Brahman,8.5,2,3.4,0.44,0.56,IATF,1,1,2023-01-19,1,-1,0,0.575,prenhe
E-BO-000242,C-BO-M-00039-01,BO-M-00039,BO-R-0021,bovino,Angus,Nelore,8.5,2,3.4,0.44,0.68,IATF,1,1,2024-01-23,1,86,0,0.642,prenhe
E-BO-000243,C-BO-M-00039-02,BO-M-00039,BO-R-0034,bovino,Angus,Nelore,8.5,2,3.4,0.44,0.63,IATF,2,1,2025-02-06,1,97,0,0.738,prenhe
E-BO-000244,C-BO-M-00040-00,BO-M-00040,BO-R-0016,bovino,Nelore,Nelore,9.9,1,2.8,0.77,0.58,convencional,9,0,2023-09-13,1,-1,0,0.506,prenhe
E-BO-000245,C-BO-M-00040-01,BO-M-00040,BO-R-0000,bovino,Nelore,Senepol,9.9,1,2.8,0.77,0.48,IATF,10,1,2024-10-10,1,110,0,0.493,prenhe
E-BO-000246,C-BO-M-00040-02,BO-M-00040,BO-R-0001,bovino,Nelore,Nelore,9.9,1,2.8,0.77,0.66,IATF,10,1,2025-10-10,1,82,0,0.425,prenhe
E-BO-000247,C-BO-M-00041-00,BO-M-00041,BO-R-0030,bovino,Gir,Nelore,6.0,5,2.9,0.68,0.8,IATF,2,1,2023-02-13,1,-1,0,0.679,prenhe
E-BO-000248,C-BO-M-00041-01,BO-M-00041,BO-R-0034,bovino,Gir,Nelore,6.0,5,2.9,0.68,0.63,convencional,3,1,2024-03-07,1,105,0,0.827,vazia
E-BO-000249,C-BO-M-00041-01,BO-M-00041,BO-R-0000,bovino,Gir,Senepol,6.0,5,2.9,0.68,0.48,IATF,3,1,2024-03-29,2,127,0,0.453,prenhe
E-BO-000250,C-BO-M-00041-02,BO-M-00041,BO-R-0023,bovino,Gir,Brahman,6.0,5,2.9,0.68,0.35,IATF,3,1,2025-03-24,1,77,0,0.383,prenhe
E-BO-000251,C-BO-M-00041-03,BO-M-00041,BO-R-0003,bovino,Gir,Senepol,6.0,5,2.9,0.68,0.66,IATF,4,0,2026-04-28,1,117,0,0.52,vazia
E-BO-000252,C-BO-M-00042-00,BO-M-00042,BO-R-0027,bovino,Brahman,Brahman,8.6,4,3.6,0.89,0.77,IATF,2,1,2023-02-04,1,-1,0,0.657,vazia
E-BO-000253,C-BO-M-00042-00,BO-M-00042,BO-R-0036,bovino,Brahman,Guzera,8.6,4,3.6,0.89,0.72,IATF,3,1,2023-03-04,2,-1,0,0.51,vazia
E-BO-000254,C-BO-M-00042-00,BO-M-00042,BO-R-0035,bovino,Brahman,Brahman,8.6,4,3.6,0.89,0.74,IATF,3,1,2023-03-28,3,-1,0,0.49,prenhe
E-BO-000255,C-BO-M-00042-01,BO-M-00042,BO-R-0023,bovino,Brahman,Brahman,8.6,4,3.6,0.89,0.35,convencional,3,1,2024-03-20,1,75,0,0.472,prenhe
E-BO-000256,C-BO-M-00042-02,BO-M-00042,BO-R-0025,bovino,Brahman,Nelore,8.6,4,3.6,0.89,0.62,convencional,4,0,2025-04-15,1,108,0,0.739,vazia
E-BO-000257,C-BO-M-00042-02,BO-M-00042,BO-R-0015,bovino,Brahman,Angus,8.6,4,3.6,0.89,0.51,IATF,5,0,2025-05-09,2,132,0,0.423,vazia
E-BO-000258,C-BO-M-00042-02,BO-M-00042,BO-R-0039,bovino,Brahman,Senepol,8.6,4,3.6,0.89,0.53,IATF,6,0,2025-06-09,3,163,0,0.267,vazia
E-BO-000259,C-BO-M-00042-03,BO-M-00042,BO-R-0020,bovino,Brahman,Nelore,8.6,4,3.6,0.89,0.55,IATF,7,0,2025-07-30,1,214,1,0.425,prenhe
E-BO-000260,C-BO-M-00043-00,BO-M-00043,BO-R-0024,bovino,Nelore,Nelore,9.9,4,3.2,1.0,0.68,IATF,6,0,2023-06-26,1,-1,0,0.716,prenhe
E-BO-000261,C-BO-M-00043-01,BO-M-00043,BO-R-0018,bovino,Nelore,Nelore,9.9,4,3.2,1.0,0.82,convencional,6,0,2024-06-08,1,65,0,0.791,vazia
E-BO-000262,C-BO-M-00043-01,BO-M-00043,BO-R-0014,bovino,Nelore,Gir,9.9,4,3.2,1.0,0.7,IATF,7,0,2024-07-03,2,90,0,0.7,prenhe
E-BO-000263,C-BO-M-00043-02,BO-M-00043,BO-R-0025,bovino,Nelore,Nelore,9.9,4,3.2,1.0,0.62,IATF,6,0,2025-06-19,1,68,0,0.605,prenhe
E-BO-000264,C-BO-M-00044-00,BO-M-00044,BO-R-0019,bovino,Gir,Brahman,2.3,1,4.1,0.34,0.55,IATF,6,0,2023-06-18,1,-1,0,0.185,vazia
E-BO-000265,C-BO-M-00044-00,BO-M-00044,BO-R-0000,bovino,Gir,Senepol,2.3,1,4.1,0.34,0.48,IATF,7,0,2023-07-13,2,-1,0,0.05,vazia
E-BO-000266,C-BO-M-00044-00,BO-M-00044,BO-R-0027,bovino,Gir,Brahman,2.3,1,4.1,0.34,0.77,IA_repasse,8,0,2023-08-13,3,-1,0,0.05,vazia
E-BO-000267,C-BO-M-00044-01,BO-M-00044,BO-R-0011,bovino,Gir,Nelore,2.3,1,4.1,0.34,0.57,IATF,10,1,2023-10-07,1,-1,1,0.196,vazia
E-BO-000268,C-BO-M-00044-01,BO-M-00044,BO-R-0007,bovino,Gir,Angus,2.3,1,4.1,0.34,0.93,IATF,11,1,2023-11-01,2,-1,1,0.202,prenhe
E-BO-000269,C-BO-M-00044-02,BO-M-00044,BO-R-0038,bovino,Gir,Senepol,2.3,1,4.1,0.34,0.52,IATF,10,1,2024-10-10,1,61,0,0.164,vazia
E-BO-000270,C-BO-M-00044-02,BO-M-00044,BO-R-0001,bovino,Gir,Nelore,2.3,1,4.1,0.34,0.66,IATF,11,1,2024-11-05,2,87,0,0.122,prenhe
E-BO-000271,C-BO-M-00045-00,BO-M-00045,BO-R-0003,bovino,Gir,Senepol,5.0,5,3.0,0.56,0.66,IATF,9,0,2023-09-19,1,-1,0,0.788,prenhe
E-BO-000272,C-BO-M-00045-01,BO-M-00045,BO-R-0031,bovino,Gir,Nelore,5.0,5,3.0,0.56,0.88,IATF,10,1,2024-10-10,1,104,0,0.901,prenhe
E-BO-000273,C-BO-M-00045-02,BO-M-00045,BO-R-0009,bovino,Gir,Gir,5.0,5,3.0,0.56,0.52,IATF,11,1,2025-11-15,1,118,0,0.724,vazia
E-BO-000274,C-BO-M-00045-02,BO-M-00045,BO-R-0020,bovino,Gir,Nelore,5.0,5,3.0,0.56,0.55,convencional,12,1,2025-12-13,2,146,0,0.68,prenhe
E-BO-000275,C-BO-M-00046-00,BO-M-00046,BO-R-0024,bovino,Nelore,Nelore,4.5,2,3.7,0.31,0.68,IATF,3,1,2023-03-19,1,-1,0,0.736,prenhe
E-BO-000276,C-BO-M-00046-01,BO-M-00046,BO-R-0008,bovino,Nelore,Brahman,4.5,2,3.7,0.31,0.38,IA_repasse,3,1,2024-03-30,1,94,0,0.503,prenhe
E-BO-000277,C-BO-M-00046-02,BO-M-00046,BO-R-0028,bovino,Nelore,Angus,4.5,2,3.7,0.31,0.91,IATF,4,0,2025-04-11,1,94,0,0.693,prenhe
E-BO-000278,C-BO-M-00047-00,BO-M-00047,BO-R-0023,bovino,Nelore,Brahman,1.7,3,3.2,0.39,0.35,IATF,3,1,2023-03-12,1,-1,0,0.629,prenhe
E-BO-000279,C-BO-M-00047-01,BO-M-00047,BO-R-0014,bovino,Nelore,Gir,1.7,3,3.2,0.39,0.7,convencional,3,1,2024-03-01,1,72,0,0.739,prenhe
E-BO-000280,C-BO-M-00047-02,BO-M-00047,BO-R-0011,bovino,Nelore,Nelore,1.7,3,3.2,0.39,0.57,IATF,2,1,2025-02-12,1,65,0,0.533,vazia
E-BO-000281,C-BO-M-00047-02,BO-M-00047,BO-R-0021,bovino,Nelore,Nelore,1.7,3,3.2,0.39,0.68,IATF,3,1,2025-03-11,2,92,0,0.717,prenhe
E-BO-000282,C-BO-M-00047-03,BO-M-00047,BO-R-0005,bovino,Nelore,Gir,1.7,3,3.2,0.39,0.72,IATF,3,1,2026-03-29,1,100,0,0.766,prenhe
E-BO-000283,C-BO-M-00048-00,BO-M-00048,BO-R-0013,bovino,Angus,Nelore,7.8,4,3.6,0.42,0.46,IATF,10,1,2023-10-01,1,-1,0,0.623,prenhe
E-BO-000284,C-BO-M-00048-01,BO-M-00048,BO-R-0026,bovino,Angus,Mestico,7.8,4,3.6,0.42,0.64,IATF,10,1,2024-10-30,1,112,0,0.661,vazia
E-BO-000285,C-BO-M-00048-01,BO-M-00048,BO-R-0038,bovino,Angus,Senepol,7.8,4,3.6,0.42,0.52,IATF,11,1,2024-11-28,2,141,0,0.544,vazia
E-BO-000286,C-BO-M-00048-01,BO-M-00048,BO-R-0025,bovino,Angus,Nelore,7.8,4,3.6,0.42,0.62,IATF,12,1,2024-12-24,3,167,0,0.478,prenhe
E-BO-000287,C-BO-M-00048-02,BO-M-00048,BO-R-0008,bovino,Angus,Brahman,7.8,4,3.6,0.42,0.38,IATF,1,1,2026-01-16,1,105,0,0.48,vazia
E-BO-000288,C-BO-M-00048-02,BO-M-00048,BO-R-0000,bovino,Angus,Senepol,7.8,4,3.6,0.42,0.48,IATF,2,1,2026-02-13,2,133,0,0.43,prenhe
E-BO-000289,C-BO-M-00049-00,BO-M-00049,BO-R-0033,bovino,Nelore,Nelore,4.9,3,3.0,0.34,0.79,IATF,6,0,2023-06-10,1,-1,0,0.784,vazia
E-BO-000290,C-BO-M-00049-00,BO-M-00049,BO-R-0033,bovino,Nelore,Nelore,4.9,3,3.0,0.34,0.79,convencional,7,0,2023-07-04,2,-1,0,0.704,prenhe
E-BO-000291,C-BO-M-00049-01,BO-M-00049,BO-R-0009,bovino,Nelore,Gir,4.9,3,3.0,0.34,0.52,convencional,7,0,2024-07-29,1,108,0,0.787,prenhe
E-BO-000292,C-BO-M-00049-02,BO-M-00049,BO-R-0032,bovino,Nelore,Brahman,4.9,3,3.0,0.34,0.75,convencional,8,0,2025-08-12,1,96,0,0.944,prenhe
E-BO-000293,C-BO-M-00050-00,BO-M-00050,BO-R-0011,bovino,Nelore,Nelore,5.2,1,3.2,0.34,0.57,IATF,1,1,2023-01-28,1,-1,0,0.695,vazia
E-BO-000294,C-BO-M-00050-00,BO-M-00050,BO-R-0016,bovino,Nelore,Nelore,5.2,1,3.2,0.34,0.58,IATF,2,1,2023-02-25,2,-1,0,0.54,prenhe
E-BO-000295,C-BO-M-00050-01,BO-M-00050,BO-R-0010,bovino,Nelore,Gir,5.2,1,3.2,0.34,0.31,convencional,2,1,2024-02-23,1,80,0,0.599,vazia
E-BO-000296,C-BO-M-00050-01,BO-M-00050,BO-R-0009,bovino,Nelore,Gir,5.2,1,3.2,0.34,0.52,convencional,3,1,2024-03-23,2,109,0,0.78,prenhe
E-BO-000297,C-BO-M-00050-02,BO-M-00050,BO-R-0025,bovino,Nelore,Nelore,5.2,1,3.2,0.34,0.62,convencional,4,0,2025-04-11,1,101,0,0.798,prenhe
E-BO-000298,C-BO-M-00050-03,BO-M-00050,BO-R-0002,bovino,Nelore,Brahman,5.2,1,3.2,0.34,0.3,IATF,4,0,2026-04-27,1,98,0,0.676,prenhe
E-BO-000299,C-BO-M-00051-00,BO-M-00051,BO-R-0038,bovino,Nelore,Senepol,2.4,1,3.1,0.52,0.52,IATF,6,0,2023-06-16,1,-1,0,0.489,vazia
E-BO-000300,C-BO-M-00051-00,BO-M-00051,BO-R-0039,bovino,Nelore,Senepol,2.4,1,3.1,0.52,0.53,convencional,7,0,2023-07-11,2,-1,0,0.481,vazia
E-BO-000301,C-BO-M-00051-00,BO-M-00051,BO-R-0015,bovino,Nelore,Angus,2.4,1,3.1,0.52,0.51,IA_repasse,8,0,2023-08-09,3,-1,0,0.176,vazia
E-BO-000302,C-BO-M-00051-01,BO-M-00051,BO-R-0019,bovino,Nelore,Brahman,2.4,1,3.1,0.52,0.55,IATF,9,0,2023-09-09,1,-1,1,0.389,prenhe
E-BO-000303,C-BO-M-00051-02,BO-M-00051,BO-R-0036,bovino,Nelore,Guzera,2.4,1,3.1,0.52,0.72,IATF,8,0,2024-08-31,1,74,0,0.481,vazia
E-BO-000304,C-BO-M-00051-02,BO-M-00051,BO-R-0015,bovino,Nelore,Angus,2.4,1,3.1,0.52,0.51,IATF,9,0,2024-09-26,2,100,0,0.422,vazia
E-BO-000305,C-BO-M-00051-02,BO-M-00051,BO-R-0006,bovino,Nelore,Angus,2.4,1,3.1,0.52,0.76,IATF,10,1,2024-10-27,3,131,0,0.521,vazia
E-BO-000306,C-BO-M-00052-00,BO-M-00052,BO-R-0009,bovino,Brahman,Gir,2.6,2,2.8,0.31,0.52,IA_repasse,8,0,2023-08-02,1,-1,0,0.293,prenhe
E-BO-000307,C-BO-M-00052-01,BO-M-00052,BO-R-0032,bovino,Brahman,Brahman,2.6,2,2.8,0.31,0.75,IATF,8,0,2024-08-21,1,102,0,0.489,vazia
E-BO-000308,C-BO-M-00052-01,BO-M-00052,BO-R-0038,bovino,Brahman,Senepol,2.6,2,2.8,0.31,0.52,IA_repasse,9,0,2024-09-18,2,130,0,0.18,vazia
E-BO-000309,C-BO-M-00052-01,BO-M-00052,BO-R-0012,bovino,Brahman,Senepol,2.6,2,2.8,0.31,0.33,IATF,10,1,2024-10-20,3,162,0,0.1,prenhe
E-BO-000310,C-BO-M-00052-02,BO-M-00052,BO-R-0000,bovino,Brahman,Senepol,2.6,2,2.8,0.31,0.48,IATF,10,1,2025-10-02,1,64,0,0.331,prenhe
E-BO-000311,C-BO-M-00053-00,BO-M-00053,BO-R-0030,bovino,Angus,Nelore,9.2,5,3.5,0.72,0.8,IATF,10,1,2023-10-03,1,-1,0,0.821,prenhe
E-BO-000312,C-BO-M-00053-01,BO-M-00053,BO-R-0035,bovino,Angus,Brahman,9.2,5,3.5,0.72,0.74,IATF,10,1,2024-10-27,1,107,0,0.661,vazia
E-BO-000313,C-BO-M-00053-01,BO-M-00053,BO-R-0020,bovino,Angus,Nelore,9.2,5,3.5,0.72,0.55,convencional,11,1,2024-11-27,2,138,0,0.652,vazia
E-BO-000314,C-BO-M-00053-01,BO-M-00053,BO-R-0033,bovino,Angus,Nelore,9.2,5,3.5,0.72,0.79,IATF,12,1,2024-12-25,3,166,0,0.53,prenhe
E-BO-000315,C-BO-M-00054-00,BO-M-00054,BO-R-0021,bovino,Brahman,Nelore,1.4,4,3.5,0.37,0.68,IATF,6,0,2023-06-24,1,-1,0,0.655,prenhe
E-BO-000316,C-BO-M-00054-01,BO-M-00054,BO-R-0028,bovino,Brahman,Angus,1.4,4,3.5,0.37,0.91,IATF,6,0,2024-06-24,1,83,0,0.645,prenhe
E-BO-000317,C-BO-M-00054-02,BO-M-00054,BO-R-0001,bovino,Brahman,Nelore,1.4,4,3.5,0.37,0.66,IATF,7,0,2025-07-03,1,91,0,0.643,vazia
E-BO-000318,C-BO-M-00054-02,BO-M-00054,BO-R-0039,bovino,Brahman,Senepol,1.4,4,3.5,0.37,0.53,IATF,7,0,2025-07-30,2,118,0,0.548,prenhe
E-BO-000319,C-BO-M-00055-00,BO-M-00055,BO-R-0003,bovino,Brahman,Senepol,3.1,2,3.5,1.0,0.66,IATF,6,0,2023-06-08,1,-1,0,0.769,vazia
E-BO-000320,C-BO-M-00055-00,BO-M-00055,BO-R-0024,bovino,Brahman,Nelore,3.1,2,3.5,1.0,0.68,IATF,7,0,2023-07-02,2,-1,0,0.804,prenhe
E-BO-000321,C-BO-M-00055-01,BO-M-00055,BO-R-0020,bovino,Brahman,Nelore,3.1,2,3.5,1.0,0.55,IATF,6,0,2024-06-22,1,73,0,0.655,vazia
E-BO-000322,C-BO-M-00055-01,BO-M-00055,BO-R-0008,bovino,Brahman,Brahman,3.1,2,3.5,1.0,0.38,convencional,7,0,2024-07-20,2,101,0,0.806,prenhe
E-BO-000323,C-BO-M-00055-02,BO-M-00055,BO-R-0018,bovino,Brahman,Nelore,3.1,2,3.5,1.0,0.82,IATF,8,0,2025-08-22,1,115,0,0.906,vazia
E-BO-000324,C-BO-M-00055-02,BO-M-00055,BO-R-0013,bovino,Brahman,Nelore,3.1,2,3.5,1.0,0.46,IATF,9,0,2025-09-14,2,138,0,0.704,prenhe
E-BO-000325,C-BO-M-00056-00,BO-M-00056,BO-R-0039,bovino,Senepol,Senepol,3.6,4,4.0,0.46,0.53,IATF,10,1,2023-10-25,1,-1,0,0.54,prenhe
E-BO-000326,C-BO-M-00056-01,BO-M-00056,BO-R-0005,bovino,Senepol,Gir,3.6,4,4.0,0.46,0.72,IATF,10,1,2024-10-04,1,62,0,0.505,prenhe
E-BO-000327,C-BO-M-00057-00,BO-M-00057,BO-R-0017,bovino,Senepol,Nelore,5.4,4,3.9,0.56,0.35,IATF,6,0,2023-06-27,1,-1,0,0.46,prenhe
E-BO-000328,C-BO-M-00057-01,BO-M-00057,BO-R-0015,bovino,Senepol,Angus,5.4,4,3.9,0.56,0.51,IATF,6,0,2024-06-14,1,70,0,0.496,vazia
E-BO-000329,C-BO-M-00057-01,BO-M-00057,BO-R-0014,bovino,Senepol,Gir,5.4,4,3.9,0.56,0.7,convencional,7,0,2024-07-09,2,95,0,0.699,prenhe
E-BO-000330,C-BO-M-00057-02,BO-M-00057,BO-R-0024,bovino,Senepol,Nelore,5.4,4,3.9,0.56,0.68,IATF,7,0,2025-07-12,1,85,0,0.495,vazia
E-BO-000331,C-BO-M-00057-02,BO-M-00057,BO-R-0032,bovino,Senepol,Brahman,5.4,4,3.9,0.56,0.75,IATF,8,0,2025-08-05,2,109,0,0.519,prenhe
E-BO-000332,C-BO-M-00058-00,BO-M-00058,BO-R-0038,bovino,Nelore,Senepol,6.3,2,3.0,0.29,0.52,convencional,3,1,2023-03-28,1,-1,0,0.774,vazia
E-BO-000333,C-BO-M-00058-00,BO-M-00058,BO-R-0008,bovino,Nelore,Brahman,6.3,2,3.0,0.29,0.38,IATF,4,0,2023-04-28,2,-1,0,0.463,vazia
E-BO-000334,C-BO-M-00058-00,BO-M-00058,BO-R-0010,bovino,Nelore,Gir,6.3,2,3.0,0.29,0.31,IATF,5,0,2023-05-21,3,-1,0,0.366,vazia
E-BO-000335,C-BO-M-00058-01,BO-M-00058,BO-R-0019,bovino,Nelore,Brahman,6.3,2,3.0,0.29,0.55,convencional,7,0,2023-07-12,1,-1,1,0.657,prenhe
E-BO-000336,C-BO-M-00058-02,BO-M-00058,BO-R-0011,bovino,Nelore,Nelore,6.3,2,3.0,0.29,0.57,IATF,8,0,2024-08-04,1,106,0,0.665,prenhe
E-BO-000337,C-BO-M-00058-03,BO-M-00058,BO-R-0032,bovino,Nelore,Brahman,6.3,2,3.0,0.29,0.75,IATF,8,0,2025-08-02,1,80,0,0.609,prenhe
E-BO-000338,C-BO-M-00059-00,BO-M-00059,BO-R-0010,bovino,Nelore,Gir,5.4,2,3.4,0.89,0.31,IATF,8,0,2023-08-31,1,-1,0,0.682,prenhe
E-BO-000339,C-BO-M-00059-01,BO-M-00059,BO-R-0013,bovino,Nelore,Nelore,5.4,2,3.4,0.89,0.46,IATF,8,0,2024-08-17,1,69,0,0.671,prenhe
E-BO-000340,C-BO-M-00059-02,BO-M-00059,BO-R-0027,bovino,Nelore,Brahman,5.4,2,3.4,0.89,0.77,IATF,9,0,2025-09-06,1,102,0,0.909,prenhe
E-BO-000341,C-BO-M-00060-00,BO-M-00060,BO-R-0035,bovino,Angus,Brahman,1.8,5,2.9,0.77,0.74,IATF,4,0,2023-04-27,1,-1,0,0.412,prenhe
E-BO-000342,C-BO-M-00060-01,BO-M-00060,BO-R-0011,bovino,Angus,Nelore,1.8,5,2.9,0.77,0.57,IATF,4,0,2024-04-17,1,73,0,0.4,prenhe
E-BO-000343,C-BO-M-00060-02,BO-M-00060,BO-R-0035,bovino,Angus,Brahman,1.8,5,2.9,0.77,0.74,IA_repasse,5,0,2025-05-22,1,117,0,0.505,vazia
E-BO-000344,C-BO-M-00060-02,BO-M-00060,BO-R-0038,bovino,Angus,Senepol,1.8,5,2.9,0.77,0.52,IATF,6,0,2025-06-15,2,141,0,0.302,prenhe
E-BO-000345,C-BO-M-00061-00,BO-M-00061,BO-R-0016,bovino,Senepol,Nelore,3.2,3,3.2,0.61,0.58,IATF,10,1,2023-10-27,1,-1,0,0.768,prenhe
E-BO-000346,C-BO-M-00061-01,BO-M-00061,BO-R-0009,bovino,Senepol,Gir,3.2,3,3.2,0.61,0.52,convencional,11,1,2024-11-02,1,89,0,0.799,prenhe
E-BO-000347,C-BO-M-00061-02,BO-M-00061,BO-R-0028,bovino,Senepol,Angus,3.2,3,3.2,0.61,0.91,convencional,10,1,2025-10-31,1,80,0,0.95,prenhe
E-BO-000348,C-BO-M-00062-00,BO-M-00062,BO-R-0013,bovino,Senepol,Nelore,8.6,0,2.9,0.28,0.46,IATF,8,0,2023-08-09,1,-1,0,0.281,vazia
E-BO-000349,C-BO-M-00062-00,BO-M-00062,BO-R-0003,bovino,Senepol,Senepol,8.6,0,2.9,0.28,0.66,IATF,9,0,2023-09-08,2,-1,0,0.077,vazia
E-BO-000350,C-BO-M-00062-00,BO-M-00062,BO-R-0005,bovino,Senepol,Gir,8.6,0,2.9,0.28,0.72,convencional,10,1,2023-10-07,3,-1,0,0.195,vazia
E-BO-000351,C-BO-M-00062-01,BO-M-00062,BO-R-0007,bovino,Senepol,Angus,8.6,0,2.9,0.28,0.93,IATF,11,1,2023-11-24,1,-1,1,0.347,vazia
E-BO-000352,C-BO-M-00062-01,BO-M-00062,BO-R-0022,bovino,Senepol,Guzera,8.6,0,2.9,0.28,0.4,convencional,12,1,2023-12-17,2,-1,1,0.213,vazia
E-BO-000353,C-BO-M-00062-01,BO-M-00062,BO-R-0028,bovino,Senepol,Angus,8.6,0,2.9,0.28,0.91,IATF,1,1,2024-01-11,3,-1,1,0.197,prenhe
E-BO-000354,C-BO-M-00062-02,BO-M-00062,BO-R-0020,bovino,Senepol,Nelore,8.6,0,2.9,0.28,0.55,IATF,12,1,2024-12-29,1,70,0,0.31,vazia
E-BO-000355,C-BO-M-00062-02,BO-M-00062,BO-R-0014,bovino,Senepol,Gir,8.6,0,2.9,0.28,0.7,IATF,1,1,2025-01-29,2,101,0,0.37,vazia
E-BO-000356,C-BO-M-00062-02,BO-M-00062,BO-R-0036,bovino,Senepol,Guzera,8.6,0,2.9,0.28,0.72,IATF,3,1,2025-03-02,3,133,0,0.244,vazia
E-BO-000357,C-BO-M-00063-00,BO-M-00063,BO-R-0014,bovino,Brahman,Gir,6.7,4,4.0,0.59,0.7,IATF,4,0,2023-04-24,1,-1,0,0.581,prenhe
E-BO-000358,C-BO-M-00063-01,BO-M-00063,BO-R-0012,bovino,Brahman,Senepol,6.7,4,4.0,0.59,0.33,IATF,5,0,2024-05-09,1,98,0,0.51,vazia
E-BO-000359,C-BO-M-00063-01,BO-M-00063,BO-R-0010,bovino,Brahman,Gir,6.7,4,4.0,0.59,0.31,IATF,6,0,2024-06-04,2,124,0,0.476,vazia
E-BO-000360,C-BO-M-00063-01,BO-M-00063,BO-R-0038,bovino,Brahman,Senepol,6.7,4,4.0,0.59,0.52,IATF,6,0,2024-06-28,3,148,0,0.392,vazia
E-BO-000361,C-BO-M-00063-02,BO-M-00063,BO-R-0013,bovino,Brahman,Nelore,6.7,4,4.0,0.59,0.46,IATF,8,0,2024-08-24,1,205,1,0.464,vazia
E-BO-000362,C-BO-M-00063-02,BO-M-00063,BO-R-0039,bovino,Brahman,Senepol,6.7,4,4.0,0.59,0.53,IATF,9,0,2024-09-18,2,230,1,0.307,prenhe
E-BO-000363,C-BO-M-00063-03,BO-M-00063,BO-R-0014,bovino,Brahman,Gir,6.7,4,4.0,0.59,0.7,IATF,9,0,2025-09-20,1,84,0,0.532,vazia
E-BO-000364,C-BO-M-00063-03,BO-M-00063,BO-R-0039,bovino,Brahman,Senepol,6.7,4,4.0,0.59,0.53,IATF,10,1,2025-10-18,2,112,0,0.598,prenhe
E-BO-000365,C-BO-M-00064-00,BO-M-00064,BO-R-0027,bovino,Angus,Brahman,6.8,3,3.4,0.33,0.77,convencional,10,1,2023-10-04,1,-1,0,0.93,prenhe
E-BO-000366,C-BO-M-00064-01,BO-M-00064,BO-R-0008,bovino,Angus,Brahman,6.8,3,3.4,0.33,0.38,IATF,9,0,2024-09-26,1,75,0,0.497,prenhe
E-BO-000367,C-BO-M-00064-02,BO-M-00064,BO-R-0026,bovino,Angus,Mestico,6.8,3,3.4,0.33,0.64,IATF,10,1,2025-10-04,1,90,0,0.866,prenhe
E-BO-000368,C-BO-M-00065-00,BO-M-00065,BO-R-0038,bovino,Senepol,Senepol,7.0,3,3.1,0.84,0.52,IA_repasse,2,1,2023-02-28,1,-1,0,0.824,prenhe
E-BO-000369,C-BO-M-00065-01,BO-M-00065,BO-R-0030,bovino,Senepol,Nelore,7.0,3,3.1,0.84,0.8,IATF,2,1,2024-02-24,1,78,0,0.839,prenhe
E-BO-000370,C-BO-M-00065-02,BO-M-00065,BO-R-0032,bovino,Senepol,Brahman,7.0,3,3.1,0.84,0.75,IATF,3,1,2025-03-09,1,96,0,0.95,prenhe
E-BO-000371,C-BO-M-00065-03,BO-M-00065,BO-R-0018,bovino,Senepol,Nelore,7.0,3,3.1,0.84,0.82,IATF,3,1,2026-03-15,1,88,0,0.898,prenhe
E-BO-000372,C-BO-M-00066-00,BO-M-00066,BO-R-0039,bovino,Senepol,Senepol,7.9,4,3.8,0.71,0.53,convencional,8,0,2023-08-02,1,-1,0,0.675,vazia
E-BO-000373,C-BO-M-00066-00,BO-M-00066,BO-R-0024,bovino,Senepol,Nelore,7.9,4,3.8,0.71,0.68,IATF,9,0,2023-09-03,2,-1,0,0.496,vazia
E-BO-000374,C-BO-M-00066-00,BO-M-00066,BO-R-0024,bovino,Senepol,Nelore,7.9,4,3.8,0.71,0.68,IATF,9,0,2023-09-28,3,-1,0,0.377,vazia
E-BO-000375,C-BO-M-00066-01,BO-M-00066,BO-R-0014,bovino,Senepol,Gir,7.9,4,3.8,0.71,0.7,convencional,12,1,2023-12-03,1,-1,1,0.725,vazia
E-BO-000376,C-BO-M-00066-01,BO-M-00066,BO-R-0008,bovino,Senepol,Brahman,7.9,4,3.8,0.71,0.38,IATF,12,1,2023-12-24,2,-1,1,0.349,prenhe
E-BO-000377,C-BO-M-00066-02,BO-M-00066,BO-R-0013,bovino,Senepol,Nelore,7.9,4,3.8,0.71,0.46,IATF,12,1,2024-12-02,1,61,0,0.484,prenhe
E-BO-000378,C-BO-M-00066-03,BO-M-00066,BO-R-0023,bovino,Senepol,Brahman,7.9,4,3.8,0.71,0.35,convencional,12,1,2025-12-17,1,97,0,0.759,prenhe
E-BO-000379,C-BO-M-00067-00,BO-M-00067,BO-R-0028,bovino,Nelore,Angus,1.5,5,2.1,0.57,0.91,convencional,9,0,2023-09-15,1,-1,0,0.459,vazia
E-BO-000380,C-BO-M-00067-00,BO-M-00067,BO-R-0024,bovino,Nelore,Nelore,1.5,5,2.1,0.57,0.68,convencional,10,1,2023-10-12,2,-1,0,0.364,prenhe
E-BO-000381,C-BO-M-00067-01,BO-M-00067,BO-R-0006,bovino,Nelore,Angus,1.5,5,2.1,0.57,0.76,IATF,11,1,2024-11-01,1,103,0,0.489,vazia
E-BO-000382,C-BO-M-00067-01,BO-M-00067,BO-R-0031,bovino,Nelore,Nelore,1.5,5,2.1,0.57,0.88,IATF,11,1,2024-11-26,2,128,0,0.347,prenhe
E-BO-000383,C-BO-M-00067-02,BO-M-00067,BO-R-0014,bovino,Nelore,Gir,1.5,5,2.1,0.57,0.7,IATF,11,1,2025-11-15,1,71,0,0.219,prenhe
E-BO-000384,C-BO-M-00068-00,BO-M-00068,BO-R-0025,bovino,Nelore,Nelore,4.3,1,2.2,0.06,0.62,IA_repasse,7,0,2023-07-16,1,-1,0,0.14,vazia
E-BO-000385,C-BO-M-00068-00,BO-M-00068,BO-R-0008,bovino,Nelore,Brahman,4.3,1,2.2,0.06,0.38,IATF,8,0,2023-08-14,2,-1,0,0.112,vazia
E-BO-000386,C-BO-M-00068-00,BO-M-00068,BO-R-0013,bovino,Nelore,Nelore,4.3,1,2.2,0.06,0.46,IATF,9,0,2023-09-09,3,-1,0,0.05,vazia
E-BO-000387,C-BO-M-00068-01,BO-M-00068,BO-R-0031,bovino,Nelore,Nelore,4.3,1,2.2,0.06,0.88,IATF,11,1,2023-11-10,1,-1,1,0.431,prenhe
E-BO-000388,C-BO-M-00068-02,BO-M-00068,BO-R-0011,bovino,Nelore,Nelore,4.3,1,2.2,0.06,0.57,IATF,11,1,2024-11-20,1,93,0,0.575,prenhe
E-BO-000389,C-BO-M-00068-03,BO-M-00068,BO-R-0006,bovino,Nelore,Angus,4.3,1,2.2,0.06,0.76,convencional,12,1,2025-12-03,1,95,0,0.647,prenhe
E-BO-000390,C-BO-M-00069-00,BO-M-00069,BO-R-0029,bovino,Nelore,Nelore,5.9,2,3.6,0.35,0.78,IATF,4,0,2023-04-10,1,-1,0,0.571,vazia
E-BO-000391,C-BO-M-00069-00,BO-M-00069,BO-R-0021,bovino,Nelore,Nelore,5.9,2,3.6,0.35,0.68,convencional,5,0,2023-05-01,2,-1,0,0.571,prenhe
E-BO-000392,C-BO-M-00069-01,BO-M-00069,BO-R-0025,bovino,Nelore,Nelore,5.9,2,3.6,0.35,0.62,IATF,4,0,2024-04-28,1,80,0,0.508,vazia
E-BO-000393,C-BO-M-00069-01,BO-M-00069,BO-R-0011,bovino,Nelore,Nelore,5.9,2,3.6,0.35,0.57,IATF,5,0,2024-05-24,2,106,0,0.469,vazia
E-BO-000394,C-BO-M-00069-01,BO-M-00069,BO-R-0038,bovino,Nelore,Senepol,5.9,2,3.6,0.35,0.52,IATF,6,0,2024-06-21,3,134,0,0.333,vazia
E-BO-000395,C-BO-M-00069-02,BO-M-00069,BO-R-0021,bovino,Nelore,Nelore,5.9,2,3.6,0.35,0.68,IATF,7,0,2024-07-26,1,169,1,0.503,prenhe
E-BO-000396,C-BO-M-00069-03,BO-M-00069,BO-R-0012,bovino,Nelore,Senepol,5.9,2,3.6,0.35,0.33,IATF,7,0,2025-07-25,1,81,0,0.264,vazia
E-BO-000397,C-BO-M-00069-03,BO-M-00069,BO-R-0010,bovino,Nelore,Gir,5.9,2,3.6,0.35,0.31,IATF,8,0,2025-08-21,2,108,0,0.337,prenhe
E-BO-000398,C-BO-M-00070-00,BO-M-00070,BO-R-0004,bovino,Nelore,Brahman,4.0,1,3.2,0.69,0.56,IATF,10,1,2023-10-17,1,-1,0,0.757,prenhe
E-BO-000399,C-BO-M-00070-01,BO-M-00070,BO-R-0000,bovino,Nelore,Senepol,4.0,1,3.2,0.69,0.48,IATF,10,1,2024-10-23,1,89,0,0.677,prenhe
E-BO-000400,C-BO-M-00070-02,BO-M-00070,BO-R-0028,bovino,Nelore,Angus,4.0,1,3.2,0.69,0.91,convencional,10,1,2025-10-17,1,76,0,0.95,prenhe
E-BO-000401,C-BO-M-00071-00,BO-M-00071,BO-R-0003,bovino,Nelore,Senepol,8.6,3,3.3,0.79,0.66,IATF,2,1,2023-02-14,1,-1,0,0.713,vazia
E-BO-000402,C-BO-M-00071-00,BO-M-00071,BO-R-0037,bovino,Nelore,Brahman,8.6,3,3.3,0.79,0.45,IATF,3,1,2023-03-17,2,-1,0,0.49,vazia
E-BO-000403,C-BO-M-00071-00,BO-M-00071,BO-R-0032,bovino,Nelore,Brahman,8.6,3,3.3,0.79,0.75,IATF,4,0,2023-04-07,3,-1,0,0.469,prenhe
E-BO-000404,C-BO-M-00071-01,BO-M-00071,BO-R-0038,bovino,Nelore,Senepol,8.6,3,3.3,0.79,0.52,IATF,5,0,2024-05-11,1,117,0,0.723,prenhe
E-BO-000405,C-BO-M-00072-00,BO-M-00072,BO-R-0008,bovino,Gir,Brahman,5.3,2,2.5,0.77,0.38,convencional,4,0,2023-04-26,1,-1,0,0.67,vazia
E-BO-000406,C-BO-M-00072-00,BO-M-00072,BO-R-0031,bovino,Gir,Nelore,5.3,2,2.5,0.77,0.88,IATF,5,0,2023-05-17,2,-1,0,0.571,prenhe
E-BO-000407,C-BO-M-00072-01,BO-M-00072,BO-R-0008,bovino,Gir,Brahman,5.3,2,2.5,0.77,0.38,IATF,5,0,2024-05-01,1,67,0,0.388,vazia
E-BO-000408,C-BO-M-00072-01,BO-M-00072,BO-R-0038,bovino,Gir,Senepol,5.3,2,2.5,0.77,0.52,convencional,5,0,2024-05-22,2,88,0,0.468,prenhe
E-BO-000409,C-BO-M-00072-02,BO-M-00072,BO-R-0007,bovino,Gir,Angus,5.3,2,2.5,0.77,0.93,IA_repasse,6,0,2025-06-22,1,113,0,0.739,prenhe
E-BO-000410,C-BO-M-00073-00,BO-M-00073,BO-R-0012,bovino,Nelore,Senepol,7.9,2,3.2,0.23,0.33,IATF,2,1,2023-02-21,1,-1,0,0.589,prenhe
E-BO-000411,C-BO-M-00073-01,BO-M-00073,BO-R-0038,bovino,Nelore,Senepol,7.9,2,3.2,0.23,0.52,IATF,1,1,2024-01-31,1,61,0,0.587,prenhe
E-BO-000412,C-BO-M-00073-02,BO-M-00073,BO-R-0030,bovino,Nelore,Nelore,7.9,2,3.2,0.23,0.8,convencional,2,1,2025-02-25,1,108,0,0.94,prenhe
E-BO-000413,C-BO-M-00073-03,BO-M-00073,BO-R-0026,bovino,Nelore,Mestico,7.9,2,3.2,0.23,0.64,convencional,3,1,2026-03-12,1,97,0,0.95,prenhe
E-BO-000414,C-BO-M-00074-00,BO-M-00074,BO-R-0006,bovino,Nelore,Angus,8.7,4,4.2,0.61,0.76,IATF,5,0,2023-05-21,1,-1,0,0.349,prenhe
E-BO-000415,C-BO-M-00074-01,BO-M-00074,BO-R-0006,bovino,Nelore,Angus,8.7,4,4.2,0.61,0.76,IATF,5,0,2024-05-04,1,66,0,0.349,vazia
E-BO-000416,C-BO-M-00074-01,BO-M-00074,BO-R-0012,bovino,Nelore,Senepol,8.7,4,4.2,0.61,0.33,IATF,6,0,2024-06-02,2,95,0,0.159,vazia
E-BO-000417,C-BO-M-00074-01,BO-M-00074,BO-R-0029,bovino,Nelore,Nelore,8.7,4,4.2,0.61,0.78,IATF,6,0,2024-06-30,3,123,0,0.259,prenhe
E-BO-000418,C-BO-M-00074-02,BO-M-00074,BO-R-0039,bovino,Nelore,Senepol,8.7,4,4.2,0.61,0.53,IATF,7,0,2025-07-20,1,102,0,0.348,prenhe
E-BO-000419,C-BO-M-00075-00,BO-M-00075,BO-R-0036,bovino,Nelore,Guzera,5.5,2,3.6,0.75,0.72,convencional,5,0,2023-05-09,1,-1,0,0.797,prenhe
E-BO-000420,C-BO-M-00075-01,BO-M-00075,BO-R-0006,bovino,Nelore,Angus,5.5,2,3.6,0.75,0.76,IATF,5,0,2024-05-30,1,104,0,0.755,prenhe
E-BO-000421,C-BO-M-00075-02,BO-M-00075,BO-R-0014,bovino,Nelore,Gir,5.5,2,3.6,0.75,0.7,IATF,5,0,2025-05-30,1,82,0,0.591,prenhe
E-BO-000422,C-BO-M-00076-00,BO-M-00076,BO-R-0004,bovino,Nelore,Brahman,9.2,2,3.3,0.22,0.56,IATF,4,0,2023-04-06,1,-1,0,0.435,vazia
E-BO-000423,C-BO-M-00076-00,BO-M-00076,BO-R-0024,bovino,Nelore,Nelore,9.2,2,3.3,0.22,0.68,convencional,5,0,2023-05-04,2,-1,0,0.644,vazia
E-BO-000424,C-BO-M-00076-00,BO-M-00076,BO-R-0006,bovino,Nelore,Angus,9.2,2,3.3,0.22,0.76,IATF,6,0,2023-06-03,3,-1,0,0.321,vazia
E-BO-000425,C-BO-M-00076-01,BO-M-00076,BO-R-0038,bovino,Nelore,Senepol,9.2,2,3.3,0.22,0.52,IATF,7,0,2023-07-25,1,-1,1,0.344,prenhe
E-BO-000426,C-BO-M-00076-02,BO-M-00076,BO-R-0031,bovino,Nelore,Nelore,9.2,2,3.3,0.22,0.88,IATF,8,0,2024-08-27,1,116,0,0.686,vazia
E-BO-000427,C-BO-M-00076-02,BO-M-00076,BO-R-0014,bovino,Nelore,Gir,9.2,2,3.3,0.22,0.7,IATF,9,0,2024-09-21,2,141,0,0.514,vazia
E-BO-000428,C-BO-M-00076-02,BO-M-00076,BO-R-0019,bovino,Nelore,Brahman,9.2,2,3.3,0.22,0.55,IATF,10,1,2024-10-12,3,162,0,0.383,vazia
E-BO-000429,C-BO-M-00076-03,BO-M-00076,BO-R-0000,bovino,Nelore,Senepol,9.2,2,3.3,0.22,0.48,convencional,12,1,2024-12-01,1,212,1,0.624,prenhe
E-BO-000430,C-BO-M-00076-04,BO-M-00076,BO-R-0015,bovino,Nelore,Angus,9.2,2,3.3,0.22,0.51,convencional,12,1,2025-12-12,1,93,0,0.746,prenhe
E-BO-000431,C-BO-M-00077-00,BO-M-00077,BO-R-0000,bovino,Angus,Senepol,6.3,2,3.0,0.55,0.48,convencional,2,1,2023-02-08,1,-1,0,0.815,vazia
E-BO-000432,C-BO-M-00077-00,BO-M-00077,BO-R-0029,bovino,Angus,Nelore,6.3,2,3.0,0.55,0.78,IATF,3,1,2023-03-09,2,-1,0,0.753,prenhe
E-BO-000433,C-BO-M-00077-01,BO-M-00077,BO-R-0000,bovino,Angus,Senepol,6.3,2,3.0,0.55,0.48,IATF,3,1,2024-03-14,1,88,0,0.621,prenhe
E-BO-000434,C-BO-M-00077-02,BO-M-00077,BO-R-0017,bovino,Angus,Nelore,6.3,2,3.0,0.55,0.35,IATF,3,1,2025-03-14,1,82,0,0.502,vazia
E-BO-000435,C-BO-M-00077-02,BO-M-00077,BO-R-0033,bovino,Angus,Nelore,6.3,2,3.0,0.55,0.79,IATF,4,0,2025-04-12,2,111,0,0.822,prenhe
E-BO-000436,C-BO-M-00078-00,BO-M-00078,BO-R-0026,bovino,Senepol,Mestico,8.7,1,3.0,0.6,0.64,IATF,6,0,2023-06-15,1,-1,0,0.623,prenhe
E-BO-000437,C-BO-M-00078-01,BO-M-00078,BO-R-0018,bovino,Senepol,Nelore,8.7,1,3.0,0.6,0.82,convencional,7,0,2024-07-03,1,101,0,0.917,prenhe
E-BO-000438,C-BO-M-00078-02,BO-M-00078,BO-R-0021,bovino,Senepol,Nelore,8.7,1,3.0,0.6,0.68,IATF,7,0,2025-07-21,1,100,0,0.611,prenhe
E-BO-000439,C-BO-M-00079-00,BO-M-00079,BO-R-0007,bovino,Brahman,Angus,4.1,0,2.1,0.49,0.93,IATF,3,1,2023-03-30,1,-1,0,0.583,vazia
E-BO-000440,C-BO-M-00079-00,BO-M-00079,BO-R-0015,bovino,Brahman,Angus,4.1,0,2.1,0.49,0.51,IATF,4,0,2023-04-28,2,-1,0,0.089,prenhe
E-BO-000441,C-BO-M-00079-01,BO-M-00079,BO-R-0015,bovino,Brahman,Angus,4.1,0,2.1,0.49,0.51,IATF,4,0,2024-04-17,1,72,0,0.263,vazia
E-BO-000442,C-BO-M-00079-01,BO-M-00079,BO-R-0020,bovino,Brahman,Nelore,4.1,0,2.1,0.49,0.55,convencional,5,0,2024-05-15,2,100,0,0.381,prenhe
E-BO-000443,C-BO-M-00079-02,BO-M-00079,BO-R-0037,bovino,Brahman,Brahman,4.1,0,2.1,0.49,0.45,IATF,5,0,2025-05-20,1,87,0,0.19,vazia
E-BO-000444,C-BO-M-00079-02,BO-M-00079,BO-R-0022,bovino,Brahman,Guzera,4.1,0,2.1,0.49,0.4,IATF,6,0,2025-06-15,2,113,0,0.198,prenhe
E-BO-000445,C-BO-M-00080-00,BO-M-00080,BO-R-0012,bovino,Angus,Senepol,5.5,4,3.3,0.18,0.33,IATF,2,1,2023-02-04,1,-1,0,0.596,prenhe
E-BO-000446,C-BO-M-00080-01,BO-M-00080,BO-R-0025,bovino,Angus,Nelore,5.5,4,3.3,0.18,0.62,IATF,3,1,2024-03-06,1,113,0,0.848,prenhe
E-BO-000447,C-BO-M-00080-02,BO-M-00080,BO-R-0024,bovino,Angus,Nelore,5.5,4,3.3,0.18,0.68,IATF,3,1,2025-03-24,1,100,0,0.828,vazia
E-BO-000448,C-BO-M-00080-02,BO-M-00080,BO-R-0004,bovino,Angus,Brahman,5.5,4,3.3,0.18,0.56,IATF,4,0,2025-04-24,2,131,0,0.523,prenhe
E-BO-000449,C-BO-M-00080-03,BO-M-00080,BO-R-0037,bovino,Angus,Brahman,5.5,4,3.3,0.18,0.45,convencional,4,0,2026-04-09,1,67,0,0.62,vazia
E-BO-000450,C-BO-M-00080-03,BO-M-00080,BO-R-0004,bovino,Angus,Brahman,5.5,4,3.3,0.18,0.56,IA_repasse,4,0,2026-04-30,2,88,0,0.375,prenhe
E-BO-000451,C-BO-M-00081-00,BO-M-00081,BO-R-0014,bovino,Nelore,Gir,5.8,0,3.6,0.48,0.7,IATF,3,1,2023-03-07,1,-1,0,0.494,vazia
E-BO-000452,C-BO-M-00081-00,BO-M-00081,BO-R-0001,bovino,Nelore,Nelore,5.8,0,3.6,0.48,0.66,IATF,4,0,2023-04-04,2,-1,0,0.273,prenhe
E-BO-000453,C-BO-M-00081-01,BO-M-00081,BO-R-0033,bovino,Nelore,Nelore,5.8,0,3.6,0.48,0.79,IATF,4,0,2024-04-22,1,101,0,0.637,prenhe
E-BO-000454,C-BO-M-00081-02,BO-M-00081,BO-R-0015,bovino,Nelore,Angus,5.8,0,3.6,0.48,0.51,IATF,5,0,2025-05-27,1,117,0,0.557,vazia
E-BO-000455,C-BO-M-00081-02,BO-M-00081,BO-R-0017,bovino,Nelore,Nelore,5.8,0,3.6,0.48,0.35,IATF,6,0,2025-06-20,2,141,0,0.282,vazia
E-BO-000456,C-BO-M-00081-02,BO-M-00081,BO-R-0032,bovino,Nelore,Brahman,5.8,0,3.6,0.48,0.75,IATF,7,0,2025-07-11,3,162,0,0.318,prenhe
E-BO-000457,C-BO-M-00082-00,BO-M-00082,BO-R-0016,bovino,Gir,Nelore,1.9,1,2.4,0.48,0.58,IATF,8,0,2023-08-02,1,-1,0,0.16,vazia
E-BO-000458,C-BO-M-00082-00,BO-M-00082,BO-R-0016,bovino,Gir,Nelore,1.9,1,2.4,0.48,0.58,IATF,8,0,2023-08-30,2,-1,0,0.113,vazia
E-BO-000459,C-BO-M-00082-00,BO-M-00082,BO-R-0005,bovino,Gir,Gir,1.9,1,2.4,0.48,0.72,convencional,9,0,2023-09-26,3,-1,0,0.211,vazia
E-BO-000460,C-BO-M-00082-01,BO-M-00082,BO-R-0030,bovino,Gir,Nelore,1.9,1,2.4,0.48,0.8,convencional,11,1,2023-11-12,1,-1,1,0.471,prenhe
E-BO-000461,C-BO-M-00082-02,BO-M-00082,BO-R-0016,bovino,Gir,Nelore,1.9,1,2.4,0.48,0.58,convencional,11,1,2024-11-05,1,76,0,0.322,vazia
E-BO-000462,C-BO-M-00082-02,BO-M-00082,BO-R-0029,bovino,Gir,Nelore,1.9,1,2.4,0.48,0.78,convencional,11,1,2024-11-28,2,99,0,0.419,vazia
E-BO-000463,C-BO-M-00082-02,BO-M-00082,BO-R-0004,bovino,Gir,Brahman,1.9,1,2.4,0.48,0.56,IATF,12,1,2024-12-24,3,125,0,0.143,prenhe
E-BO-000464,C-BO-M-00082-03,BO-M-00082,BO-R-0037,bovino,Gir,Brahman,1.9,1,2.4,0.48,0.45,convencional,12,1,2025-12-12,1,70,0,0.332,vazia
E-BO-000465,C-BO-M-00082-03,BO-M-00082,BO-R-0020,bovino,Gir,Nelore,1.9,1,2.4,0.48,0.55,convencional,1,1,2026-01-07,2,96,0,0.387,vazia
E-BO-000466,C-BO-M-00082-03,BO-M-00082,BO-R-0004,bovino,Gir,Brahman,1.9,1,2.4,0.48,0.56,IATF,2,1,2026-02-01,3,121,0,0.063,vazia
E-BO-000467,C-BO-M-00083-00,BO-M-00083,BO-R-0014,bovino,Nelore,Gir,4.6,4,2.9,0.52,0.7,IATF,5,0,2023-05-29,1,-1,0,0.601,prenhe
E-BO-000468,C-BO-M-00083-01,BO-M-00083,BO-R-0028,bovino,Nelore,Angus,4.6,4,2.9,0.52,0.91,IATF,6,0,2024-06-11,1,96,0,0.745,prenhe
E-BO-000469,C-BO-M-00083-02,BO-M-00083,BO-R-0015,bovino,Nelore,Angus,4.6,4,2.9,0.52,0.51,IATF,6,0,2025-06-09,1,80,0,0.398,vazia
E-BO-000470,C-BO-M-00083-02,BO-M-00083,BO-R-0008,bovino,Nelore,Brahman,4.6,4,2.9,0.52,0.38,IATF,7,0,2025-07-10,2,111,0,0.396,prenhe
E-BO-000471,C-BO-M-00084-00,BO-M-00084,BO-R-0039,bovino,Nelore,Senepol,9.3,0,2.6,0.44,0.53,convencional,8,0,2023-08-20,1,-1,0,0.389,vazia
E-BO-000472,C-BO-M-00084-00,BO-M-00084,BO-R-0006,bovino,Nelore,Angus,9.3,0,2.6,0.44,0.76,IATF,9,0,2023-09-19,2,-1,0,0.274,vazia
E-BO-000473,C-BO-M-00084-00,BO-M-00084,BO-R-0024,bovino,Nelore,Nelore,9.3,0,2.6,0.44,0.68,IATF,10,1,2023-10-21,3,-1,0,0.161,vazia
E-BO-000474,C-BO-M-00084-01,BO-M-00084,BO-R-0025,bovino,Nelore,Nelore,9.3,0,2.6,0.44,0.62,IATF,12,1,2023-12-06,1,-1,1,0.165,vazia
E-BO-000475,C-BO-M-00084-01,BO-M-00084,BO-R-0037,bovino,Nelore,Brahman,9.3,0,2.6,0.44,0.45,IATF,1,1,2024-01-05,2,-1,1,0.176,vazia
E-BO-000476,C-BO-M-00084-01,BO-M-00084,BO-R-0010,bovino,Nelore,Gir,9.3,0,2.6,0.44,0.31,IA_repasse,1,1,2024-01-29,3,-1,1,0.05,vazia
E-BO-000477,C-BO-M-00084-02,BO-M-00084,BO-R-0022,bovino,Nelore,Guzera,9.3,0,2.6,0.44,0.4,IATF,4,0,2024-04-07,1,-1,2,0.064,prenhe
E-BO-000478,C-BO-M-00084-03,BO-M-00084,BO-R-0029,bovino,Nelore,Nelore,9.3,0,2.6,0.44,0.78,convencional,4,0,2025-04-12,1,87,0,0.447,prenhe
E-BO-000479,C-BO-M-00084-04,BO-M-00084,BO-R-0001,bovino,Nelore,Nelore,9.3,0,2.6,0.44,0.66,IATF,4,0,2026-04-19,1,89,0,0.222,vazia
E-BO-000480,C-BO-M-00085-00,BO-M-00085,BO-R-0011,bovino,Nelore,Nelore,6.7,3,2.7,0.46,0.57,IATF,3,1,2023-03-10,1,-1,0,0.563,vazia
E-BO-000481,C-BO-M-00085-00,BO-M-00085,BO-R-0009,bovino,Nelore,Gir,6.7,3,2.7,0.46,0.52,IATF,4,0,2023-04-07,2,-1,0,0.395,vazia
E-BO-000482,C-BO-M-00085-00,BO-M-00085,BO-R-0036,bovino,Nelore,Guzera,6.7,3,2.7,0.46,0.72,IATF,5,0,2023-05-04,3,-1,0,0.4,vazia
E-BO-000483,C-BO-M-00085-01,BO-M-00085,BO-R-0007,bovino,Nelore,Angus,6.7,3,2.7,0.46,0.93,IATF,6,0,2023-06-10,1,-1,1,0.462,vazia
E-BO-000484,C-BO-M-00085-01,BO-M-00085,BO-R-0017,bovino,Nelore,Nelore,6.7,3,2.7,0.46,0.35,convencional,7,0,2023-07-01,2,-1,1,0.316,prenhe
E-BO-000485,C-BO-M-00085-02,BO-M-00085,BO-R-0010,bovino,Nelore,Gir,6.7,3,2.7,0.46,0.31,IATF,6,0,2024-06-20,1,72,0,0.376,vazia
E-BO-000486,C-BO-M-00085-02,BO-M-00085,BO-R-0030,bovino,Nelore,Nelore,6.7,3,2.7,0.46,0.8,IATF,7,0,2024-07-20,2,102,0,0.497,vazia
E-BO-000487,C-BO-M-00085-02,BO-M-00085,BO-R-0002,bovino,Nelore,Brahman,6.7,3,2.7,0.46,0.3,IATF,8,0,2024-08-13,3,126,0,0.428,prenhe
E-BO-000488,C-BO-M-00085-03,BO-M-00085,BO-R-0004,bovino,Nelore,Brahman,6.7,3,2.7,0.46,0.56,IATF,9,0,2025-09-14,1,114,0,0.547,prenhe
E-BO-000489,C-BO-M-00086-00,BO-M-00086,BO-R-0005,bovino,Brahman,Gir,2.6,4,3.2,0.54,0.72,IATF,7,0,2023-07-19,1,-1,0,0.716,vazia
E-BO-000490,C-BO-M-00086-00,BO-M-00086,BO-R-0022,bovino,Brahman,Guzera,2.6,4,3.2,0.54,0.4,IATF,8,0,2023-08-13,2,-1,0,0.412,prenhe
E-BO-000491,C-BO-M-00086-01,BO-M-00086,BO-R-0021,bovino,Brahman,Nelore,2.6,4,3.2,0.54,0.68,IATF,9,0,2024-09-03,1,104,0,0.734,vazia
E-BO-000492,C-BO-M-00086-01,BO-M-00086,BO-R-0008,bovino,Brahman,Brahman,2.6,4,3.2,0.54,0.38,convencional,9,0,2024-09-30,2,131,0,0.637,prenhe
E-BO-000493,C-BO-M-00086-02,BO-M-00086,BO-R-0000,bovino,Brahman,Senepol,2.6,4,3.2,0.54,0.48,IATF,10,1,2025-10-25,1,107,0,0.67,vazia
E-BO-000494,C-BO-M-00086-02,BO-M-00086,BO-R-0007,bovino,Brahman,Angus,2.6,4,3.2,0.54,0.93,IATF,11,1,2025-11-18,2,131,0,0.687,prenhe
E-BO-000495,C-BO-M-00087-00,BO-M-00087,BO-R-0036,bovino,Senepol,Guzera,4.0,3,2.2,0.64,0.72,IATF,1,1,2023-01-14,1,-1,0,0.624,prenhe
E-BO-000496,C-BO-M-00087-01,BO-M-00087,BO-R-0022,bovino,Senepol,Guzera,4.0,3,2.2,0.64,0.4,IATF,1,1,2024-01-19,1,87,0,0.421,prenhe
E-BO-000497,C-BO-M-00087-02,BO-M-00087,BO-R-0011,bovino,Senepol,Nelore,4.0,3,2.2,0.64,0.57,IATF,2,1,2025-02-05,1,100,0,0.615,vazia
E-BO-000498,C-BO-M-00087-02,BO-M-00087,BO-R-0015,bovino,Senepol,Angus,4.0,3,2.2,0.64,0.51,IA_repasse,2,1,2025-02-27,2,122,0,0.419,prenhe
E-BO-000499,C-BO-M-00088-00,BO-M-00088,BO-R-0027,bovino,Nelore,Brahman,2.7,1,3.5,0.49,0.77,IATF,1,1,2023-01-29,1,-1,0,0.712,prenhe
E-BO-000500,C-BO-M-00088-01,BO-M-00088,BO-R-0017,bovino,Nelore,Nelore,2.7,1,3.5,0.49,0.35,IATF,3,1,2024-03-04,1,117,0,0.54,vazia
E-BO-000501,C-BO-M-00088-01,BO-M-00088,BO-R-0008,bovino,Nelore,Brahman,2.7,1,3.5,0.49,0.38,convencional,4,0,2024-04-04,2,148,0,0.498,prenhe
E-BO-000502,C-BO-M-00088-02,BO-M-00088,BO-R-0034,bovino,Nelore,Nelore,2.7,1,3.5,0.49,0.63,IATF,3,1,2025-03-30,1,77,0,0.53,vazia
E-BO-000503,C-BO-M-00088-02,BO-M-00088,BO-R-0039,bovino,Nelore,Senepol,2.7,1,3.5,0.49,0.53,IATF,5,0,2025-05-01,2,109,0,0.503,prenhe
E-BO-000504,C-BO-M-00088-03,BO-M-00088,BO-R-0032,bovino,Nelore,Brahman,2.7,1,3.5,0.49,0.75,IATF,4,0,2026-04-23,1,74,0,0.51,vazia
E-BO-000505,C-BO-M-00089-00,BO-M-00089,BO-R-0001,bovino,Senepol,Nelore,1.2,0,3.6,0.47,0.66,convencional,3,1,2023-03-15,1,-1,0,0.488,prenhe
E-BO-000506,C-BO-M-00089-01,BO-M-00089,BO-R-0035,bovino,Senepol,Brahman,1.2,0,3.6,0.47,0.74,convencional,3,1,2024-03-14,1,82,0,0.436,prenhe
E-BO-000507,C-BO-M-00089-02,BO-M-00089,BO-R-0020,bovino,Senepol,Nelore,1.2,0,3.6,0.47,0.55,IATF,3,1,2025-03-13,1,81,0,0.363,vazia
E-BO-000508,C-BO-M-00089-02,BO-M-00089,BO-R-0031,bovino,Senepol,Nelore,1.2,0,3.6,0.47,0.88,IATF,4,0,2025-04-12,2,111,0,0.392,vazia
E-BO-000509,C-BO-M-00089-02,BO-M-00089,BO-R-0032,bovino,Senepol,Brahman,1.2,0,3.6,0.47,0.75,IATF,5,0,2025-05-04,3,133,0,0.14,vazia
E-BO-000510,C-BO-M-00089-03,BO-M-00089,BO-R-0026,bovino,Senepol,Mestico,1.2,0,3.6,0.47,0.64,IA_repasse,6,0,2025-06-16,1,176,1,0.088,vazia
E-BO-000511,C-BO-M-00089-03,BO-M-00089,BO-R-0023,bovino,Senepol,Brahman,1.2,0,3.6,0.47,0.35,IATF,7,0,2025-07-14,2,204,1,0.05,vazia
E-BO-000512,C-BO-M-00089-03,BO-M-00089,BO-R-0008,bovino,Senepol,Brahman,1.2,0,3.6,0.47,0.38,convencional,8,0,2025-08-11,3,232,1,0.05,vazia
E-BO-000513,C-BO-M-00089-04,BO-M-00089,BO-R-0017,bovino,Senepol,Nelore,1.2,0,3.6,0.47,0.35,IA_repasse,9,0,2025-09-17,1,269,2,0.05,vazia
E-BO-000514,C-BO-M-00089-04,BO-M-00089,BO-R-0017,bovino,Senepol,Nelore,1.2,0,3.6,0.47,0.35,IATF,10,1,2025-10-16,2,298,2,0.05,vazia
E-BO-000515,C-BO-M-00089-04,BO-M-00089,BO-R-0012,bovino,Senepol,Senepol,1.2,0,3.6,0.47,0.33,convencional,11,1,2025-11-10,3,323,2,0.05,vazia
E-BO-000516,C-BO-M-00089-05,BO-M-00089,BO-R-0002,bovino,Senepol,Brahman,1.2,0,3.6,0.47,0.3,IATF,1,1,2026-01-07,1,381,3,0.05,vazia
E-BO-000517,C-BO-M-00089-05,BO-M-00089,BO-R-0020,bovino,Senepol,Nelore,1.2,0,3.6,0.47,0.55,IATF,1,1,2026-01-29,2,403,3,0.05,vazia
E-BO-000518,C-BO-M-00089-05,BO-M-00089,BO-R-0021,bovino,Senepol,Nelore,1.2,0,3.6,0.47,0.68,convencional,2,1,2026-02-22,3,427,3,0.05,vazia
E-BO-000519,C-BO-M-00090-00,BO-M-00090,BO-R-0031,bovino,Nelore,Nelore,9.3,5,3.1,0.57,0.88,IATF,8,0,2023-08-30,1,-1,0,0.733,vazia
E-BO-000520,C-BO-M-00090-00,BO-M-00090,BO-R-0029,bovino,Nelore,Nelore,9.3,5,3.1,0.57,0.78,IATF,9,0,2023-09-20,2,-1,0,0.436,prenhe
E-BO-000521,C-BO-M-00090-01,BO-M-00090,BO-R-0019,bovino,Nelore,Brahman,9.3,5,3.1,0.57,0.55,convencional,10,1,2024-10-20,1,113,0,0.69,prenhe
E-BO-000522,C-BO-M-00090-02,BO-M-00090,BO-R-0007,bovino,Nelore,Angus,9.3,5,3.1,0.57,0.93,IATF,11,1,2025-11-21,1,114,0,0.769,prenhe
E-BO-000523,C-BO-M-00091-00,BO-M-00091,BO-R-0033,bovino,Angus,Nelore,5.0,1,2.0,0.17,0.79,IATF,1,1,2023-01-14,1,-1,0,0.443,prenhe
E-BO-000524,C-BO-M-00091-01,BO-M-00091,BO-R-0001,bovino,Angus,Nelore,5.0,1,2.0,0.17,0.66,IATF,12,1,2023-12-28,1,65,0,0.371,vazia
E-BO-000525,C-BO-M-00091-01,BO-M-00091,BO-R-0018,bovino,Angus,Nelore,5.0,1,2.0,0.17,0.82,IATF,1,1,2024-01-27,2,95,0,0.395,vazia
E-BO-000526,C-BO-M-00091-01,BO-M-00091,BO-R-0026,bovino,Angus,Mestico,5.0,1,2.0,0.17,0.64,IATF,2,1,2024-02-17,3,116,0,0.25,prenhe
E-BO-000527,C-BO-M-00091-02,BO-M-00091,BO-R-0018,bovino,Angus,Nelore,5.0,1,2.0,0.17,0.82,convencional,2,1,2025-02-15,1,81,0,0.496,vazia
E-BO-000528,C-BO-M-00091-02,BO-M-00091,BO-R-0027,bovino,Angus,Brahman,5.0,1,2.0,0.17,0.77,IATF,3,1,2025-03-15,2,109,0,0.437,vazia
E-BO-000529,C-BO-M-00091-02,BO-M-00091,BO-R-0007,bovino,Angus,Angus,5.0,1,2.0,0.17,0.93,IATF,4,0,2025-04-06,3,131,0,0.288,vazia
E-BO-000530,C-BO-M-00092-00,BO-M-00092,BO-R-0031,bovino,Nelore,Nelore,3.8,4,2.7,0.65,0.88,IATF,4,0,2023-04-20,1,-1,0,0.647,vazia
E-BO-000531,C-BO-M-00092-00,BO-M-00092,BO-R-0015,bovino,Nelore,Angus,3.8,4,2.7,0.65,0.51,IATF,5,0,2023-05-22,2,-1,0,0.47,vazia
E-BO-000532,C-BO-M-00092-00,BO-M-00092,BO-R-0037,bovino,Nelore,Brahman,3.8,4,2.7,0.65,0.45,IATF,6,0,2023-06-19,3,-1,0,0.299,vazia
E-BO-000533,C-BO-M-00092-01,BO-M-00092,BO-R-0034,bovino,Nelore,Nelore,3.8,4,2.7,0.65,0.63,convencional,8,0,2023-08-05,1,-1,1,0.693,vazia
E-BO-000534,C-BO-M-00092-01,BO-M-00092,BO-R-0002,bovino,Nelore,Brahman,3.8,4,2.7,0.65,0.3,convencional,9,0,2023-09-01,2,-1,1,0.306,vazia
E-BO-000535,C-BO-M-00092-01,BO-M-00092,BO-R-0015,bovino,Nelore,Angus,3.8,4,2.7,0.65,0.51,convencional,9,0,2023-09-30,3,-1,1,0.296,vazia
E-BO-000536,C-BO-M-00092-02,BO-M-00092,BO-R-0028,bovino,Nelore,Angus,3.8,4,2.7,0.65,0.91,IATF,11,1,2023-11-06,1,-1,2,0.633,vazia
E-BO-000537,C-BO-M-00092-02,BO-M-00092,BO-R-0002,bovino,Nelore,Brahman,3.8,4,2.7,0.65,0.3,IATF,12,1,2023-12-02,2,-1,2,0.168,vazia
E-BO-000538,C-BO-M-00092-02,BO-M-00092,BO-R-0002,bovino,Nelore,Brahman,3.8,4,2.7,0.65,0.3,IATF,12,1,2023-12-29,3,-1,2,0.213,vazia
E-BO-000539,C-BO-M-00092-03,BO-M-00092,BO-R-0008,bovino,Nelore,Brahman,3.8,4,2.7,0.65,0.38,IATF,1,1,2024-01-29,1,-1,3,0.308,vazia
E-BO-000540,C-BO-M-00092-03,BO-M-00092,BO-R-0027,bovino,Nelore,Brahman,3.8,4,2.7,0.65,0.77,IATF,2,1,2024-02-19,2,-1,3,0.276,prenhe
E-BO-000541,C-BO-M-00093-00,BO-M-00093,BO-R-0035,bovino,Nelore,Brahman,6.4,1,3.8,0.55,0.74,IATF,10,1,2023-10-11,1,-1,0,0.647,vazia
E-BO-000542,C-BO-M-00093-00,BO-M-00093,BO-R-0011,bovino,Nelore,Nelore,6.4,1,3.8,0.55,0.57,IATF,11,1,2023-11-04,2,-1,0,0.4,vazia
E-BO-000543,C-BO-M-00093-00,BO-M-00093,BO-R-0015,bovino,Nelore,Angus,6.4,1,3.8,0.55,0.51,IATF,12,1,2023-12-05,3,-1,0,0.322,prenhe
E-BO-000544,C-BO-M-00093-01,BO-M-00093,BO-R-0028,bovino,Nelore,Angus,6.4,1,3.8,0.55,0.91,convencional,12,1,2024-12-03,1,81,0,0.731,prenhe
E-BO-000545,C-BO-M-00093-02,BO-M-00093,BO-R-0019,bovino,Nelore,Brahman,6.4,1,3.8,0.55,0.55,convencional,11,1,2025-11-19,1,68,0,0.643,prenhe
E-BO-000546,C-BO-M-00094-00,BO-M-00094,BO-R-0033,bovino,Nelore,Nelore,1.1,0,1.8,0.56,0.79,IATF,6,0,2023-06-25,1,-1,0,0.244,vazia
E-BO-000547,C-BO-M-00094-00,BO-M-00094,BO-R-0006,bovino,Nelore,Angus,1.1,0,1.8,0.56,0.76,IATF,7,0,2023-07-18,2,-1,0,0.157,vazia
E-BO-000548,C-BO-M-00094-00,BO-M-00094,BO-R-0035,bovino,Nelore,Brahman,1.1,0,1.8,0.56,0.74,convencional,8,0,2023-08-16,3,-1,0,0.266,vazia
E-BO-000549,C-BO-M-00094-01,BO-M-00094,BO-R-0005,bovino,Nelore,Gir,1.1,0,1.8,0.56,0.72,IATF,10,1,2023-10-02,1,-1,1,0.257,vazia
E-BO-000550,C-BO-M-00094-01,BO-M-00094,BO-R-0030,bovino,Nelore,Nelore,1.1,0,1.8,0.56,0.8,convencional,11,1,2023-11-02,2,-1,1,0.351,vazia
E-BO-000551,C-BO-M-00094-01,BO-M-00094,BO-R-0019,bovino,Nelore,Brahman,1.1,0,1.8,0.56,0.55,IATF,11,1,2023-11-25,3,-1,1,0.05,vazia
E-BO-000552,C-BO-M-00094-02,BO-M-00094,BO-R-0003,bovino,Nelore,Senepol,1.1,0,1.8,0.56,0.66,convencional,1,1,2024-01-04,1,-1,2,0.314,vazia
E-BO-000553,C-BO-M-00094-02,BO-M-00094,BO-R-0005,bovino,Nelore,Gir,1.1,0,1.8,0.56,0.72,IATF,1,1,2024-01-29,2,-1,2,0.05,vazia
E-BO-000554,C-BO-M-00094-02,BO-M-00094,BO-R-0022,bovino,Nelore,Guzera,1.1,0,1.8,0.56,0.4,convencional,3,1,2024-03-01,3,-1,2,0.05,prenhe
E-BO-000555,C-BO-M-00094-03,BO-M-00094,BO-R-0031,bovino,Nelore,Nelore,1.1,0,1.8,0.56,0.88,convencional,3,1,2025-03-27,1,108,0,0.545,vazia
E-BO-000556,C-BO-M-00094-03,BO-M-00094,BO-R-0033,bovino,Nelore,Nelore,1.1,0,1.8,0.56,0.79,IATF,4,0,2025-04-21,2,133,0,0.29,vazia
E-BO-000557,C-BO-M-00094-03,BO-M-00094,BO-R-0027,bovino,Nelore,Brahman,1.1,0,1.8,0.56,0.77,IATF,5,0,2025-05-13,3,155,0,0.101,vazia
E-BO-000558,C-BO-M-00095-00,BO-M-00095,BO-R-0028,bovino,Angus,Angus,3.5,4,3.0,0.74,0.91,IATF,2,1,2023-02-24,1,-1,0,0.95,prenhe
E-BO-000559,C-BO-M-00095-01,BO-M-00095,BO-R-0010,bovino,Angus,Gir,3.5,4,3.0,0.74,0.31,convencional,3,1,2024-03-07,1,94,0,0.88,prenhe
E-BO-000560,C-BO-M-00095-02,BO-M-00095,BO-R-0019,bovino,Angus,Brahman,3.5,4,3.0,0.74,0.55,IATF,4,0,2025-04-01,1,107,0,0.846,vazia
E-BO-000561,C-BO-M-00095-02,BO-M-00095,BO-R-0023,bovino,Angus,Brahman,3.5,4,3.0,0.74,0.35,IATF,5,0,2025-05-02,2,138,0,0.681,prenhe
E-BO-000562,C-BO-M-00096-00,BO-M-00096,BO-R-0028,bovino,Nelore,Angus,7.3,5,2.6,0.16,0.91,IATF,4,0,2023-04-08,1,-1,0,0.506,prenhe
E-BO-000563,C-BO-M-00096-01,BO-M-00096,BO-R-0008,bovino,Nelore,Brahman,7.3,5,2.6,0.16,0.38,IATF,5,0,2024-05-06,1,111,0,0.413,prenhe
E-BO-000564,C-BO-M-00096-02,BO-M-00096,BO-R-0035,bovino,Nelore,Brahman,7.3,5,2.6,0.16,0.74,convencional,6,0,2025-06-03,1,110,0,0.659,prenhe
E-BO-000565,C-BO-M-00097-00,BO-M-00097,BO-R-0028,bovino,Nelore,Angus,6.7,5,3.6,0.16,0.91,IA_repasse,7,0,2023-07-27,1,-1,0,0.397,vazia
E-BO-000566,C-BO-M-00097-00,BO-M-00097,BO-R-0015,bovino,Nelore,Angus,6.7,5,3.6,0.16,0.51,convencional,8,0,2023-08-27,2,-1,0,0.324,vazia
E-BO-000567,C-BO-M-00097-00,BO-M-00097,BO-R-0037,bovino,Nelore,Brahman,6.7,5,3.6,0.16,0.45,IATF,9,0,2023-09-26,3,-1,0,0.061,vazia
E-BO-000568,C-BO-M-00097-01,BO-M-00097,BO-R-0003,bovino,Nelore,Senepol,6.7,5,3.6,0.16,0.66,convencional,11,1,2023-11-23,1,-1,1,0.487,vazia
E-BO-000569,C-BO-M-00097-01,BO-M-00097,BO-R-0017,bovino,Nelore,Nelore,6.7,5,3.6,0.16,0.35,convencional,12,1,2023-12-21,2,-1,1,0.272,prenhe
E-BO-000570,C-BO-M-00097-02,BO-M-00097,BO-R-0034,bovino,Nelore,Nelore,6.7,5,3.6,0.16,0.63,IATF,1,1,2025-01-23,1,116,0,0.6,prenhe
E-BO-000571,C-BO-M-00097-03,BO-M-00097,BO-R-0038,bovino,Nelore,Senepol,6.7,5,3.6,0.16,0.52,IATF,1,1,2026-01-08,1,67,0,0.408,vazia
E-BO-000572,C-BO-M-00097-03,BO-M-00097,BO-R-0030,bovino,Nelore,Nelore,6.7,5,3.6,0.16,0.8,IATF,1,1,2026-01-31,2,90,0,0.588,vazia
E-BO-000573,C-BO-M-00097-03,BO-M-00097,BO-R-0024,bovino,Nelore,Nelore,6.7,5,3.6,0.16,0.68,IA_repasse,2,1,2026-02-21,3,111,0,0.195,prenhe
E-BO-000574,C-BO-M-00098-00,BO-M-00098,BO-R-0023,bovino,Nelore,Brahman,9.8,4,2.9,0.6,0.35,IATF,7,0,2023-07-17,1,-1,0,0.306,vazia
E-BO-000575,C-BO-M-00098-00,BO-M-00098,BO-R-0006,bovino,Nelore,Angus,9.8,4,2.9,0.6,0.76,IATF,8,0,2023-08-09,2,-1,0,0.337,vazia
E-BO-000576,C-BO-M-00098-00,BO-M-00098,BO-R-0002,bovino,Nelore,Brahman,9.8,4,2.9,0.6,0.3,IATF,9,0,2023-09-07,3,-1,0,0.192,prenhe
E-BO-000577,C-BO-M-00099-00,BO-M-00099,BO-R-0033,bovino,Mestico,Nelore,6.6,1,3.4,0.55,0.79,IATF,9,0,2023-09-19,1,-1,0,0.709,vazia
E-BO-000578,C-BO-M-00099-00,BO-M-00099,BO-R-0029,bovino,Mestico,Nelore,6.6,1,3.4,0.55,0.78,IATF,10,1,2023-10-16,2,-1,0,0.646,vazia
E-BO-000579,C-BO-M-00099-00,BO-M-00099,BO-R-0019,bovino,Mestico,Brahman,6.6,1,3.4,0.55,0.55,IATF,11,1,2023-11-08,3,-1,0,0.502,vazia
E-BO-000580,C-BO-M-00099-01,BO-M-00099,BO-R-0024,bovino,Mestico,Nelore,6.6,1,3.4,0.55,0.68,IATF,12,1,2023-12-15,1,-1,1,0.678,prenhe
E-BO-000581,C-BO-M-00099-02,BO-M-00099,BO-R-0037,bovino,Mestico,Brahman,6.6,1,3.4,0.55,0.45,convencional,1,1,2025-01-15,1,114,0,0.869,vazia
E-BO-000582,C-BO-M-00099-02,BO-M-00099,BO-R-0023,bovino,Mestico,Brahman,6.6,1,3.4,0.55,0.35,IATF,2,1,2025-02-07,2,137,0,0.592,vazia
E-BO-000583,C-BO-M-00099-02,BO-M-00099,BO-R-0015,bovino,Mestico,Angus,6.6,1,3.4,0.55,0.51,IATF,3,1,2025-03-04,3,162,0,0.426,prenhe
E-BO-000584,C-BO-M-00099-03,BO-M-00099,BO-R-0037,bovino,Mestico,Brahman,6.6,1,3.4,0.55,0.45,IATF,4,0,2026-04-07,1,116,0,0.735,prenhe
E-BO-000585,C-BO-M-00100-00,BO-M-00100,BO-R-0037,bovino,Guzera,Brahman,5.3,5,3.5,0.58,0.45,IATF,7,0,2023-07-05,1,-1,0,0.603,vazia
E-BO-000586,C-BO-M-00100-00,BO-M-00100,BO-R-0032,bovino,Guzera,Brahman,5.3,5,3.5,0.58,0.75,convencional,8,0,2023-08-02,2,-1,0,0.712,prenhe
E-BO-000587,C-BO-M-00100-01,BO-M-00100,BO-R-0017,bovino,Guzera,Nelore,5.3,5,3.5,0.58,0.35,IATF,7,0,2024-07-25,1,75,0,0.404,prenhe
E-BO-000588,C-BO-M-00100-02,BO-M-00100,BO-R-0013,bovino,Guzera,Nelore,5.3,5,3.5,0.58,0.46,IATF,8,0,2025-08-18,1,106,0,0.734,prenhe
E-BO-000589,C-BO-M-00101-00,BO-M-00101,BO-R-0023,bovino,Angus,Brahman,7.9,4,4.1,0.46,0.35,IATF,7,0,2023-07-14,1,-1,0,0.348,vazia
E-BO-000590,C-BO-M-00101-00,BO-M-00101,BO-R-0003,bovino,Angus,Senepol,7.9,4,4.1,0.46,0.66,IATF,8,0,2023-08-14,2,-1,0,0.353,vazia
E-BO-000591,C-BO-M-00101-00,BO-M-00101,BO-R-0035,bovino,Angus,Brahman,7.9,4,4.1,0.46,0.74,IATF,9,0,2023-09-10,3,-1,0,0.191,vazia
E-BO-000592,C-BO-M-00101-01,BO-M-00101,BO-R-0010,bovino,Angus,Gir,7.9,4,4.1,0.46,0.31,IATF,10,1,2023-10-18,1,-1,1,0.317,vazia
E-BO-000593,C-BO-M-00101-01,BO-M-00101,BO-R-0012,bovino,Angus,Senepol,7.9,4,4.1,0.46,0.33,IATF,11,1,2023-11-12,2,-1,1,0.218,vazia
E-BO-000594,C-BO-M-00101-01,BO-M-00101,BO-R-0022,bovino,Angus,Guzera,7.9,4,4.1,0.46,0.4,IATF,12,1,2023-12-05,3,-1,1,0.221,vazia
E-BO-000595,C-BO-M-00101-02,BO-M-00101,BO-R-0038,bovino,Angus,Senepol,7.9,4,4.1,0.46,0.52,IATF,2,1,2024-02-06,1,-1,2,0.378,vazia
E-BO-000596,C-BO-M-00101-02,BO-M-00101,BO-R-0003,bovino,Angus,Senepol,7.9,4,4.1,0.46,0.66,convencional,2,1,2024-02-29,2,-1,2,0.376,vazia
E-BO-000597,C-BO-M-00101-02,BO-M-00101,BO-R-0021,bovino,Angus,Nelore,7.9,4,4.1,0.46,0.68,IATF,3,1,2024-03-29,3,-1,2,0.18,vazia
E-BO-000598,C-BO-M-00101-03,BO-M-00101,BO-R-0021,bovino,Angus,Nelore,7.9,4,4.1,0.46,0.68,IATF,5,0,2024-05-18,1,-1,3,0.212,vazia
E-BO-000599,C-BO-M-00101-03,BO-M-00101,BO-R-0019,bovino,Angus,Brahman,7.9,4,4.1,0.46,0.55,IATF,6,0,2024-06-12,2,-1,3,0.05,vazia
E-BO-000600,C-BO-M-00101-03,BO-M-00101,BO-R-0001,bovino,Angus,Nelore,7.9,4,4.1,0.46,0.66,convencional,7,0,2024-07-10,3,-1,3,0.137,vazia
E-BO-000601,C-BO-M-00102-00,BO-M-00102,BO-R-0031,bovino,Nelore,Nelore,9.1,1,3.1,0.68,0.88,IATF,6,0,2023-06-07,1,-1,0,0.739,prenhe
E-BO-000602,C-BO-M-00102-01,BO-M-00102,BO-R-0006,bovino,Nelore,Angus,9.1,1,3.1,0.68,0.76,IATF,5,0,2024-05-27,1,72,0,0.565,vazia
E-BO-000603,C-BO-M-00102-01,BO-M-00102,BO-R-0039,bovino,Nelore,Senepol,9.1,1,3.1,0.68,0.53,IATF,6,0,2024-06-28,2,104,0,0.518,prenhe
E-BO-000604,C-BO-M-00102-02,BO-M-00102,BO-R-0011,bovino,Nelore,Nelore,9.1,1,3.1,0.68,0.57,IATF,6,0,2025-06-28,1,82,0,0.442,vazia
E-BO-000605,C-BO-M-00102-02,BO-M-00102,BO-R-0033,bovino,Nelore,Nelore,9.1,1,3.1,0.68,0.79,IATF,7,0,2025-07-30,2,114,0,0.68,prenhe
E-BO-000606,C-BO-M-00103-00,BO-M-00103,BO-R-0034,bovino,Mestico,Nelore,7.5,0,3.4,0.74,0.63,IATF,8,0,2023-08-10,1,-1,0,0.707,vazia
E-BO-000607,C-BO-M-00103-00,BO-M-00103,BO-R-0012,bovino,Mestico,Senepol,7.5,0,3.4,0.74,0.33,convencional,9,0,2023-09-11,2,-1,0,0.577,vazia
E-BO-000608,C-BO-M-00103-00,BO-M-00103,BO-R-0010,bovino,Mestico,Gir,7.5,0,3.4,0.74,0.31,IATF,10,1,2023-10-04,3,-1,0,0.428,prenhe
E-BO-000609,C-BO-M-00103-01,BO-M-00103,BO-R-0037,bovino,Mestico,Brahman,7.5,0,3.4,0.74,0.45,IATF,9,0,2024-09-12,1,61,0,0.57,prenhe
E-BO-000610,C-BO-M-00103-02,BO-M-00103,BO-R-0036,bovino,Mestico,Guzera,7.5,0,3.4,0.74,0.72,IATF,9,0,2025-09-26,1,96,0,0.8,prenhe
E-BO-000611,C-BO-M-00104-00,BO-M-00104,BO-R-0022,bovino,Brahman,Guzera,9.7,5,2.5,0.65,0.4,IATF,10,1,2023-10-09,1,-1,0,0.257,prenhe
E-BO-000612,C-BO-M-00104-01,BO-M-00104,BO-R-0007,bovino,Brahman,Angus,9.7,5,2.5,0.65,0.93,IA_repasse,10,1,2024-10-26,1,100,0,0.503,vazia
E-BO-000613,C-BO-M-00104-01,BO-M-00104,BO-R-0019,bovino,Brahman,Brahman,9.7,5,2.5,0.65,0.55,IATF,11,1,2024-11-27,2,132,0,0.424,prenhe
E-BO-000614,C-BO-M-00105-00,BO-M-00105,BO-R-0002,bovino,Brahman,Brahman,8.0,1,3.8,0.5,0.3,IATF,1,1,2023-01-12,1,-1,0,0.456,vazia
E-BO-000615,C-BO-M-00105-00,BO-M-00105,BO-R-0033,bovino,Brahman,Nelore,8.0,1,3.8,0.5,0.79,IATF,2,1,2023-02-09,2,-1,0,0.595,vazia
E-BO-000616,C-BO-M-00105-00,BO-M-00105,BO-R-0009,bovino,Brahman,Gir,8.0,1,3.8,0.5,0.52,convencional,3,1,2023-03-09,3,-1,0,0.37,prenhe
E-BO-000617,C-BO-M-00105-01,BO-M-00105,BO-R-0003,bovino,Brahman,Senepol,8.0,1,3.8,0.5,0.66,convencional,2,1,2024-02-17,1,62,0,0.592,vazia
E-BO-000618,C-BO-M-00105-01,BO-M-00105,BO-R-0038,bovino,Brahman,Senepol,8.0,1,3.8,0.5,0.52,convencional,3,1,2024-03-15,2,89,0,0.517,vazia
E-BO-000619,C-BO-M-00105-01,BO-M-00105,BO-R-0013,bovino,Brahman,Nelore,8.0,1,3.8,0.5,0.46,IATF,4,0,2024-04-14,3,119,0,0.304,vazia
E-BO-000620,C-BO-M-00105-02,BO-M-00105,BO-R-0026,bovino,Brahman,Mestico,8.0,1,3.8,0.5,0.64,IATF,6,0,2024-06-12,1,178,1,0.497,vazia
E-BO-000621,C-BO-M-00105-02,BO-M-00105,BO-R-0031,bovino,Brahman,Nelore,8.0,1,3.8,0.5,0.88,convencional,7,0,2024-07-07,2,203,1,0.603,prenhe
E-BO-000622,C-BO-M-00105-03,BO-M-00105,BO-R-0004,bovino,Brahman,Brahman,8.0,1,3.8,0.5,0.56,IATF,7,0,2025-07-04,1,79,0,0.456,prenhe
E-BO-000623,C-BO-M-00106-00,BO-M-00106,BO-R-0016,bovino,Nelore,Nelore,8.8,4,2.8,0.13,0.58,convencional,2,1,2023-02-14,1,-1,0,0.569,prenhe
E-BO-000624,C-BO-M-00106-01,BO-M-00106,BO-R-0029,bovino,Nelore,Nelore,8.8,4,2.8,0.13,0.78,convencional,3,1,2024-03-21,1,118,0,0.703,prenhe
E-BO-000625,C-BO-M-00106-02,BO-M-00106,BO-R-0027,bovino,Nelore,Brahman,8.8,4,2.8,0.13,0.77,IATF,3,1,2025-03-26,1,87,0,0.403,prenhe
E-BO-000626,C-BO-M-00106-03,BO-M-00106,BO-R-0000,bovino,Nelore,Senepol,8.8,4,2.8,0.13,0.48,IATF,4,0,2026-04-29,1,116,0,0.43,prenhe
E-BO-000627,C-BO-M-00107-00,BO-M-00107,BO-R-0030,bovino,Nelore,Nelore,2.0,0,2.9,0.7,0.8,IATF,3,1,2023-03-08,1,-1,0,0.424,vazia
E-BO-000628,C-BO-M-00107-00,BO-M-00107,BO-R-0025,bovino,Nelore,Nelore,2.0,0,2.9,0.7,0.62,IATF,4,0,2023-04-07,2,-1,0,0.197,vazia
E-BO-000629,C-BO-M-00107-00,BO-M-00107,BO-R-0012,bovino,Nelore,Senepol,2.0,0,2.9,0.7,0.33,IATF,5,0,2023-05-02,3,-1,0,0.05,vazia
E-BO-000630,C-BO-M-00107-01,BO-M-00107,BO-R-0021,bovino,Nelore,Nelore,2.0,0,2.9,0.7,0.68,convencional,6,0,2023-06-21,1,-1,1,0.356,prenhe
E-BO-000631,C-BO-M-00108-00,BO-M-00108,BO-R-0001,bovino,Nelore,Nelore,7.6,1,3.2,0.79,0.66,IATF,5,0,2023-05-11,1,-1,0,0.715,vazia
E-BO-000632,C-BO-M-00108-00,BO-M-00108,BO-R-0030,bovino,Nelore,Nelore,7.6,1,3.2,0.79,0.8,convencional,6,0,2023-06-07,2,-1,0,0.841,prenhe
E-BO-000633,C-BO-M-00108-01,BO-M-00108,BO-R-0030,bovino,Nelore,Nelore,7.6,1,3.2,0.79,0.8,convencional,5,0,2024-05-27,1,72,0,0.787,prenhe
E-BO-000634,C-BO-M-00108-02,BO-M-00108,BO-R-0028,bovino,Nelore,Angus,7.6,1,3.2,0.79,0.91,IATF,6,0,2025-06-02,1,88,0,0.804,prenhe
E-BO-000635,C-BO-M-00109-00,BO-M-00109,BO-R-0033,bovino,Guzera,Nelore,5.0,1,2.4,0.68,0.79,IATF,4,0,2023-04-01,1,-1,0,0.525,vazia
E-BO-000636,C-BO-M-00109-00,BO-M-00109,BO-R-0006,bovino,Guzera,Angus,5.0,1,2.4,0.68,0.76,IATF,4,0,2023-04-27,2,-1,0,0.394,prenhe
E-BO-000637,C-BO-M-00109-01,BO-M-00109,BO-R-0033,bovino,Guzera,Nelore,5.0,1,2.4,0.68,0.79,IATF,5,0,2024-05-07,1,93,0,0.58,prenhe
E-BO-000638,C-BO-M-00109-02,BO-M-00109,BO-R-0000,bovino,Guzera,Senepol,5.0,1,2.4,0.68,0.48,IATF,4,0,2025-04-26,1,71,0,0.328,vazia
E-BO-000639,C-BO-M-00109-02,BO-M-00109,BO-R-0032,bovino,Guzera,Brahman,5.0,1,2.4,0.68,0.75,IATF,5,0,2025-05-25,2,100,0,0.463,vazia
E-BO-000640,C-BO-M-00109-02,BO-M-00109,BO-R-0026,bovino,Guzera,Mestico,5.0,1,2.4,0.68,0.64,IATF,6,0,2025-06-16,3,122,0,0.304,prenhe
E-BO-000641,C-BO-M-00110-00,BO-M-00110,BO-R-0017,bovino,Senepol,Nelore,6.0,1,3.3,0.37,0.35,IATF,10,1,2023-10-01,1,-1,0,0.649,vazia
E-BO-000642,C-BO-M-00110-00,BO-M-00110,BO-R-0012,bovino,Senepol,Senepol,6.0,1,3.3,0.37,0.33,IATF,10,1,2023-10-26,2,-1,0,0.429,prenhe
E-BO-000643,C-BO-M-00110-01,BO-M-00110,BO-R-0016,bovino,Senepol,Nelore,6.0,1,3.3,0.37,0.58,IATF,11,1,2024-11-17,1,105,0,0.75,prenhe
E-BO-000644,C-BO-M-00110-02,BO-M-00110,BO-R-0021,bovino,Senepol,Nelore,6.0,1,3.3,0.37,0.68,IATF,11,1,2025-11-27,1,92,0,0.764,vazia
E-BO-000645,C-BO-M-00110-02,BO-M-00110,BO-R-0015,bovino,Senepol,Angus,6.0,1,3.3,0.37,0.51,IATF,12,1,2025-12-24,2,119,0,0.73,prenhe
E-BO-000646,C-BO-M-00111-00,BO-M-00111,BO-R-0004,bovino,Nelore,Brahman,6.9,4,3.7,0.68,0.56,IATF,3,1,2023-03-23,1,-1,0,0.667,prenhe
E-BO-000647,C-BO-M-00111-01,BO-M-00111,BO-R-0038,bovino,Nelore,Senepol,6.9,4,3.7,0.68,0.52,IATF,3,1,2024-03-08,1,68,0,0.501,vazia
E-BO-000648,C-BO-M-00111-01,BO-M-00111,BO-R-0026,bovino,Nelore,Mestico,6.9,4,3.7,0.68,0.64,IATF,3,1,2024-03-29,2,89,0,0.567,vazia
E-BO-000649,C-BO-M-00111-01,BO-M-00111,BO-R-0002,bovino,Nelore,Brahman,6.9,4,3.7,0.68,0.3,IATF,4,0,2024-04-24,3,115,0,0.284,vazia
E-BO-000650,C-BO-M-00111-02,BO-M-00111,BO-R-0017,bovino,Nelore,Nelore,6.9,4,3.7,0.68,0.35,convencional,7,0,2024-07-02,1,184,1,0.554,vazia
E-BO-000651,C-BO-M-00111-02,BO-M-00111,BO-R-0027,bovino,Nelore,Brahman,6.9,4,3.7,0.68,0.77,convencional,7,0,2024-07-29,2,211,1,0.648,prenhe
E-BO-000652,C-BO-M-00112-00,BO-M-00112,BO-R-0028,bovino,Nelore,Angus,9.7,5,3.3,0.72,0.91,convencional,4,0,2023-04-01,1,-1,0,0.722,prenhe
E-BO-000653,C-BO-M-00112-01,BO-M-00112,BO-R-0020,bovino,Nelore,Nelore,9.7,5,3.3,0.72,0.55,IATF,3,1,2024-03-17,1,68,0,0.564,prenhe
E-BO-000654,C-BO-M-00112-02,BO-M-00112,BO-R-0033,bovino,Nelore,Nelore,9.7,5,3.3,0.72,0.79,convencional,3,1,2025-03-12,1,77,0,0.675,prenhe
E-BO-000655,C-BO-M-00112-03,BO-M-00112,BO-R-0003,bovino,Nelore,Senepol,9.7,5,3.3,0.72,0.66,IATF,2,1,2026-02-21,1,63,0,0.515,vazia
E-BO-000656,C-BO-M-00112-03,BO-M-00112,BO-R-0038,bovino,Nelore,Senepol,9.7,5,3.3,0.72,0.52,IATF,3,1,2026-03-21,2,91,0,0.597,vazia
E-BO-000657,C-BO-M-00112-03,BO-M-00112,BO-R-0009,bovino,Nelore,Gir,9.7,5,3.3,0.72,0.52,IA_repasse,4,0,2026-04-17,3,118,0,0.238,prenhe
E-BO-000658,C-BO-M-00113-00,BO-M-00113,BO-R-0017,bovino,Senepol,Nelore,9.9,5,2.4,0.86,0.35,convencional,1,1,2023-01-08,1,-1,0,0.386,vazia
E-BO-000659,C-BO-M-00113-00,BO-M-00113,BO-R-0015,bovino,Senepol,Angus,9.9,5,2.4,0.86,0.51,IATF,2,1,2023-02-05,2,-1,0,0.238,prenhe
E-BO-000660,C-BO-M-00113-01,BO-M-00113,BO-R-0027,bovino,Senepol,Brahman,9.9,5,2.4,0.86,0.77,convencional,3,1,2024-03-01,1,107,0,0.58,prenhe
E-BO-000661,C-BO-M-00113-02,BO-M-00113,BO-R-0031,bovino,Senepol,Nelore,9.9,5,2.4,0.86,0.88,convencional,2,1,2025-02-25,1,78,0,0.503,vazia
E-BO-000662,C-BO-M-00113-02,BO-M-00113,BO-R-0013,bovino,Senepol,Nelore,9.9,5,2.4,0.86,0.46,IATF,3,1,2025-03-18,2,99,0,0.229,prenhe
E-BO-000663,C-BO-M-00113-03,BO-M-00113,BO-R-0010,bovino,Senepol,Gir,9.9,5,2.4,0.86,0.31,IATF,4,0,2026-04-12,1,107,0,0.258,prenhe
E-BO-000664,C-BO-M-00114-00,BO-M-00114,BO-R-0038,bovino,Nelore,Senepol,3.6,4,3.1,0.37,0.52,convencional,4,0,2023-04-06,1,-1,0,0.76,prenhe
E-BO-000665,C-BO-M-00114-01,BO-M-00114,BO-R-0036,bovino,Nelore,Guzera,3.6,4,3.1,0.37,0.72,IATF,3,1,2024-03-16,1,62,0,0.756,vazia
E-BO-000666,C-BO-M-00114-01,BO-M-00114,BO-R-0026,bovino,Nelore,Mestico,3.6,4,3.1,0.37,0.64,IATF,4,0,2024-04-08,2,85,0,0.516,prenhe
E-BO-000667,C-BO-M-00114-02,BO-M-00114,BO-R-0020,bovino,Nelore,Nelore,3.6,4,3.1,0.37,0.55,IATF,4,0,2025-04-27,1,101,0,0.685,vazia
E-BO-000668,C-BO-M-00114-02,BO-M-00114,BO-R-0016,bovino,Nelore,Nelore,3.6,4,3.1,0.37,0.58,IATF,5,0,2025-05-27,2,131,0,0.659,prenhe
E-BO-000669,C-BO-M-00115-00,BO-M-00115,BO-R-0002,bovino,Gir,Brahman,7.6,1,3.6,0.5,0.3,IATF,8,0,2023-08-30,1,-1,0,0.32,prenhe
E-BO-000670,C-BO-M-00115-01,BO-M-00115,BO-R-0022,bovino,Gir,Guzera,7.6,1,3.6,0.5,0.4,IATF,8,0,2024-08-23,1,76,0,0.36,vazia
E-BO-000671,C-BO-M-00115-01,BO-M-00115,BO-R-0020,bovino,Gir,Nelore,7.6,1,3.6,0.5,0.55,convencional,9,0,2024-09-22,2,106,0,0.566,vazia
E-BO-000672,C-BO-M-00115-01,BO-M-00115,BO-R-0013,bovino,Gir,Nelore,7.6,1,3.6,0.5,0.46,convencional,10,1,2024-10-24,3,138,0,0.441,prenhe
E-BO-000673,C-BO-M-00116-00,BO-M-00116,BO-R-0035,bovino,Brahman,Brahman,7.7,5,2.3,0.7,0.74,IATF,1,1,2023-01-02,1,-1,0,0.515,prenhe
E-BO-000674,C-BO-M-00116-01,BO-M-00116,BO-R-0036,bovino,Brahman,Guzera,7.7,5,2.3,0.7,0.72,IATF,12,1,2023-12-19,1,68,0,0.454,prenhe
E-BO-000675,C-BO-M-00116-02,BO-M-00116,BO-R-0031,bovino,Brahman,Nelore,7.7,5,2.3,0.7,0.88,IATF,1,1,2025-01-16,1,111,0,0.728,prenhe
E-BO-000676,C-BO-M-00116-03,BO-M-00116,BO-R-0011,bovino,Brahman,Nelore,7.7,5,2.3,0.7,0.57,IATF,1,1,2026-01-14,1,80,0,0.328,vazia
E-BO-000677,C-BO-M-00116-03,BO-M-00116,BO-R-0034,bovino,Brahman,Nelore,7.7,5,2.3,0.7,0.63,IATF,2,1,2026-02-10,2,107,0,0.427,vazia
E-BO-000678,C-BO-M-00116-03,BO-M-00116,BO-R-0038,bovino,Brahman,Senepol,7.7,5,2.3,0.7,0.52,IATF,3,1,2026-03-06,3,131,0,0.354,vazia
E-BO-000679,C-BO-M-00116-04,BO-M-00116,BO-R-0001,bovino,Brahman,Nelore,7.7,5,2.3,0.7,0.66,IATF,4,0,2026-04-11,1,167,1,0.262,vazia
E-BO-000680,C-BO-M-00117-00,BO-M-00117,BO-R-0014,bovino,Brahman,Gir,4.1,3,2.7,0.56,0.7,IATF,10,1,2023-10-22,1,-1,0,0.579,vazia
E-BO-000681,C-BO-M-00117-00,BO-M-00117,BO-R-0038,bovino,Brahman,Senepol,4.1,3,2.7,0.56,0.52,IATF,11,1,2023-11-13,2,-1,0,0.468,vazia
E-BO-000682,C-BO-M-00117-00,BO-M-00117,BO-R-0036,bovino,Brahman,Guzera,4.1,3,2.7,0.56,0.72,IATF,12,1,2023-12-12,3,-1,0,0.503,vazia
E-BO-000683,C-BO-M-00117-01,BO-M-00117,BO-R-0009,bovino,Brahman,Gir,4.1,3,2.7,0.56,0.52,IATF,2,1,2024-02-05,1,-1,1,0.612,prenhe
E-BO-000684,C-BO-M-00117-02,BO-M-00117,BO-R-0010,bovino,Brahman,Gir,4.1,3,2.7,0.56,0.31,IATF,1,1,2025-01-21,1,68,0,0.441,prenhe
E-BO-000685,C-BO-M-00117-03,BO-M-00117,BO-R-0038,bovino,Brahman,Senepol,4.1,3,2.7,0.56,0.52,IATF,2,1,2026-02-26,1,118,0,0.678,vazia
E-BO-000686,C-BO-M-00117-03,BO-M-00117,BO-R-0022,bovino,Brahman,Guzera,4.1,3,2.7,0.56,0.4,convencional,3,1,2026-03-29,2,149,0,0.659,prenhe
E-BO-000687,C-BO-M-00118-00,BO-M-00118,BO-R-0022,bovino,Nelore,Guzera,2.1,3,3.6,0.33,0.4,convencional,7,0,2023-07-17,1,-1,0,0.408,prenhe
E-BO-000688,C-BO-M-00118-01,BO-M-00118,BO-R-0034,bovino,Nelore,Nelore,2.1,3,3.6,0.33,0.63,IATF,8,0,2024-08-05,1,102,0,0.43,vazia
E-BO-000689,C-BO-M-00118-01,BO-M-00118,BO-R-0017,bovino,Nelore,Nelore,2.1,3,3.6,0.33,0.35,IATF,9,0,2024-09-03,2,131,0,0.326,prenhe
E-BO-000690,C-BO-M-00118-02,BO-M-00118,BO-R-0018,bovino,Nelore,Nelore,2.1,3,3.6,0.33,0.82,IATF,8,0,2025-08-26,1,74,0,0.379,vazia
E-BO-000691,C-BO-M-00118-02,BO-M-00118,BO-R-0007,bovino,Nelore,Angus,2.1,3,3.6,0.33,0.93,IATF,9,0,2025-09-20,2,99,0,0.467,vazia
E-BO-000692,C-BO-M-00118-02,BO-M-00118,BO-R-0020,bovino,Nelore,Nelore,2.1,3,3.6,0.33,0.55,convencional,10,1,2025-10-20,3,129,0,0.347,vazia
E-BO-000693,C-BO-M-00119-00,BO-M-00119,BO-R-0011,bovino,Angus,Nelore,1.4,4,3.3,0.63,0.57,IATF,1,1,2023-01-07,1,-1,0,0.666,prenhe
E-BO-000694,C-BO-M-00119-01,BO-M-00119,BO-R-0012,bovino,Angus,Senepol,1.4,4,3.3,0.63,0.33,IATF,1,1,2024-01-22,1,97,0,0.659,vazia
E-BO-000695,C-BO-M-00119-01,BO-M-00119,BO-R-0019,bovino,Angus,Brahman,1.4,4,3.3,0.63,0.55,IATF,2,1,2024-02-18,2,124,0,0.699,prenhe
E-BO-000696,C-BO-M-00119-02,BO-M-00119,BO-R-0000,bovino,Angus,Senepol,1.4,4,3.3,0.63,0.48,IATF,2,1,2025-02-03,1,68,0,0.577,vazia
E-BO-000697,C-BO-M-00119-02,BO-M-00119,BO-R-0008,bovino,Angus,Brahman,1.4,4,3.3,0.63,0.38,IATF,3,1,2025-03-02,2,95,0,0.54,vazia
E-BO-000698,C-BO-M-00119-02,BO-M-00119,BO-R-0026,bovino,Angus,Mestico,1.4,4,3.3,0.63,0.64,IATF,3,1,2025-03-23,3,116,0,0.586,prenhe
E-BO-000699,C-BO-M-00119-03,BO-M-00119,BO-R-0008,bovino,Angus,Brahman,1.4,4,3.3,0.63,0.38,IATF,3,1,2026-03-26,1,85,0,0.471,vazia
E-BO-000700,C-BO-M-00119-03,BO-M-00119,BO-R-0038,bovino,Angus,Senepol,1.4,4,3.3,0.63,0.52,IATF,4,0,2026-04-19,2,109,0,0.514,prenhe
E-BO-000701,C-BO-M-00120-00,BO-M-00120,BO-R-0006,bovino,Senepol,Angus,8.0,4,3.4,0.67,0.76,convencional,3,1,2023-03-18,1,-1,0,0.95,prenhe
E-BO-000702,C-BO-M-00120-01,BO-M-00120,BO-R-0004,bovino,Senepol,Brahman,8.0,4,3.4,0.67,0.56,IATF,4,0,2024-04-01,1,97,0,0.847,prenhe
E-BO-000703,C-BO-M-00120-02,BO-M-00120,BO-R-0007,bovino,Senepol,Angus,8.0,4,3.4,0.67,0.93,convencional,4,0,2025-04-29,1,110,0,0.95,prenhe
E-BO-000704,C-BO-M-00120-03,BO-M-00120,BO-R-0007,bovino,Senepol,Angus,8.0,4,3.4,0.67,0.93,IATF,4,0,2026-04-14,1,67,0,0.857,prenhe
E-BO-000705,C-BO-M-00121-00,BO-M-00121,BO-R-0010,bovino,Angus,Gir,5.4,5,4.1,0.57,0.31,convencional,4,0,2023-04-02,1,-1,0,0.418,vazia
E-BO-000706,C-BO-M-00121-00,BO-M-00121,BO-R-0015,bovino,Angus,Angus,5.4,5,4.1,0.57,0.51,IATF,4,0,2023-04-27,2,-1,0,0.224,prenhe
E-BO-000707,C-BO-M-00121-01,BO-M-00121,BO-R-0025,bovino,Angus,Nelore,5.4,5,4.1,0.57,0.62,IATF,4,0,2024-04-04,1,60,0,0.323,vazia
E-BO-000708,C-BO-M-00121-01,BO-M-00121,BO-R-0005,bovino,Angus,Gir,5.4,5,4.1,0.57,0.72,IATF,4,0,2024-04-28,2,84,0,0.275,prenhe
E-BO-000709,C-BO-M-00121-02,BO-M-00121,BO-R-0008,bovino,Angus,Brahman,5.4,5,4.1,0.57,0.38,IATF,4,0,2025-04-23,1,77,0,0.212,vazia
E-BO-000710,C-BO-M-00121-02,BO-M-00121,BO-R-0016,bovino,Angus,Nelore,5.4,5,4.1,0.57,0.58,IATF,5,0,2025-05-17,2,101,0,0.339,prenhe
E-BO-000711,C-BO-M-00122-00,BO-M-00122,BO-R-0037,bovino,Nelore,Brahman,9.9,3,3.4,0.59,0.45,IA_repasse,7,0,2023-07-03,1,-1,0,0.474,prenhe
E-BO-000712,C-BO-M-00122-01,BO-M-00122,BO-R-0008,bovino,Nelore,Brahman,9.9,3,3.4,0.59,0.38,IATF,6,0,2024-06-28,1,78,0,0.415,vazia
E-BO-000713,C-BO-M-00122-01,BO-M-00122,BO-R-0017,bovino,Nelore,Nelore,9.9,3,3.4,0.59,0.35,IATF,7,0,2024-07-29,2,109,0,0.474,vazia
E-BO-000714,C-BO-M-00122-01,BO-M-00122,BO-R-0036,bovino,Nelore,Guzera,9.9,3,3.4,0.59,0.72,IATF,8,0,2024-08-23,3,134,0,0.525,prenhe
E-BO-000715,C-BO-M-00122-02,BO-M-00122,BO-R-0027,bovino,Nelore,Brahman,9.9,3,3.4,0.59,0.77,IATF,8,0,2025-08-30,1,89,0,0.583,prenhe
E-BO-000716,C-BO-M-00123-00,BO-M-00123,BO-R-0018,bovino,Nelore,Nelore,5.2,3,3.5,0.5,0.82,IA_repasse,4,0,2023-04-17,1,-1,0,0.699,vazia
E-BO-000717,C-BO-M-00123-00,BO-M-00123,BO-R-0009,bovino,Nelore,Gir,5.2,3,3.5,0.5,0.52,convencional,5,0,2023-05-10,2,-1,0,0.673,vazia
E-BO-000718,C-BO-M-00123-00,BO-M-00123,BO-R-0015,bovino,Nelore,Angus,5.2,3,3.5,0.5,0.51,IATF,6,0,2023-06-08,3,-1,0,0.464,vazia
E-BO-000719,C-BO-M-00123-01,BO-M-00123,BO-R-0009,bovino,Nelore,Gir,5.2,3,3.5,0.5,0.52,IATF,7,0,2023-07-25,1,-1,1,0.597,prenhe
E-BO-000720,C-BO-M-00124-00,BO-M-00124,BO-R-0031,bovino,Nelore,Nelore,9.8,4,4.6,0.85,0.88,convencional,1,1,2023-01-10,1,-1,0,0.736,prenhe
E-BO-000721,C-BO-M-00124-01,BO-M-00124,BO-R-0004,bovino,Nelore,Brahman,9.8,4,4.6,0.85,0.56,IATF,1,1,2024-01-18,1,90,0,0.433,prenhe
E-BO-000722,C-BO-M-00124-02,BO-M-00124,BO-R-0021,bovino,Nelore,Nelore,9.8,4,4.6,0.85,0.68,IATF,2,1,2025-02-11,1,107,0,0.606,prenhe
E-BO-000723,C-BO-M-00124-03,BO-M-00124,BO-R-0019,bovino,Nelore,Brahman,9.8,4,4.6,0.85,0.55,IATF,1,1,2026-01-29,1,69,0,0.47,vazia
E-BO-000724,C-BO-M-00124-03,BO-M-00124,BO-R-0023,bovino,Nelore,Brahman,9.8,4,4.6,0.85,0.35,IATF,2,1,2026-02-21,2,92,0,0.33,prenhe
E-BO-000725,C-BO-M-00125-00,BO-M-00125,BO-R-0014,bovino,Senepol,Gir,4.7,1,3.1,0.37,0.7,convencional,2,1,2023-02-23,1,-1,0,0.856,prenhe
E-BO-000726,C-BO-M-00125-01,BO-M-00125,BO-R-0028,bovino,Senepol,Angus,4.7,1,3.1,0.37,0.91,IATF,2,1,2024-02-06,1,65,0,0.752,prenhe
E-BO-000727,C-BO-M-00126-00,BO-M-00126,BO-R-0039,bovino,Nelore,Senepol,8.1,1,2.8,0.43,0.53,IATF,1,1,2023-01-18,1,-1,0,0.444,vazia
E-BO-000728,C-BO-M-00126-00,BO-M-00126,BO-R-0011,bovino,Nelore,Nelore,8.1,1,2.8,0.43,0.57,convencional,2,1,2023-02-08,2,-1,0,0.399,vazia
E-BO-000729,C-BO-M-00126-00,BO-M-00126,BO-R-0027,bovino,Nelore,Brahman,8.1,1,2.8,0.43,0.77,IA_repasse,3,1,2023-03-10,3,-1,0,0.174,vazia
E-BO-000730,C-BO-M-00126-01,BO-M-00126,BO-R-0008,bovino,Nelore,Brahman,8.1,1,2.8,0.43,0.38,IATF,4,0,2023-04-13,1,-1,1,0.185,vazia
E-BO-000731,C-BO-M-00126-01,BO-M-00126,BO-R-0030,bovino,Nelore,Nelore,8.1,1,2.8,0.43,0.8,IATF,5,0,2023-05-15,2,-1,1,0.268,vazia
E-BO-000732,C-BO-M-00126-01,BO-M-00126,BO-R-0031,bovino,Nelore,Nelore,8.1,1,2.8,0.43,0.88,IATF,6,0,2023-06-05,3,-1,1,0.173,vazia
E-BO-000733,C-BO-M-00127-00,BO-M-00127,BO-R-0028,bovino,Nelore,Angus,1.8,3,3.4,0.55,0.91,IATF,8,0,2023-08-11,1,-1,0,0.729,prenhe
E-BO-000734,C-BO-M-00127-01,BO-M-00127,BO-R-0034,bovino,Nelore,Nelore,1.8,3,3.4,0.55,0.63,convencional,9,0,2024-09-03,1,106,0,0.829,prenhe
E-BO-000735,C-BO-M-00127-02,BO-M-00127,BO-R-0016,bovino,Nelore,Nelore,1.8,3,3.4,0.55,0.58,convencional,9,0,2025-09-08,1,87,0,0.721,prenhe
E-BO-000736,C-BO-M-00128-00,BO-M-00128,BO-R-0019,bovino,Nelore,Brahman,6.0,0,3.4,0.73,0.55,IATF,3,1,2023-03-14,1,-1,0,0.701,prenhe
E-BO-000737,C-BO-M-00128-01,BO-M-00128,BO-R-0000,bovino,Nelore,Senepol,6.0,0,3.4,0.73,0.48,IATF,2,1,2024-02-29,1,69,0,0.6,vazia
E-BO-000738,C-BO-M-00128-01,BO-M-00128,BO-R-0029,bovino,Nelore,Nelore,6.0,0,3.4,0.73,0.78,IATF,3,1,2024-03-22,2,91,0,0.818,vazia
E-BO-000739,C-BO-M-00128-01,BO-M-00128,BO-R-0024,bovino,Nelore,Nelore,6.0,0,3.4,0.73,0.68,IATF,4,0,2024-04-17,3,117,0,0.488,vazia
E-BO-000740,C-BO-M-00128-02,BO-M-00128,BO-R-0027,bovino,Nelore,Brahman,6.0,0,3.4,0.73,0.77,convencional,6,0,2024-06-08,1,169,1,0.736,prenhe
E-BO-000741,C-BO-M-00128-03,BO-M-00128,BO-R-0017,bovino,Nelore,Nelore,6.0,0,3.4,0.73,0.35,convencional,6,0,2025-06-16,1,90,0,0.638,prenhe
E-BO-000742,C-BO-M-00129-00,BO-M-00129,BO-R-0022,bovino,Senepol,Guzera,8.2,1,2.9,0.25,0.4,IATF,7,0,2023-07-01,1,-1,0,0.232,vazia
E-BO-000743,C-BO-M-00129-00,BO-M-00129,BO-R-0009,bovino,Senepol,Gir,8.2,1,2.9,0.25,0.52,IATF,8,0,2023-08-02,2,-1,0,0.173,vazia
E-BO-000744,C-BO-M-00129-00,BO-M-00129,BO-R-0032,bovino,Senepol,Brahman,8.2,1,2.9,0.25,0.75,convencional,8,0,2023-08-30,3,-1,0,0.311,vazia
E-BO-000745,C-BO-M-00129-01,BO-M-00129,BO-R-0029,bovino,Senepol,Nelore,8.2,1,2.9,0.25,0.78,IATF,10,1,2023-10-21,1,-1,1,0.28,vazia
E-BO-000746,C-BO-M-00129-01,BO-M-00129,BO-R-0024,bovino,Senepol,Nelore,8.2,1,2.9,0.25,0.68,IATF,11,1,2023-11-18,2,-1,1,0.222,prenhe
E-BO-000747,C-BO-M-00129-02,BO-M-00129,BO-R-0011,bovino,Senepol,Nelore,8.2,1,2.9,0.25,0.57,IATF,12,1,2024-12-22,1,117,0,0.485,vazia
E-BO-000748,C-BO-M-00129-02,BO-M-00129,BO-R-0021,bovino,Senepol,Nelore,8.2,1,2.9,0.25,0.68,IATF,1,1,2025-01-14,2,140,0,0.423,vazia
E-BO-000749,C-BO-M-00129-02,BO-M-00129,BO-R-0035,bovino,Senepol,Brahman,8.2,1,2.9,0.25,0.74,convencional,2,1,2025-02-15,3,172,0,0.301,vazia
E-BO-000750,C-BO-M-00129-03,BO-M-00129,BO-R-0014,bovino,Senepol,Gir,8.2,1,2.9,0.25,0.7,convencional,4,0,2025-04-24,1,240,1,0.469,vazia
E-BO-000751,C-BO-M-00129-03,BO-M-00129,BO-R-0029,bovino,Senepol,Nelore,8.2,1,2.9,0.25,0.78,convencional,5,0,2025-05-18,2,264,1,0.277,vazia
E-BO-000752,C-BO-M-00129-03,BO-M-00129,BO-R-0030,bovino,Senepol,Nelore,8.2,1,2.9,0.25,0.8,IATF,6,0,2025-06-18,3,295,1,0.083,vazia
E-BO-000753,C-BO-M-00130-00,BO-M-00130,BO-R-0020,bovino,Nelore,Nelore,9.3,4,2.7,0.29,0.55,IA_repasse,8,0,2023-08-08,1,-1,0,0.289,prenhe
E-BO-000754,C-BO-M-00130-01,BO-M-00130,BO-R-0021,bovino,Nelore,Nelore,9.3,4,2.7,0.29,0.68,IATF,7,0,2024-07-26,1,70,0,0.271,vazia
E-BO-000755,C-BO-M-00130-01,BO-M-00130,BO-R-0022,bovino,Nelore,Guzera,9.3,4,2.7,0.29,0.4,IATF,8,0,2024-08-17,2,92,0,0.323,prenhe
E-BO-000756,C-BO-M-00130-02,BO-M-00130,BO-R-0000,bovino,Nelore,Senepol,9.3,4,2.7,0.29,0.48,IATF,9,0,2025-09-02,1,98,0,0.411,prenhe
E-BO-000757,C-BO-M-00131-00,BO-M-00131,BO-R-0023,bovino,Guzera,Brahman,8.4,5,4.4,0.14,0.35,convencional,9,0,2023-09-30,1,-1,0,0.121,vazia
E-BO-000758,C-BO-M-00131-00,BO-M-00131,BO-R-0023,bovino,Guzera,Brahman,8.4,5,4.4,0.14,0.35,convencional,10,1,2023-10-23,2,-1,0,0.05,vazia
E-BO-000759,C-BO-M-00131-00,BO-M-00131,BO-R-0005,bovino,Guzera,Gir,8.4,5,4.4,0.14,0.72,IATF,11,1,2023-11-15,3,-1,0,0.094,vazia
E-BO-000760,C-BO-M-00131-01,BO-M-00131,BO-R-0000,bovino,Guzera,Senepol,8.4,5,4.4,0.14,0.48,convencional,12,1,2023-12-22,1,-1,1,0.222,prenhe
E-BO-000761,C-BO-M-00132-00,BO-M-00132,BO-R-0008,bovino,Senepol,Brahman,1.3,3,3.4,0.56,0.38,IATF,6,0,2023-06-20,1,-1,0,0.448,vazia
E-BO-000762,C-BO-M-00132-00,BO-M-00132,BO-R-0002,bovino,Senepol,Brahman,1.3,3,3.4,0.56,0.3,IATF,7,0,2023-07-11,2,-1,0,0.334,vazia
E-BO-000763,C-BO-M-00132-00,BO-M-00132,BO-R-0016,bovino,Senepol,Nelore,1.3,3,3.4,0.56,0.58,IATF,8,0,2023-08-06,3,-1,0,0.394,vazia
E-BO-000764,C-BO-M-00132-01,BO-M-00132,BO-R-0015,bovino,Senepol,Angus,1.3,3,3.4,0.56,0.51,convencional,9,0,2023-09-05,1,-1,1,0.565,vazia
E-BO-000765,C-BO-M-00132-01,BO-M-00132,BO-R-0024,bovino,Senepol,Nelore,1.3,3,3.4,0.56,0.68,IATF,9,0,2023-09-26,2,-1,1,0.369,vazia
E-BO-000766,C-BO-M-00132-01,BO-M-00132,BO-R-0032,bovino,Senepol,Brahman,1.3,3,3.4,0.56,0.75,convencional,10,1,2023-10-19,3,-1,1,0.532,prenhe
E-BO-000767,C-BO-M-00132-02,BO-M-00132,BO-R-0028,bovino,Senepol,Angus,1.3,3,3.4,0.56,0.91,IATF,11,1,2024-11-03,1,98,0,0.808,prenhe
E-BO-000768,C-BO-M-00132-03,BO-M-00132,BO-R-0011,bovino,Senepol,Nelore,1.3,3,3.4,0.56,0.57,IATF,10,1,2025-10-14,1,62,0,0.66,vazia
E-BO-000769,C-BO-M-00132-03,BO-M-00132,BO-R-0007,bovino,Senepol,Angus,1.3,3,3.4,0.56,0.93,IATF,11,1,2025-11-13,2,92,0,0.698,prenhe
E-BO-000770,C-BO-M-00133-00,BO-M-00133,BO-R-0012,bovino,Nelore,Senepol,4.4,2,2.8,0.33,0.33,IATF,6,0,2023-06-20,1,-1,0,0.351,prenhe
E-BO-000771,C-BO-M-00133-01,BO-M-00133,BO-R-0036,bovino,Nelore,Guzera,4.4,2,2.8,0.33,0.72,convencional,6,0,2024-06-22,1,85,0,0.625,vazia
E-BO-000772,C-BO-M-00133-01,BO-M-00133,BO-R-0009,bovino,Nelore,Gir,4.4,2,2.8,0.33,0.52,IATF,7,0,2024-07-21,2,114,0,0.494,prenhe
E-BO-000773,C-BO-M-00133-02,BO-M-00133,BO-R-0009,bovino,Nelore,Gir,4.4,2,2.8,0.33,0.52,IATF,8,0,2025-08-10,1,102,0,0.554,vazia
E-BO-000774,C-BO-M-00133-02,BO-M-00133,BO-R-0016,bovino,Nelore,Nelore,4.4,2,2.8,0.33,0.58,IATF,9,0,2025-09-08,2,131,0,0.447,vazia
E-BO-000775,C-BO-M-00133-02,BO-M-00133,BO-R-0008,bovino,Nelore,Brahman,4.4,2,2.8,0.33,0.38,convencional,10,1,2025-10-10,3,163,0,0.341,vazia
E-BO-000776,C-BO-M-00133-03,BO-M-00133,BO-R-0002,bovino,Nelore,Brahman,4.4,2,2.8,0.33,0.3,IATF,12,1,2025-12-08,1,222,1,0.438,vazia
E-BO-000777,C-BO-M-00133-03,BO-M-00133,BO-R-0028,bovino,Nelore,Angus,4.4,2,2.8,0.33,0.91,convencional,1,1,2026-01-02,2,247,1,0.603,prenhe
E-BO-000778,C-BO-M-00134-00,BO-M-00134,BO-R-0024,bovino,Senepol,Nelore,1.4,2,3.7,0.47,0.68,IATF,9,0,2023-09-23,1,-1,0,0.42,vazia
E-BO-000779,C-BO-M-00134-00,BO-M-00134,BO-R-0032,bovino,Senepol,Brahman,1.4,2,3.7,0.47,0.75,IA_repasse,10,1,2023-10-21,2,-1,0,0.291,prenhe
E-BO-000780,C-BO-M-00134-01,BO-M-00134,BO-R-0017,bovino,Senepol,Nelore,1.4,2,3.7,0.47,0.35,convencional,11,1,2024-11-02,1,95,0,0.563,prenhe
E-BO-000781,C-BO-M-00134-02,BO-M-00134,BO-R-0030,bovino,Senepol,Nelore,1.4,2,3.7,0.47,0.8,convencional,10,1,2025-10-26,1,75,0,0.551,prenhe
E-BO-000782,C-BO-M-00135-00,BO-M-00135,BO-R-0017,bovino,Nelore,Nelore,2.0,4,3.1,0.68,0.35,IATF,8,0,2023-08-08,1,-1,0,0.538,prenhe
E-BO-000783,C-BO-M-00135-01,BO-M-00135,BO-R-0007,bovino,Nelore,Angus,2.0,4,3.1,0.68,0.93,IATF,7,0,2024-07-25,1,69,0,0.639,prenhe
E-BO-000784,C-BO-M-00136-00,BO-M-00136,BO-R-0026,bovino,Mestico,Mestico,7.1,3,3.1,0.42,0.64,IATF,3,1,2023-03-07,1,-1,0,0.789,prenhe
E-BO-000785,C-BO-M-00136-01,BO-M-00136,BO-R-0009,bovino,Mestico,Gir,7.1,3,3.1,0.42,0.52,IATF,3,1,2024-03-08,1,84,0,0.771,prenhe
E-BO-000786,C-BO-M-00136-02,BO-M-00136,BO-R-0014,bovino,Mestico,Gir,7.1,3,3.1,0.42,0.7,IATF,3,1,2025-03-24,1,98,0,0.897,prenhe
E-BO-000787,C-BO-M-00136-03,BO-M-00136,BO-R-0036,bovino,Mestico,Guzera,7.1,3,3.1,0.42,0.72,IATF,4,0,2026-04-14,1,103,0,0.893,prenhe
E-BO-000788,C-BO-M-00137-00,BO-M-00137,BO-R-0005,bovino,Senepol,Gir,7.4,0,3.5,0.6,0.72,IATF,9,0,2023-09-09,1,-1,0,0.692,prenhe
E-BO-000789,C-BO-M-00137-01,BO-M-00137,BO-R-0028,bovino,Senepol,Angus,7.4,0,3.5,0.6,0.91,convencional,9,0,2024-09-03,1,77,0,0.784,prenhe
E-BO-000790,C-BO-M-00137-02,BO-M-00137,BO-R-0012,bovino,Senepol,Senepol,7.4,0,3.5,0.6,0.33,IATF,9,0,2025-09-24,1,103,0,0.527,vazia
E-BO-000791,C-BO-M-00137-02,BO-M-00137,BO-R-0020,bovino,Senepol,Nelore,7.4,0,3.5,0.6,0.55,convencional,10,1,2025-10-22,2,131,0,0.692,prenhe
E-BO-000792,C-BO-M-00138-00,BO-M-00138,BO-R-0015,bovino,Brahman,Angus,8.0,3,2.6,0.49,0.51,convencional,2,1,2023-02-04,1,-1,0,0.704,prenhe
E-BO-000793,C-BO-M-00138-01,BO-M-00138,BO-R-0014,bovino,Brahman,Gir,8.0,3,2.6,0.49,0.7,IATF,2,1,2024-02-29,1,107,0,0.759,vazia
E-BO-000794,C-BO-M-00138-01,BO-M-00138,BO-R-0018,bovino,Brahman,Nelore,8.0,3,2.6,0.49,0.82,IA_repasse,3,1,2024-03-24,2,131,0,0.549,vazia
E-BO-000795,C-BO-M-00138-01,BO-M-00138,BO-R-0009,bovino,Brahman,Gir,8.0,3,2.6,0.49,0.52,IATF,4,0,2024-04-15,3,153,0,0.334,prenhe
E-BO-000796,C-BO-M-00138-02,BO-M-00138,BO-R-0028,bovino,Brahman,Angus,8.0,3,2.6,0.49,0.91,IATF,5,0,2025-05-10,1,107,0,0.8,prenhe
E-BO-000797,C-BO-M-00139-00,BO-M-00139,BO-R-0033,bovino,Nelore,Nelore,8.8,2,3.4,0.68,0.79,IATF,1,1,2023-01-10,1,-1,0,0.762,prenhe
E-BO-000798,C-BO-M-00139-01,BO-M-00139,BO-R-0006,bovino,Nelore,Angus,8.8,2,3.4,0.68,0.76,IA_repasse,1,1,2024-01-29,1,101,0,0.703,prenhe
E-BO-000799,C-BO-M-00139-02,BO-M-00139,BO-R-0034,bovino,Nelore,Nelore,8.8,2,3.4,0.68,0.63,convencional,2,1,2025-02-25,1,110,0,0.862,vazia
E-BO-000800,C-BO-M-00139-02,BO-M-00139,BO-R-0017,bovino,Nelore,Nelore,8.8,2,3.4,0.68,0.35,convencional,3,1,2025-03-27,2,140,0,0.744,prenhe
E-BO-000801,C-BO-M-00139-03,BO-M-00139,BO-R-0001,bovino,Nelore,Nelore,8.8,2,3.4,0.68,0.66,convencional,4,0,2026-04-03,1,89,0,0.661,prenhe
E-BO-000802,C-BO-M-00140-00,BO-M-00140,BO-R-0013,bovino,Senepol,Nelore,7.7,4,4.2,0.65,0.46,convencional,4,0,2023-04-20,1,-1,0,0.5,vazia
E-BO-000803,C-BO-M-00140-00,BO-M-00140,BO-R-0018,bovino,Senepol,Nelore,7.7,4,4.2,0.65,0.82,IATF,5,0,2023-05-14,2,-1,0,0.448,vazia
E-BO-000804,C-BO-M-00140-00,BO-M-00140,BO-R-0014,bovino,Senepol,Gir,7.7,4,4.2,0.65,0.7,IATF,6,0,2023-06-14,3,-1,0,0.206,prenhe
E-BO-000805,C-BO-M-00140-01,BO-M-00140,BO-R-0014,bovino,Senepol,Gir,7.7,4,4.2,0.65,0.7,IATF,7,0,2024-07-03,1,102,0,0.532,prenhe
E-BO-000806,C-BO-M-00140-02,BO-M-00140,BO-R-0010,bovino,Senepol,Gir,7.7,4,4.2,0.65,0.31,IATF,7,0,2025-07-09,1,88,0,0.209,vazia
E-BO-000807,C-BO-M-00140-02,BO-M-00140,BO-R-0003,bovino,Senepol,Senepol,7.7,4,4.2,0.65,0.66,IATF,8,0,2025-08-04,2,114,0,0.425,vazia
E-BO-000808,C-BO-M-00140-02,BO-M-00140,BO-R-0033,bovino,Senepol,Nelore,7.7,4,4.2,0.65,0.79,convencional,8,0,2025-08-28,3,138,0,0.498,vazia
E-BO-000809,C-BO-M-00140-03,BO-M-00140,BO-R-0036,bovino,Senepol,Guzera,7.7,4,4.2,0.65,0.72,convencional,9,0,2025-09-28,1,169,1,0.601,prenhe
E-BO-000810,C-BO-M-00141-00,BO-M-00141,BO-R-0031,bovino,Senepol,Nelore,8.2,5,3.4,0.41,0.88,IATF,2,1,2023-02-24,1,-1,0,0.603,prenhe
E-BO-000811,C-BO-M-00141-01,BO-M-00141,BO-R-0023,bovino,Senepol,Brahman,8.2,5,3.4,0.41,0.35,IATF,2,1,2024-02-21,1,79,0,0.333,prenhe
E-BO-000812,C-BO-M-00142-00,BO-M-00142,BO-R-0005,bovino,Guzera,Gir,1.4,5,3.0,0.52,0.72,IATF,4,0,2023-04-08,1,-1,0,0.654,prenhe
E-BO-000813,C-BO-M-00142-01,BO-M-00142,BO-R-0017,bovino,Guzera,Nelore,1.4,5,3.0,0.52,0.35,convencional,4,0,2024-04-25,1,100,0,0.558,prenhe
E-BO-000814,C-BO-M-00142-02,BO-M-00142,BO-R-0023,bovino,Guzera,Brahman,1.4,5,3.0,0.52,0.35,IATF,5,0,2025-05-14,1,101,0,0.39,prenhe
E-BO-000815,C-BO-M-00143-00,BO-M-00143,BO-R-0000,bovino,Senepol,Senepol,3.1,3,2.9,0.76,0.48,IATF,9,0,2023-09-26,1,-1,0,0.557,vazia
E-BO-000816,C-BO-M-00143-00,BO-M-00143,BO-R-0021,bovino,Senepol,Nelore,3.1,3,2.9,0.76,0.68,IATF,10,1,2023-10-17,2,-1,0,0.559,prenhe
E-BO-000817,C-BO-M-00143-01,BO-M-00143,BO-R-0005,bovino,Senepol,Gir,3.1,3,2.9,0.76,0.72,IATF,10,1,2024-10-17,1,83,0,0.729,prenhe
E-BO-000818,C-BO-M-00143-02,BO-M-00143,BO-R-0018,bovino,Senepol,Nelore,3.1,3,2.9,0.76,0.82,IATF,11,1,2025-11-13,1,109,0,0.813,vazia
E-BO-000819,C-BO-M-00143-02,BO-M-00143,BO-R-0012,bovino,Senepol,Senepol,3.1,3,2.9,0.76,0.33,IATF,12,1,2025-12-08,2,134,0,0.56,vazia
E-BO-000820,C-BO-M-00143-02,BO-M-00143,BO-R-0029,bovino,Senepol,Nelore,3.1,3,2.9,0.76,0.78,convencional,1,1,2026-01-04,3,161,0,0.717,prenhe
E-BO-000821,C-BO-M-00144-00,BO-M-00144,BO-R-0027,bovino,Senepol,Brahman,6.6,2,3.0,0.63,0.77,IATF,9,0,2023-09-04,1,-1,0,0.909,prenhe
E-BO-000822,C-BO-M-00144-01,BO-M-00144,BO-R-0002,bovino,Senepol,Brahman,6.6,2,3.0,0.63,0.3,IATF,10,1,2024-10-10,1,119,0,0.857,prenhe
E-BO-000823,C-BO-M-00144-02,BO-M-00144,BO-R-0039,bovino,Senepol,Senepol,6.6,2,3.0,0.63,0.53,IATF,10,1,2025-10-14,1,86,0,0.693,prenhe
E-BO-000824,C-BO-M-00145-00,BO-M-00145,BO-R-0038,bovino,Nelore,Senepol,8.7,2,3.1,0.27,0.52,convencional,3,1,2023-03-15,1,-1,0,0.618,vazia
E-BO-000825,C-BO-M-00145-00,BO-M-00145,BO-R-0038,bovino,Nelore,Senepol,8.7,2,3.1,0.27,0.52,IATF,4,0,2023-04-10,2,-1,0,0.411,prenhe
E-BO-000826,C-BO-M-00146-00,BO-M-00146,BO-R-0001,bovino,Nelore,Nelore,1.0,1,3.0,0.68,0.66,IATF,7,0,2023-07-17,1,-1,0,0.621,prenhe
E-BO-000827,C-BO-M-00146-01,BO-M-00146,BO-R-0016,bovino,Nelore,Nelore,1.0,1,3.0,0.68,0.58,IATF,8,0,2024-08-07,1,104,0,0.673,prenhe
E-BO-000828,C-BO-M-00146-02,BO-M-00146,BO-R-0037,bovino,Nelore,Brahman,1.0,1,3.0,0.68,0.45,IATF,8,0,2025-08-26,1,101,0,0.551,vazia
E-BO-000829,C-BO-M-00146-02,BO-M-00146,BO-R-0002,bovino,Nelore,Brahman,1.0,1,3.0,0.68,0.3,IATF,9,0,2025-09-17,2,123,0,0.39,vazia
E-BO-000830,C-BO-M-00146-02,BO-M-00146,BO-R-0010,bovino,Nelore,Gir,1.0,1,3.0,0.68,0.31,IATF,10,1,2025-10-16,3,152,0,0.408,prenhe
E-BO-000831,C-BO-M-00147-00,BO-M-00147,BO-R-0013,bovino,Senepol,Nelore,5.6,5,3.7,0.33,0.46,IATF,2,1,2023-02-08,1,-1,0,0.446,vazia
E-BO-000832,C-BO-M-00147-00,BO-M-00147,BO-R-0018,bovino,Senepol,Nelore,5.6,5,3.7,0.33,0.82,convencional,3,1,2023-03-09,2,-1,0,0.662,prenhe
E-BO-000833,C-BO-M-00147-01,BO-M-00147,BO-R-0009,bovino,Senepol,Gir,5.6,5,3.7,0.33,0.52,IATF,3,1,2024-03-03,1,77,0,0.462,vazia
E-BO-000834,C-BO-M-00147-01,BO-M-00147,BO-R-0027,bovino,Senepol,Brahman,5.6,5,3.7,0.33,0.77,IATF,3,1,2024-03-24,2,98,0,0.577,prenhe
E-BO-000835,C-BO-M-00147-02,BO-M-00147,BO-R-0024,bovino,Senepol,Nelore,5.6,5,3.7,0.33,0.68,IATF,4,0,2025-04-27,1,116,0,0.508,prenhe
E-BO-000836,C-BO-M-00147-03,BO-M-00147,BO-R-0006,bovino,Senepol,Angus,5.6,5,3.7,0.33,0.76,IATF,4,0,2026-04-21,1,76,0,0.41,prenhe
E-BO-000837,C-BO-M-00148-00,BO-M-00148,BO-R-0004,bovino,Nelore,Brahman,7.1,5,2.3,0.83,0.56,IA_repasse,10,1,2023-10-02,1,-1,0,0.44,vazia
E-BO-000838,C-BO-M-00148-00,BO-M-00148,BO-R-0018,bovino,Nelore,Nelore,7.1,5,2.3,0.83,0.82,IATF,10,1,2023-10-28,2,-1,0,0.418,prenhe
E-BO-000839,C-BO-M-00148-01,BO-M-00148,BO-R-0009,bovino,Nelore,Gir,7.1,5,2.3,0.83,0.52,IA_repasse,10,1,2024-10-30,1,85,0,0.246,vazia
E-BO-000840,C-BO-M-00148-01,BO-M-00148,BO-R-0015,bovino,Nelore,Angus,7.1,5,2.3,0.83,0.51,IATF,11,1,2024-11-29,2,115,0,0.44,vazia
E-BO-000841,C-BO-M-00148-01,BO-M-00148,BO-R-0037,bovino,Nelore,Brahman,7.1,5,2.3,0.83,0.45,IATF,12,1,2024-12-29,3,145,0,0.316,vazia
E-BO-000842,C-BO-M-00148-02,BO-M-00148,BO-R-0005,bovino,Nelore,Gir,7.1,5,2.3,0.83,0.72,IATF,2,1,2025-02-05,1,183,1,0.578,prenhe
E-BO-000843,C-BO-M-00148-03,BO-M-00148,BO-R-0019,bovino,Nelore,Brahman,7.1,5,2.3,0.83,0.55,IATF,2,1,2026-02-27,1,104,0,0.511,prenhe
E-BO-000844,C-BO-M-00149-00,BO-M-00149,BO-R-0031,bovino,Nelore,Nelore,1.3,5,3.6,0.75,0.88,IATF,4,0,2023-04-18,1,-1,0,0.492,prenhe
E-BO-000845,C-BO-M-00149-01,BO-M-00149,BO-R-0009,bovino,Nelore,Gir,1.3,5,3.6,0.75,0.52,IATF,5,0,2024-05-15,1,110,0,0.5,prenhe
E-BO-000846,C-BO-M-00149-02,BO-M-00149,BO-R-0017,bovino,Nelore,Nelore,1.3,5,3.6,0.75,0.35,IATF,6,0,2025-06-06,1,104,0,0.365,vazia
E-BO-000847,C-BO-M-00149-02,BO-M-00149,BO-R-0038,bovino,Nelore,Senepol,1.3,5,3.6,0.75,0.52,IA_repasse,6,0,2025-06-28,2,126,0,0.232,prenhe
E-BO-000848,C-BO-M-00150-00,BO-M-00150,BO-R-0039,bovino,Gir,Senepol,4.6,1,3.0,0.61,0.53,IATF,2,1,2023-02-11,1,-1,0,0.812,prenhe
E-BO-000849,C-BO-M-00150-01,BO-M-00150,BO-R-0001,bovino,Gir,Nelore,4.6,1,3.0,0.61,0.66,convencional,2,1,2024-02-11,1,82,0,0.89,prenhe
E-BO-000850,C-BO-M-00150-02,BO-M-00150,BO-R-0031,bovino,Gir,Nelore,4.6,1,3.0,0.61,0.88,IATF,3,1,2025-03-07,1,107,0,0.923,prenhe
E-BO-000851,C-BO-M-00150-03,BO-M-00150,BO-R-0023,bovino,Gir,Brahman,4.6,1,3.0,0.61,0.35,convencional,4,0,2026-04-01,1,107,0,0.869,prenhe
E-BO-000852,C-BO-M-00151-00,BO-M-00151,BO-R-0004,bovino,Guzera,Brahman,9.1,1,3.4,0.58,0.56,IATF,4,0,2023-04-20,1,-1,0,0.494,prenhe
E-BO-000853,C-BO-M-00151-01,BO-M-00151,BO-R-0022,bovino,Guzera,Guzera,9.1,1,3.4,0.58,0.4,IATF,5,0,2024-05-14,1,107,0,0.548,prenhe
E-BO-000854,C-BO-M-00151-02,BO-M-00151,BO-R-0019,bovino,Guzera,Brahman,9.1,1,3.4,0.58,0.55,IATF,4,0,2025-04-23,1,61,0,0.494,vazia
E-BO-000855,C-BO-M-00151-02,BO-M-00151,BO-R-0009,bovino,Guzera,Gir,9.1,1,3.4,0.58,0.52,convencional,5,0,2025-05-19,2,87,0,0.374,vazia
E-BO-000856,C-BO-M-00151-02,BO-M-00151,BO-R-0012,bovino,Guzera,Senepol,9.1,1,3.4,0.58,0.33,convencional,6,0,2025-06-11,3,110,0,0.34,vazia
E-BO-000857,C-BO-M-00151-03,BO-M-00151,BO-R-0036,bovino,Guzera,Guzera,9.1,1,3.4,0.58,0.72,IATF,7,0,2025-07-19,1,148,1,0.647,vazia
E-BO-000858,C-BO-M-00151-03,BO-M-00151,BO-R-0004,bovino,Guzera,Brahman,9.1,1,3.4,0.58,0.56,convencional,8,0,2025-08-14,2,174,1,0.405,prenhe
E-BO-000859,C-BO-M-00152-00,BO-M-00152,BO-R-0029,bovino,Nelore,Nelore,7.0,5,2.6,0.51,0.78,IATF,8,0,2023-08-06,1,-1,0,0.511,vazia
E-BO-000860,C-BO-M-00152-00,BO-M-00152,BO-R-0029,bovino,Nelore,Nelore,7.0,5,2.6,0.51,0.78,IATF,9,0,2023-09-06,2,-1,0,0.446,vazia
E-BO-000861,C-BO-M-00152-00,BO-M-00152,BO-R-0000,bovino,Nelore,Senepol,7.0,5,2.6,0.51,0.48,IATF,10,1,2023-10-06,3,-1,0,0.327,prenhe
E-BO-000862,C-BO-M-00152-01,BO-M-00152,BO-R-0039,bovino,Nelore,Senepol,7.0,5,2.6,0.51,0.53,IATF,9,0,2024-09-15,1,62,0,0.44,vazia
E-BO-000863,C-BO-M-00152-01,BO-M-00152,BO-R-0002,bovino,Nelore,Brahman,7.0,5,2.6,0.51,0.3,IATF,10,1,2024-10-17,2,94,0,0.249,prenhe
E-BO-000864,C-BO-M-00152-02,BO-M-00152,BO-R-0002,bovino,Nelore,Brahman,7.0,5,2.6,0.51,0.3,convencional,10,1,2025-10-05,1,70,0,0.43,prenhe
E-BO-000865,C-BO-M-00153-00,BO-M-00153,BO-R-0016,bovino,Senepol,Nelore,3.1,3,3.9,0.69,0.58,convencional,10,1,2023-10-12,1,-1,0,0.716,prenhe
E-BO-000866,C-BO-M-00153-01,BO-M-00153,BO-R-0006,bovino,Senepol,Angus,3.1,3,3.9,0.69,0.76,IATF,10,1,2024-10-02,1,73,0,0.746,vazia
E-BO-000867,C-BO-M-00153-01,BO-M-00153,BO-R-0026,bovino,Senepol,Mestico,3.1,3,3.9,0.69,0.64,IATF,10,1,2024-10-24,2,95,0,0.605,prenhe
E-BO-000868,C-BO-M-00153-02,BO-M-00153,BO-R-0009,bovino,Senepol,Gir,3.1,3,3.9,0.69,0.52,IATF,10,1,2025-10-08,1,66,0,0.565,prenhe
E-BO-000869,C-BO-M-00154-00,BO-M-00154,BO-R-0022,bovino,Nelore,Guzera,8.7,4,3.8,0.48,0.4,convencional,9,0,2023-09-14,1,-1,0,0.413,prenhe
E-BO-000870,C-BO-M-00155-00,BO-M-00155,BO-R-0022,bovino,Angus,Guzera,4.1,2,3.7,0.6,0.4,IATF,7,0,2023-07-23,1,-1,0,0.553,prenhe
E-BO-000871,C-BO-M-00155-01,BO-M-00155,BO-R-0037,bovino,Angus,Brahman,4.1,2,3.7,0.6,0.45,convencional,7,0,2024-07-13,1,73,0,0.489,vazia
E-BO-000872,C-BO-M-00155-01,BO-M-00155,BO-R-0003,bovino,Angus,Senepol,4.1,2,3.7,0.6,0.66,convencional,8,0,2024-08-04,2,95,0,0.653,prenhe
E-BO-000873,C-BO-M-00155-02,BO-M-00155,BO-R-0027,bovino,Angus,Brahman,4.1,2,3.7,0.6,0.77,IATF,8,0,2025-08-01,1,79,0,0.582,prenhe
E-BO-000874,C-BO-M-00156-00,BO-M-00156,BO-R-0035,bovino,Nelore,Brahman,8.7,2,2.4,0.72,0.74,IATF,1,1,2023-01-19,1,-1,0,0.33,vazia
E-BO-000875,C-BO-M-00156-00,BO-M-00156,BO-R-0015,bovino,Nelore,Angus,8.7,2,2.4,0.72,0.51,IATF,2,1,2023-02-16,2,-1,0,0.179,vazia
E-BO-000876,C-BO-M-00156-00,BO-M-00156,BO-R-0000,bovino,Nelore,Senepol,8.7,2,2.4,0.72,0.48,IATF,3,1,2023-03-16,3,-1,0,0.186,prenhe
E-BO-000877,C-BO-M-00156-01,BO-M-00156,BO-R-0023,bovino,Nelore,Brahman,8.7,2,2.4,0.72,0.35,IATF,3,1,2024-03-27,1,94,0,0.462,vazia
E-BO-000878,C-BO-M-00156-01,BO-M-00156,BO-R-0000,bovino,Nelore,Senepol,8.7,2,2.4,0.72,0.48,IATF,4,0,2024-04-27,2,125,0,0.298,vazia
E-BO-000879,C-BO-M-00156-01,BO-M-00156,BO-R-0002,bovino,Nelore,Brahman,8.7,2,2.4,0.72,0.3,IATF,5,0,2024-05-22,3,150,0,0.05,vazia
E-BO-000880,C-BO-M-00156-02,BO-M-00156,BO-R-0029,bovino,Nelore,Nelore,8.7,2,2.4,0.72,0.78,IATF,7,0,2024-07-18,1,207,1,0.434,vazia
E-BO-000881,C-BO-M-00156-02,BO-M-00156,BO-R-0025,bovino,Nelore,Nelore,8.7,2,2.4,0.72,0.62,IATF,8,0,2024-08-08,2,228,1,0.182,vazia
E-BO-000882,C-BO-M-00156-02,BO-M-00156,BO-R-0017,bovino,Nelore,Nelore,8.7,2,2.4,0.72,0.35,IATF,8,0,2024-08-30,3,250,1,0.05,vazia
E-BO-000883,C-BO-M-00156-03,BO-M-00156,BO-R-0016,bovino,Nelore,Nelore,8.7,2,2.4,0.72,0.58,convencional,10,1,2024-10-09,1,290,2,0.39,vazia
E-BO-000884,C-BO-M-00156-03,BO-M-00156,BO-R-0039,bovino,Nelore,Senepol,8.7,2,2.4,0.72,0.53,convencional,11,1,2024-11-08,2,320,2,0.195,vazia
E-BO-000885,C-BO-M-00156-03,BO-M-00156,BO-R-0034,bovino,Nelore,Nelore,8.7,2,2.4,0.72,0.63,IATF,11,1,2024-11-30,3,342,2,0.128,vazia
E-BO-000886,C-BO-M-00156-04,BO-M-00156,BO-R-0013,bovino,Nelore,Nelore,8.7,2,2.4,0.72,0.46,IATF,1,1,2025-01-04,1,377,3,0.094,vazia
E-BO-000887,C-BO-M-00156-04,BO-M-00156,BO-R-0019,bovino,Nelore,Brahman,8.7,2,2.4,0.72,0.55,convencional,2,1,2025-02-05,2,409,3,0.101,vazia
E-BO-000888,C-BO-M-00156-04,BO-M-00156,BO-R-0035,bovino,Nelore,Brahman,8.7,2,2.4,0.72,0.74,convencional,3,1,2025-03-08,3,440,3,0.248,prenhe
E-BO-000889,C-BO-M-00156-05,BO-M-00156,BO-R-0025,bovino,Nelore,Nelore,8.7,2,2.4,0.72,0.62,convencional,3,1,2026-03-07,1,81,0,0.454,prenhe
E-BO-000890,C-BO-M-00157-00,BO-M-00157,BO-R-0013,bovino,Angus,Nelore,3.7,3,3.6,0.44,0.46,IATF,8,0,2023-08-14,1,-1,0,0.551,vazia
E-BO-000891,C-BO-M-00157-00,BO-M-00157,BO-R-0007,bovino,Angus,Angus,3.7,3,3.6,0.44,0.93,IATF,9,0,2023-09-10,2,-1,0,0.509,vazia
E-BO-000892,C-BO-M-00157-00,BO-M-00157,BO-R-0030,bovino,Angus,Nelore,3.7,3,3.6,0.44,0.8,IATF,10,1,2023-10-08,3,-1,0,0.37,vazia
E-BO-000893,C-BO-M-00157-01,BO-M-00157,BO-R-0005,bovino,Angus,Gir,3.7,3,3.6,0.44,0.72,convencional,12,1,2023-12-05,1,-1,1,0.671,prenhe
E-BO-000894,C-BO-M-00157-02,BO-M-00157,BO-R-0014,bovino,Angus,Gir,3.7,3,3.6,0.44,0.7,IATF,12,1,2024-12-24,1,102,0,0.675,prenhe
E-BO-000895,C-BO-M-00157-03,BO-M-00157,BO-R-0029,bovino,Angus,Nelore,3.7,3,3.6,0.44,0.78,IATF,12,1,2025-12-28,1,86,0,0.7,prenhe
E-BO-000896,C-BO-M-00158-00,BO-M-00158,BO-R-0016,bovino,Brahman,Nelore,6.3,4,3.4,0.43,0.58,IATF,1,1,2023-01-11,1,-1,0,0.605,vazia
E-BO-000897,C-BO-M-00158-00,BO-M-00158,BO-R-0009,bovino,Brahman,Gir,6.3,4,3.4,0.43,0.52,IATF,2,1,2023-02-03,2,-1,0,0.667,vazia
E-BO-000898,C-BO-M-00158-00,BO-M-00158,BO-R-0028,bovino,Brahman,Angus,6.3,4,3.4,0.43,0.91,IATF,3,1,2023-03-01,3,-1,0,0.609,prenhe
E-BO-000899,C-BO-M-00159-00,BO-M-00159,BO-R-0030,bovino,Brahman,Nelore,4.6,2,2.4,0.31,0.8,IATF,10,1,2023-10-12,1,-1,0,0.542,vazia
E-BO-000900,C-BO-M-00159-00,BO-M-00159,BO-R-0020,bovino,Brahman,Nelore,4.6,2,2.4,0.31,0.55,IATF,11,1,2023-11-05,2,-1,0,0.33,vazia
E-BO-000901,C-BO-M-00159-00,BO-M-00159,BO-R-0028,bovino,Brahman,Angus,4.6,2,2.4,0.31,0.91,IATF,12,1,2023-12-02,3,-1,0,0.329,prenhe
E-BO-000902,C-BO-M-00159-01,BO-M-00159,BO-R-0021,bovino,Brahman,Nelore,4.6,2,2.4,0.31,0.68,IATF,11,1,2024-11-17,1,68,0,0.543,prenhe
E-BO-000903,C-BO-M-00159-02,BO-M-00159,BO-R-0037,bovino,Brahman,Brahman,4.6,2,2.4,0.31,0.45,IATF,11,1,2025-11-07,1,72,0,0.393,vazia
E-BO-000904,C-BO-M-00159-02,BO-M-00159,BO-R-0021,bovino,Brahman,Nelore,4.6,2,2.4,0.31,0.68,IATF,11,1,2025-11-29,2,94,0,0.437,prenhe
E-BO-000905,C-BO-M-00160-00,BO-M-00160,BO-R-0015,bovino,Nelore,Angus,3.5,4,3.2,0.34,0.51,IA_repasse,6,0,2023-06-28,1,-1,0,0.518,prenhe
E-BO-000906,C-BO-M-00160-01,BO-M-00160,BO-R-0015,bovino,Nelore,Angus,3.5,4,3.2,0.34,0.51,IATF,7,0,2024-07-27,1,112,0,0.884,prenhe
E-BO-000907,C-BO-M-00160-02,BO-M-00160,BO-R-0037,bovino,Nelore,Brahman,3.5,4,3.2,0.34,0.45,IATF,9,0,2025-09-01,1,118,0,0.732,prenhe
E-BO-000908,C-BO-M-00161-00,BO-M-00161,BO-R-0003,bovino,Guzera,Senepol,9.0,1,3.4,0.18,0.66,IATF,10,1,2023-10-28,1,-1,0,0.61,prenhe
E-BO-000909,C-BO-M-00161-01,BO-M-00161,BO-R-0039,bovino,Guzera,Senepol,9.0,1,3.4,0.18,0.53,IATF,10,1,2024-10-22,1,77,0,0.45,prenhe
E-BO-000910,C-BO-M-00161-02,BO-M-00161,BO-R-0028,bovino,Guzera,Angus,9.0,1,3.4,0.18,0.91,IA_repasse,11,1,2025-11-28,1,119,0,0.573,vazia
E-BO-000911,C-BO-M-00161-02,BO-M-00161,BO-R-0025,bovino,Guzera,Nelore,9.0,1,3.4,0.18,0.62,convencional,12,1,2025-12-20,2,141,0,0.612,vazia
E-BO-000912,C-BO-M-00161-02,BO-M-00161,BO-R-0020,bovino,Guzera,Nelore,9.0,1,3.4,0.18,0.55,IA_repasse,1,1,2026-01-10,3,162,0,0.258,vazia
E-BO-000913,C-BO-M-00161-03,BO-M-00161,BO-R-0016,bovino,Guzera,Nelore,9.0,1,3.4,0.18,0.58,convencional,3,1,2026-03-18,1,229,1,0.464,prenhe
E-BO-000914,C-BO-M-00162-00,BO-M-00162,BO-R-0003,bovino,Nelore,Senepol,2.7,2,3.5,0.7,0.66,IATF,8,0,2023-08-25,1,-1,0,0.67,prenhe
E-BO-000915,C-BO-M-00162-01,BO-M-00162,BO-R-0027,bovino,Nelore,Brahman,2.7,2,3.5,0.7,0.77,IATF,8,0,2024-08-28,1,86,0,0.616,prenhe
E-BO-000916,C-BO-M-00162-02,BO-M-00162,BO-R-0023,bovino,Nelore,Brahman,2.7,2,3.5,0.7,0.35,IATF,9,0,2025-09-30,1,115,0,0.566,prenhe
E-BO-000917,C-BO-M-00163-00,BO-M-00163,BO-R-0006,bovino,Nelore,Angus,1.8,5,3.3,0.91,0.76,IATF,8,0,2023-08-08,1,-1,0,0.663,prenhe
E-BO-000918,C-BO-M-00163-01,BO-M-00163,BO-R-0018,bovino,Nelore,Nelore,1.8,5,3.3,0.91,0.82,convencional,8,0,2024-08-20,1,95,0,0.879,vazia
E-BO-000919,C-BO-M-00163-01,BO-M-00163,BO-R-0012,bovino,Nelore,Senepol,1.8,5,3.3,0.91,0.33,IATF,9,0,2024-09-12,2,118,0,0.431,vazia
E-BO-000920,C-BO-M-00163-01,BO-M-00163,BO-R-0034,bovino,Nelore,Nelore,1.8,5,3.3,0.91,0.63,IATF,10,1,2024-10-06,3,142,0,0.526,prenhe
E-BO-000921,C-BO-M-00163-02,BO-M-00163,BO-R-0004,bovino,Nelore,Brahman,1.8,5,3.3,0.91,0.56,IATF,9,0,2025-09-15,1,61,0,0.456,vazia
E-BO-000922,C-BO-M-00163-02,BO-M-00163,BO-R-0015,bovino,Nelore,Angus,1.8,5,3.3,0.91,0.51,IATF,10,1,2025-10-12,2,88,0,0.445,vazia
E-BO-000923,C-BO-M-00163-02,BO-M-00163,BO-R-0003,bovino,Nelore,Senepol,1.8,5,3.3,0.91,0.66,IATF,11,1,2025-11-08,3,115,0,0.426,vazia
E-BO-000924,C-BO-M-00163-03,BO-M-00163,BO-R-0009,bovino,Nelore,Gir,1.8,5,3.3,0.91,0.52,convencional,12,1,2025-12-19,1,156,1,0.664,vazia
E-BO-000925,C-BO-M-00163-03,BO-M-00163,BO-R-0038,bovino,Nelore,Senepol,1.8,5,3.3,0.91,0.52,IATF,1,1,2026-01-19,2,187,1,0.488,vazia
E-BO-000926,C-BO-M-00163-03,BO-M-00163,BO-R-0011,bovino,Nelore,Nelore,1.8,5,3.3,0.91,0.57,IATF,2,1,2026-02-09,3,208,1,0.349,vazia
E-BO-000927,C-BO-M-00163-04,BO-M-00163,BO-R-0009,bovino,Nelore,Gir,1.8,5,3.3,0.91,0.52,convencional,3,1,2026-03-16,1,243,2,0.574,prenhe
E-BO-000928,C-BO-M-00164-00,BO-M-00164,BO-R-0005,bovino,Senepol,Gir,4.1,5,3.3,0.84,0.72,IATF,7,0,2023-07-17,1,-1,0,0.69,prenhe
E-BO-000929,C-BO-M-00164-01,BO-M-00164,BO-R-0020,bovino,Senepol,Nelore,4.1,5,3.3,0.84,0.55,IATF,7,0,2024-07-04,1,70,0,0.584,prenhe
E-BO-000930,C-BO-M-00164-02,BO-M-00164,BO-R-0002,bovino,Senepol,Brahman,4.1,5,3.3,0.84,0.3,IATF,7,0,2025-07-14,1,92,0,0.644,prenhe
E-BO-000931,C-BO-M-00165-00,BO-M-00165,BO-R-0012,bovino,Nelore,Senepol,7.5,5,3.9,0.22,0.33,convencional,3,1,2023-03-16,1,-1,0,0.483,prenhe
E-BO-000932,C-BO-M-00165-01,BO-M-00165,BO-R-0015,bovino,Nelore,Angus,7.5,5,3.9,0.22,0.51,IATF,2,1,2024-02-26,1,64,0,0.316,prenhe
E-BO-000933,C-BO-M-00165-02,BO-M-00165,BO-R-0024,bovino,Nelore,Nelore,7.5,5,3.9,0.22,0.68,IATF,2,1,2025-02-28,1,85,0,0.418,prenhe
E-BO-000934,C-BO-M-00165-03,BO-M-00165,BO-R-0009,bovino,Nelore,Gir,7.5,5,3.9,0.22,0.52,IATF,2,1,2026-02-14,1,68,0,0.302,prenhe
E-BO-000935,C-BO-M-00166-00,BO-M-00166,BO-R-0032,bovino,Gir,Brahman,8.3,1,3.8,0.69,0.75,convencional,6,0,2023-06-06,1,-1,0,0.622,prenhe
E-BO-000936,C-BO-M-00166-01,BO-M-00166,BO-R-0021,bovino,Gir,Nelore,8.3,1,3.8,0.69,0.68,convencional,5,0,2024-05-25,1,71,0,0.469,vazia
E-BO-000937,C-BO-M-00166-01,BO-M-00166,BO-R-0003,bovino,Gir,Senepol,8.3,1,3.8,0.69,0.66,convencional,6,0,2024-06-20,2,97,0,0.473,vazia
E-BO-000938,C-BO-M-00166-01,BO-M-00166,BO-R-0019,bovino,Gir,Brahman,8.3,1,3.8,0.69,0.55,IATF,7,0,2024-07-13,3,120,0,0.281,vazia
E-BO-000939,C-BO-M-00167-00,BO-M-00167,BO-R-0021,bovino,Gir,Nelore,10.0,5,1.8,0.83,0.68,IATF,2,1,2023-02-24,1,-1,0,0.444,prenhe
E-BO-000940,C-BO-M-00167-01,BO-M-00167,BO-R-0007,bovino,Gir,Angus,10.0,5,1.8,0.83,0.93,convencional,3,1,2024-03-22,1,109,0,0.685,prenhe
E-BO-000941,C-BO-M-00167-02,BO-M-00167,BO-R-0039,bovino,Gir,Senepol,10.0,5,1.8,0.83,0.53,IATF,4,0,2025-04-04,1,95,0,0.396,vazia
E-BO-000942,C-BO-M-00167-02,BO-M-00167,BO-R-0025,bovino,Gir,Nelore,10.0,5,1.8,0.83,0.62,IATF,5,0,2025-05-05,2,126,0,0.216,vazia
E-BO-000943,C-BO-M-00167-02,BO-M-00167,BO-R-0000,bovino,Gir,Senepol,10.0,5,1.8,0.83,0.48,IATF,5,0,2025-05-27,3,148,0,0.066,vazia
E-BO-000944,C-BO-M-00167-03,BO-M-00167,BO-R-0015,bovino,Gir,Angus,10.0,5,1.8,0.83,0.51,convencional,7,0,2025-07-02,1,184,1,0.23,vazia
E-BO-000945,C-BO-M-00167-03,BO-M-00167,BO-R-0037,bovino,Gir,Brahman,10.0,5,1.8,0.83,0.45,convencional,8,0,2025-08-03,2,216,1,0.1,vazia
E-BO-000946,C-BO-M-00167-03,BO-M-00167,BO-R-0039,bovino,Gir,Senepol,10.0,5,1.8,0.83,0.53,IATF,8,0,2025-08-26,3,239,1,0.05,vazia
E-BO-000947,C-BO-M-00167-04,BO-M-00167,BO-R-0012,bovino,Gir,Senepol,10.0,5,1.8,0.83,0.33,IATF,10,1,2025-10-24,1,298,2,0.098,vazia
E-BO-000948,C-BO-M-00167-04,BO-M-00167,BO-R-0032,bovino,Gir,Brahman,10.0,5,1.8,0.83,0.75,IATF,11,1,2025-11-22,2,327,2,0.179,vazia
E-BO-000949,C-BO-M-00167-04,BO-M-00167,BO-R-0005,bovino,Gir,Gir,10.0,5,1.8,0.83,0.72,convencional,12,1,2025-12-15,3,350,2,0.181,vazia
E-BO-000950,C-BO-M-00167-05,BO-M-00167,BO-R-0001,bovino,Gir,Nelore,10.0,5,1.8,0.83,0.66,IATF,2,1,2026-02-02,1,399,3,0.102,vazia
E-BO-000951,C-BO-M-00167-05,BO-M-00167,BO-R-0035,bovino,Gir,Brahman,10.0,5,1.8,0.83,0.74,convencional,3,1,2026-03-01,2,426,3,0.151,vazia
E-BO-000952,C-BO-M-00167-05,BO-M-00167,BO-R-0017,bovino,Gir,Nelore,10.0,5,1.8,0.83,0.35,convencional,3,1,2026-03-31,3,456,3,0.05,prenhe
E-BO-000953,C-BO-M-00168-00,BO-M-00168,BO-R-0037,bovino,Nelore,Brahman,3.7,5,3.0,0.46,0.45,IATF,8,0,2023-08-04,1,-1,0,0.612,vazia
E-BO-000954,C-BO-M-00168-00,BO-M-00168,BO-R-0010,bovino,Nelore,Gir,3.7,5,3.0,0.46,0.31,convencional,9,0,2023-09-01,2,-1,0,0.429,vazia
E-BO-000955,C-BO-M-00168-00,BO-M-00168,BO-R-0038,bovino,Nelore,Senepol,3.7,5,3.0,0.46,0.52,IA_repasse,9,0,2023-09-25,3,-1,0,0.282,vazia
E-BO-000956,C-BO-M-00169-00,BO-M-00169,BO-R-0038,bovino,Mestico,Senepol,4.7,5,3.1,0.57,0.52,convencional,3,1,2023-03-10,1,-1,0,0.815,prenhe
E-BO-000957,C-BO-M-00169-01,BO-M-00169,BO-R-0004,bovino,Mestico,Brahman,4.7,5,3.1,0.57,0.56,IATF,3,1,2024-03-20,1,93,0,0.853,prenhe
E-BO-000958,C-BO-M-00169-02,BO-M-00169,BO-R-0016,bovino,Mestico,Nelore,4.7,5,3.1,0.57,0.58,IATF,3,1,2025-03-05,1,67,0,0.629,vazia
E-BO-000959,C-BO-M-00169-02,BO-M-00169,BO-R-0011,bovino,Mestico,Nelore,4.7,5,3.1,0.57,0.57,IATF,4,0,2025-04-05,2,98,0,0.598,vazia
E-BO-000960,C-BO-M-00169-02,BO-M-00169,BO-R-0034,bovino,Mestico,Nelore,4.7,5,3.1,0.57,0.63,IATF,5,0,2025-05-04,3,127,0,0.507,prenhe
E-BO-000961,C-BO-M-00170-00,BO-M-00170,BO-R-0026,bovino,Nelore,Mestico,2.2,0,2.3,0.15,0.64,convencional,2,1,2023-02-26,1,-1,0,0.284,vazia
E-BO-000962,C-BO-M-00170-00,BO-M-00170,BO-R-0009,bovino,Nelore,Gir,2.2,0,2.3,0.15,0.52,IATF,3,1,2023-03-19,2,-1,0,0.055,vazia
E-BO-000963,C-BO-M-00170-00,BO-M-00170,BO-R-0024,bovino,Nelore,Nelore,2.2,0,2.3,0.15,0.68,IATF,4,0,2023-04-14,3,-1,0,0.05,vazia
E-BO-000964,C-BO-M-00170-01,BO-M-00170,BO-R-0012,bovino,Nelore,Senepol,2.2,0,2.3,0.15,0.33,IATF,6,0,2023-06-03,1,-1,1,0.05,vazia
E-BO-000965,C-BO-M-00170-01,BO-M-00170,BO-R-0031,bovino,Nelore,Nelore,2.2,0,2.3,0.15,0.88,IATF,7,0,2023-07-02,2,-1,1,0.05,vazia
E-BO-000966,C-BO-M-00170-01,BO-M-00170,BO-R-0034,bovino,Nelore,Nelore,2.2,0,2.3,0.15,0.63,convencional,7,0,2023-07-23,3,-1,1,0.05,vazia
E-BO-000967,C-BO-M-00170-02,BO-M-00170,BO-R-0024,bovino,Nelore,Nelore,2.2,0,2.3,0.15,0.68,IATF,9,0,2023-09-01,1,-1,2,0.05,vazia
E-BO-000968,C-BO-M-00170-02,BO-M-00170,BO-R-0001,bovino,Nelore,Nelore,2.2,0,2.3,0.15,0.66,IA_repasse,10,1,2023-10-02,2,-1,2,0.05,vazia
E-BO-000969,C-BO-M-00170-02,BO-M-00170,BO-R-0002,bovino,Nelore,Brahman,2.2,0,2.3,0.15,0.3,convencional,10,1,2023-10-28,3,-1,2,0.05,vazia
E-BO-000970,C-BO-M-00170-03,BO-M-00170,BO-R-0037,bovino,Nelore,Brahman,2.2,0,2.3,0.15,0.45,IATF,12,1,2023-12-26,1,-1,3,0.05,vazia
E-BO-000971,C-BO-M-00170-03,BO-M-00170,BO-R-0007,bovino,Nelore,Angus,2.2,0,2.3,0.15,0.93,IATF,1,1,2024-01-20,2,-1,3,0.093,prenhe
E-BO-000972,C-BO-M-00170-04,BO-M-00170,BO-R-0007,bovino,Nelore,Angus,2.2,0,2.3,0.15,0.93,IATF,1,1,2025-01-23,1,86,0,0.314,vazia
E-BO-000973,C-BO-M-00170-04,BO-M-00170,BO-R-0015,bovino,Nelore,Angus,2.2,0,2.3,0.15,0.51,IATF,2,1,2025-02-18,2,112,0,0.115,vazia
E-BO-000974,C-BO-M-00170-04,BO-M-00170,BO-R-0031,bovino,Nelore,Nelore,2.2,0,2.3,0.15,0.88,IATF,3,1,2025-03-11,3,133,0,0.18,vazia
E-BO-000975,C-BO-M-00170-05,BO-M-00170,BO-R-0036,bovino,Nelore,Guzera,2.2,0,2.3,0.15,0.72,IA_repasse,4,0,2025-04-15,1,168,1,0.05,prenhe
E-BO-000976,C-BO-M-00171-00,BO-M-00171,BO-R-0024,bovino,Senepol,Nelore,6.2,4,3.2,0.6,0.68,IATF,9,0,2023-09-30,1,-1,0,0.661,prenhe
E-BO-000977,C-BO-M-00171-01,BO-M-00171,BO-R-0009,bovino,Senepol,Gir,6.2,4,3.2,0.6,0.52,convencional,10,1,2024-10-21,1,104,0,0.95,prenhe
E-BO-000978,C-BO-M-00171-02,BO-M-00171,BO-R-0011,bovino,Senepol,Nelore,6.2,4,3.2,0.6,0.57,IATF,11,1,2025-11-23,1,115,0,0.847,prenhe
E-BO-000979,C-BO-M-00172-00,BO-M-00172,BO-R-0016,bovino,Nelore,Nelore,10.0,5,3.8,0.34,0.58,IATF,7,0,2023-07-18,1,-1,0,0.341,vazia
E-BO-000980,C-BO-M-00172-00,BO-M-00172,BO-R-0014,bovino,Nelore,Gir,10.0,5,3.8,0.34,0.7,convencional,8,0,2023-08-09,2,-1,0,0.348,prenhe
E-BO-000981,C-BO-M-00172-01,BO-M-00172,BO-R-0009,bovino,Nelore,Gir,10.0,5,3.8,0.34,0.52,IATF,8,0,2024-08-18,1,92,0,0.325,vazia
E-BO-000982,C-BO-M-00172-01,BO-M-00172,BO-R-0030,bovino,Nelore,Nelore,10.0,5,3.8,0.34,0.8,IATF,9,0,2024-09-15,2,120,0,0.317,prenhe
E-BO-000983,C-BO-M-00172-02,BO-M-00172,BO-R-0002,bovino,Nelore,Brahman,10.0,5,3.8,0.34,0.3,IATF,9,0,2025-09-24,1,91,0,0.322,vazia
E-BO-000984,C-BO-M-00172-02,BO-M-00172,BO-R-0027,bovino,Nelore,Brahman,10.0,5,3.8,0.34,0.77,IATF,10,1,2025-10-22,2,119,0,0.301,prenhe
E-BO-000985,C-BO-M-00173-00,BO-M-00173,BO-R-0001,bovino,Guzera,Nelore,7.3,4,2.7,0.59,0.66,IATF,3,1,2023-03-30,1,-1,0,0.708,prenhe
E-BO-000986,C-BO-M-00173-01,BO-M-00173,BO-R-0000,bovino,Guzera,Senepol,7.3,4,2.7,0.59,0.48,IATF,4,0,2024-04-24,1,108,0,0.638,prenhe
E-BO-000987,C-BO-M-00173-02,BO-M-00173,BO-R-0001,bovino,Guzera,Nelore,7.3,4,2.7,0.59,0.66,IATF,4,0,2025-04-21,1,79,0,0.494,vazia
E-BO-000988,C-BO-M-00173-02,BO-M-00173,BO-R-0008,bovino,Guzera,Brahman,7.3,4,2.7,0.59,0.38,convencional,5,0,2025-05-15,2,103,0,0.568,prenhe
E-BO-000989,C-BO-M-00173-03,BO-M-00173,BO-R-0017,bovino,Guzera,Nelore,7.3,4,2.7,0.59,0.35,convencional,4,0,2026-04-25,1,62,0,0.542,prenhe
E-BO-000990,C-BO-M-00174-00,BO-M-00174,BO-R-0013,bovino,Nelore,Nelore,6.4,1,3.4,0.24,0.46,IATF,7,0,2023-07-11,1,-1,0,0.517,prenhe
E-BO-000991,C-BO-M-00174-01,BO-M-00174,BO-R-0023,bovino,Nelore,Brahman,6.4,1,3.4,0.24,0.35,IATF,8,0,2024-08-15,1,118,0,0.584,vazia
E-BO-000992,C-BO-M-00174-01,BO-M-00174,BO-R-0028,bovino,Nelore,Angus,6.4,1,3.4,0.24,0.91,convencional,9,0,2024-09-09,2,143,0,0.707,prenhe
E-BO-000993,C-BO-M-00174-02,BO-M-00174,BO-R-0033,bovino,Nelore,Nelore,6.4,1,3.4,0.24,0.79,IATF,9,0,2025-09-19,1,92,0,0.769,vazia
E-BO-000994,C-BO-M-00174-02,BO-M-00174,BO-R-0027,bovino,Nelore,Brahman,6.4,1,3.4,0.24,0.77,IATF,10,1,2025-10-20,2,123,0,0.765,vazia
E-BO-000995,C-BO-M-00174-02,BO-M-00174,BO-R-0023,bovino,Nelore,Brahman,6.4,1,3.4,0.24,0.35,IATF,11,1,2025-11-18,3,152,0,0.431,vazia
E-BO-000996,C-BO-M-00175-00,BO-M-00175,BO-R-0032,bovino,Nelore,Brahman,4.5,4,2.7,0.66,0.75,IATF,10,1,2023-10-21,1,-1,0,0.743,prenhe
E-BO-000997,C-BO-M-00175-01,BO-M-00175,BO-R-0022,bovino,Nelore,Guzera,4.5,4,2.7,0.66,0.4,IATF,10,1,2024-10-10,1,72,0,0.474,prenhe
E-BO-000998,C-BO-M-00175-02,BO-M-00175,BO-R-0000,bovino,Nelore,Senepol,4.5,4,2.7,0.66,0.48,IATF,10,1,2025-10-21,1,93,0,0.679,vazia
E-BO-000999,C-BO-M-00175-02,BO-M-00175,BO-R-0030,bovino,Nelore,Nelore,4.5,4,2.7,0.66,0.8,IATF,11,1,2025-11-11,2,114,0,0.752,prenhe
E-BO-001000,C-BO-M-00176-00,BO-M-00176,BO-R-0026,bovino,Nelore,Mestico,9.2,0,2.9,0.75,0.64,IATF,10,1,2023-10-14,1,-1,0,0.464,vazia
E-BO-001001,C-BO-M-00176-00,BO-M-00176,BO-R-0006,bovino,Nelore,Angus,9.2,0,2.9,0.75,0.76,IATF,11,1,2023-11-05,2,-1,0,0.345,vazia
E-BO-001002,C-BO-M-00176-00,BO-M-00176,BO-R-0002,bovino,Nelore,Brahman,9.2,0,2.9,0.75,0.3,IATF,12,1,2023-12-04,3,-1,0,0.101,vazia
E-BO-001003,C-BO-M-00176-01,BO-M-00176,BO-R-0032,bovino,Nelore,Brahman,9.2,0,2.9,0.75,0.75,convencional,1,1,2024-01-09,1,-1,1,0.555,vazia
E-BO-001004,C-BO-M-00176-01,BO-M-00176,BO-R-0028,bovino,Nelore,Angus,9.2,0,2.9,0.75,0.91,IATF,1,1,2024-01-30,2,-1,1,0.31,vazia
E-BO-001005,C-BO-M-00176-01,BO-M-00176,BO-R-0020,bovino,Nelore,Nelore,9.2,0,2.9,0.75,0.55,convencional,2,1,2024-02-22,3,-1,1,0.311,prenhe
E-BO-001006,C-BO-M-00176-02,BO-M-00176,BO-R-0038,bovino,Nelore,Senepol,9.2,0,2.9,0.75,0.52,IATF,2,1,2025-02-09,1,70,0,0.375,prenhe
E-BO-001007,C-BO-M-00177-00,BO-M-00177,BO-R-0034,bovino,Mestico,Nelore,5.5,2,3.9,0.39,0.63,convencional,7,0,2023-07-02,1,-1,0,0.607,prenhe
E-BO-001008,C-BO-M-00177-01,BO-M-00177,BO-R-0036,bovino,Mestico,Guzera,5.5,2,3.9,0.39,0.72,IATF,6,0,2024-06-10,1,61,0,0.494,prenhe
E-BO-001009,C-BO-M-00177-02,BO-M-00177,BO-R-0035,bovino,Mestico,Brahman,5.5,2,3.9,0.39,0.74,IATF,6,0,2025-06-28,1,100,0,0.627,vazia
E-BO-001010,C-BO-M-00177-02,BO-M-00177,BO-R-0031,bovino,Mestico,Nelore,5.5,2,3.9,0.39,0.88,IATF,7,0,2025-07-30,2,132,0,0.623,prenhe
E-BO-001011,C-BO-M-00178-00,BO-M-00178,BO-R-0035,bovino,Guzera,Brahman,2.2,3,2.9,0.32,0.74,convencional,3,1,2023-03-03,1,-1,0,0.755,prenhe
E-BO-001012,C-BO-M-00178-01,BO-M-00178,BO-R-0039,bovino,Guzera,Senepol,2.2,3,2.9,0.32,0.53,IATF,3,1,2024-03-10,1,90,0,0.542,vazia
E-BO-001013,C-BO-M-00178-01,BO-M-00178,BO-R-0023,bovino,Guzera,Brahman,2.2,3,2.9,0.32,0.35,IATF,4,0,2024-04-09,2,120,0,0.229,vazia
E-BO-001014,C-BO-M-00178-01,BO-M-00178,BO-R-0018,bovino,Guzera,Nelore,2.2,3,2.9,0.32,0.82,IATF,5,0,2024-05-07,3,148,0,0.237,vazia
E-BO-001015,C-BO-M-00178-02,BO-M-00178,BO-R-0004,bovino,Guzera,Brahman,2.2,3,2.9,0.32,0.56,convencional,6,0,2024-06-20,1,192,1,0.477,vazia
E-BO-001016,C-BO-M-00178-02,BO-M-00178,BO-R-0023,bovino,Guzera,Brahman,2.2,3,2.9,0.32,0.35,IATF,7,0,2024-07-17,2,219,1,0.235,vazia
E-BO-001017,C-BO-M-00178-02,BO-M-00178,BO-R-0026,bovino,Guzera,Mestico,2.2,3,2.9,0.32,0.64,IATF,8,0,2024-08-15,3,248,1,0.128,vazia
E-BO-001018,C-BO-M-00178-03,BO-M-00178,BO-R-0016,bovino,Guzera,Nelore,2.2,3,2.9,0.32,0.58,IATF,9,0,2024-09-17,1,281,2,0.236,vazia
E-BO-001019,C-BO-M-00178-03,BO-M-00178,BO-R-0005,bovino,Guzera,Gir,2.2,3,2.9,0.32,0.72,IATF,10,1,2024-10-13,2,307,2,0.24,vazia
E-BO-001020,C-BO-M-00178-03,BO-M-00178,BO-R-0024,bovino,Guzera,Nelore,2.2,3,2.9,0.32,0.68,convencional,11,1,2024-11-06,3,331,2,0.122,vazia
E-BO-001021,C-BO-M-00178-04,BO-M-00178,BO-R-0022,bovino,Guzera,Guzera,2.2,3,2.9,0.32,0.4,IATF,12,1,2024-12-18,1,373,3,0.166,vazia
E-BO-001022,C-BO-M-00178-04,BO-M-00178,BO-R-0009,bovino,Guzera,Gir,2.2,3,2.9,0.32,0.52,IATF,1,1,2025-01-15,2,401,3,0.085,prenhe
E-BO-001023,C-BO-M-00178-05,BO-M-00178,BO-R-0039,bovino,Guzera,Senepol,2.2,3,2.9,0.32,0.53,convencional,1,1,2026-01-27,1,94,0,0.504,vazia
E-BO-001024,C-BO-M-00178-05,BO-M-00178,BO-R-0019,bovino,Guzera,Brahman,2.2,3,2.9,0.32,0.55,convencional,2,1,2026-02-24,2,122,0,0.486,prenhe
E-BO-001025,C-BO-M-00179-00,BO-M-00179,BO-R-0031,bovino,Brahman,Nelore,4.3,2,3.4,0.12,0.88,IATF,4,0,2023-04-13,1,-1,0,0.75,vazia
E-BO-001026,C-BO-M-00179-00,BO-M-00179,BO-R-0022,bovino,Brahman,Guzera,4.3,2,3.4,0.12,0.4,IATF,5,0,2023-05-09,2,-1,0,0.36,vazia
E-BO-001027,C-BO-M-00179-00,BO-M-00179,BO-R-0007,bovino,Brahman,Angus,4.3,2,3.4,0.12,0.93,IATF,5,0,2023-05-30,3,-1,0,0.594,prenhe
E-BO-001028,C-BO-M-00179-01,BO-M-00179,BO-R-0023,bovino,Brahman,Brahman,4.3,2,3.4,0.12,0.35,IA_repasse,6,0,2024-06-07,1,91,0,0.525,prenhe
E-BO-001029,C-BO-M-00179-02,BO-M-00179,BO-R-0013,bovino,Brahman,Nelore,4.3,2,3.4,0.12,0.46,convencional,6,0,2025-06-05,1,80,0,0.568,prenhe
E-BO-001030,C-BO-M-00180-00,BO-M-00180,BO-R-0011,bovino,Guzera,Nelore,1.6,4,2.3,0.5,0.57,IATF,5,0,2023-05-08,1,-1,0,0.374,vazia
E-BO-001031,C-BO-M-00180-00,BO-M-00180,BO-R-0024,bovino,Guzera,Nelore,1.6,4,2.3,0.5,0.68,IA_repasse,6,0,2023-06-09,2,-1,0,0.207,vazia
E-BO-001032,C-BO-M-00180-00,BO-M-00180,BO-R-0013,bovino,Guzera,Nelore,1.6,4,2.3,0.5,0.46,IATF,7,0,2023-07-07,3,-1,0,0.06,vazia
E-BO-001033,C-BO-M-00180-01,BO-M-00180,BO-R-0015,bovino,Guzera,Angus,1.6,4,2.3,0.5,0.51,IATF,8,0,2023-08-20,1,-1,1,0.25,vazia
E-BO-001034,C-BO-M-00180-01,BO-M-00180,BO-R-0006,bovino,Guzera,Angus,1.6,4,2.3,0.5,0.76,IATF,9,0,2023-09-14,2,-1,1,0.205,vazia
E-BO-001035,C-BO-M-00180-01,BO-M-00180,BO-R-0022,bovino,Guzera,Guzera,1.6,4,2.3,0.5,0.4,convencional,10,1,2023-10-09,3,-1,1,0.096,vazia
E-BO-001036,C-BO-M-00180-02,BO-M-00180,BO-R-0006,bovino,Guzera,Angus,1.6,4,2.3,0.5,0.76,IATF,11,1,2023-11-23,1,-1,2,0.257,prenhe
E-BO-001037,C-BO-M-00180-03,BO-M-00180,BO-R-0012,bovino,Guzera,Senepol,1.6,4,2.3,0.5,0.33,convencional,12,1,2024-12-02,1,92,0,0.456,prenhe
E-BO-001038,C-BO-M-00180-04,BO-M-00180,BO-R-0006,bovino,Guzera,Angus,1.6,4,2.3,0.5,0.76,convencional,11,1,2025-11-15,1,65,0,0.578,vazia
E-BO-001039,C-BO-M-00180-04,BO-M-00180,BO-R-0031,bovino,Guzera,Nelore,1.6,4,2.3,0.5,0.88,IATF,12,1,2025-12-12,2,92,0,0.512,prenhe
E-BO-001040,C-BO-M-00181-00,BO-M-00181,BO-R-0002,bovino,Guzera,Brahman,2.8,1,4.1,0.43,0.3,IATF,3,1,2023-03-28,1,-1,0,0.117,vazia
E-BO-001041,C-BO-M-00181-00,BO-M-00181,BO-R-0007,bovino,Guzera,Angus,2.8,1,4.1,0.43,0.93,convencional,4,0,2023-04-29,2,-1,0,0.359,vazia
E-BO-001042,C-BO-M-00181-00,BO-M-00181,BO-R-0012,bovino,Guzera,Senepol,2.8,1,4.1,0.43,0.33,IATF,5,0,2023-05-21,3,-1,0,0.05,vazia
E-BO-001043,C-BO-M-00181-01,BO-M-00181,BO-R-0039,bovino,Guzera,Senepol,2.8,1,4.1,0.43,0.53,convencional,7,0,2023-07-16,1,-1,1,0.265,vazia
E-BO-001044,C-BO-M-00181-01,BO-M-00181,BO-R-0020,bovino,Guzera,Nelore,2.8,1,4.1,0.43,0.55,IATF,8,0,2023-08-14,2,-1,1,0.05,vazia
E-BO-001045,C-BO-M-00181-01,BO-M-00181,BO-R-0024,bovino,Guzera,Nelore,2.8,1,4.1,0.43,0.68,IATF,9,0,2023-09-08,3,-1,1,0.05,vazia
E-BO-001046,C-BO-M-00181-02,BO-M-00181,BO-R-0038,bovino,Guzera,Senepol,2.8,1,4.1,0.43,0.52,IATF,11,1,2023-11-02,1,-1,2,0.184,prenhe
E-BO-001047,C-BO-M-00181-03,BO-M-00181,BO-R-0012,bovino,Guzera,Senepol,2.8,1,4.1,0.43,0.33,IATF,12,1,2024-12-06,1,117,0,0.276,vazia
E-BO-001048,C-BO-M-00181-03,BO-M-00181,BO-R-0026,bovino,Guzera,Mestico,2.8,1,4.1,0.43,0.64,IATF,1,1,2025-01-04,2,146,0,0.296,vazia
E-BO-001049,C-BO-M-00181-03,BO-M-00181,BO-R-0031,bovino,Guzera,Nelore,2.8,1,4.1,0.43,0.88,IA_repasse,1,1,2025-01-25,3,167,0,0.077,vazia
E-BO-001050,C-BO-M-00181-04,BO-M-00181,BO-R-0002,bovino,Guzera,Brahman,2.8,1,4.1,0.43,0.3,IATF,3,1,2025-03-14,1,215,1,0.144,vazia
E-BO-001051,C-BO-M-00181-04,BO-M-00181,BO-R-0038,bovino,Guzera,Senepol,2.8,1,4.1,0.43,0.52,IATF,4,0,2025-04-07,2,239,1,0.05,vazia
E-BO-001052,C-BO-M-00181-04,BO-M-00181,BO-R-0036,bovino,Guzera,Guzera,2.8,1,4.1,0.43,0.72,IATF,5,0,2025-05-04,3,266,1,0.05,vazia
E-BO-001053,C-BO-M-00182-00,BO-M-00182,BO-R-0022,bovino,Senepol,Guzera,1.2,3,3.5,0.24,0.4,IATF,3,1,2023-03-17,1,-1,0,0.565,vazia
E-BO-001054,C-BO-M-00182-00,BO-M-00182,BO-R-0020,bovino,Senepol,Nelore,1.2,3,3.5,0.24,0.55,IATF,4,0,2023-04-11,2,-1,0,0.387,vazia
E-BO-001055,C-BO-M-00182-00,BO-M-00182,BO-R-0026,bovino,Senepol,Mestico,1.2,3,3.5,0.24,0.64,convencional,5,0,2023-05-03,3,-1,0,0.452,vazia
E-BO-001056,C-BO-M-00182-01,BO-M-00182,BO-R-0026,bovino,Senepol,Mestico,1.2,3,3.5,0.24,0.64,IATF,6,0,2023-06-08,1,-1,1,0.436,prenhe
E-BO-001057,C-BO-M-00182-02,BO-M-00182,BO-R-0004,bovino,Senepol,Brahman,1.2,3,3.5,0.24,0.56,IATF,6,0,2024-06-25,1,100,0,0.596,prenhe
E-BO-001058,C-BO-M-00182-03,BO-M-00182,BO-R-0038,bovino,Senepol,Senepol,1.2,3,3.5,0.24,0.52,IA_repasse,7,0,2025-07-25,1,112,0,0.377,vazia
E-BO-001059,C-BO-M-00182-03,BO-M-00182,BO-R-0016,bovino,Senepol,Nelore,1.2,3,3.5,0.24,0.58,convencional,8,0,2025-08-16,2,134,0,0.541,vazia
E-BO-001060,C-BO-M-00182-03,BO-M-00182,BO-R-0030,bovino,Senepol,Nelore,1.2,3,3.5,0.24,0.8,IATF,9,0,2025-09-17,3,166,0,0.459,vazia
E-BO-001061,C-BO-M-00183-00,BO-M-00183,BO-R-0017,bovino,Nelore,Nelore,5.1,3,3.1,0.64,0.35,IATF,4,0,2023-04-20,1,-1,0,0.713,vazia
E-BO-001062,C-BO-M-00183-00,BO-M-00183,BO-R-0000,bovino,Nelore,Senepol,5.1,3,3.1,0.64,0.48,IATF,5,0,2023-05-14,2,-1,0,0.559,prenhe
E-BO-001063,C-BO-M-00183-01,BO-M-00183,BO-R-0017,bovino,Nelore,Nelore,5.1,3,3.1,0.64,0.35,IATF,5,0,2024-05-17,1,86,0,0.64,prenhe
E-BO-001064,C-BO-M-00183-02,BO-M-00183,BO-R-0001,bovino,Nelore,Nelore,5.1,3,3.1,0.64,0.66,IATF,5,0,2025-05-13,1,78,0,0.706,prenhe
E-BO-001065,C-BO-M-00183-03,BO-M-00183,BO-R-0004,bovino,Nelore,Brahman,5.1,3,3.1,0.64,0.56,IATF,4,0,2026-04-28,1,67,0,0.75,prenhe
E-BO-001066,C-BO-M-00184-00,BO-M-00184,BO-R-0035,bovino,Brahman,Brahman,6.7,3,3.5,0.46,0.74,IATF,10,1,2023-10-03,1,-1,0,0.811,vazia
E-BO-001067,C-BO-M-00184-00,BO-M-00184,BO-R-0022,bovino,Brahman,Guzera,6.7,3,3.5,0.46,0.4,IATF,10,1,2023-10-27,2,-1,0,0.6,vazia
E-BO-001068,C-BO-M-00184-00,BO-M-00184,BO-R-0014,bovino,Brahman,Gir,6.7,3,3.5,0.46,0.7,IATF,11,1,2023-11-25,3,-1,0,0.599,vazia
E-BO-001069,C-BO-M-00185-00,BO-M-00185,BO-R-0005,bovino,Angus,Gir,4.1,1,2.5,0.33,0.72,IATF,9,0,2023-09-27,1,-1,0,0.469,prenhe
E-BO-001070,C-BO-M-00185-01,BO-M-00185,BO-R-0002,bovino,Angus,Brahman,4.1,1,2.5,0.33,0.3,IATF,9,0,2024-09-09,1,65,0,0.217,vazia
E-BO-001071,C-BO-M-00185-01,BO-M-00185,BO-R-0035,bovino,Angus,Brahman,4.1,1,2.5,0.33,0.74,IATF,10,1,2024-10-09,2,95,0,0.644,prenhe
E-BO-001072,C-BO-M-00185-02,BO-M-00185,BO-R-0013,bovino,Angus,Nelore,4.1,1,2.5,0.33,0.46,IATF,9,0,2025-09-22,1,65,0,0.358,prenhe
E-BO-001073,C-BO-M-00186-00,BO-M-00186,BO-R-0000,bovino,Nelore,Senepol,4.8,1,3.8,0.44,0.48,IATF,8,0,2023-08-15,1,-1,0,0.43,vazia
E-BO-001074,C-BO-M-00186-00,BO-M-00186,BO-R-0031,bovino,Nelore,Nelore,4.8,1,3.8,0.44,0.88,IATF,9,0,2023-09-11,2,-1,0,0.457,vazia
E-BO-001075,C-BO-M-00186-00,BO-M-00186,BO-R-0005,bovino,Nelore,Gir,4.8,1,3.8,0.44,0.72,convencional,10,1,2023-10-13,3,-1,0,0.484,prenhe
E-BO-001076,C-BO-M-00186-01,BO-M-00186,BO-R-0038,bovino,Nelore,Senepol,4.8,1,3.8,0.44,0.52,convencional,9,0,2024-09-28,1,68,0,0.504,vazia
E-BO-001077,C-BO-M-00186-01,BO-M-00186,BO-R-0020,bovino,Nelore,Nelore,4.8,1,3.8,0.44,0.55,IATF,10,1,2024-10-21,2,91,0,0.512,vazia
E-BO-001078,C-BO-M-00186-01,BO-M-00186,BO-R-0012,bovino,Nelore,Senepol,4.8,1,3.8,0.44,0.33,convencional,11,1,2024-11-19,3,120,0,0.468,prenhe
E-BO-001079,C-BO-M-00186-02,BO-M-00186,BO-R-0029,bovino,Nelore,Nelore,4.8,1,3.8,0.44,0.78,IATF,12,1,2025-12-03,1,96,0,0.75,prenhe
E-BO-001080,C-BO-M-00187-00,BO-M-00187,BO-R-0009,bovino,Nelore,Gir,9.6,1,3.0,0.76,0.52,IATF,4,0,2023-04-15,1,-1,0,0.582,prenhe
E-BO-001081,C-BO-M-00187-01,BO-M-00187,BO-R-0012,bovino,Nelore,Senepol,9.6,1,3.0,0.76,0.33,IATF,4,0,2024-04-29,1,97,0,0.554,vazia
E-BO-001082,C-BO-M-00187-01,BO-M-00187,BO-R-0003,bovino,Nelore,Senepol,9.6,1,3.0,0.76,0.66,IATF,5,0,2024-05-24,2,122,0,0.562,vazia
E-BO-001083,C-BO-M-00187-01,BO-M-00187,BO-R-0026,bovino,Nelore,Mestico,9.6,1,3.0,0.76,0.64,convencional,6,0,2024-06-23,3,152,0,0.491,prenhe
E-BO-001084,C-BO-M-00187-02,BO-M-00187,BO-R-0028,bovino,Nelore,Angus,9.6,1,3.0,0.76,0.91,IATF,7,0,2025-07-09,1,98,0,0.778,prenhe
E-BO-001085,C-BO-M-00188-00,BO-M-00188,BO-R-0030,bovino,Brahman,Nelore,7.8,2,3.1,0.67,0.8,IATF,3,1,2023-03-20,1,-1,0,0.87,prenhe
E-BO-001086,C-BO-M-00188-01,BO-M-00188,BO-R-0007,bovino,Brahman,Angus,7.8,2,3.1,0.67,0.93,IATF,2,1,2024-02-26,1,60,0,0.947,prenhe
E-BO-001087,C-BO-M-00188-02,BO-M-00188,BO-R-0010,bovino,Brahman,Gir,7.8,2,3.1,0.67,0.31,IATF,3,1,2025-03-17,1,102,0,0.834,prenhe
E-BO-001088,C-BO-M-00188-03,BO-M-00188,BO-R-0024,bovino,Brahman,Nelore,7.8,2,3.1,0.67,0.68,convencional,2,1,2026-02-26,1,63,0,0.95,prenhe
E-BO-001089,C-BO-M-00189-00,BO-M-00189,BO-R-0028,bovino,Nelore,Angus,5.9,3,3.0,0.52,0.91,convencional,5,0,2023-05-16,1,-1,0,0.95,prenhe
E-BO-001090,C-BO-M-00189-01,BO-M-00189,BO-R-0014,bovino,Nelore,Gir,5.9,3,3.0,0.52,0.7,IATF,4,0,2024-04-29,1,66,0,0.688,prenhe
E-BO-001091,C-BO-M-00189-02,BO-M-00189,BO-R-0011,bovino,Nelore,Nelore,5.9,3,3.0,0.52,0.57,convencional,5,0,2025-05-19,1,102,0,0.927,prenhe
E-BO-001092,C-BO-M-00190-00,BO-M-00190,BO-R-0014,bovino,Guzera,Gir,3.6,2,2.9,0.67,0.7,IATF,5,0,2023-05-02,1,-1,0,0.687,prenhe
E-BO-001093,C-BO-M-00190-01,BO-M-00190,BO-R-0022,bovino,Guzera,Guzera,3.6,2,2.9,0.67,0.4,IATF,4,0,2024-04-09,1,60,0,0.467,prenhe
E-BO-001094,C-BO-M-00190-02,BO-M-00190,BO-R-0025,bovino,Guzera,Nelore,3.6,2,2.9,0.67,0.62,IATF,5,0,2025-05-04,1,107,0,0.621,vazia
E-BO-001095,C-BO-M-00190-02,BO-M-00190,BO-R-0035,bovino,Guzera,Brahman,3.6,2,2.9,0.67,0.74,convencional,6,0,2025-06-05,2,139,0,0.632,prenhe
E-BO-001096,C-BO-M-00191-00,BO-M-00191,BO-R-0035,bovino,Nelore,Brahman,9.1,2,3.5,0.32,0.74,IATF,1,1,2023-01-31,1,-1,0,0.68,vazia
E-BO-001097,C-BO-M-00191-00,BO-M-00191,BO-R-0033,bovino,Nelore,Nelore,9.1,2,3.5,0.32,0.79,IA_repasse,2,1,2023-02-27,2,-1,0,0.465,prenhe
E-BO-001098,C-BO-M-00191-01,BO-M-00191,BO-R-0012,bovino,Nelore,Senepol,9.1,2,3.5,0.32,0.33,IATF,3,1,2024-03-26,1,110,0,0.612,prenhe
E-BO-001099,C-BO-M-00191-02,BO-M-00191,BO-R-0031,bovino,Nelore,Nelore,9.1,2,3.5,0.32,0.88,IATF,4,0,2025-04-04,1,91,0,0.699,vazia
E-BO-001100,C-BO-M-00191-02,BO-M-00191,BO-R-0024,bovino,Nelore,Nelore,9.1,2,3.5,0.32,0.68,IATF,5,0,2025-05-05,2,122,0,0.487,prenhe
E-BO-001101,C-BO-M-00191-03,BO-M-00191,BO-R-0029,bovino,Nelore,Nelore,9.1,2,3.5,0.32,0.78,IATF,4,0,2026-04-22,1,69,0,0.571,vazia
E-BO-001102,C-BO-M-00192-00,BO-M-00192,BO-R-0033,bovino,Nelore,Nelore,3.1,1,3.3,0.56,0.79,IATF,3,1,2023-03-12,1,-1,0,0.736,prenhe
E-BO-001103,C-BO-M-00192-01,BO-M-00192,BO-R-0007,bovino,Nelore,Angus,3.1,1,3.3,0.56,0.93,convencional,3,1,2024-03-08,1,79,0,0.904,prenhe
E-BO-001104,C-BO-M-00192-02,BO-M-00192,BO-R-0005,bovino,Nelore,Gir,3.1,1,3.3,0.56,0.72,IATF,3,1,2025-03-17,1,91,0,0.881,prenhe
E-BO-001105,C-BO-M-00192-03,BO-M-00192,BO-R-0013,bovino,Nelore,Nelore,3.1,1,3.3,0.56,0.46,IATF,4,0,2026-04-15,1,111,0,0.716,vazia
E-BO-001106,C-BO-M-00193-00,BO-M-00193,BO-R-0023,bovino,Gir,Brahman,3.9,1,3.5,0.58,0.35,IA_repasse,3,1,2023-03-25,1,-1,0,0.577,vazia
E-BO-001107,C-BO-M-00193-00,BO-M-00193,BO-R-0021,bovino,Gir,Nelore,3.9,1,3.5,0.58,0.68,convencional,4,0,2023-04-26,2,-1,0,0.639,prenhe
E-BO-001108,C-BO-M-00193-01,BO-M-00193,BO-R-0004,bovino,Gir,Brahman,3.9,1,3.5,0.58,0.56,convencional,4,0,2024-04-28,1,85,0,0.697,prenhe
E-BO-001109,C-BO-M-00193-02,BO-M-00193,BO-R-0019,bovino,Gir,Brahman,3.9,1,3.5,0.58,0.55,IATF,5,0,2025-05-02,1,86,0,0.46,vazia
E-BO-001110,C-BO-M-00193-02,BO-M-00193,BO-R-0033,bovino,Gir,Nelore,3.9,1,3.5,0.58,0.79,IATF,5,0,2025-05-23,2,107,0,0.719,vazia
E-BO-001111,C-BO-M-00193-02,BO-M-00193,BO-R-0016,bovino,Gir,Nelore,3.9,1,3.5,0.58,0.58,convencional,6,0,2025-06-15,3,130,0,0.635,prenhe
E-BO-001112,C-BO-M-00194-00,BO-M-00194,BO-R-0020,bovino,Nelore,Nelore,9.2,3,3.2,0.46,0.55,IATF,6,0,2023-06-26,1,-1,0,0.464,prenhe
E-BO-001113,C-BO-M-00194-01,BO-M-00194,BO-R-0007,bovino,Nelore,Angus,9.2,3,3.2,0.46,0.93,IATF,6,0,2024-06-03,1,60,0,0.644,vazia
E-BO-001114,C-BO-M-00194-01,BO-M-00194,BO-R-0024,bovino,Nelore,Nelore,9.2,3,3.2,0.46,0.68,IATF,7,0,2024-07-04,2,91,0,0.617,vazia
E-BO-001115,C-BO-M-00194-01,BO-M-00194,BO-R-0026,bovino,Nelore,Mestico,9.2,3,3.2,0.46,0.64,IATF,7,0,2024-07-25,3,112,0,0.403,vazia
E-BO-001116,C-BO-M-00194-02,BO-M-00194,BO-R-0030,bovino,Nelore,Nelore,9.2,3,3.2,0.46,0.8,IA_repasse,9,0,2024-09-10,1,159,1,0.527,vazia
E-BO-001117,C-BO-M-00194-02,BO-M-00194,BO-R-0015,bovino,Nelore,Angus,9.2,3,3.2,0.46,0.51,convencional,10,1,2024-10-01,2,180,1,0.537,vazia
E-BO-001118,C-BO-M-00194-02,BO-M-00194,BO-R-0014,bovino,Nelore,Gir,9.2,3,3.2,0.46,0.7,convencional,10,1,2024-10-29,3,208,1,0.524,prenhe
E-BO-001119,C-BO-M-00194-03,BO-M-00194,BO-R-0022,bovino,Nelore,Guzera,9.2,3,3.2,0.46,0.4,convencional,10,1,2025-10-22,1,75,0,0.643,vazia
E-BO-001120,C-BO-M-00194-03,BO-M-00194,BO-R-0019,bovino,Nelore,Brahman,9.2,3,3.2,0.46,0.55,IATF,11,1,2025-11-21,2,105,0,0.541,vazia
E-BO-001121,C-BO-M-00194-03,BO-M-00194,BO-R-0032,bovino,Nelore,Brahman,9.2,3,3.2,0.46,0.75,IATF,12,1,2025-12-17,3,131,0,0.532,vazia
E-BO-001122,C-BO-M-00194-04,BO-M-00194,BO-R-0035,bovino,Nelore,Brahman,9.2,3,3.2,0.46,0.74,IATF,1,1,2026-01-19,1,164,1,0.702,prenhe
E-BO-001123,C-BO-M-00195-00,BO-M-00195,BO-R-0039,bovino,Nelore,Senepol,5.8,4,3.5,0.64,0.53,IATF,1,1,2023-01-18,1,-1,0,0.786,prenhe
E-BO-001124,C-BO-M-00195-01,BO-M-00195,BO-R-0009,bovino,Nelore,Gir,5.8,4,3.5,0.64,0.52,convencional,12,1,2023-12-30,1,63,0,0.838,prenhe
E-BO-001125,C-BO-M-00195-02,BO-M-00195,BO-R-0010,bovino,Nelore,Gir,5.8,4,3.5,0.64,0.31,IATF,12,1,2024-12-29,1,82,0,0.644,vazia
E-BO-001126,C-BO-M-00195-02,BO-M-00195,BO-R-0024,bovino,Nelore,Nelore,5.8,4,3.5,0.64,0.68,IATF,1,1,2025-01-24,2,108,0,0.788,prenhe
E-BO-001127,C-BO-M-00195-03,BO-M-00195,BO-R-0012,bovino,Nelore,Senepol,5.8,4,3.5,0.64,0.33,IATF,1,1,2026-01-05,1,63,0,0.771,prenhe
E-BO-001128,C-BO-M-00196-00,BO-M-00196,BO-R-0034,bovino,Senepol,Nelore,7.7,1,3.0,0.39,0.63,IATF,2,1,2023-02-28,1,-1,0,0.768,prenhe
E-BO-001129,C-BO-M-00196-01,BO-M-00196,BO-R-0023,bovino,Senepol,Brahman,7.7,1,3.0,0.39,0.35,IATF,4,0,2024-04-02,1,116,0,0.682,prenhe
E-BO-001130,C-BO-M-00196-02,BO-M-00196,BO-R-0028,bovino,Senepol,Angus,7.7,1,3.0,0.39,0.91,convencional,4,0,2025-04-06,1,86,0,0.747,prenhe
E-BO-001131,C-BO-M-00197-00,BO-M-00197,BO-R-0020,bovino,Gir,Nelore,6.3,5,4.3,0.65,0.55,IATF,7,0,2023-07-14,1,-1,0,0.411,prenhe
E-BO-001132,C-BO-M-00197-01,BO-M-00197,BO-R-0031,bovino,Gir,Nelore,6.3,5,4.3,0.65,0.88,IATF,6,0,2024-06-26,1,65,0,0.408,prenhe
E-BO-001133,C-BO-M-00197-02,BO-M-00197,BO-R-0020,bovino,Gir,Nelore,6.3,5,4.3,0.65,0.55,IATF,7,0,2025-07-19,1,105,0,0.447,vazia
E-BO-001134,C-BO-M-00197-02,BO-M-00197,BO-R-0012,bovino,Gir,Senepol,6.3,5,4.3,0.65,0.33,IA_repasse,8,0,2025-08-12,2,129,0,0.196,prenhe
E-BO-001135,C-BO-M-00198-00,BO-M-00198,BO-R-0038,bovino,Nelore,Senepol,6.9,3,2.4,0.66,0.52,convencional,1,1,2023-01-06,1,-1,0,0.547,prenhe
E-BO-001136,C-BO-M-00199-00,BO-M-00199,BO-R-0010,bovino,Nelore,Gir,3.7,1,3.8,0.0,0.31,IATF,6,0,2023-06-25,1,-1,0,0.291,prenhe
E-BO-001137,C-BO-M-00199-01,BO-M-00199,BO-R-0031,bovino,Nelore,Nelore,3.7,1,3.8,0.0,0.88,IATF,7,0,2024-07-08,1,96,0,0.522,prenhe
E-BO-001138,C-BO-M-00200-00,BO-M-00200,BO-R-0007,bovino,Brahman,Angus,3.2,2,3.9,0.79,0.93,IATF,7,0,2023-07-10,1,-1,0,0.709,vazia
E-BO-001139,C-BO-M-00200-00,BO-M-00200,BO-R-0009,bovino,Brahman,Gir,3.2,2,3.9,0.79,0.52,IATF,8,0,2023-08-05,2,-1,0,0.472,prenhe
E-BO-001140,C-BO-M-00200-01,BO-M-00200,BO-R-0021,bovino,Brahman,Nelore,3.2,2,3.9,0.79,0.68,IATF,9,0,2024-09-05,1,114,0,0.665,prenhe
E-BO-001141,C-BO-M-00200-02,BO-M-00200,BO-R-0027,bovino,Brahman,Brahman,3.2,2,3.9,0.79,0.77,IATF,9,0,2025-09-05,1,82,0,0.475,prenhe
E-BO-001142,C-BO-M-00201-00,BO-M-00201,BO-R-0001,bovino,Mestico,Nelore,3.9,0,2.8,0.0,0.66,IATF,3,1,2023-03-11,1,-1,0,0.526,vazia
E-BO-001143,C-BO-M-00201-00,BO-M-00201,BO-R-0031,bovino,Mestico,Nelore,3.9,0,2.8,0.0,0.88,IATF,4,0,2023-04-04,2,-1,0,0.25,vazia
E-BO-001144,C-BO-M-00201-00,BO-M-00201,BO-R-0021,bovino,Mestico,Nelore,3.9,0,2.8,0.0,0.68,IATF,5,0,2023-05-05,3,-1,0,0.128,vazia
E-BO-001145,C-BO-M-00201-01,BO-M-00201,BO-R-0005,bovino,Mestico,Gir,3.9,0,2.8,0.0,0.72,IATF,7,0,2023-07-12,1,-1,1,0.417,prenhe
E-BO-001146,C-BO-M-00201-02,BO-M-00201,BO-R-0003,bovino,Mestico,Senepol,3.9,0,2.8,0.0,0.66,convencional,6,0,2024-06-19,1,60,0,0.378,vazia
E-BO-001147,C-BO-M-00201-02,BO-M-00201,BO-R-0031,bovino,Mestico,Nelore,3.9,0,2.8,0.0,0.88,IATF,7,0,2024-07-14,2,85,0,0.18,vazia
E-BO-001148,C-BO-M-00201-02,BO-M-00201,BO-R-0010,bovino,Mestico,Gir,3.9,0,2.8,0.0,0.31,convencional,8,0,2024-08-06,3,108,0,0.225,vazia
E-BO-001149,C-BO-M-00201-03,BO-M-00201,BO-R-0017,bovino,Mestico,Nelore,3.9,0,2.8,0.0,0.35,IATF,9,0,2024-09-22,1,155,1,0.21,vazia
E-BO-001150,C-BO-M-00201-03,BO-M-00201,BO-R-0002,bovino,Mestico,Brahman,3.9,0,2.8,0.0,0.3,convencional,10,1,2024-10-16,2,179,1,0.217,vazia
E-BO-001151,C-BO-M-00201-03,BO-M-00201,BO-R-0025,bovino,Mestico,Nelore,3.9,0,2.8,0.0,0.62,IATF,11,1,2024-11-16,3,210,1,0.226,vazia
E-BO-001152,C-BO-M-00202-00,BO-M-00202,BO-R-0010,bovino,Senepol,Gir,2.4,0,4.3,0.43,0.31,IATF,10,1,2023-10-25,1,-1,0,0.194,vazia
E-BO-001153,C-BO-M-00202-00,BO-M-00202,BO-R-0036,bovino,Senepol,Guzera,2.4,0,4.3,0.43,0.72,convencional,11,1,2023-11-24,2,-1,0,0.354,vazia
E-BO-001154,C-BO-M-00202-00,BO-M-00202,BO-R-0026,bovino,Senepol,Mestico,2.4,0,4.3,0.43,0.64,convencional,12,1,2023-12-24,3,-1,0,0.272,prenhe
E-BO-001155,C-BO-M-00202-01,BO-M-00202,BO-R-0006,bovino,Senepol,Angus,2.4,0,4.3,0.43,0.76,IATF,1,1,2025-01-24,1,114,0,0.448,vazia
E-BO-001156,C-BO-M-00202-01,BO-M-00202,BO-R-0023,bovino,Senepol,Brahman,2.4,0,4.3,0.43,0.35,IATF,2,1,2025-02-18,2,139,0,0.123,vazia
E-BO-001157,C-BO-M-00202-01,BO-M-00202,BO-R-0021,bovino,Senepol,Nelore,2.4,0,4.3,0.43,0.68,convencional,3,1,2025-03-11,3,160,0,0.25,vazia
E-BO-001158,C-BO-M-00202-02,BO-M-00202,BO-R-0027,bovino,Senepol,Brahman,2.4,0,4.3,0.43,0.77,IATF,5,0,2025-05-16,1,226,1,0.16,vazia
E-BO-001159,C-BO-M-00202-02,BO-M-00202,BO-R-0011,bovino,Senepol,Nelore,2.4,0,4.3,0.43,0.57,IA_repasse,6,0,2025-06-06,2,247,1,0.05,vazia
E-BO-001160,C-BO-M-00202-02,BO-M-00202,BO-R-0013,bovino,Senepol,Nelore,2.4,0,4.3,0.43,0.46,convencional,7,0,2025-07-07,3,278,1,0.05,vazia
E-BO-001161,C-BO-M-00202-03,BO-M-00202,BO-R-0004,bovino,Senepol,Brahman,2.4,0,4.3,0.43,0.56,IATF,8,0,2025-08-10,1,312,2,0.084,prenhe
E-BO-001162,C-BO-M-00203-00,BO-M-00203,BO-R-0009,bovino,Nelore,Gir,8.9,2,3.7,0.76,0.52,convencional,4,0,2023-04-15,1,-1,0,0.571,vazia
E-BO-001163,C-BO-M-00203-00,BO-M-00203,BO-R-0002,bovino,Nelore,Brahman,8.9,2,3.7,0.76,0.3,convencional,5,0,2023-05-07,2,-1,0,0.351,vazia
E-BO-001164,C-BO-M-00203-00,BO-M-00203,BO-R-0032,bovino,Nelore,Brahman,8.9,2,3.7,0.76,0.75,IATF,6,0,2023-06-03,3,-1,0,0.29,prenhe
E-BO-001165,C-BO-M-00203-01,BO-M-00203,BO-R-0011,bovino,Nelore,Nelore,8.9,2,3.7,0.76,0.57,convencional,5,0,2024-05-20,1,69,0,0.45,vazia
E-BO-001166,C-BO-M-00203-01,BO-M-00203,BO-R-0027,bovino,Nelore,Brahman,8.9,2,3.7,0.76,0.77,IATF,6,0,2024-06-17,2,97,0,0.469,vazia
E-BO-001167,C-BO-M-00203-01,BO-M-00203,BO-R-0006,bovino,Nelore,Angus,8.9,2,3.7,0.76,0.76,IATF,7,0,2024-07-19,3,129,0,0.353,vazia
E-BO-001168,C-BO-M-00203-02,BO-M-00203,BO-R-0002,bovino,Nelore,Brahman,8.9,2,3.7,0.76,0.3,convencional,9,0,2024-09-09,1,181,1,0.36,prenhe
E-BO-001169,C-BO-M-00203-03,BO-M-00203,BO-R-0020,bovino,Nelore,Nelore,8.9,2,3.7,0.76,0.55,convencional,10,1,2025-10-13,1,116,0,0.722,prenhe
E-BO-001170,C-BO-M-00204-00,BO-M-00204,BO-R-0028,bovino,Nelore,Angus,3.5,2,3.7,0.49,0.91,IATF,5,0,2023-05-11,1,-1,0,0.716,vazia
E-BO-001171,C-BO-M-00204-00,BO-M-00204,BO-R-0020,bovino,Nelore,Nelore,3.5,2,3.7,0.49,0.55,IATF,6,0,2023-06-10,2,-1,0,0.36,vazia
E-BO-001172,C-BO-M-00204-00,BO-M-00204,BO-R-0022,bovino,Nelore,Guzera,3.5,2,3.7,0.49,0.4,convencional,7,0,2023-07-07,3,-1,0,0.325,vazia
E-BO-001173,C-BO-M-00204-01,BO-M-00204,BO-R-0010,bovino,Nelore,Gir,3.5,2,3.7,0.49,0.31,IATF,8,0,2023-08-08,1,-1,1,0.317,vazia
E-BO-001174,C-BO-M-00204-01,BO-M-00204,BO-R-0020,bovino,Nelore,Nelore,3.5,2,3.7,0.49,0.55,IATF,9,0,2023-09-02,2,-1,1,0.37,vazia
E-BO-001175,C-BO-M-00204-01,BO-M-00204,BO-R-0024,bovino,Nelore,Nelore,3.5,2,3.7,0.49,0.68,IA_repasse,9,0,2023-09-24,3,-1,1,0.171,vazia
E-BO-001176,C-BO-M-00204-02,BO-M-00204,BO-R-0018,bovino,Nelore,Nelore,3.5,2,3.7,0.49,0.82,convencional,10,1,2023-10-26,1,-1,2,0.673,vazia
E-BO-001177,C-BO-M-00204-02,BO-M-00204,BO-R-0034,bovino,Nelore,Nelore,3.5,2,3.7,0.49,0.63,IATF,11,1,2023-11-23,2,-1,2,0.343,prenhe
E-BO-001178,C-BO-M-00204-03,BO-M-00204,BO-R-0008,bovino,Nelore,Brahman,3.5,2,3.7,0.49,0.38,convencional,11,1,2024-11-13,1,73,0,0.555,vazia
E-BO-001179,C-BO-M-00204-03,BO-M-00204,BO-R-0033,bovino,Nelore,Nelore,3.5,2,3.7,0.49,0.79,convencional,12,1,2024-12-12,2,102,0,0.835,prenhe
E-BO-001180,C-BO-M-00205-00,BO-M-00205,BO-R-0037,bovino,Nelore,Brahman,6.1,4,3.2,0.26,0.45,convencional,10,1,2023-10-18,1,-1,0,0.789,prenhe
E-BO-001181,C-BO-M-00205-01,BO-M-00205,BO-R-0007,bovino,Nelore,Angus,6.1,4,3.2,0.26,0.93,convencional,11,1,2024-11-12,1,108,0,0.95,prenhe
E-BO-001182,C-BO-M-00205-02,BO-M-00205,BO-R-0015,bovino,Nelore,Angus,6.1,4,3.2,0.26,0.51,IATF,10,1,2025-10-23,1,62,0,0.598,vazia
E-BO-001183,C-BO-M-00205-02,BO-M-00205,BO-R-0031,bovino,Nelore,Nelore,6.1,4,3.2,0.26,0.88,IATF,11,1,2025-11-13,2,83,0,0.696,vazia
E-BO-001184,C-BO-M-00205-02,BO-M-00205,BO-R-0023,bovino,Nelore,Brahman,6.1,4,3.2,0.26,0.35,IATF,12,1,2025-12-10,3,110,0,0.434,prenhe
E-BO-001185,C-BO-M-00206-00,BO-M-00206,BO-R-0024,bovino,Nelore,Nelore,8.1,0,3.1,0.33,0.68,convencional,1,1,2023-01-20,1,-1,0,0.635,prenhe
E-BO-001186,C-BO-M-00206-01,BO-M-00206,BO-R-0009,bovino,Nelore,Gir,8.1,0,3.1,0.33,0.52,IA_repasse,2,1,2024-02-03,1,96,0,0.482,prenhe
E-BO-001187,C-BO-M-00206-02,BO-M-00206,BO-R-0003,bovino,Nelore,Senepol,8.1,0,3.1,0.33,0.66,IA_repasse,2,1,2025-02-18,1,98,0,0.558,prenhe
E-BO-001188,C-BO-M-00206-03,BO-M-00206,BO-R-0023,bovino,Nelore,Brahman,8.1,0,3.1,0.33,0.35,IATF,3,1,2026-03-21,1,113,0,0.529,vazia
E-BO-001189,C-BO-M-00206-03,BO-M-00206,BO-R-0007,bovino,Nelore,Angus,8.1,0,3.1,0.33,0.93,IATF,4,0,2026-04-21,2,144,0,0.459,vazia
E-BO-001190,C-BO-M-00207-00,BO-M-00207,BO-R-0020,bovino,Angus,Nelore,8.1,5,3.1,0.76,0.55,IATF,3,1,2023-03-22,1,-1,0,0.593,vazia
E-BO-001191,C-BO-M-00207-00,BO-M-00207,BO-R-0024,bovino,Angus,Nelore,8.1,5,3.1,0.76,0.68,IATF,4,0,2023-04-20,2,-1,0,0.479,vazia
E-BO-001192,C-BO-M-00207-00,BO-M-00207,BO-R-0028,bovino,Angus,Angus,8.1,5,3.1,0.76,0.91,convencional,5,0,2023-05-15,3,-1,0,0.616,prenhe
E-BO-001193,C-BO-M-00207-01,BO-M-00207,BO-R-0022,bovino,Angus,Guzera,8.1,5,3.1,0.76,0.4,convencional,5,0,2024-05-19,1,87,0,0.486,prenhe
E-BO-001194,C-BO-M-00207-02,BO-M-00207,BO-R-0021,bovino,Angus,Nelore,8.1,5,3.1,0.76,0.68,IATF,6,0,2025-06-25,1,119,0,0.632,prenhe
E-BO-001195,C-BO-M-00208-00,BO-M-00208,BO-R-0004,bovino,Nelore,Brahman,4.9,1,3.4,0.17,0.56,IATF,7,0,2023-07-18,1,-1,0,0.527,prenhe
E-BO-001196,C-BO-M-00208-01,BO-M-00208,BO-R-0030,bovino,Nelore,Nelore,4.9,1,3.4,0.17,0.8,convencional,6,0,2024-06-29,1,64,0,0.764,prenhe
E-BO-001197,C-BO-M-00208-02,BO-M-00208,BO-R-0030,bovino,Nelore,Nelore,4.9,1,3.4,0.17,0.8,IATF,6,0,2025-06-07,1,60,0,0.57,prenhe
E-BO-001198,C-BO-M-00209-00,BO-M-00209,BO-R-0035,bovino,Senepol,Brahman,5.3,0,3.9,0.78,0.74,convencional,9,0,2023-09-10,1,-1,0,0.604,prenhe
E-BO-001199,C-BO-M-00209-01,BO-M-00209,BO-R-0027,bovino,Senepol,Brahman,5.3,0,3.9,0.78,0.77,convencional,10,1,2024-10-07,1,110,0,0.738,vazia
E-BO-001200,C-BO-M-00209-01,BO-M-00209,BO-R-0023,bovino,Senepol,Brahman,5.3,0,3.9,0.78,0.35,convencional,11,1,2024-11-07,2,141,0,0.496,prenhe
E-BO-001201,C-BO-M-00209-02,BO-M-00209,BO-R-0024,bovino,Senepol,Nelore,5.3,0,3.9,0.78,0.68,convencional,11,1,2025-11-15,1,90,0,0.824,prenhe
E-BO-001202,C-BO-M-00210-00,BO-M-00210,BO-R-0035,bovino,Angus,Brahman,10.0,4,3.3,0.54,0.74,convencional,5,0,2023-05-01,1,-1,0,0.758,prenhe
E-BO-001203,C-BO-M-00210-01,BO-M-00210,BO-R-0005,bovino,Angus,Gir,10.0,4,3.3,0.54,0.72,IATF,4,0,2024-04-24,1,76,0,0.612,prenhe
E-BO-001204,C-BO-M-00210-02,BO-M-00210,BO-R-0039,bovino,Angus,Senepol,10.0,4,3.3,0.54,0.53,IATF,5,0,2025-05-06,1,94,0,0.663,vazia
E-BO-001205,C-BO-M-00210-02,BO-M-00210,BO-R-0033,bovino,Angus,Nelore,10.0,4,3.3,0.54,0.79,IATF,5,0,2025-05-29,2,117,0,0.754,prenhe
E-BO-001206,C-BO-M-00211-00,BO-M-00211,BO-R-0004,bovino,Senepol,Brahman,7.1,4,2.7,0.31,0.56,IATF,7,0,2023-07-06,1,-1,0,0.473,prenhe
E-BO-001207,C-BO-M-00211-01,BO-M-00211,BO-R-0000,bovino,Senepol,Senepol,7.1,4,2.7,0.31,0.48,IATF,7,0,2024-07-13,1,90,0,0.549,prenhe
E-BO-001208,C-BO-M-00211-02,BO-M-00211,BO-R-0017,bovino,Senepol,Nelore,7.1,4,2.7,0.31,0.35,IATF,7,0,2025-07-01,1,70,0,0.415,vazia
E-BO-001209,C-BO-M-00211-02,BO-M-00211,BO-R-0013,bovino,Senepol,Nelore,7.1,4,2.7,0.31,0.46,IATF,8,0,2025-08-02,2,102,0,0.421,vazia
E-BO-001210,C-BO-M-00211-02,BO-M-00211,BO-R-0012,bovino,Senepol,Senepol,7.1,4,2.7,0.31,0.33,IATF,9,0,2025-09-01,3,132,0,0.34,prenhe
E-BO-001211,C-BO-M-00212-00,BO-M-00212,BO-R-0018,bovino,Nelore,Nelore,8.3,3,3.6,0.43,0.82,IATF,5,0,2023-05-26,1,-1,0,0.463,vazia
E-BO-001212,C-BO-M-00212-00,BO-M-00212,BO-R-0015,bovino,Nelore,Angus,8.3,3,3.6,0.43,0.51,convencional,6,0,2023-06-23,2,-1,0,0.331,prenhe
E-BO-001213,C-BO-M-00212-01,BO-M-00212,BO-R-0032,bovino,Nelore,Brahman,8.3,3,3.6,0.43,0.75,convencional,6,0,2024-06-30,1,90,0,0.627,prenhe
E-BO-001214,C-BO-M-00212-02,BO-M-00212,BO-R-0033,bovino,Nelore,Nelore,8.3,3,3.6,0.43,0.79,IATF,6,0,2025-06-27,1,79,0,0.389,prenhe
E-BO-001215,C-BO-M-00213-00,BO-M-00213,BO-R-0022,bovino,Gir,Guzera,9.1,0,3.7,0.35,0.4,IATF,3,1,2023-03-22,1,-1,0,0.289,vazia
E-BO-001216,C-BO-M-00213-00,BO-M-00213,BO-R-0028,bovino,Gir,Angus,9.1,0,3.7,0.35,0.91,convencional,4,0,2023-04-14,2,-1,0,0.357,vazia
E-BO-001217,C-BO-M-00213-00,BO-M-00213,BO-R-0038,bovino,Gir,Senepol,9.1,0,3.7,0.35,0.52,IATF,5,0,2023-05-10,3,-1,0,0.05,vazia
E-BO-001218,C-BO-M-00213-01,BO-M-00213,BO-R-0025,bovino,Gir,Nelore,9.1,0,3.7,0.35,0.62,IATF,6,0,2023-06-10,1,-1,1,0.159,vazia
E-BO-001219,C-BO-M-00213-01,BO-M-00213,BO-R-0032,bovino,Gir,Brahman,9.1,0,3.7,0.35,0.75,convencional,7,0,2023-07-07,2,-1,1,0.269,vazia
E-BO-001220,C-BO-M-00213-01,BO-M-00213,BO-R-0016,bovino,Gir,Nelore,9.1,0,3.7,0.35,0.58,IATF,7,0,2023-07-30,3,-1,1,0.05,vazia
E-BO-001221,C-BO-M-00213-02,BO-M-00213,BO-R-0015,bovino,Gir,Angus,9.1,0,3.7,0.35,0.51,IATF,10,1,2023-10-03,1,-1,2,0.164,vazia
E-BO-001222,C-BO-M-00213-02,BO-M-00213,BO-R-0023,bovino,Gir,Brahman,9.1,0,3.7,0.35,0.35,IATF,11,1,2023-11-01,2,-1,2,0.071,vazia
E-BO-001223,C-BO-M-00213-02,BO-M-00213,BO-R-0002,bovino,Gir,Brahman,9.1,0,3.7,0.35,0.3,IATF,11,1,2023-11-25,3,-1,2,0.05,vazia
E-BO-001224,C-BO-M-00213-03,BO-M-00213,BO-R-0032,bovino,Gir,Brahman,9.1,0,3.7,0.35,0.75,IATF,1,1,2024-01-05,1,-1,3,0.226,prenhe
E-BO-001225,C-BO-M-00213-04,BO-M-00213,BO-R-0022,bovino,Gir,Guzera,9.1,0,3.7,0.35,0.4,IATF,1,1,2025-01-04,1,82,0,0.247,vazia
E-BO-001226,C-BO-M-00213-04,BO-M-00213,BO-R-0034,bovino,Gir,Nelore,9.1,0,3.7,0.35,0.63,IATF,1,1,2025-01-29,2,107,0,0.359,vazia
E-BO-001227,C-BO-M-00213-04,BO-M-00213,BO-R-0023,bovino,Gir,Brahman,9.1,0,3.7,0.35,0.35,IATF,2,1,2025-02-25,3,134,0,0.074,vazia
E-BO-001228,C-BO-M-00213-05,BO-M-00213,BO-R-0017,bovino,Gir,Nelore,9.1,0,3.7,0.35,0.35,IATF,5,0,2025-05-03,1,201,1,0.112,vazia
E-BO-001229,C-BO-M-00213-05,BO-M-00213,BO-R-0025,bovino,Gir,Nelore,9.1,0,3.7,0.35,0.62,IATF,5,0,2025-05-31,2,229,1,0.05,vazia
E-BO-001230,C-BO-M-00213-05,BO-M-00213,BO-R-0028,bovino,Gir,Angus,9.1,0,3.7,0.35,0.91,IATF,6,0,2025-06-21,3,250,1,0.05,vazia
E-BO-001231,C-BO-M-00214-00,BO-M-00214,BO-R-0029,bovino,Brahman,Nelore,8.1,0,3.5,0.72,0.78,IATF,2,1,2023-02-25,1,-1,0,0.683,vazia
E-BO-001232,C-BO-M-00214-00,BO-M-00214,BO-R-0037,bovino,Brahman,Brahman,8.1,0,3.5,0.72,0.45,IATF,3,1,2023-03-21,2,-1,0,0.45,vazia
E-BO-001233,C-BO-M-00214-00,BO-M-00214,BO-R-0005,bovino,Brahman,Gir,8.1,0,3.5,0.72,0.72,IATF,4,0,2023-04-18,3,-1,0,0.391,prenhe
E-BO-001234,C-BO-M-00214-01,BO-M-00214,BO-R-0037,bovino,Brahman,Brahman,8.1,0,3.5,0.72,0.45,IATF,4,0,2024-04-13,1,78,0,0.428,prenhe
E-BO-001235,C-BO-M-00215-00,BO-M-00215,BO-R-0028,bovino,Brahman,Angus,2.7,2,3.6,0.7,0.91,convencional,10,1,2023-10-15,1,-1,0,0.757,prenhe
E-BO-001236,C-BO-M-00215-01,BO-M-00215,BO-R-0032,bovino,Brahman,Brahman,2.7,2,3.6,0.7,0.75,IATF,11,1,2024-11-07,1,106,0,0.699,vazia
E-BO-001237,C-BO-M-00215-01,BO-M-00215,BO-R-0002,bovino,Brahman,Brahman,2.7,2,3.6,0.7,0.3,convencional,12,1,2024-12-02,2,131,0,0.462,prenhe
E-BO-001238,C-BO-M-00215-02,BO-M-00215,BO-R-0016,bovino,Brahman,Nelore,2.7,2,3.6,0.7,0.58,IATF,11,1,2025-11-24,1,74,0,0.395,vazia
E-BO-001239,C-BO-M-00215-02,BO-M-00215,BO-R-0010,bovino,Brahman,Gir,2.7,2,3.6,0.7,0.31,IATF,12,1,2025-12-17,2,97,0,0.417,vazia
E-BO-001240,C-BO-M-00215-02,BO-M-00215,BO-R-0019,bovino,Brahman,Brahman,2.7,2,3.6,0.7,0.55,IATF,1,1,2026-01-08,3,119,0,0.364,prenhe
E-BO-001241,C-BO-M-00216-00,BO-M-00216,BO-R-0028,bovino,Nelore,Angus,6.1,2,3.1,0.21,0.91,IATF,3,1,2023-03-05,1,-1,0,0.881,prenhe
E-BO-001242,C-BO-M-00216-01,BO-M-00216,BO-R-0030,bovino,Nelore,Nelore,6.1,2,3.1,0.21,0.8,IATF,2,1,2024-02-27,1,76,0,0.819,prenhe
E-BO-001243,C-BO-M-00216-02,BO-M-00216,BO-R-0020,bovino,Nelore,Nelore,6.1,2,3.1,0.21,0.55,convencional,4,0,2025-04-03,1,118,0,0.866,prenhe
E-BO-001244,C-BO-M-00216-03,BO-M-00216,BO-R-0030,bovino,Nelore,Nelore,6.1,2,3.1,0.21,0.8,IATF,3,1,2026-03-27,1,75,0,0.79,prenhe
E-BO-001245,C-BO-M-00217-00,BO-M-00217,BO-R-0004,bovino,Nelore,Brahman,1.9,5,2.7,0.47,0.56,convencional,10,1,2023-10-14,1,-1,0,0.498,vazia
E-BO-001246,C-BO-M-00217-00,BO-M-00217,BO-R-0035,bovino,Nelore,Brahman,1.9,5,2.7,0.47,0.74,IATF,11,1,2023-11-08,2,-1,0,0.328,vazia
E-BO-001247,C-BO-M-00217-00,BO-M-00217,BO-R-0015,bovino,Nelore,Angus,1.9,5,2.7,0.47,0.51,IATF,11,1,2023-11-30,3,-1,0,0.098,vazia
E-BO-001248,C-BO-M-00217-01,BO-M-00217,BO-R-0008,bovino,Nelore,Brahman,1.9,5,2.7,0.47,0.38,IATF,2,1,2024-02-02,1,-1,1,0.309,prenhe
E-BO-001249,C-BO-M-00217-02,BO-M-00217,BO-R-0017,bovino,Nelore,Nelore,1.9,5,2.7,0.47,0.35,convencional,2,1,2025-02-20,1,101,0,0.553,prenhe
E-BO-001250,C-BO-M-00217-03,BO-M-00217,BO-R-0027,bovino,Nelore,Brahman,1.9,5,2.7,0.47,0.77,IATF,1,1,2026-01-30,1,61,0,0.318,prenhe
E-BO-001251,C-BO-M-00218-00,BO-M-00218,BO-R-0002,bovino,Guzera,Brahman,6.9,1,2.8,0.38,0.3,IATF,3,1,2023-03-08,1,-1,0,0.413,vazia
E-BO-001252,C-BO-M-00218-00,BO-M-00218,BO-R-0037,bovino,Guzera,Brahman,6.9,1,2.8,0.38,0.45,convencional,4,0,2023-04-09,2,-1,0,0.482,vazia
E-BO-001253,C-BO-M-00218-00,BO-M-00218,BO-R-0026,bovino,Guzera,Mestico,6.9,1,2.8,0.38,0.64,convencional,5,0,2023-05-11,3,-1,0,0.298,vazia
E-BO-001254,C-BO-M-00218-01,BO-M-00218,BO-R-0004,bovino,Guzera,Brahman,6.9,1,2.8,0.38,0.56,convencional,7,0,2023-07-04,1,-1,1,0.441,vazia
E-BO-001255,C-BO-M-00218-01,BO-M-00218,BO-R-0018,bovino,Guzera,Nelore,6.9,1,2.8,0.38,0.82,convencional,7,0,2023-07-25,2,-1,1,0.43,prenhe
E-BO-001256,C-BO-M-00218-02,BO-M-00218,BO-R-0024,bovino,Guzera,Nelore,6.9,1,2.8,0.38,0.68,IATF,7,0,2024-07-24,1,82,0,0.416,prenhe
E-BO-001257,C-BO-M-00218-03,BO-M-00218,BO-R-0026,bovino,Guzera,Mestico,6.9,1,2.8,0.38,0.64,IATF,8,0,2025-08-26,1,115,0,0.61,prenhe
E-BO-001258,C-BO-M-00219-00,BO-M-00219,BO-R-0015,bovino,Nelore,Angus,9.6,1,2.4,0.81,0.51,IATF,9,0,2023-09-23,1,-1,0,0.267,vazia
E-BO-001259,C-BO-M-00219-00,BO-M-00219,BO-R-0015,bovino,Nelore,Angus,9.6,1,2.4,0.81,0.51,convencional,10,1,2023-10-25,2,-1,0,0.319,vazia
E-BO-001260,C-BO-M-00219-00,BO-M-00219,BO-R-0018,bovino,Nelore,Nelore,9.6,1,2.4,0.81,0.82,IATF,11,1,2023-11-26,3,-1,0,0.21,vazia
E-BO-001261,C-BO-M-00219-01,BO-M-00219,BO-R-0019,bovino,Nelore,Brahman,9.6,1,2.4,0.81,0.55,convencional,2,1,2024-02-02,1,-1,1,0.488,prenhe
E-BO-001262,C-BO-M-00219-02,BO-M-00219,BO-R-0027,bovino,Nelore,Brahman,9.6,1,2.4,0.81,0.77,convencional,2,1,2025-02-06,1,87,0,0.506,vazia
E-BO-001263,C-BO-M-00219-02,BO-M-00219,BO-R-0003,bovino,Nelore,Senepol,9.6,1,2.4,0.81,0.66,IA_repasse,3,1,2025-03-03,2,112,0,0.238,vazia
E-BO-001264,C-BO-M-00219-02,BO-M-00219,BO-R-0013,bovino,Nelore,Nelore,9.6,1,2.4,0.81,0.46,IA_repasse,4,0,2025-04-04,3,144,0,0.05,vazia
E-BO-001265,C-BO-M-00219-03,BO-M-00219,BO-R-0027,bovino,Nelore,Brahman,9.6,1,2.4,0.81,0.77,IATF,5,0,2025-05-16,1,186,1,0.347,vazia
E-BO-001266,C-BO-M-00219-03,BO-M-00219,BO-R-0037,bovino,Nelore,Brahman,9.6,1,2.4,0.81,0.45,IATF,6,0,2025-06-12,2,213,1,0.119,vazia
E-BO-001267,C-BO-M-00219-03,BO-M-00219,BO-R-0035,bovino,Nelore,Brahman,9.6,1,2.4,0.81,0.74,convencional,7,0,2025-07-06,3,237,1,0.191,vazia
E-BO-001268,C-BO-M-00220-00,BO-M-00220,BO-R-0018,bovino,Nelore,Nelore,5.6,5,3.3,0.28,0.82,IATF,8,0,2023-08-03,1,-1,0,0.695,prenhe
E-BO-001269,C-BO-M-00220-01,BO-M-00220,BO-R-0013,bovino,Nelore,Nelore,5.6,5,3.3,0.28,0.46,IATF,7,0,2024-07-15,1,64,0,0.469,prenhe
E-BO-001270,C-BO-M-00221-00,BO-M-00221,BO-R-0013,bovino,Senepol,Nelore,4.9,0,3.2,0.87,0.46,IATF,8,0,2023-08-05,1,-1,0,0.472,vazia
E-BO-001271,C-BO-M-00221-00,BO-M-00221,BO-R-0031,bovino,Senepol,Nelore,4.9,0,3.2,0.87,0.88,IATF,8,0,2023-08-27,2,-1,0,0.627,prenhe
E-BO-001272,C-BO-M-00221-01,BO-M-00221,BO-R-0001,bovino,Senepol,Nelore,4.9,0,3.2,0.87,0.66,convencional,9,0,2024-09-15,1,102,0,0.828,prenhe
E-BO-001273,C-BO-M-00221-02,BO-M-00221,BO-R-0006,bovino,Senepol,Angus,4.9,0,3.2,0.87,0.76,IATF,10,1,2025-10-12,1,109,0,0.941,prenhe
E-BO-001274,C-BO-M-00222-00,BO-M-00222,BO-R-0035,bovino,Angus,Brahman,1.3,0,3.0,0.54,0.74,IA_repasse,8,0,2023-08-07,1,-1,0,0.377,prenhe
E-BO-001275,C-BO-M-00222-01,BO-M-00222,BO-R-0032,bovino,Angus,Brahman,1.3,0,3.0,0.54,0.75,IATF,8,0,2024-08-09,1,85,0,0.384,vazia
E-BO-001276,C-BO-M-00222-01,BO-M-00222,BO-R-0022,bovino,Angus,Guzera,1.3,0,3.0,0.54,0.4,convencional,9,0,2024-09-06,2,113,0,0.439,prenhe
E-BO-001277,C-BO-M-00222-02,BO-M-00222,BO-R-0039,bovino,Angus,Senepol,1.3,0,3.0,0.54,0.53,IATF,9,0,2025-09-26,1,102,0,0.544,prenhe
E-BO-001278,C-BO-M-00223-00,BO-M-00223,BO-R-0023,bovino,Mestico,Brahman,9.6,2,1.7,0.32,0.35,IATF,2,1,2023-02-11,1,-1,0,0.282,vazia
E-BO-001279,C-BO-M-00223-00,BO-M-00223,BO-R-0022,bovino,Mestico,Guzera,9.6,2,1.7,0.32,0.4,convencional,3,1,2023-03-09,2,-1,0,0.287,prenhe
E-BO-001280,C-BO-M-00223-01,BO-M-00223,BO-R-0014,bovino,Mestico,Gir,9.6,2,1.7,0.32,0.7,convencional,2,1,2024-02-29,1,74,0,0.499,prenhe
E-BO-001281,C-BO-M-00223-02,BO-M-00223,BO-R-0025,bovino,Mestico,Nelore,9.6,2,1.7,0.32,0.62,IATF,3,1,2025-03-07,1,89,0,0.267,vazia
E-BO-001282,C-BO-M-00223-02,BO-M-00223,BO-R-0015,bovino,Mestico,Angus,9.6,2,1.7,0.32,0.51,convencional,4,0,2025-04-08,2,121,0,0.238,vazia
E-BO-001283,C-BO-M-00223-02,BO-M-00223,BO-R-0019,bovino,Mestico,Brahman,9.6,2,1.7,0.32,0.55,convencional,5,0,2025-05-05,3,148,0,0.265,vazia
E-BO-001284,C-BO-M-00223-03,BO-M-00223,BO-R-0011,bovino,Mestico,Nelore,9.6,2,1.7,0.32,0.57,IATF,6,0,2025-06-06,1,180,1,0.206,vazia
E-BO-001285,C-BO-M-00223-03,BO-M-00223,BO-R-0017,bovino,Mestico,Nelore,9.6,2,1.7,0.32,0.35,IATF,7,0,2025-07-04,2,208,1,0.05,vazia
E-BO-001286,C-BO-M-00223-03,BO-M-00223,BO-R-0014,bovino,Mestico,Gir,9.6,2,1.7,0.32,0.7,convencional,7,0,2025-07-25,3,229,1,0.085,vazia
E-BO-001287,C-BO-M-00223-04,BO-M-00223,BO-R-0003,bovino,Mestico,Senepol,9.6,2,1.7,0.32,0.66,IATF,9,0,2025-09-22,1,288,2,0.11,prenhe
E-BO-001288,C-BO-M-00224-00,BO-M-00224,BO-R-0016,bovino,Nelore,Nelore,1.9,2,2.6,0.41,0.58,IATF,1,1,2023-01-15,1,-1,0,0.401,prenhe
E-BO-001289,C-BO-M-00224-01,BO-M-00224,BO-R-0008,bovino,Nelore,Brahman,1.9,2,2.6,0.41,0.38,IATF,1,1,2024-01-14,1,81,0,0.322,vazia
E-BO-001290,C-BO-M-00224-01,BO-M-00224,BO-R-0016,bovino,Nelore,Nelore,1.9,2,2.6,0.41,0.58,IATF,2,1,2024-02-07,2,105,0,0.532,prenhe
E-BO-001291,C-BO-M-00224-02,BO-M-00224,BO-R-0034,bovino,Nelore,Nelore,1.9,2,2.6,0.41,0.63,IATF,1,1,2025-01-22,1,67,0,0.361,prenhe
E-BO-001292,C-BO-M-00224-03,BO-M-00224,BO-R-0003,bovino,Nelore,Senepol,1.9,2,2.6,0.41,0.66,IATF,2,1,2026-02-20,1,111,0,0.676,vazia
E-BO-001293,C-BO-M-00224-03,BO-M-00224,BO-R-0026,bovino,Nelore,Mestico,1.9,2,2.6,0.41,0.64,IATF,3,1,2026-03-15,2,134,0,0.419,vazia
E-BO-001294,C-BO-M-00224-03,BO-M-00224,BO-R-0012,bovino,Nelore,Senepol,1.9,2,2.6,0.41,0.33,IA_repasse,4,0,2026-04-06,3,156,0,0.05,vazia
E-BO-001295,C-BO-M-00225-00,BO-M-00225,BO-R-0023,bovino,Guzera,Brahman,1.4,3,3.8,0.39,0.35,IATF,5,0,2023-05-16,1,-1,0,0.166,vazia
E-BO-001296,C-BO-M-00225-00,BO-M-00225,BO-R-0014,bovino,Guzera,Gir,1.4,3,3.8,0.39,0.7,IATF,6,0,2023-06-17,2,-1,0,0.348,prenhe
E-BO-001297,C-BO-M-00225-01,BO-M-00225,BO-R-0026,bovino,Guzera,Mestico,1.4,3,3.8,0.39,0.64,IATF,7,0,2024-07-05,1,101,0,0.472,vazia
E-BO-001298,C-BO-M-00225-01,BO-M-00225,BO-R-0003,bovino,Guzera,Senepol,1.4,3,3.8,0.39,0.66,IATF,8,0,2024-08-01,2,128,0,0.316,vazia
E-BO-001299,C-BO-M-00225-01,BO-M-00225,BO-R-0006,bovino,Guzera,Angus,1.4,3,3.8,0.39,0.76,convencional,8,0,2024-08-24,3,151,0,0.426,vazia
E-BO-001300,C-BO-M-00225-02,BO-M-00225,BO-R-0029,bovino,Guzera,Nelore,1.4,3,3.8,0.39,0.78,IATF,10,1,2024-10-07,1,195,1,0.435,prenhe
E-BO-001301,C-BO-M-00225-03,BO-M-00225,BO-R-0005,bovino,Guzera,Gir,1.4,3,3.8,0.39,0.72,IATF,10,1,2025-10-16,1,91,0,0.608,prenhe
E-BO-001302,C-BO-M-00226-00,BO-M-00226,BO-R-0017,bovino,Nelore,Nelore,3.2,5,2.9,0.3,0.35,IATF,1,1,2023-01-13,1,-1,0,0.407,vazia
E-BO-001303,C-BO-M-00226-00,BO-M-00226,BO-R-0027,bovino,Nelore,Brahman,3.2,5,2.9,0.3,0.77,IATF,2,1,2023-02-06,2,-1,0,0.392,prenhe
E-BO-001304,C-BO-M-00226-01,BO-M-00226,BO-R-0014,bovino,Nelore,Gir,3.2,5,2.9,0.3,0.7,IATF,1,1,2024-01-24,1,69,0,0.376,vazia
E-BO-001305,C-BO-M-00226-01,BO-M-00226,BO-R-0009,bovino,Nelore,Gir,3.2,5,2.9,0.3,0.52,IATF,2,1,2024-02-25,2,101,0,0.47,vazia
E-BO-001306,C-BO-M-00226-01,BO-M-00226,BO-R-0031,bovino,Nelore,Nelore,3.2,5,2.9,0.3,0.88,convencional,3,1,2024-03-21,3,126,0,0.651,vazia
E-BO-001307,C-BO-M-00226-02,BO-M-00226,BO-R-0030,bovino,Nelore,Nelore,3.2,5,2.9,0.3,0.8,IATF,5,0,2024-05-09,1,175,1,0.496,vazia
E-BO-001308,C-BO-M-00226-02,BO-M-00226,BO-R-0028,bovino,Nelore,Angus,3.2,5,2.9,0.3,0.91,IATF,6,0,2024-06-02,2,199,1,0.357,prenhe
E-BO-001309,C-BO-M-00227-00,BO-M-00227,BO-R-0001,bovino,Senepol,Nelore,1.6,5,3.4,0.57,0.66,IATF,8,0,2023-08-08,1,-1,0,0.519,prenhe
E-BO-001310,C-BO-M-00227-01,BO-M-00227,BO-R-0005,bovino,Senepol,Gir,1.6,5,3.4,0.57,0.72,IATF,8,0,2024-08-05,1,80,0,0.492,prenhe
E-BO-001311,C-BO-M-00228-00,BO-M-00228,BO-R-0008,bovino,Angus,Brahman,5.1,1,2.5,0.3,0.38,convencional,1,1,2023-01-11,1,-1,0,0.503,prenhe
E-BO-001312,C-BO-M-00228-01,BO-M-00228,BO-R-0007,bovino,Angus,Angus,5.1,1,2.5,0.3,0.93,IATF,2,1,2024-02-10,1,112,0,0.742,vazia
E-BO-001313,C-BO-M-00228-01,BO-M-00228,BO-R-0033,bovino,Angus,Nelore,5.1,1,2.5,0.3,0.79,convencional,3,1,2024-03-10,2,141,0,0.67,vazia
E-BO-001314,C-BO-M-00228-01,BO-M-00228,BO-R-0016,bovino,Angus,Nelore,5.1,1,2.5,0.3,0.58,convencional,4,0,2024-04-07,3,169,0,0.371,vazia
E-BO-001315,C-BO-M-00228-02,BO-M-00228,BO-R-0032,bovino,Angus,Brahman,5.1,1,2.5,0.3,0.75,IA_repasse,6,0,2024-06-12,1,235,1,0.26,vazia
E-BO-001316,C-BO-M-00228-02,BO-M-00228,BO-R-0017,bovino,Angus,Nelore,5.1,1,2.5,0.3,0.35,convencional,7,0,2024-07-12,2,265,1,0.288,vazia
E-BO-001317,C-BO-M-00228-02,BO-M-00228,BO-R-0009,bovino,Angus,Gir,5.1,1,2.5,0.3,0.52,IATF,8,0,2024-08-04,3,288,1,0.059,vazia
E-BO-001318,C-BO-M-00228-03,BO-M-00228,BO-R-0008,bovino,Angus,Brahman,5.1,1,2.5,0.3,0.38,IATF,9,0,2024-09-05,1,320,2,0.204,vazia
E-BO-001319,C-BO-M-00228-03,BO-M-00228,BO-R-0000,bovino,Angus,Senepol,5.1,1,2.5,0.3,0.48,IATF,10,1,2024-10-07,2,352,2,0.239,vazia
E-BO-001320,C-BO-M-00228-03,BO-M-00228,BO-R-0012,bovino,Angus,Senepol,5.1,1,2.5,0.3,0.33,IATF,11,1,2024-11-01,3,377,2,0.05,prenhe
E-BO-001321,C-BO-M-00229-00,BO-M-00229,BO-R-0006,bovino,Nelore,Angus,5.6,5,3.9,0.11,0.76,IATF,3,1,2023-03-19,1,-1,0,0.625,vazia
E-BO-001322,C-BO-M-00229-00,BO-M-00229,BO-R-0004,bovino,Nelore,Brahman,5.6,5,3.9,0.11,0.56,IATF,4,0,2023-04-11,2,-1,0,0.263,prenhe
E-BO-001323,C-BO-M-00229-01,BO-M-00229,BO-R-0006,bovino,Nelore,Angus,5.6,5,3.9,0.11,0.76,IATF,4,0,2024-04-13,1,85,0,0.373,vazia
E-BO-001324,C-BO-M-00229-01,BO-M-00229,BO-R-0005,bovino,Nelore,Gir,5.6,5,3.9,0.11,0.72,IATF,5,0,2024-05-15,2,117,0,0.378,prenhe
E-BO-001325,C-BO-M-00229-02,BO-M-00229,BO-R-0003,bovino,Nelore,Senepol,5.6,5,3.9,0.11,0.66,IATF,5,0,2025-05-14,1,81,0,0.416,vazia
E-BO-001326,C-BO-M-00229-02,BO-M-00229,BO-R-0015,bovino,Nelore,Angus,5.6,5,3.9,0.11,0.51,IATF,6,0,2025-06-15,2,113,0,0.309,vazia
E-BO-001327,C-BO-M-00229-02,BO-M-00229,BO-R-0025,bovino,Nelore,Nelore,5.6,5,3.9,0.11,0.62,IATF,7,0,2025-07-10,3,138,0,0.331,prenhe
E-BO-001328,C-BO-M-00230-00,BO-M-00230,BO-R-0033,bovino,Nelore,Nelore,3.8,3,3.1,0.47,0.79,IATF,3,1,2023-03-17,1,-1,0,0.827,prenhe
E-BO-001329,C-BO-M-00230-01,BO-M-00230,BO-R-0012,bovino,Nelore,Senepol,3.8,3,3.1,0.47,0.33,IATF,4,0,2024-04-06,1,103,0,0.728,vazia
E-BO-001330,C-BO-M-00230-01,BO-M-00230,BO-R-0007,bovino,Nelore,Angus,3.8,3,3.1,0.47,0.93,convencional,5,0,2024-05-08,2,135,0,0.95,prenhe
E-BO-001331,C-BO-M-00230-02,BO-M-00230,BO-R-0025,bovino,Nelore,Nelore,3.8,3,3.1,0.47,0.62,convencional,5,0,2025-05-21,1,95,0,0.923,prenhe
E-BO-001332,C-BO-M-00231-00,BO-M-00231,BO-R-0020,bovino,Nelore,Nelore,1.5,0,3.3,0.19,0.55,IATF,6,0,2023-06-26,1,-1,0,0.35,vazia
E-BO-001333,C-BO-M-00231-00,BO-M-00231,BO-R-0009,bovino,Nelore,Gir,1.5,0,3.3,0.19,0.52,IATF,7,0,2023-07-28,2,-1,0,0.266,vazia
E-BO-001334,C-BO-M-00231-00,BO-M-00231,BO-R-0018,bovino,Nelore,Nelore,1.5,0,3.3,0.19,0.82,convencional,8,0,2023-08-24,3,-1,0,0.474,prenhe
E-BO-001335,C-BO-M-00232-00,BO-M-00232,BO-R-0030,bovino,Mestico,Nelore,2.0,5,4.4,0.4,0.8,IATF,5,0,2023-05-25,1,-1,0,0.372,vazia
E-BO-001336,C-BO-M-00232-00,BO-M-00232,BO-R-0028,bovino,Mestico,Angus,2.0,5,4.4,0.4,0.91,IATF,6,0,2023-06-17,2,-1,0,0.218,vazia
E-BO-001337,C-BO-M-00232-00,BO-M-00232,BO-R-0028,bovino,Mestico,Angus,2.0,5,4.4,0.4,0.91,IATF,7,0,2023-07-14,3,-1,0,0.125,vazia
E-BO-001338,C-BO-M-00232-01,BO-M-00232,BO-R-0027,bovino,Mestico,Brahman,2.0,5,4.4,0.4,0.77,IATF,9,0,2023-09-07,1,-1,1,0.166,vazia
E-BO-001339,C-BO-M-00232-01,BO-M-00232,BO-R-0012,bovino,Mestico,Senepol,2.0,5,4.4,0.4,0.33,IA_repasse,10,1,2023-10-07,2,-1,1,0.05,vazia
E-BO-001340,C-BO-M-00232-01,BO-M-00232,BO-R-0014,bovino,Mestico,Gir,2.0,5,4.4,0.4,0.7,IATF,11,1,2023-11-07,3,-1,1,0.05,vazia
E-BO-001341,C-BO-M-00232-02,BO-M-00232,BO-R-0010,bovino,Mestico,Gir,2.0,5,4.4,0.4,0.31,IATF,12,1,2023-12-19,1,-1,2,0.05,vazia
E-BO-001342,C-BO-M-00232-02,BO-M-00232,BO-R-0030,bovino,Mestico,Nelore,2.0,5,4.4,0.4,0.8,convencional,1,1,2024-01-16,2,-1,2,0.187,vazia
E-BO-001343,C-BO-M-00232-02,BO-M-00232,BO-R-0005,bovino,Mestico,Gir,2.0,5,4.4,0.4,0.72,IATF,2,1,2024-02-09,3,-1,2,0.052,vazia
E-BO-001344,C-BO-M-00232-03,BO-M-00232,BO-R-0006,bovino,Mestico,Angus,2.0,5,4.4,0.4,0.76,IATF,4,0,2024-04-13,1,-1,3,0.185,vazia
E-BO-001345,C-BO-M-00232-03,BO-M-00232,BO-R-0029,bovino,Mestico,Nelore,2.0,5,4.4,0.4,0.78,convencional,5,0,2024-05-15,2,-1,3,0.05,vazia
E-BO-001346,C-BO-M-00232-03,BO-M-00232,BO-R-0020,bovino,Mestico,Nelore,2.0,5,4.4,0.4,0.55,IA_repasse,6,0,2024-06-07,3,-1,3,0.05,vazia
E-BO-001347,C-BO-M-00232-04,BO-M-00232,BO-R-0019,bovino,Mestico,Brahman,2.0,5,4.4,0.4,0.55,IATF,8,0,2024-08-07,1,-1,4,0.05,prenhe
E-BO-001348,C-BO-M-00232-05,BO-M-00232,BO-R-0038,bovino,Mestico,Senepol,2.0,5,4.4,0.4,0.52,IATF,7,0,2025-07-31,1,75,0,0.05,vazia
E-BO-001349,C-BO-M-00232-05,BO-M-00232,BO-R-0035,bovino,Mestico,Brahman,2.0,5,4.4,0.4,0.74,IATF,8,0,2025-08-25,2,100,0,0.291,vazia
E-BO-001350,C-BO-M-00232-05,BO-M-00232,BO-R-0007,bovino,Mestico,Angus,2.0,5,4.4,0.4,0.93,IATF,9,0,2025-09-16,3,122,0,0.129,vazia
E-BO-001351,C-BO-M-00233-00,BO-M-00233,BO-R-0020,bovino,Senepol,Nelore,4.5,0,4.0,0.37,0.55,IATF,4,0,2023-04-12,1,-1,0,0.409,prenhe
E-BO-001352,C-BO-M-00233-01,BO-M-00233,BO-R-0019,bovino,Senepol,Brahman,4.5,0,4.0,0.37,0.55,IATF,5,0,2024-05-10,1,111,0,0.426,vazia
E-BO-001353,C-BO-M-00233-01,BO-M-00233,BO-R-0037,bovino,Senepol,Brahman,4.5,0,4.0,0.37,0.45,IATF,5,0,2024-05-31,2,132,0,0.294,vazia
E-BO-001354,C-BO-M-00233-01,BO-M-00233,BO-R-0022,bovino,Senepol,Guzera,4.5,0,4.0,0.37,0.4,IATF,7,0,2024-07-02,3,164,0,0.05,vazia
E-BO-001355,C-BO-M-00233-02,BO-M-00233,BO-R-0020,bovino,Senepol,Nelore,4.5,0,4.0,0.37,0.55,IATF,8,0,2024-08-21,1,214,1,0.408,prenhe
E-BO-001356,C-BO-M-00233-03,BO-M-00233,BO-R-0013,bovino,Senepol,Nelore,4.5,0,4.0,0.37,0.46,IATF,8,0,2025-08-01,1,62,0,0.227,vazia
E-BO-001357,C-BO-M-00233-03,BO-M-00233,BO-R-0029,bovino,Senepol,Nelore,4.5,0,4.0,0.37,0.78,IATF,8,0,2025-08-22,2,83,0,0.26,vazia
E-BO-001358,C-BO-M-00233-03,BO-M-00233,BO-R-0002,bovino,Senepol,Brahman,4.5,0,4.0,0.37,0.3,IATF,9,0,2025-09-13,3,105,0,0.135,vazia
E-BO-001359,C-BO-M-00234-00,BO-M-00234,BO-R-0006,bovino,Guzera,Angus,1.5,3,3.0,0.38,0.76,IATF,8,0,2023-08-12,1,-1,0,0.631,prenhe
E-BO-001360,C-BO-M-00234-01,BO-M-00234,BO-R-0004,bovino,Guzera,Brahman,1.5,3,3.0,0.38,0.56,convencional,9,0,2024-09-05,1,107,0,0.766,vazia
E-BO-001361,C-BO-M-00234-01,BO-M-00234,BO-R-0012,bovino,Guzera,Senepol,1.5,3,3.0,0.38,0.33,IATF,9,0,2024-09-27,2,129,0,0.437,prenhe
E-BO-001362,C-BO-M-00234-02,BO-M-00234,BO-R-0032,bovino,Guzera,Brahman,1.5,3,3.0,0.38,0.75,IATF,9,0,2025-09-16,1,71,0,0.585,prenhe
E-BO-001363,C-BO-M-00235-00,BO-M-00235,BO-R-0010,bovino,Gir,Gir,7.3,4,2.9,0.95,0.31,IATF,5,0,2023-05-12,1,-1,0,0.471,prenhe
E-BO-001364,C-BO-M-00235-01,BO-M-00235,BO-R-0005,bovino,Gir,Gir,7.3,4,2.9,0.95,0.72,convencional,6,0,2024-06-15,1,117,0,0.787,prenhe
E-BO-001365,C-BO-M-00235-02,BO-M-00235,BO-R-0019,bovino,Gir,Brahman,7.3,4,2.9,0.95,0.55,IATF,6,0,2025-06-11,1,78,0,0.562,prenhe
E-BO-001366,C-BO-M-00236-00,BO-M-00236,BO-R-0013,bovino,Senepol,Nelore,2.9,1,3.0,0.56,0.46,IATF,4,0,2023-04-10,1,-1,0,0.506,vazia
E-BO-001367,C-BO-M-00236-00,BO-M-00236,BO-R-0006,bovino,Senepol,Angus,2.9,1,3.0,0.56,0.76,IATF,5,0,2023-05-09,2,-1,0,0.448,vazia
E-BO-001368,C-BO-M-00236-00,BO-M-00236,BO-R-0028,bovino,Senepol,Angus,2.9,1,3.0,0.56,0.91,IATF,6,0,2023-06-08,3,-1,0,0.38,vazia
E-BO-001369,C-BO-M-00236-01,BO-M-00236,BO-R-0017,bovino,Senepol,Nelore,2.9,1,3.0,0.56,0.35,convencional,8,0,2023-08-10,1,-1,1,0.579,vazia
E-BO-001370,C-BO-M-00236-01,BO-M-00236,BO-R-0030,bovino,Senepol,Nelore,2.9,1,3.0,0.56,0.8,IATF,9,0,2023-09-01,2,-1,1,0.453,vazia
E-BO-001371,C-BO-M-00236-01,BO-M-00236,BO-R-0016,bovino,Senepol,Nelore,2.9,1,3.0,0.56,0.58,IATF,9,0,2023-09-23,3,-1,1,0.175,vazia
E-BO-001372,C-BO-M-00236-02,BO-M-00236,BO-R-0007,bovino,Senepol,Angus,2.9,1,3.0,0.56,0.93,IATF,10,1,2023-10-26,1,-1,2,0.569,vazia
E-BO-001373,C-BO-M-00236-02,BO-M-00236,BO-R-0022,bovino,Senepol,Guzera,2.9,1,3.0,0.56,0.4,convencional,11,1,2023-11-18,2,-1,2,0.302,vazia
E-BO-001374,C-BO-M-00236-02,BO-M-00236,BO-R-0032,bovino,Senepol,Brahman,2.9,1,3.0,0.56,0.75,convencional,12,1,2023-12-18,3,-1,2,0.533,prenhe
E-BO-001375,C-BO-M-00236-03,BO-M-00236,BO-R-0026,bovino,Senepol,Mestico,2.9,1,3.0,0.56,0.64,IATF,12,1,2024-12-27,1,92,0,0.672,vazia
E-BO-001376,C-BO-M-00236-03,BO-M-00236,BO-R-0033,bovino,Senepol,Nelore,2.9,1,3.0,0.56,0.79,IATF,1,1,2025-01-20,2,116,0,0.591,vazia
E-BO-001377,C-BO-M-00236-03,BO-M-00236,BO-R-0005,bovino,Senepol,Gir,2.9,1,3.0,0.56,0.72,IATF,2,1,2025-02-17,3,144,0,0.585,vazia
E-BO-001378,C-BO-M-00236-04,BO-M-00236,BO-R-0019,bovino,Senepol,Brahman,2.9,1,3.0,0.56,0.55,IATF,4,0,2025-04-08,1,194,1,0.445,vazia
E-BO-001379,C-BO-M-00236-04,BO-M-00236,BO-R-0013,bovino,Senepol,Nelore,2.9,1,3.0,0.56,0.46,convencional,5,0,2025-05-03,2,219,1,0.415,prenhe
E-BO-001380,C-BO-M-00236-05,BO-M-00236,BO-R-0016,bovino,Senepol,Nelore,2.9,1,3.0,0.56,0.58,IATF,4,0,2026-04-30,1,79,0,0.449,vazia
E-BO-001381,C-BO-M-00237-00,BO-M-00237,BO-R-0018,bovino,Brahman,Nelore,3.7,1,3.5,0.6,0.82,IATF,3,1,2023-03-19,1,-1,0,0.809,vazia
E-BO-001382,C-BO-M-00237-00,BO-M-00237,BO-R-0013,bovino,Brahman,Nelore,3.7,1,3.5,0.6,0.46,IATF,4,0,2023-04-15,2,-1,0,0.446,prenhe
E-BO-001383,C-BO-M-00237-01,BO-M-00237,BO-R-0002,bovino,Brahman,Brahman,3.7,1,3.5,0.6,0.3,IATF,3,1,2024-03-28,1,65,0,0.568,prenhe
E-BO-001384,C-BO-M-00237-02,BO-M-00237,BO-R-0034,bovino,Brahman,Nelore,3.7,1,3.5,0.6,0.63,IATF,4,0,2025-04-28,1,113,0,0.751,vazia
E-BO-001385,C-BO-M-00237-02,BO-M-00237,BO-R-0035,bovino,Brahman,Brahman,3.7,1,3.5,0.6,0.74,convencional,5,0,2025-05-26,2,141,0,0.745,vazia
E-BO-001386,C-BO-M-00237-02,BO-M-00237,BO-R-0012,bovino,Brahman,Senepol,3.7,1,3.5,0.6,0.33,convencional,6,0,2025-06-21,3,167,0,0.411,prenhe
E-BO-001387,C-BO-M-00238-00,BO-M-00238,BO-R-0003,bovino,Nelore,Senepol,4.5,2,3.1,0.19,0.66,IATF,1,1,2023-01-04,1,-1,0,0.767,prenhe
E-BO-001388,C-BO-M-00238-01,BO-M-00238,BO-R-0034,bovino,Nelore,Nelore,4.5,2,3.1,0.19,0.63,convencional,2,1,2024-02-09,1,118,0,0.868,prenhe
E-BO-001389,C-BO-M-00238-02,BO-M-00238,BO-R-0024,bovino,Nelore,Nelore,4.5,2,3.1,0.19,0.68,IATF,2,1,2025-02-14,1,88,0,0.644,prenhe
E-BO-001390,C-BO-M-00238-03,BO-M-00238,BO-R-0020,bovino,Nelore,Nelore,4.5,2,3.1,0.19,0.55,IA_repasse,3,1,2026-03-10,1,106,0,0.624,prenhe
E-BO-001391,C-BO-M-00239-00,BO-M-00239,BO-R-0027,bovino,Nelore,Brahman,4.7,5,3.0,0.42,0.77,IATF,8,0,2023-08-12,1,-1,0,0.672,prenhe
E-BO-001392,C-BO-M-00239-01,BO-M-00239,BO-R-0033,bovino,Nelore,Nelore,4.7,5,3.0,0.42,0.79,IATF,7,0,2024-07-21,1,61,0,0.625,vazia
E-BO-001393,C-BO-M-00239-01,BO-M-00239,BO-R-0017,bovino,Nelore,Nelore,4.7,5,3.0,0.42,0.35,IATF,8,0,2024-08-15,2,86,0,0.309,vazia
E-BO-001394,C-BO-M-00239-01,BO-M-00239,BO-R-0031,bovino,Nelore,Nelore,4.7,5,3.0,0.42,0.88,IATF,9,0,2024-09-09,3,111,0,0.593,prenhe
E-BO-001395,C-BO-M-00239-02,BO-M-00239,BO-R-0019,bovino,Nelore,Brahman,4.7,5,3.0,0.42,0.55,IATF,9,0,2025-09-23,1,96,0,0.659,prenhe
E-BO-001396,C-BO-M-00240-00,BO-M-00240,BO-R-0039,bovino,Gir,Senepol,1.0,1,3.9,0.59,0.53,IATF,4,0,2023-04-03,1,-1,0,0.288,prenhe
E-BO-001397,C-BO-M-00240-01,BO-M-00240,BO-R-0014,bovino,Gir,Gir,1.0,1,3.9,0.59,0.7,IA_repasse,4,0,2024-04-20,1,100,0,0.456,prenhe
E-BO-001398,C-BO-M-00240-02,BO-M-00240,BO-R-0022,bovino,Gir,Guzera,1.0,1,3.9,0.59,0.4,IATF,5,0,2025-05-01,1,93,0,0.398,vazia
E-BO-001399,C-BO-M-00240-02,BO-M-00240,BO-R-0000,bovino,Gir,Senepol,1.0,1,3.9,0.59,0.48,convencional,5,0,2025-05-29,2,121,0,0.451,prenhe
E-BO-001400,C-BO-M-00241-00,BO-M-00241,BO-R-0021,bovino,Brahman,Nelore,2.0,3,3.1,0.35,0.68,convencional,8,0,2023-08-08,1,-1,0,0.675,prenhe
E-BO-001401,C-BO-M-00241-01,BO-M-00241,BO-R-0002,bovino,Brahman,Brahman,2.0,3,3.1,0.35,0.3,convencional,8,0,2024-08-21,1,96,0,0.496,vazia
E-BO-001402,C-BO-M-00241-01,BO-M-00241,BO-R-0025,bovino,Brahman,Nelore,2.0,3,3.1,0.35,0.62,IATF,9,0,2024-09-12,2,118,0,0.563,vazia
E-BO-001403,C-BO-M-00241-01,BO-M-00241,BO-R-0013,bovino,Brahman,Nelore,2.0,3,3.1,0.35,0.46,IATF,10,1,2024-10-12,3,148,0,0.506,prenhe
E-BO-001404,C-BO-M-00241-02,BO-M-00241,BO-R-0031,bovino,Brahman,Nelore,2.0,3,3.1,0.35,0.88,IATF,10,1,2025-10-15,1,85,0,0.739,prenhe
E-BO-001405,C-BO-M-00242-00,BO-M-00242,BO-R-0026,bovino,Nelore,Mestico,8.8,2,4.3,0.73,0.64,IATF,3,1,2023-03-20,1,-1,0,0.403,vazia
E-BO-001406,C-BO-M-00242-00,BO-M-00242,BO-R-0004,bovino,Nelore,Brahman,8.8,2,4.3,0.73,0.56,convencional,4,0,2023-04-20,2,-1,0,0.347,prenhe
E-BO-001407,C-BO-M-00242-01,BO-M-00242,BO-R-0038,bovino,Nelore,Senepol,8.8,2,4.3,0.73,0.52,convencional,4,0,2024-04-15,1,78,0,0.275,vazia
E-BO-001408,C-BO-M-00242-01,BO-M-00242,BO-R-0021,bovino,Nelore,Nelore,8.8,2,4.3,0.73,0.68,IATF,5,0,2024-05-15,2,108,0,0.359,prenhe
E-BO-001409,C-BO-M-00242-02,BO-M-00242,BO-R-0017,bovino,Nelore,Nelore,8.8,2,4.3,0.73,0.35,IATF,6,0,2025-06-03,1,101,0,0.393,vazia
E-BO-001410,C-BO-M-00242-02,BO-M-00242,BO-R-0023,bovino,Nelore,Brahman,8.8,2,4.3,0.73,0.35,convencional,7,0,2025-07-02,2,130,0,0.184,vazia
E-BO-001411,C-BO-M-00242-02,BO-M-00242,BO-R-0036,bovino,Nelore,Guzera,8.8,2,4.3,0.73,0.72,convencional,7,0,2025-07-25,3,153,0,0.286,vazia
E-BO-001412,C-BO-M-00242-03,BO-M-00242,BO-R-0022,bovino,Nelore,Guzera,8.8,2,4.3,0.73,0.4,IATF,9,0,2025-09-01,1,191,1,0.204,vazia
E-BO-001413,C-BO-M-00242-03,BO-M-00242,BO-R-0034,bovino,Nelore,Nelore,8.8,2,4.3,0.73,0.63,IATF,9,0,2025-09-28,2,218,1,0.082,vazia
E-BO-001414,C-BO-M-00242-03,BO-M-00242,BO-R-0023,bovino,Nelore,Brahman,8.8,2,4.3,0.73,0.35,convencional,10,1,2025-10-23,3,243,1,0.05,vazia
E-BO-001415,C-BO-M-00243-00,BO-M-00243,BO-R-0012,bovino,Senepol,Senepol,1.0,0,3.2,0.31,0.33,IATF,5,0,2023-05-09,1,-1,0,0.369,vazia
E-BO-001416,C-BO-M-00243-00,BO-M-00243,BO-R-0037,bovino,Senepol,Brahman,1.0,0,3.2,0.31,0.45,IATF,6,0,2023-06-09,2,-1,0,0.229,vazia
E-BO-001417,C-BO-M-00243-00,BO-M-00243,BO-R-0006,bovino,Senepol,Angus,1.0,0,3.2,0.31,0.76,IATF,7,0,2023-07-04,3,-1,0,0.288,prenhe
E-BO-001418,C-BO-M-00243-01,BO-M-00243,BO-R-0025,bovino,Senepol,Nelore,1.0,0,3.2,0.31,0.62,IA_repasse,7,0,2024-07-31,1,110,0,0.49,vazia
E-BO-001419,C-BO-M-00243-01,BO-M-00243,BO-R-0031,bovino,Senepol,Nelore,1.0,0,3.2,0.31,0.88,IATF,8,0,2024-08-23,2,133,0,0.513,prenhe
E-BO-001420,C-BO-M-00243-02,BO-M-00243,BO-R-0008,bovino,Senepol,Brahman,1.0,0,3.2,0.31,0.38,IATF,8,0,2025-08-06,1,65,0,0.3,vazia
E-BO-001421,C-BO-M-00243-02,BO-M-00243,BO-R-0036,bovino,Senepol,Guzera,1.0,0,3.2,0.31,0.72,IATF,8,0,2025-08-29,2,88,0,0.289,prenhe
E-BO-001422,C-BO-M-00244-00,BO-M-00244,BO-R-0009,bovino,Angus,Gir,5.6,4,4.1,0.49,0.52,convencional,6,0,2023-06-30,1,-1,0,0.56,prenhe
E-BO-001423,C-BO-M-00244-01,BO-M-00244,BO-R-0026,bovino,Angus,Mestico,5.6,4,4.1,0.49,0.64,convencional,8,0,2024-08-02,1,116,0,0.608,prenhe
E-BO-001424,C-BO-M-00244-02,BO-M-00244,BO-R-0039,bovino,Angus,Senepol,5.6,4,4.1,0.49,0.53,IATF,9,0,2025-09-05,1,116,0,0.516,vazia
E-BO-001425,C-BO-M-00244-02,BO-M-00244,BO-R-0020,bovino,Angus,Nelore,5.6,4,4.1,0.49,0.55,IATF,9,0,2025-09-26,2,137,0,0.366,vazia
E-BO-001426,C-BO-M-00244-02,BO-M-00244,BO-R-0020,bovino,Angus,Nelore,5.6,4,4.1,0.49,0.55,convencional,10,1,2025-10-25,3,166,0,0.348,vazia
E-BO-001427,C-BO-M-00244-03,BO-M-00244,BO-R-0020,bovino,Angus,Nelore,5.6,4,4.1,0.49,0.55,convencional,1,1,2026-01-01,1,234,1,0.49,vazia
E-BO-001428,C-BO-M-00244-03,BO-M-00244,BO-R-0008,bovino,Angus,Brahman,5.6,4,4.1,0.49,0.38,IATF,1,1,2026-01-22,2,255,1,0.182,vazia
E-BO-001429,C-BO-M-00244-03,BO-M-00244,BO-R-0016,bovino,Angus,Nelore,5.6,4,4.1,0.49,0.58,IATF,2,1,2026-02-14,3,278,1,0.252,vazia
E-BO-001430,C-BO-M-00244-04,BO-M-00244,BO-R-0022,bovino,Angus,Guzera,5.6,4,4.1,0.49,0.4,IATF,4,0,2026-04-22,1,345,2,0.257,vazia
E-BO-001431,C-BO-M-00245-00,BO-M-00245,BO-R-0026,bovino,Gir,Mestico,5.4,4,3.4,0.43,0.64,IATF,6,0,2023-06-04,1,-1,0,0.643,vazia
E-BO-001432,C-BO-M-00245-00,BO-M-00245,BO-R-0016,bovino,Gir,Nelore,5.4,4,3.4,0.43,0.58,IATF,6,0,2023-06-25,2,-1,0,0.573,vazia
E-BO-001433,C-BO-M-00245-00,BO-M-00245,BO-R-0026,bovino,Gir,Mestico,5.4,4,3.4,0.43,0.64,convencional,7,0,2023-07-25,3,-1,0,0.601,prenhe
E-BO-001434,C-BO-M-00245-01,BO-M-00245,BO-R-0026,bovino,Gir,Mestico,5.4,4,3.4,0.43,0.64,IATF,8,0,2024-08-04,1,93,0,0.801,prenhe
E-BO-001435,C-BO-M-00245-02,BO-M-00245,BO-R-0031,bovino,Gir,Nelore,5.4,4,3.4,0.43,0.88,IATF,8,0,2025-08-06,1,84,0,0.655,prenhe
E-BO-001436,C-BO-M-00246-00,BO-M-00246,BO-R-0033,bovino,Angus,Nelore,4.0,3,3.7,0.58,0.79,IATF,10,1,2023-10-15,1,-1,0,0.73,prenhe
E-BO-001437,C-BO-M-00246-01,BO-M-00246,BO-R-0034,bovino,Angus,Nelore,4.0,3,3.7,0.58,0.63,convencional,10,1,2024-10-13,1,81,0,0.728,vazia
E-BO-001438,C-BO-M-00246-01,BO-M-00246,BO-R-0014,bovino,Angus,Gir,4.0,3,3.7,0.58,0.7,IATF,11,1,2024-11-14,2,113,0,0.715,prenhe
E-BO-001439,C-BO-M-00246-02,BO-M-00246,BO-R-0001,bovino,Angus,Nelore,4.0,3,3.7,0.58,0.66,IATF,11,1,2025-11-08,1,76,0,0.522,prenhe
E-BO-001440,C-BO-M-00247-00,BO-M-00247,BO-R-0012,bovino,Nelore,Senepol,4.9,1,2.8,0.42,0.33,convencional,2,1,2023-02-27,1,-1,0,0.581,prenhe
E-BO-001441,C-BO-M-00247-01,BO-M-00247,BO-R-0032,bovino,Nelore,Brahman,4.9,1,2.8,0.42,0.75,convencional,2,1,2024-02-29,1,84,0,0.661,vazia
E-BO-001442,C-BO-M-00247-01,BO-M-00247,BO-R-0008,bovino,Nelore,Brahman,4.9,1,2.8,0.42,0.38,IATF,3,1,2024-03-30,2,114,0,0.488,prenhe
E-BO-001443,C-BO-M-00247-02,BO-M-00247,BO-R-0020,bovino,Nelore,Nelore,4.9,1,2.8,0.42,0.55,IATF,3,1,2025-03-14,1,66,0,0.504,vazia
E-BO-001444,C-BO-M-00247-02,BO-M-00247,BO-R-0024,bovino,Nelore,Nelore,4.9,1,2.8,0.42,0.68,IATF,4,0,2025-04-05,2,88,0,0.385,prenhe
E-BO-001445,C-BO-M-00247-03,BO-M-00247,BO-R-0033,bovino,Nelore,Nelore,4.9,1,2.8,0.42,0.79,convencional,4,0,2026-04-26,1,103,0,0.694,vazia
E-BO-001446,C-BO-M-00248-00,BO-M-00248,BO-R-0039,bovino,Nelore,Senepol,8.0,0,2.8,0.5,0.53,IATF,6,0,2023-06-11,1,-1,0,0.372,vazia
E-BO-001447,C-BO-M-00248-00,BO-M-00248,BO-R-0012,bovino,Nelore,Senepol,8.0,0,2.8,0.5,0.33,IATF,7,0,2023-07-04,2,-1,0,0.181,vazia
E-BO-001448,C-BO-M-00248-00,BO-M-00248,BO-R-0027,bovino,Nelore,Brahman,8.0,0,2.8,0.5,0.77,convencional,8,0,2023-08-05,3,-1,0,0.327,vazia
E-BO-001449,C-BO-M-00248-01,BO-M-00248,BO-R-0022,bovino,Nelore,Guzera,8.0,0,2.8,0.5,0.4,IA_repasse,9,0,2023-09-19,1,-1,1,0.134,vazia
E-BO-001450,C-BO-M-00248-01,BO-M-00248,BO-R-0007,bovino,Nelore,Angus,8.0,0,2.8,0.5,0.93,IATF,10,1,2023-10-11,2,-1,1,0.416,vazia
E-BO-001451,C-BO-M-00248-01,BO-M-00248,BO-R-0016,bovino,Nelore,Nelore,8.0,0,2.8,0.5,0.58,IA_repasse,11,1,2023-11-09,3,-1,1,0.114,vazia
E-BO-001452,C-BO-M-00248-02,BO-M-00248,BO-R-0011,bovino,Nelore,Nelore,8.0,0,2.8,0.5,0.57,IATF,1,1,2024-01-17,1,-1,2,0.382,vazia
E-BO-001453,C-BO-M-00248-02,BO-M-00248,BO-R-0034,bovino,Nelore,Nelore,8.0,0,2.8,0.5,0.63,IATF,2,1,2024-02-07,2,-1,2,0.218,vazia
E-BO-001454,C-BO-M-00248-02,BO-M-00248,BO-R-0026,bovino,Nelore,Mestico,8.0,0,2.8,0.5,0.64,IATF,3,1,2024-03-04,3,-1,2,0.107,vazia
E-BO-001455,C-BO-M-00248-03,BO-M-00248,BO-R-0029,bovino,Nelore,Nelore,8.0,0,2.8,0.5,0.78,IATF,4,0,2024-04-14,1,-1,3,0.335,prenhe
E-BO-001456,C-BO-M-00248-04,BO-M-00248,BO-R-0006,bovino,Nelore,Angus,8.0,0,2.8,0.5,0.76,IATF,4,0,2025-04-17,1,85,0,0.475,vazia
E-BO-001457,C-BO-M-00248-04,BO-M-00248,BO-R-0026,bovino,Nelore,Mestico,8.0,0,2.8,0.5,0.64,convencional,5,0,2025-05-19,2,117,0,0.596,prenhe
E-BO-001458,C-BO-M-00248-05,BO-M-00248,BO-R-0017,bovino,Nelore,Nelore,8.0,0,2.8,0.5,0.35,IATF,4,0,2026-04-27,1,60,0,0.265,prenhe
E-BO-001459,C-BO-M-00249-00,BO-M-00249,BO-R-0001,bovino,Nelore,Nelore,8.6,2,3.4,0.5,0.66,IATF,6,0,2023-06-22,1,-1,0,0.696,prenhe
E-BO-001460,C-BO-M-00249-01,BO-M-00249,BO-R-0037,bovino,Nelore,Brahman,8.6,2,3.4,0.5,0.45,IATF,5,0,2024-05-31,1,61,0,0.465,vazia
E-BO-001461,C-BO-M-00249-01,BO-M-00249,BO-R-0027,bovino,Nelore,Brahman,8.6,2,3.4,0.5,0.77,IATF,6,0,2024-06-21,2,82,0,0.453,vazia
E-BO-001462,C-BO-M-00249-01,BO-M-00249,BO-R-0012,bovino,Nelore,Senepol,8.6,2,3.4,0.5,0.33,convencional,7,0,2024-07-19,3,110,0,0.453,vazia
E-BO-001463,C-BO-M-00249-02,BO-M-00249,BO-R-0033,bovino,Nelore,Nelore,8.6,2,3.4,0.5,0.79,IATF,9,0,2024-09-12,1,165,1,0.576,vazia
E-BO-001464,C-BO-M-00249-02,BO-M-00249,BO-R-0004,bovino,Nelore,Brahman,8.6,2,3.4,0.5,0.56,IATF,10,1,2024-10-05,2,188,1,0.503,prenhe
E-BO-001465,C-BO-M-00249-03,BO-M-00249,BO-R-0035,bovino,Nelore,Brahman,8.6,2,3.4,0.5,0.74,convencional,10,1,2025-10-03,1,80,0,0.718,vazia
E-BO-001466,C-BO-M-00249-03,BO-M-00249,BO-R-0012,bovino,Nelore,Senepol,8.6,2,3.4,0.5,0.33,IATF,10,1,2025-10-28,2,105,0,0.606,prenhe
E-BO-001467,C-BO-M-00250-00,BO-M-00250,BO-R-0007,bovino,Angus,Angus,3.3,3,3.7,0.4,0.93,convencional,8,0,2023-08-05,1,-1,0,0.826,prenhe
E-BO-001468,C-BO-M-00250-01,BO-M-00250,BO-R-0037,bovino,Angus,Brahman,3.3,3,3.7,0.4,0.45,IA_repasse,9,0,2024-09-04,1,113,0,0.501,vazia
E-BO-001469,C-BO-M-00250-01,BO-M-00250,BO-R-0025,bovino,Angus,Nelore,3.3,3,3.7,0.4,0.62,IATF,9,0,2024-09-28,2,137,0,0.525,prenhe
E-BO-001470,C-BO-M-00250-02,BO-M-00250,BO-R-0031,bovino,Angus,Nelore,3.3,3,3.7,0.4,0.88,IATF,9,0,2025-09-09,1,63,0,0.552,vazia
E-BO-001471,C-BO-M-00250-02,BO-M-00250,BO-R-0027,bovino,Angus,Brahman,3.3,3,3.7,0.4,0.77,IATF,9,0,2025-09-30,2,84,0,0.332,prenhe
E-BO-001472,C-BO-M-00251-00,BO-M-00251,BO-R-0001,bovino,Gir,Nelore,3.9,3,3.2,0.65,0.66,IATF,3,1,2023-03-16,1,-1,0,0.813,prenhe
E-BO-001473,C-BO-M-00251-01,BO-M-00251,BO-R-0019,bovino,Gir,Brahman,3.9,3,3.2,0.65,0.55,IATF,2,1,2024-02-29,1,67,0,0.671,prenhe
E-BO-001474,C-BO-M-00251-02,BO-M-00251,BO-R-0003,bovino,Gir,Senepol,3.9,3,3.2,0.65,0.66,convencional,2,1,2025-02-22,1,76,0,0.879,vazia
E-BO-001475,C-BO-M-00251-02,BO-M-00251,BO-R-0037,bovino,Gir,Brahman,3.9,3,3.2,0.65,0.45,convencional,3,1,2025-03-22,2,104,0,0.843,prenhe
E-BO-001476,C-BO-M-00251-03,BO-M-00251,BO-R-0033,bovino,Gir,Nelore,3.9,3,3.2,0.65,0.79,IATF,4,0,2026-04-07,1,98,0,0.906,prenhe
E-BO-001477,C-BO-M-00252-00,BO-M-00252,BO-R-0002,bovino,Senepol,Brahman,3.2,1,2.6,0.6,0.3,IATF,4,0,2023-04-23,1,-1,0,0.39,prenhe
E-BO-001478,C-BO-M-00252-01,BO-M-00252,BO-R-0035,bovino,Senepol,Brahman,3.2,1,2.6,0.6,0.74,IATF,5,0,2024-05-13,1,103,0,0.734,prenhe
E-BO-001479,C-BO-M-00252-02,BO-M-00252,BO-R-0021,bovino,Senepol,Nelore,3.2,1,2.6,0.6,0.68,IATF,5,0,2025-05-15,1,84,0,0.432,vazia
E-BO-001480,C-BO-M-00252-02,BO-M-00252,BO-R-0039,bovino,Senepol,Senepol,3.2,1,2.6,0.6,0.53,convencional,6,0,2025-06-16,2,116,0,0.594,prenhe
E-BO-001481,C-BO-M-00253-00,BO-M-00253,BO-R-0029,bovino,Nelore,Nelore,5.3,3,2.5,0.53,0.78,IATF,6,0,2023-06-26,1,-1,0,0.668,prenhe
E-BO-001482,C-BO-M-00253-01,BO-M-00253,BO-R-0008,bovino,Nelore,Brahman,5.3,3,2.5,0.53,0.38,IATF,7,0,2024-07-20,1,107,0,0.587,prenhe
E-BO-001483,C-BO-M-00253-02,BO-M-00253,BO-R-0020,bovino,Nelore,Nelore,5.3,3,2.5,0.53,0.55,IATF,8,0,2025-08-03,1,96,0,0.55,prenhe
E-BO-001484,C-BO-M-00254-00,BO-M-00254,BO-R-0001,bovino,Nelore,Nelore,7.1,1,2.5,0.46,0.66,IATF,2,1,2023-02-25,1,-1,0,0.561,vazia
E-BO-001485,C-BO-M-00254-00,BO-M-00254,BO-R-0023,bovino,Nelore,Brahman,7.1,1,2.5,0.46,0.35,convencional,3,1,2023-03-23,2,-1,0,0.377,vazia
E-BO-001486,C-BO-M-00254-00,BO-M-00254,BO-R-0039,bovino,Nelore,Senepol,7.1,1,2.5,0.46,0.53,IATF,4,0,2023-04-22,3,-1,0,0.255,prenhe
E-BO-001487,C-BO-M-00255-00,BO-M-00255,BO-R-0013,bovino,Brahman,Nelore,3.1,4,2.3,0.71,0.46,IATF,5,0,2023-05-28,1,-1,0,0.446,prenhe
E-BO-001488,C-BO-M-00255-01,BO-M-00255,BO-R-0014,bovino,Brahman,Gir,3.1,4,2.3,0.71,0.7,IATF,6,0,2024-06-09,1,95,0,0.606,prenhe
E-BO-001489,C-BO-M-00255-02,BO-M-00255,BO-R-0020,bovino,Brahman,Nelore,3.1,4,2.3,0.71,0.55,IA_repasse,6,0,2025-06-07,1,80,0,0.345,vazia
E-BO-001490,C-BO-M-00255-02,BO-M-00255,BO-R-0039,bovino,Brahman,Senepol,3.1,4,2.3,0.71,0.53,IATF,6,0,2025-06-29,2,102,0,0.356,vazia
E-BO-001491,C-BO-M-00255-02,BO-M-00255,BO-R-0001,bovino,Brahman,Nelore,3.1,4,2.3,0.71,0.66,convencional,7,0,2025-07-23,3,126,0,0.394,vazia
E-BO-001492,C-BO-M-00255-03,BO-M-00255,BO-R-0034,bovino,Brahman,Nelore,3.1,4,2.3,0.71,0.63,convencional,8,0,2025-08-29,1,163,1,0.548,vazia
E-BO-001493,C-BO-M-00255-03,BO-M-00255,BO-R-0032,bovino,Brahman,Brahman,3.1,4,2.3,0.71,0.75,convencional,9,0,2025-09-27,2,192,1,0.503,vazia
E-BO-001494,C-BO-M-00255-03,BO-M-00255,BO-R-0017,bovino,Brahman,Nelore,3.1,4,2.3,0.71,0.35,convencional,10,1,2025-10-24,3,219,1,0.249,vazia
E-BO-001495,C-BO-M-00256-00,BO-M-00256,BO-R-0007,bovino,Gir,Angus,4.0,4,3.3,0.5,0.93,IATF,9,0,2023-09-27,1,-1,0,0.824,prenhe
E-BO-001496,C-BO-M-00256-01,BO-M-00256,BO-R-0028,bovino,Gir,Angus,4.0,4,3.3,0.5,0.91,convencional,10,1,2024-10-06,1,92,0,0.95,prenhe
E-BO-001497,C-BO-M-00256-02,BO-M-00256,BO-R-0005,bovino,Gir,Gir,4.0,4,3.3,0.5,0.72,IATF,10,1,2025-10-19,1,95,0,0.928,prenhe
E-BO-001498,C-BO-M-00257-00,BO-M-00257,BO-R-0019,bovino,Nelore,Brahman,9.4,3,3.8,0.49,0.55,IA_repasse,9,0,2023-09-30,1,-1,0,0.236,vazia
E-BO-001499,C-BO-M-00257-00,BO-M-00257,BO-R-0014,bovino,Nelore,Gir,9.4,3,3.8,0.49,0.7,IATF,10,1,2023-10-25,2,-1,0,0.341,prenhe
E-BO-001500,C-BO-M-00257-01,BO-M-00257,BO-R-0015,bovino,Nelore,Angus,9.4,3,3.8,0.49,0.51,IATF,10,1,2024-10-16,1,74,0,0.436,vazia
E-BO-001501,C-BO-M-00257-01,BO-M-00257,BO-R-0030,bovino,Nelore,Nelore,9.4,3,3.8,0.49,0.8,IATF,11,1,2024-11-07,2,96,0,0.619,prenhe
E-BO-001502,C-BO-M-00257-02,BO-M-00257,BO-R-0010,bovino,Nelore,Gir,9.4,3,3.8,0.49,0.31,IA_repasse,12,1,2025-12-06,1,111,0,0.345,vazia
E-BO-001503,C-BO-M-00257-02,BO-M-00257,BO-R-0007,bovino,Nelore,Angus,9.4,3,3.8,0.49,0.93,IATF,1,1,2026-01-06,2,142,0,0.538,prenhe
E-BO-001504,C-BO-M-00258-00,BO-M-00258,BO-R-0007,bovino,Nelore,Angus,1.4,0,3.2,0.57,0.93,convencional,5,0,2023-05-02,1,-1,0,0.662,prenhe
E-BO-001505,C-BO-M-00258-01,BO-M-00258,BO-R-0004,bovino,Nelore,Brahman,1.4,0,3.2,0.57,0.56,convencional,5,0,2024-05-03,1,84,0,0.48,vazia
E-BO-001506,C-BO-M-00258-01,BO-M-00258,BO-R-0013,bovino,Nelore,Nelore,1.4,0,3.2,0.57,0.46,convencional,5,0,2024-05-26,2,107,0,0.57,vazia
E-BO-001507,C-BO-M-00258-01,BO-M-00258,BO-R-0012,bovino,Nelore,Senepol,1.4,0,3.2,0.57,0.33,IATF,6,0,2024-06-16,3,128,0,0.209,prenhe
E-BO-001508,C-BO-M-00258-02,BO-M-00258,BO-R-0018,bovino,Nelore,Nelore,1.4,0,3.2,0.57,0.82,IATF,7,0,2025-07-22,1,118,0,0.673,prenhe
E-BO-001509,C-BO-M-00259-00,BO-M-00259,BO-R-0001,bovino,Senepol,Nelore,5.1,5,2.1,0.89,0.66,IATF,3,1,2023-03-12,1,-1,0,0.576,prenhe
E-BO-001510,C-BO-M-00259-01,BO-M-00259,BO-R-0020,bovino,Senepol,Nelore,5.1,5,2.1,0.89,0.55,IATF,2,1,2024-02-29,1,71,0,0.395,vazia
E-BO-001511,C-BO-M-00259-01,BO-M-00259,BO-R-0027,bovino,Senepol,Brahman,5.1,5,2.1,0.89,0.77,convencional,3,1,2024-03-23,2,94,0,0.573,prenhe
E-BO-001512,C-BO-M-00259-02,BO-M-00259,BO-R-0015,bovino,Senepol,Angus,5.1,5,2.1,0.89,0.51,IATF,3,1,2025-03-16,1,75,0,0.385,vazia
E-BO-001513,C-BO-M-00259-02,BO-M-00259,BO-R-0015,bovino,Senepol,Angus,5.1,5,2.1,0.89,0.51,convencional,4,0,2025-04-15,2,105,0,0.476,prenhe
E-BO-001514,C-BO-M-00260-00,BO-M-00260,BO-R-0003,bovino,Nelore,Senepol,7.4,0,3.1,0.28,0.66,IA_repasse,9,0,2023-09-28,1,-1,0,0.441,prenhe
E-BO-001515,C-BO-M-00260-01,BO-M-00260,BO-R-0009,bovino,Nelore,Gir,7.4,0,3.1,0.28,0.52,convencional,10,1,2024-10-06,1,91,0,0.789,prenhe
E-BO-001516,C-BO-M-00260-02,BO-M-00260,BO-R-0038,bovino,Nelore,Senepol,7.4,0,3.1,0.28,0.52,IATF,10,1,2025-10-24,1,100,0,0.682,prenhe
E-BO-001517,C-BO-M-00261-00,BO-M-00261,BO-R-0012,bovino,Gir,Senepol,2.4,5,3.1,0.7,0.33,IATF,4,0,2023-04-29,1,-1,0,0.469,vazia
E-BO-001518,C-BO-M-00261-00,BO-M-00261,BO-R-0039,bovino,Gir,Senepol,2.4,5,3.1,0.7,0.53,IATF,5,0,2023-05-31,2,-1,0,0.471,prenhe
E-BO-001519,C-BO-M-00261-01,BO-M-00261,BO-R-0026,bovino,Gir,Mestico,2.4,5,3.1,0.7,0.64,IATF,5,0,2024-05-24,1,76,0,0.395,vazia
E-BO-001520,C-BO-M-00261-01,BO-M-00261,BO-R-0022,bovino,Gir,Guzera,2.4,5,3.1,0.7,0.4,IATF,6,0,2024-06-21,2,104,0,0.43,prenhe
E-BO-001521,C-BO-M-00261-02,BO-M-00261,BO-R-0017,bovino,Gir,Nelore,2.4,5,3.1,0.7,0.35,IATF,6,0,2025-06-19,1,80,0,0.379,prenhe
E-BO-001522,C-BO-M-00262-00,BO-M-00262,BO-R-0034,bovino,Nelore,Nelore,1.4,0,4.2,0.17,0.63,IATF,9,0,2023-09-05,1,-1,0,0.178,vazia
E-BO-001523,C-BO-M-00262-00,BO-M-00262,BO-R-0023,bovino,Nelore,Brahman,1.4,0,4.2,0.17,0.35,IATF,10,1,2023-10-07,2,-1,0,0.053,vazia
E-BO-001524,C-BO-M-00262-00,BO-M-00262,BO-R-0002,bovino,Nelore,Brahman,1.4,0,4.2,0.17,0.3,IATF,10,1,2023-10-31,3,-1,0,0.05,vazia
E-BO-001525,C-BO-M-00262-01,BO-M-00262,BO-R-0023,bovino,Nelore,Brahman,1.4,0,4.2,0.17,0.35,IATF,12,1,2023-12-15,1,-1,1,0.05,vazia
E-BO-001526,C-BO-M-00262-01,BO-M-00262,BO-R-0007,bovino,Nelore,Angus,1.4,0,4.2,0.17,0.93,IATF,1,1,2024-01-13,2,-1,1,0.137,vazia
E-BO-001527,C-BO-M-00262-01,BO-M-00262,BO-R-0030,bovino,Nelore,Nelore,1.4,0,4.2,0.17,0.8,IATF,2,1,2024-02-08,3,-1,1,0.05,vazia
E-BO-001528,C-BO-M-00262-02,BO-M-00262,BO-R-0004,bovino,Nelore,Brahman,1.4,0,4.2,0.17,0.56,convencional,3,1,2024-03-11,1,-1,2,0.086,vazia
E-BO-001529,C-BO-M-00262-02,BO-M-00262,BO-R-0013,bovino,Nelore,Nelore,1.4,0,4.2,0.17,0.46,IATF,4,0,2024-04-02,2,-1,2,0.05,vazia
E-BO-001530,C-BO-M-00262-02,BO-M-00262,BO-R-0003,bovino,Nelore,Senepol,1.4,0,4.2,0.17,0.66,IATF,4,0,2024-04-23,3,-1,2,0.05,vazia
E-BO-001531,C-BO-M-00262-03,BO-M-00262,BO-R-0000,bovino,Nelore,Senepol,1.4,0,4.2,0.17,0.48,IATF,6,0,2024-06-06,1,-1,3,0.05,vazia
E-BO-001532,C-BO-M-00262-03,BO-M-00262,BO-R-0007,bovino,Nelore,Angus,1.4,0,4.2,0.17,0.93,IA_repasse,7,0,2024-07-03,2,-1,3,0.05,vazia
E-BO-001533,C-BO-M-00262-03,BO-M-00262,BO-R-0008,bovino,Nelore,Brahman,1.4,0,4.2,0.17,0.38,convencional,7,0,2024-07-25,3,-1,3,0.05,vazia
E-BO-001534,C-BO-M-00263-00,BO-M-00263,BO-R-0028,bovino,Nelore,Angus,2.2,3,2.5,0.59,0.91,IATF,8,0,2023-08-22,1,-1,0,0.476,vazia
E-BO-001535,C-BO-M-00263-00,BO-M-00263,BO-R-0031,bovino,Nelore,Nelore,2.2,3,2.5,0.59,0.88,IATF,9,0,2023-09-13,2,-1,0,0.401,prenhe
E-BO-001536,C-BO-M-00263-01,BO-M-00263,BO-R-0008,bovino,Nelore,Brahman,2.2,3,2.5,0.59,0.38,IATF,9,0,2024-09-04,1,74,0,0.267,prenhe
E-BO-001537,C-BO-M-00263-02,BO-M-00263,BO-R-0018,bovino,Nelore,Nelore,2.2,3,2.5,0.59,0.82,convencional,9,0,2025-09-05,1,83,0,0.567,prenhe
E-BO-001538,C-BO-M-00264-00,BO-M-00264,BO-R-0016,bovino,Guzera,Nelore,9.3,0,3.0,0.87,0.58,IATF,9,0,2023-09-28,1,-1,0,0.613,vazia
E-BO-001539,C-BO-M-00264-00,BO-M-00264,BO-R-0027,bovino,Guzera,Brahman,9.3,0,3.0,0.87,0.77,IATF,10,1,2023-10-19,2,-1,0,0.557,prenhe
E-BO-001540,C-BO-M-00264-01,BO-M-00264,BO-R-0018,bovino,Guzera,Nelore,9.3,0,3.0,0.87,0.82,IATF,11,1,2024-11-12,1,107,0,0.692,prenhe
E-BO-001541,C-BO-M-00264-02,BO-M-00264,BO-R-0025,bovino,Guzera,Nelore,9.3,0,3.0,0.87,0.62,IATF,12,1,2025-12-17,1,117,0,0.717,vazia
E-BO-001542,C-BO-M-00264-02,BO-M-00264,BO-R-0002,bovino,Guzera,Brahman,9.3,0,3.0,0.87,0.3,IATF,1,1,2026-01-15,2,146,0,0.46,vazia
E-BO-001543,C-BO-M-00264-02,BO-M-00264,BO-R-0007,bovino,Guzera,Angus,9.3,0,3.0,0.87,0.93,convencional,2,1,2026-02-08,3,170,0,0.635,vazia
E-BO-001544,C-BO-M-00264-03,BO-M-00264,BO-R-0034,bovino,Guzera,Nelore,9.3,0,3.0,0.87,0.63,IATF,3,1,2026-03-21,1,211,1,0.534,prenhe
E-BO-001545,C-BO-M-00265-00,BO-M-00265,BO-R-0007,bovino,Nelore,Angus,1.1,0,4.1,0.65,0.93,IATF,1,1,2023-01-24,1,-1,0,0.418,vazia
E-BO-001546,C-BO-M-00265-00,BO-M-00265,BO-R-0020,bovino,Nelore,Nelore,1.1,0,4.1,0.65,0.55,IATF,2,1,2023-02-16,2,-1,0,0.18,vazia
E-BO-001547,C-BO-M-00265-00,BO-M-00265,BO-R-0030,bovino,Nelore,Nelore,1.1,0,4.1,0.65,0.8,IATF,3,1,2023-03-17,3,-1,0,0.19,vazia
E-BO-001548,C-BO-M-00266-00,BO-M-00266,BO-R-0015,bovino,Nelore,Angus,2.7,4,3.4,0.58,0.51,IATF,10,1,2023-10-15,1,-1,0,0.67,vazia
E-BO-001549,C-BO-M-00266-00,BO-M-00266,BO-R-0007,bovino,Nelore,Angus,2.7,4,3.4,0.58,0.93,IATF,11,1,2023-11-15,2,-1,0,0.7,vazia
E-BO-001550,C-BO-M-00266-00,BO-M-00266,BO-R-0032,bovino,Nelore,Brahman,2.7,4,3.4,0.58,0.75,IATF,12,1,2023-12-07,3,-1,0,0.598,prenhe
E-BO-001551,C-BO-M-00266-01,BO-M-00266,BO-R-0033,bovino,Nelore,Nelore,2.7,4,3.4,0.58,0.79,convencional,12,1,2024-12-01,1,77,0,0.705,vazia
E-BO-001552,C-BO-M-00266-01,BO-M-00266,BO-R-0000,bovino,Nelore,Senepol,2.7,4,3.4,0.58,0.48,IATF,12,1,2024-12-22,2,98,0,0.578,vazia
E-BO-001553,C-BO-M-00266-01,BO-M-00266,BO-R-0002,bovino,Nelore,Brahman,2.7,4,3.4,0.58,0.3,IATF,1,1,2025-01-14,3,121,0,0.48,vazia
E-BO-001554,C-BO-M-00266-02,BO-M-00266,BO-R-0006,bovino,Nelore,Angus,2.7,4,3.4,0.58,0.76,IATF,2,1,2025-02-24,1,162,1,0.805,prenhe
E-BO-001555,C-BO-M-00266-03,BO-M-00266,BO-R-0007,bovino,Nelore,Angus,2.7,4,3.4,0.58,0.93,IATF,3,1,2026-03-05,1,91,0,0.947,prenhe
E-BO-001556,C-BO-M-00267-00,BO-M-00267,BO-R-0035,bovino,Nelore,Brahman,1.3,4,3.5,0.44,0.74,IATF,1,1,2023-01-13,1,-1,0,0.707,prenhe
E-BO-001557,C-BO-M-00267-01,BO-M-00267,BO-R-0032,bovino,Nelore,Brahman,1.3,4,3.5,0.44,0.75,convencional,12,1,2023-12-28,1,66,0,0.743,prenhe
E-BO-001558,C-BO-M-00267-02,BO-M-00267,BO-R-0015,bovino,Nelore,Angus,1.3,4,3.5,0.44,0.51,IATF,2,1,2025-02-02,1,119,0,0.721,prenhe
E-BO-001559,C-BO-M-00267-03,BO-M-00267,BO-R-0004,bovino,Nelore,Brahman,1.3,4,3.5,0.44,0.56,IATF,1,1,2026-01-27,1,76,0,0.549,prenhe
E-BO-001560,C-BO-M-00268-00,BO-M-00268,BO-R-0011,bovino,Nelore,Nelore,2.0,0,3.3,0.56,0.57,IATF,4,0,2023-04-27,1,-1,0,0.492,prenhe
E-BO-001561,C-BO-M-00268-01,BO-M-00268,BO-R-0025,bovino,Nelore,Nelore,2.0,0,3.3,0.56,0.62,IATF,4,0,2024-04-12,1,68,0,0.391,vazia
E-BO-001562,C-BO-M-00268-01,BO-M-00268,BO-R-0019,bovino,Nelore,Brahman,2.0,0,3.3,0.56,0.55,IATF,5,0,2024-05-12,2,98,0,0.445,vazia
E-BO-001563,C-BO-M-00268-01,BO-M-00268,BO-R-0000,bovino,Nelore,Senepol,2.0,0,3.3,0.56,0.48,IATF,6,0,2024-06-12,3,129,0,0.297,vazia
E-BO-001564,C-BO-M-00268-02,BO-M-00268,BO-R-0002,bovino,Nelore,Brahman,2.0,0,3.3,0.56,0.3,IATF,7,0,2024-07-30,1,177,1,0.366,vazia
E-BO-001565,C-BO-M-00268-02,BO-M-00268,BO-R-0002,bovino,Nelore,Brahman,2.0,0,3.3,0.56,0.3,IATF,8,0,2024-08-21,2,199,1,0.163,vazia
E-BO-001566,C-BO-M-00268-02,BO-M-00268,BO-R-0027,bovino,Nelore,Brahman,2.0,0,3.3,0.56,0.77,convencional,9,0,2024-09-20,3,229,1,0.36,vazia
E-BO-001567,C-BO-M-00269-00,BO-M-00269,BO-R-0002,bovino,Nelore,Brahman,6.6,5,3.4,0.5,0.3,IATF,7,0,2023-07-03,1,-1,0,0.505,vazia
E-BO-001568,C-BO-M-00269-00,BO-M-00269,BO-R-0035,bovino,Nelore,Brahman,6.6,5,3.4,0.5,0.74,IATF,7,0,2023-07-28,2,-1,0,0.566,vazia
E-BO-001569,C-BO-M-00269-00,BO-M-00269,BO-R-0006,bovino,Nelore,Angus,6.6,5,3.4,0.5,0.76,IATF,8,0,2023-08-25,3,-1,0,0.501,vazia
E-BO-001570,C-BO-M-00269-01,BO-M-00269,BO-R-0037,bovino,Nelore,Brahman,6.6,5,3.4,0.5,0.45,IATF,10,1,2023-10-21,1,-1,1,0.588,vazia
E-BO-001571,C-BO-M-00269-01,BO-M-00269,BO-R-0003,bovino,Nelore,Senepol,6.6,5,3.4,0.5,0.66,IATF,11,1,2023-11-22,2,-1,1,0.514,vazia
E-BO-001572,C-BO-M-00269-01,BO-M-00269,BO-R-0012,bovino,Nelore,Senepol,6.6,5,3.4,0.5,0.33,IATF,12,1,2023-12-19,3,-1,1,0.272,vazia
E-BO-001573,C-BO-M-00269-02,BO-M-00269,BO-R-0016,bovino,Nelore,Nelore,6.6,5,3.4,0.5,0.58,IATF,2,1,2024-02-13,1,-1,2,0.563,vazia
E-BO-001574,C-BO-M-00269-02,BO-M-00269,BO-R-0000,bovino,Nelore,Senepol,6.6,5,3.4,0.5,0.48,IATF,3,1,2024-03-16,2,-1,2,0.423,vazia
E-BO-001575,C-BO-M-00269-02,BO-M-00269,BO-R-0000,bovino,Nelore,Senepol,6.6,5,3.4,0.5,0.48,IATF,4,0,2024-04-16,3,-1,2,0.215,vazia
E-BO-001576,C-BO-M-00269-03,BO-M-00269,BO-R-0015,bovino,Nelore,Angus,6.6,5,3.4,0.5,0.51,IATF,6,0,2024-06-03,1,-1,3,0.45,prenhe
E-BO-001577,C-BO-M-00269-04,BO-M-00269,BO-R-0028,bovino,Nelore,Angus,6.6,5,3.4,0.5,0.91,IATF,5,0,2025-05-24,1,72,0,0.671,prenhe
E-BO-001578,C-BO-M-00270-00,BO-M-00270,BO-R-0034,bovino,Nelore,Nelore,3.2,1,3.6,0.39,0.63,IATF,8,0,2023-08-10,1,-1,0,0.465,prenhe
E-BO-001579,C-BO-M-00270-01,BO-M-00270,BO-R-0029,bovino,Nelore,Nelore,3.2,1,3.6,0.39,0.78,IATF,8,0,2024-08-08,1,81,0,0.449,vazia
E-BO-001580,C-BO-M-00270-01,BO-M-00270,BO-R-0021,bovino,Nelore,Nelore,3.2,1,3.6,0.39,0.68,IATF,9,0,2024-09-03,2,107,0,0.502,vazia
E-BO-001581,C-BO-M-00270-01,BO-M-00270,BO-R-0038,bovino,Nelore,Senepol,3.2,1,3.6,0.39,0.52,IATF,10,1,2024-10-02,3,136,0,0.379,prenhe
E-BO-001582,C-BO-M-00270-02,BO-M-00270,BO-R-0021,bovino,Nelore,Nelore,3.2,1,3.6,0.39,0.68,convencional,9,0,2025-09-27,1,77,0,0.492,prenhe
E-BO-001583,C-BO-M-00271-00,BO-M-00271,BO-R-0022,bovino,Nelore,Guzera,6.1,1,2.8,0.49,0.4,convencional,7,0,2023-07-30,1,-1,0,0.509,vazia
E-BO-001584,C-BO-M-00271-00,BO-M-00271,BO-R-0019,bovino,Nelore,Brahman,6.1,1,2.8,0.49,0.55,convencional,8,0,2023-08-22,2,-1,0,0.466,prenhe
E-BO-001585,C-BO-M-00271-01,BO-M-00271,BO-R-0021,bovino,Nelore,Nelore,6.1,1,2.8,0.49,0.68,IATF,9,0,2024-09-27,1,119,0,0.511,vazia
E-BO-001586,C-BO-M-00271-01,BO-M-00271,BO-R-0028,bovino,Nelore,Angus,6.1,1,2.8,0.49,0.91,IATF,10,1,2024-10-19,2,141,0,0.651,prenhe
E-BO-001587,C-BO-M-00271-02,BO-M-00271,BO-R-0037,bovino,Nelore,Brahman,6.1,1,2.8,0.49,0.45,convencional,11,1,2025-11-06,1,100,0,0.731,vazia
E-BO-001588,C-BO-M-00271-02,BO-M-00271,BO-R-0012,bovino,Nelore,Senepol,6.1,1,2.8,0.49,0.33,IATF,12,1,2025-12-04,2,128,0,0.359,vazia
E-BO-001589,C-BO-M-00271-02,BO-M-00271,BO-R-0006,bovino,Nelore,Angus,6.1,1,2.8,0.49,0.76,IATF,12,1,2025-12-27,3,151,0,0.466,vazia
E-BO-001590,C-BO-M-00272-00,BO-M-00272,BO-R-0015,bovino,Nelore,Angus,6.3,1,3.6,0.59,0.51,IATF,9,0,2023-09-19,1,-1,0,0.534,prenhe
E-BO-001591,C-BO-M-00272-01,BO-M-00272,BO-R-0039,bovino,Nelore,Senepol,6.3,1,3.6,0.59,0.53,IATF,9,0,2024-09-20,1,84,0,0.439,prenhe
E-BO-001592,C-BO-M-00272-02,BO-M-00272,BO-R-0029,bovino,Nelore,Nelore,6.3,1,3.6,0.59,0.78,IATF,9,0,2025-09-08,1,70,0,0.507,vazia
E-BO-001593,C-BO-M-00272-02,BO-M-00272,BO-R-0006,bovino,Nelore,Angus,6.3,1,3.6,0.59,0.76,IATF,10,1,2025-10-05,2,97,0,0.62,prenhe
E-BO-001594,C-BO-M-00273-00,BO-M-00273,BO-R-0020,bovino,Senepol,Nelore,8.6,2,2.5,0.4,0.55,convencional,9,0,2023-09-24,1,-1,0,0.552,prenhe
E-BO-001595,C-BO-M-00273-01,BO-M-00273,BO-R-0037,bovino,Senepol,Brahman,8.6,2,2.5,0.4,0.45,IATF,10,1,2024-10-22,1,111,0,0.493,vazia
E-BO-001596,C-BO-M-00273-01,BO-M-00273,BO-R-0016,bovino,Senepol,Nelore,8.6,2,2.5,0.4,0.58,IATF,11,1,2024-11-18,2,138,0,0.409,vazia
E-BO-001597,C-BO-M-00273-01,BO-M-00273,BO-R-0009,bovino,Senepol,Gir,8.6,2,2.5,0.4,0.52,convencional,12,1,2024-12-20,3,170,0,0.345,vazia
E-BO-001598,C-BO-M-00273-02,BO-M-00273,BO-R-0026,bovino,Senepol,Mestico,8.6,2,2.5,0.4,0.64,IATF,2,1,2025-02-12,1,224,1,0.367,prenhe
E-BO-001599,C-BO-M-00273-03,BO-M-00273,BO-R-0012,bovino,Senepol,Senepol,8.6,2,2.5,0.4,0.33,convencional,2,1,2026-02-15,1,85,0,0.363,vazia
E-BO-001600,C-BO-M-00273-03,BO-M-00273,BO-R-0031,bovino,Senepol,Nelore,8.6,2,2.5,0.4,0.88,IATF,3,1,2026-03-19,2,117,0,0.612,vazia
E-BO-001601,C-BO-M-00273-03,BO-M-00273,BO-R-0031,bovino,Senepol,Nelore,8.6,2,2.5,0.4,0.88,convencional,4,0,2026-04-16,3,145,0,0.444,prenhe
E-BO-001602,C-BO-M-00274-00,BO-M-00274,BO-R-0035,bovino,Angus,Brahman,1.0,1,3.4,0.39,0.74,IATF,3,1,2023-03-21,1,-1,0,0.621,prenhe
E-BO-001603,C-BO-M-00274-01,BO-M-00274,BO-R-0007,bovino,Angus,Angus,1.0,1,3.4,0.39,0.93,IATF,4,0,2024-04-05,1,98,0,0.657,vazia
E-BO-001604,C-BO-M-00274-01,BO-M-00274,BO-R-0031,bovino,Angus,Nelore,1.0,1,3.4,0.39,0.88,IATF,4,0,2024-04-29,2,122,0,0.552,prenhe
E-BO-001605,C-BO-M-00274-02,BO-M-00274,BO-R-0031,bovino,Angus,Nelore,1.0,1,3.4,0.39,0.88,IATF,4,0,2025-04-09,1,62,0,0.511,prenhe
E-BO-001606,C-BO-M-00274-03,BO-M-00274,BO-R-0007,bovino,Angus,Angus,1.0,1,3.4,0.39,0.93,IATF,4,0,2026-04-08,1,81,0,0.569,vazia
E-BO-001607,C-BO-M-00275-00,BO-M-00275,BO-R-0020,bovino,Nelore,Nelore,8.7,2,3.3,0.28,0.55,convencional,4,0,2023-04-18,1,-1,0,0.644,prenhe
E-BO-001608,C-BO-M-00275-01,BO-M-00275,BO-R-0015,bovino,Nelore,Angus,8.7,2,3.3,0.28,0.51,IATF,4,0,2024-04-06,1,71,0,0.534,vazia
E-BO-001609,C-BO-M-00275-01,BO-M-00275,BO-R-0026,bovino,Nelore,Mestico,8.7,2,3.3,0.28,0.64,convencional,5,0,2024-05-04,2,99,0,0.588,prenhe
E-BO-001610,C-BO-M-00275-02,BO-M-00275,BO-R-0037,bovino,Nelore,Brahman,8.7,2,3.3,0.28,0.45,convencional,5,0,2025-05-24,1,102,0,0.639,prenhe
E-BO-001611,C-BO-M-00276-00,BO-M-00276,BO-R-0032,bovino,Nelore,Brahman,6.6,1,2.9,0.63,0.75,IATF,7,0,2023-07-17,1,-1,0,0.596,vazia
E-BO-001612,C-BO-M-00276-00,BO-M-00276,BO-R-0001,bovino,Nelore,Nelore,6.6,1,2.9,0.63,0.66,convencional,8,0,2023-08-15,2,-1,0,0.607,vazia
E-BO-001613,C-BO-M-00276-00,BO-M-00276,BO-R-0035,bovino,Nelore,Brahman,6.6,1,2.9,0.63,0.74,IATF,9,0,2023-09-12,3,-1,0,0.341,prenhe
E-BO-001614,C-BO-M-00276-01,BO-M-00276,BO-R-0038,bovino,Nelore,Senepol,6.6,1,2.9,0.63,0.52,IATF,9,0,2024-09-27,1,98,0,0.557,prenhe
E-BO-001615,C-BO-M-00276-02,BO-M-00276,BO-R-0035,bovino,Nelore,Brahman,6.6,1,2.9,0.63,0.74,IATF,10,1,2025-10-03,1,88,0,0.571,vazia
E-BO-001616,C-BO-M-00276-02,BO-M-00276,BO-R-0002,bovino,Nelore,Brahman,6.6,1,2.9,0.63,0.3,IATF,10,1,2025-10-31,2,116,0,0.386,prenhe
E-BO-001617,C-BO-M-00277-00,BO-M-00277,BO-R-0038,bovino,Senepol,Senepol,2.5,0,3.2,0.66,0.52,convencional,2,1,2023-02-07,1,-1,0,0.657,prenhe
E-BO-001618,C-BO-M-00277-01,BO-M-00277,BO-R-0000,bovino,Senepol,Senepol,2.5,0,3.2,0.66,0.48,IATF,3,1,2024-03-03,1,107,0,0.596,vazia
E-BO-001619,C-BO-M-00277-01,BO-M-00277,BO-R-0025,bovino,Senepol,Nelore,2.5,0,3.2,0.66,0.62,IATF,3,1,2024-03-27,2,131,0,0.467,vazia
E-BO-001620,C-BO-M-00277-01,BO-M-00277,BO-R-0006,bovino,Senepol,Angus,2.5,0,3.2,0.66,0.76,IATF,4,0,2024-04-26,3,161,0,0.33,vazia
E-BO-001621,C-BO-M-00277-02,BO-M-00277,BO-R-0017,bovino,Senepol,Nelore,2.5,0,3.2,0.66,0.35,IATF,6,0,2024-06-12,1,208,1,0.346,vazia
E-BO-001622,C-BO-M-00277-02,BO-M-00277,BO-R-0037,bovino,Senepol,Brahman,2.5,0,3.2,0.66,0.45,IATF,7,0,2024-07-13,2,239,1,0.254,vazia
E-BO-001623,C-BO-M-00277-02,BO-M-00277,BO-R-0003,bovino,Senepol,Senepol,2.5,0,3.2,0.66,0.66,IATF,8,0,2024-08-13,3,270,1,0.143,prenhe
E-BO-001624,C-BO-M-00277-03,BO-M-00277,BO-R-0025,bovino,Senepol,Nelore,2.5,0,3.2,0.66,0.62,IATF,9,0,2025-09-08,1,108,0,0.613,prenhe
E-BO-001625,C-BO-M-00278-00,BO-M-00278,BO-R-0004,bovino,Gir,Brahman,8.0,2,2.9,0.6,0.56,IATF,3,1,2023-03-22,1,-1,0,0.67,vazia
E-BO-001626,C-BO-M-00278-00,BO-M-00278,BO-R-0008,bovino,Gir,Brahman,8.0,2,2.9,0.6,0.38,IATF,4,0,2023-04-18,2,-1,0,0.338,vazia
E-BO-001627,C-BO-M-00278-00,BO-M-00278,BO-R-0027,bovino,Gir,Brahman,8.0,2,2.9,0.6,0.77,IATF,5,0,2023-05-13,3,-1,0,0.357,vazia
E-BO-001628,C-BO-M-00278-01,BO-M-00278,BO-R-0038,bovino,Gir,Senepol,8.0,2,2.9,0.6,0.52,convencional,6,0,2023-06-30,1,-1,1,0.517,vazia
E-BO-001629,C-BO-M-00278-01,BO-M-00278,BO-R-0035,bovino,Gir,Brahman,8.0,2,2.9,0.6,0.74,IATF,7,0,2023-07-28,2,-1,1,0.454,prenhe
E-BO-001630,C-BO-M-00278-02,BO-M-00278,BO-R-0033,bovino,Gir,Nelore,8.0,2,2.9,0.6,0.79,convencional,8,0,2024-08-13,1,99,0,0.816,prenhe
E-BO-001631,C-BO-M-00278-03,BO-M-00278,BO-R-0036,bovino,Gir,Guzera,8.0,2,2.9,0.6,0.72,IATF,8,0,2025-08-03,1,72,0,0.524,vazia
E-BO-001632,C-BO-M-00278-03,BO-M-00278,BO-R-0015,bovino,Gir,Angus,8.0,2,2.9,0.6,0.51,IATF,9,0,2025-09-02,2,102,0,0.442,prenhe
E-BO-001633,C-BO-M-00279-00,BO-M-00279,BO-R-0029,bovino,Gir,Nelore,8.7,4,2.7,0.74,0.78,IATF,10,1,2023-10-05,1,-1,0,0.561,vazia
E-BO-001634,C-BO-M-00279-00,BO-M-00279,BO-R-0023,bovino,Gir,Brahman,8.7,4,2.7,0.74,0.35,IATF,10,1,2023-10-27,2,-1,0,0.295,vazia
E-BO-001635,C-BO-M-00279-00,BO-M-00279,BO-R-0034,bovino,Gir,Nelore,8.7,4,2.7,0.74,0.63,IATF,11,1,2023-11-20,3,-1,0,0.334,prenhe
E-BO-001636,C-BO-M-00279-01,BO-M-00279,BO-R-0010,bovino,Gir,Gir,8.7,4,2.7,0.74,0.31,convencional,11,1,2024-11-25,1,88,0,0.446,vazia
E-BO-001637,C-BO-M-00279-01,BO-M-00279,BO-R-0020,bovino,Gir,Nelore,8.7,4,2.7,0.74,0.55,IATF,12,1,2024-12-27,2,120,0,0.431,prenhe
E-BO-001638,C-BO-M-00279-02,BO-M-00279,BO-R-0016,bovino,Gir,Nelore,8.7,4,2.7,0.74,0.58,IATF,2,1,2026-02-01,1,118,0,0.665,prenhe
E-BO-001639,C-BO-M-00280-00,BO-M-00280,BO-R-0002,bovino,Nelore,Brahman,3.3,4,3.0,0.57,0.3,IATF,7,0,2023-07-22,1,-1,0,0.611,vazia
E-BO-001640,C-BO-M-00280-00,BO-M-00280,BO-R-0034,bovino,Nelore,Nelore,3.3,4,3.0,0.57,0.63,IATF,8,0,2023-08-20,2,-1,0,0.684,prenhe
E-BO-001641,C-BO-M-00281-00,BO-M-00281,BO-R-0018,bovino,Nelore,Nelore,9.3,2,2.6,0.63,0.82,IATF,1,1,2023-01-16,1,-1,0,0.666,prenhe
E-BO-001642,C-BO-M-00281-01,BO-M-00281,BO-R-0021,bovino,Nelore,Nelore,9.3,2,2.6,0.63,0.68,convencional,1,1,2024-01-01,1,67,0,0.54,prenhe
E-BO-001643,C-BO-M-00281-02,BO-M-00281,BO-R-0022,bovino,Nelore,Guzera,9.3,2,2.6,0.63,0.4,IATF,12,1,2024-12-19,1,70,0,0.384,vazia
E-BO-001644,C-BO-M-00281-02,BO-M-00281,BO-R-0030,bovino,Nelore,Nelore,9.3,2,2.6,0.63,0.8,convencional,1,1,2025-01-13,2,95,0,0.673,prenhe
E-BO-001645,C-BO-M-00281-03,BO-M-00281,BO-R-0015,bovino,Nelore,Angus,9.3,2,2.6,0.63,0.51,IATF,1,1,2026-01-31,1,100,0,0.561,vazia
E-BO-001646,C-BO-M-00281-03,BO-M-00281,BO-R-0020,bovino,Nelore,Nelore,9.3,2,2.6,0.63,0.55,convencional,2,1,2026-02-27,2,127,0,0.573,prenhe
E-BO-001647,C-BO-M-00282-00,BO-M-00282,BO-R-0018,bovino,Nelore,Nelore,5.1,1,3.4,0.61,0.82,IATF,4,0,2023-04-02,1,-1,0,0.759,prenhe
E-BO-001648,C-BO-M-00282-01,BO-M-00282,BO-R-0007,bovino,Nelore,Angus,5.1,1,3.4,0.61,0.93,convencional,3,1,2024-03-25,1,75,0,0.88,prenhe
E-BO-001649,C-BO-M-00282-02,BO-M-00282,BO-R-0031,bovino,Nelore,Nelore,5.1,1,3.4,0.61,0.88,IATF,4,0,2025-04-28,1,116,0,0.94,prenhe
E-BO-001650,C-BO-M-00282-03,BO-M-00282,BO-R-0028,bovino,Nelore,Angus,5.1,1,3.4,0.61,0.91,IATF,4,0,2026-04-27,1,81,0,0.739,prenhe
E-BO-001651,C-BO-M-00283-00,BO-M-00283,BO-R-0024,bovino,Nelore,Nelore,6.4,4,2.6,0.53,0.68,IATF,8,0,2023-08-06,1,-1,0,0.542,vazia
E-BO-001652,C-BO-M-00283-00,BO-M-00283,BO-R-0011,bovino,Nelore,Nelore,6.4,4,2.6,0.53,0.57,IATF,8,0,2023-08-31,2,-1,0,0.381,prenhe
E-BO-001653,C-BO-M-00283-01,BO-M-00283,BO-R-0024,bovino,Nelore,Nelore,6.4,4,2.6,0.53,0.68,convencional,8,0,2024-08-13,1,65,0,0.614,prenhe
E-BO-001654,C-BO-M-00283-02,BO-M-00283,BO-R-0002,bovino,Nelore,Brahman,6.4,4,2.6,0.53,0.3,IATF,8,0,2025-08-15,1,84,0,0.359,vazia
E-BO-001655,C-BO-M-00283-02,BO-M-00283,BO-R-0025,bovino,Nelore,Nelore,6.4,4,2.6,0.53,0.62,convencional,9,0,2025-09-05,2,105,0,0.592,prenhe
E-BO-001656,C-BO-M-00284-00,BO-M-00284,BO-R-0031,bovino,Senepol,Nelore,9.9,4,3.6,0.44,0.88,convencional,7,0,2023-07-12,1,-1,0,0.619,vazia
E-BO-001657,C-BO-M-00284-00,BO-M-00284,BO-R-0012,bovino,Senepol,Senepol,9.9,4,3.6,0.44,0.33,IATF,8,0,2023-08-13,2,-1,0,0.189,vazia
E-BO-001658,C-BO-M-00284-00,BO-M-00284,BO-R-0000,bovino,Senepol,Senepol,9.9,4,3.6,0.44,0.48,IATF,9,0,2023-09-11,3,-1,0,0.131,vazia
E-BO-001659,C-BO-M-00284-01,BO-M-00284,BO-R-0036,bovino,Senepol,Guzera,9.9,4,3.6,0.44,0.72,IATF,10,1,2023-10-27,1,-1,1,0.516,vazia
E-BO-001660,C-BO-M-00284-01,BO-M-00284,BO-R-0007,bovino,Senepol,Angus,9.9,4,3.6,0.44,0.93,IATF,11,1,2023-11-28,2,-1,1,0.452,prenhe
E-BO-001661,C-BO-M-00285-00,BO-M-00285,BO-R-0032,bovino,Nelore,Brahman,4.3,4,2.6,0.99,0.75,IATF,8,0,2023-08-30,1,-1,0,0.711,vazia
E-BO-001662,C-BO-M-00285-00,BO-M-00285,BO-R-0031,bovino,Nelore,Nelore,4.3,4,2.6,0.99,0.88,convencional,9,0,2023-09-25,2,-1,0,0.739,prenhe
E-BO-001663,C-BO-M-00285-01,BO-M-00285,BO-R-0029,bovino,Nelore,Nelore,4.3,4,2.6,0.99,0.78,convencional,10,1,2024-10-18,1,106,0,0.95,prenhe
E-BO-001664,C-BO-M-00285-02,BO-M-00285,BO-R-0005,bovino,Nelore,Gir,4.3,4,2.6,0.99,0.72,IATF,10,1,2025-10-31,1,95,0,0.809,prenhe
E-BO-001665,C-BO-M-00286-00,BO-M-00286,BO-R-0038,bovino,Nelore,Senepol,8.3,5,2.9,0.46,0.52,IATF,8,0,2023-08-28,1,-1,0,0.194,vazia
E-BO-001666,C-BO-M-00286-00,BO-M-00286,BO-R-0000,bovino,Nelore,Senepol,8.3,5,2.9,0.46,0.48,convencional,9,0,2023-09-26,2,-1,0,0.232,vazia
E-BO-001667,C-BO-M-00286-00,BO-M-00286,BO-R-0022,bovino,Nelore,Guzera,8.3,5,2.9,0.46,0.4,IATF,10,1,2023-10-24,3,-1,0,0.05,vazia
E-BO-001668,C-BO-M-00286-01,BO-M-00286,BO-R-0025,bovino,Nelore,Nelore,8.3,5,2.9,0.46,0.62,convencional,12,1,2023-12-09,1,-1,1,0.459,prenhe
E-BO-001669,C-BO-M-00286-02,BO-M-00286,BO-R-0008,bovino,Nelore,Brahman,8.3,5,2.9,0.46,0.38,IATF,11,1,2024-11-24,1,68,0,0.256,prenhe
E-BO-001670,C-BO-M-00286-03,BO-M-00286,BO-R-0004,bovino,Nelore,Brahman,8.3,5,2.9,0.46,0.56,IATF,11,1,2025-11-10,1,68,0,0.344,prenhe
E-BO-001671,C-BO-M-00287-00,BO-M-00287,BO-R-0029,bovino,Nelore,Nelore,3.9,4,2.9,0.42,0.78,convencional,2,1,2023-02-04,1,-1,0,0.813,vazia
E-BO-001672,C-BO-M-00287-00,BO-M-00287,BO-R-0013,bovino,Nelore,Nelore,3.9,4,2.9,0.42,0.46,IATF,3,1,2023-03-04,2,-1,0,0.397,prenhe
E-BO-001673,C-BO-M-00287-01,BO-M-00287,BO-R-0017,bovino,Nelore,Nelore,3.9,4,2.9,0.42,0.35,IATF,3,1,2024-03-23,1,102,0,0.62,prenhe
E-BO-001674,C-BO-M-00287-02,BO-M-00287,BO-R-0035,bovino,Nelore,Brahman,3.9,4,2.9,0.42,0.74,IATF,3,1,2025-03-21,1,80,0,0.558,prenhe
E-BO-001675,C-BO-M-00287-03,BO-M-00287,BO-R-0024,bovino,Nelore,Nelore,3.9,4,2.9,0.42,0.68,IATF,3,1,2026-03-16,1,77,0,0.596,prenhe
E-BO-001676,C-BO-M-00288-00,BO-M-00288,BO-R-0020,bovino,Senepol,Nelore,8.2,5,3.9,0.64,0.55,IATF,7,0,2023-07-19,1,-1,0,0.246,vazia
E-BO-001677,C-BO-M-00288-00,BO-M-00288,BO-R-0038,bovino,Senepol,Senepol,8.2,5,3.9,0.64,0.52,IATF,8,0,2023-08-15,2,-1,0,0.118,vazia
E-BO-001678,C-BO-M-00288-00,BO-M-00288,BO-R-0000,bovino,Senepol,Senepol,8.2,5,3.9,0.64,0.48,convencional,9,0,2023-09-06,3,-1,0,0.17,vazia
E-BO-001679,C-BO-M-00288-01,BO-M-00288,BO-R-0012,bovino,Senepol,Senepol,8.2,5,3.9,0.64,0.33,IATF,10,1,2023-10-14,1,-1,1,0.179,vazia
E-BO-001680,C-BO-M-00288-01,BO-M-00288,BO-R-0020,bovino,Senepol,Nelore,8.2,5,3.9,0.64,0.55,convencional,11,1,2023-11-12,2,-1,1,0.368,vazia
E-BO-001681,C-BO-M-00288-01,BO-M-00288,BO-R-0030,bovino,Senepol,Nelore,8.2,5,3.9,0.64,0.8,IATF,12,1,2023-12-13,3,-1,1,0.219,vazia
E-BO-001682,C-BO-M-00288-02,BO-M-00288,BO-R-0016,bovino,Senepol,Nelore,8.2,5,3.9,0.64,0.58,IATF,2,1,2024-02-08,1,-1,2,0.233,vazia
E-BO-001683,C-BO-M-00288-02,BO-M-00288,BO-R-0036,bovino,Senepol,Guzera,8.2,5,3.9,0.64,0.72,IATF,3,1,2024-03-04,2,-1,2,0.224,vazia
E-BO-001684,C-BO-M-00288-02,BO-M-00288,BO-R-0034,bovino,Senepol,Nelore,8.2,5,3.9,0.64,0.63,IATF,3,1,2024-03-29,3,-1,2,0.095,vazia
E-BO-001685,C-BO-M-00288-03,BO-M-00288,BO-R-0010,bovino,Senepol,Gir,8.2,5,3.9,0.64,0.31,IATF,5,0,2024-05-30,1,-1,3,0.05,vazia
E-BO-001686,C-BO-M-00288-03,BO-M-00288,BO-R-0009,bovino,Senepol,Gir,8.2,5,3.9,0.64,0.52,IATF,6,0,2024-06-27,2,-1,3,0.05,prenhe
E-BO-001687,C-BO-M-00288-04,BO-M-00288,BO-R-0038,bovino,Senepol,Senepol,8.2,5,3.9,0.64,0.52,IATF,7,0,2025-07-23,1,108,0,0.435,vazia
E-BO-001688,C-BO-M-00288-04,BO-M-00288,BO-R-0025,bovino,Senepol,Nelore,8.2,5,3.9,0.64,0.62,convencional,8,0,2025-08-24,2,140,0,0.398,prenhe
E-BO-001689,C-BO-M-00289-00,BO-M-00289,BO-R-0036,bovino,Nelore,Guzera,6.4,2,3.4,0.6,0.72,convencional,9,0,2023-09-19,1,-1,0,0.912,vazia
E-BO-001690,C-BO-M-00289-00,BO-M-00289,BO-R-0029,bovino,Nelore,Nelore,6.4,2,3.4,0.6,0.78,IATF,10,1,2023-10-21,2,-1,0,0.77,prenhe
E-BO-001691,C-BO-M-00289-01,BO-M-00289,BO-R-0025,bovino,Nelore,Nelore,6.4,2,3.4,0.6,0.62,IATF,11,1,2024-11-09,1,102,0,0.857,prenhe
E-BO-001692,C-BO-M-00289-02,BO-M-00289,BO-R-0039,bovino,Nelore,Senepol,6.4,2,3.4,0.6,0.53,convencional,11,1,2025-11-21,1,94,0,0.913,prenhe
E-BO-001693,C-BO-M-00290-00,BO-M-00290,BO-R-0036,bovino,Gir,Guzera,2.9,2,3.1,0.27,0.72,IATF,3,1,2023-03-18,1,-1,0,0.617,prenhe
E-BO-001694,C-BO-M-00290-01,BO-M-00290,BO-R-0037,bovino,Gir,Brahman,2.9,2,3.1,0.27,0.45,convencional,3,1,2024-03-24,1,89,0,0.718,prenhe
E-BO-001695,C-BO-M-00290-02,BO-M-00290,BO-R-0015,bovino,Gir,Angus,2.9,2,3.1,0.27,0.51,IATF,4,0,2025-04-02,1,91,0,0.511,vazia
E-BO-001696,C-BO-M-00290-02,BO-M-00290,BO-R-0017,bovino,Gir,Nelore,2.9,2,3.1,0.27,0.35,convencional,5,0,2025-05-02,2,121,0,0.555,prenhe
E-BO-001697,C-BO-M-00290-03,BO-M-00290,BO-R-0004,bovino,Gir,Brahman,2.9,2,3.1,0.27,0.56,IATF,4,0,2026-04-16,1,66,0,0.439,vazia
E-BO-001698,C-BO-M-00291-00,BO-M-00291,BO-R-0027,bovino,Nelore,Brahman,4.7,1,3.4,0.77,0.77,IATF,3,1,2023-03-14,1,-1,0,0.884,prenhe
E-BO-001699,C-BO-M-00291-01,BO-M-00291,BO-R-0013,bovino,Nelore,Nelore,4.7,1,3.4,0.77,0.46,IATF,4,0,2024-04-12,1,112,0,0.678,vazia
E-BO-001700,C-BO-M-00291-01,BO-M-00291,BO-R-0004,bovino,Nelore,Brahman,4.7,1,3.4,0.77,0.56,convencional,5,0,2024-05-09,2,139,0,0.704,prenhe
E-BO-001701,C-BO-M-00291-02,BO-M-00291,BO-R-0023,bovino,Nelore,Brahman,4.7,1,3.4,0.77,0.35,IATF,6,0,2025-06-15,1,119,0,0.719,vazia
E-BO-001702,C-BO-M-00291-02,BO-M-00291,BO-R-0031,bovino,Nelore,Nelore,4.7,1,3.4,0.77,0.88,IATF,7,0,2025-07-13,2,147,0,0.764,prenhe
E-BO-001703,C-BO-M-00292-00,BO-M-00292,BO-R-0035,bovino,Guzera,Brahman,3.9,1,2.1,0.53,0.74,IATF,5,0,2023-05-31,1,-1,0,0.455,vazia
E-BO-001704,C-BO-M-00292-00,BO-M-00292,BO-R-0019,bovino,Guzera,Brahman,3.9,1,2.1,0.53,0.55,IATF,6,0,2023-06-23,2,-1,0,0.253,vazia
E-BO-001705,C-BO-M-00292-00,BO-M-00292,BO-R-0021,bovino,Guzera,Nelore,3.9,1,2.1,0.53,0.68,IATF,7,0,2023-07-20,3,-1,0,0.195,vazia
E-BO-001706,C-BO-M-00292-01,BO-M-00292,BO-R-0008,bovino,Guzera,Brahman,3.9,1,2.1,0.53,0.38,convencional,8,0,2023-08-21,1,-1,1,0.295,vazia
E-BO-001707,C-BO-M-00292-01,BO-M-00292,BO-R-0011,bovino,Guzera,Nelore,3.9,1,2.1,0.53,0.57,convencional,9,0,2023-09-20,2,-1,1,0.283,prenhe
E-BO-001708,C-BO-M-00292-02,BO-M-00292,BO-R-0010,bovino,Guzera,Gir,3.9,1,2.1,0.53,0.31,IATF,10,1,2024-10-19,1,112,0,0.36,vazia
E-BO-001709,C-BO-M-00292-02,BO-M-00292,BO-R-0033,bovino,Guzera,Nelore,3.9,1,2.1,0.53,0.79,IATF,11,1,2024-11-18,2,142,0,0.498,prenhe
E-BO-001710,C-BO-M-00292-03,BO-M-00292,BO-R-0011,bovino,Guzera,Nelore,3.9,1,2.1,0.53,0.57,IATF,12,1,2025-12-08,1,102,0,0.557,vazia
E-BO-001711,C-BO-M-00292-03,BO-M-00292,BO-R-0033,bovino,Guzera,Nelore,3.9,1,2.1,0.53,0.79,convencional,1,1,2026-01-09,2,134,0,0.629,vazia
E-BO-001712,C-BO-M-00292-03,BO-M-00292,BO-R-0005,bovino,Guzera,Gir,3.9,1,2.1,0.53,0.72,IATF,2,1,2026-02-05,3,161,0,0.355,prenhe
E-BO-001713,C-BO-M-00293-00,BO-M-00293,BO-R-0025,bovino,Nelore,Nelore,1.7,4,3.2,0.33,0.62,IATF,2,1,2023-02-17,1,-1,0,0.655,prenhe
E-BO-001714,C-BO-M-00293-01,BO-M-00293,BO-R-0009,bovino,Nelore,Gir,1.7,4,3.2,0.33,0.52,IATF,2,1,2024-02-02,1,67,0,0.608,prenhe
E-BO-001715,C-BO-M-00293-02,BO-M-00293,BO-R-0029,bovino,Nelore,Nelore,1.7,4,3.2,0.33,0.78,convencional,3,1,2025-03-10,1,119,0,0.861,prenhe
E-BO-001716,C-BO-M-00293-03,BO-M-00293,BO-R-0017,bovino,Nelore,Nelore,1.7,4,3.2,0.33,0.35,IATF,3,1,2026-03-01,1,73,0,0.482,vazia
E-BO-001717,C-BO-M-00293-03,BO-M-00293,BO-R-0006,bovino,Nelore,Angus,1.7,4,3.2,0.33,0.76,convencional,3,1,2026-03-31,2,103,0,0.731,prenhe
E-BO-001718,C-BO-M-00294-00,BO-M-00294,BO-R-0037,bovino,Gir,Brahman,1.3,4,4.2,0.79,0.45,IATF,10,1,2023-10-21,1,-1,0,0.409,prenhe
E-BO-001719,C-BO-M-00294-01,BO-M-00294,BO-R-0031,bovino,Gir,Nelore,1.3,4,4.2,0.79,0.88,IATF,11,1,2024-11-17,1,110,0,0.695,vazia
E-BO-001720,C-BO-M-00294-01,BO-M-00294,BO-R-0009,bovino,Gir,Gir,1.3,4,4.2,0.79,0.52,IATF,12,1,2024-12-17,2,140,0,0.304,vazia
E-BO-001721,C-BO-M-00294-01,BO-M-00294,BO-R-0010,bovino,Gir,Gir,1.3,4,4.2,0.79,0.31,IATF,1,1,2025-01-08,3,162,0,0.154,vazia
E-BO-001722,C-BO-M-00294-02,BO-M-00294,BO-R-0029,bovino,Gir,Nelore,1.3,4,4.2,0.79,0.78,IATF,3,1,2025-03-15,1,228,1,0.45,prenhe
E-BO-001723,C-BO-M-00294-03,BO-M-00294,BO-R-0033,bovino,Gir,Nelore,1.3,4,4.2,0.79,0.79,IATF,2,1,2026-02-22,1,61,0,0.498,vazia
E-BO-001724,C-BO-M-00294-03,BO-M-00294,BO-R-0019,bovino,Gir,Brahman,1.3,4,4.2,0.79,0.55,IATF,3,1,2026-03-24,2,91,0,0.457,prenhe
E-BO-001725,C-BO-M-00295-00,BO-M-00295,BO-R-0034,bovino,Guzera,Nelore,4.1,4,3.3,0.68,0.63,convencional,5,0,2023-05-21,1,-1,0,0.95,prenhe
E-BO-001726,C-BO-M-00295-01,BO-M-00295,BO-R-0009,bovino,Guzera,Gir,4.1,4,3.3,0.68,0.52,convencional,5,0,2024-05-23,1,85,0,0.786,prenhe
E-BO-001727,C-BO-M-00295-02,BO-M-00295,BO-R-0033,bovino,Guzera,Nelore,4.1,4,3.3,0.68,0.79,IATF,5,0,2025-05-29,1,88,0,0.645,prenhe
E-BO-001728,C-BO-M-00296-00,BO-M-00296,BO-R-0004,bovino,Mestico,Brahman,1.2,1,3.2,0.3,0.56,IATF,6,0,2023-06-29,1,-1,0,0.463,prenhe
E-BO-001729,C-BO-M-00296-01,BO-M-00296,BO-R-0000,bovino,Mestico,Senepol,1.2,1,3.2,0.3,0.48,IATF,7,0,2024-07-11,1,95,0,0.55,vazia
E-BO-001730,C-BO-M-00296-01,BO-M-00296,BO-R-0004,bovino,Mestico,Brahman,1.2,1,3.2,0.3,0.56,IATF,8,0,2024-08-09,2,124,0,0.448,vazia
E-BO-001731,C-BO-M-00296-01,BO-M-00296,BO-R-0022,bovino,Mestico,Guzera,1.2,1,3.2,0.3,0.4,IATF,9,0,2024-09-09,3,155,0,0.225,vazia
E-BO-001732,C-BO-M-00296-02,BO-M-00296,BO-R-0011,bovino,Mestico,Nelore,1.2,1,3.2,0.3,0.57,convencional,11,1,2024-11-17,1,224,1,0.551,vazia
E-BO-001733,C-BO-M-00296-02,BO-M-00296,BO-R-0020,bovino,Mestico,Nelore,1.2,1,3.2,0.3,0.55,convencional,12,1,2024-12-08,2,245,1,0.405,vazia
E-BO-001734,C-BO-M-00296-02,BO-M-00296,BO-R-0022,bovino,Mestico,Guzera,1.2,1,3.2,0.3,0.4,convencional,1,1,2025-01-09,3,277,1,0.241,prenhe
E-BO-001735,C-BO-M-00297-00,BO-M-00297,BO-R-0035,bovino,Gir,Brahman,2.5,2,3.5,0.91,0.74,IATF,10,1,2023-10-16,1,-1,0,0.826,prenhe
E-BO-001736,C-BO-M-00297-01,BO-M-00297,BO-R-0020,bovino,Gir,Nelore,2.5,2,3.5,0.91,0.55,IATF,10,1,2024-10-31,1,98,0,0.832,prenhe
E-BO-001737,C-BO-M-00297-02,BO-M-00297,BO-R-0006,bovino,Gir,Angus,2.5,2,3.5,0.91,0.76,convencional,11,1,2025-11-11,1,93,0,0.95,prenhe
E-BO-001738,C-BO-M-00298-00,BO-M-00298,BO-R-0012,bovino,Brahman,Senepol,7.5,1,3.6,0.68,0.33,convencional,4,0,2023-04-17,1,-1,0,0.42,vazia
E-BO-001739,C-BO-M-00298-00,BO-M-00298,BO-R-0017,bovino,Brahman,Nelore,7.5,1,3.6,0.68,0.35,IATF,5,0,2023-05-08,2,-1,0,0.343,vazia
E-BO-001740,C-BO-M-00298-00,BO-M-00298,BO-R-0019,bovino,Brahman,Brahman,7.5,1,3.6,0.68,0.55,IATF,6,0,2023-06-04,3,-1,0,0.304,prenhe
E-BO-001741,C-BO-M-00299-00,BO-M-00299,BO-R-0015,bovino,Angus,Angus,7.4,5,2.2,0.55,0.51,IATF,9,0,2023-09-14,1,-1,0,0.277,vazia
E-BO-001742,C-BO-M-00299-00,BO-M-00299,BO-R-0032,bovino,Angus,Brahman,7.4,5,2.2,0.55,0.75,convencional,10,1,2023-10-06,2,-1,0,0.479,prenhe
E-BO-001743,C-BO-M-00299-01,BO-M-00299,BO-R-0029,bovino,Angus,Nelore,7.4,5,2.2,0.55,0.78,IA_repasse,10,1,2024-10-01,1,78,0,0.339,vazia
E-BO-001744,C-BO-M-00299-01,BO-M-00299,BO-R-0006,bovino,Angus,Angus,7.4,5,2.2,0.55,0.76,convencional,11,1,2024-11-01,2,109,0,0.651,vazia
E-BO-001745,C-BO-M-00299-01,BO-M-00299,BO-R-0011,bovino,Angus,Nelore,7.4,5,2.2,0.55,0.57,IATF,12,1,2024-12-01,3,139,0,0.272,vazia
E-BO-001746,C-BO-M-00299-02,BO-M-00299,BO-R-0002,bovino,Angus,Brahman,7.4,5,2.2,0.55,0.3,IATF,1,1,2025-01-28,1,197,1,0.25,vazia
E-BO-001747,C-BO-M-00299-02,BO-M-00299,BO-R-0001,bovino,Angus,Nelore,7.4,5,2.2,0.55,0.66,IATF,2,1,2025-02-27,2,227,1,0.241,vazia
E-BO-001748,C-BO-M-00299-02,BO-M-00299,BO-R-0005,bovino,Angus,Gir,7.4,5,2.2,0.55,0.72,convencional,3,1,2025-03-21,3,249,1,0.339,prenhe
E-BO-001749,C-BO-M-00299-03,BO-M-00299,BO-R-0029,bovino,Angus,Nelore,7.4,5,2.2,0.55,0.78,IATF,3,1,2026-03-14,1,75,0,0.44,vazia
E-BO-001750,C-BO-M-00299-03,BO-M-00299,BO-R-0036,bovino,Angus,Guzera,7.4,5,2.2,0.55,0.72,IATF,4,0,2026-04-05,2,97,0,0.379,prenhe
E-BO-001751,C-BO-M-00300-00,BO-M-00300,BO-R-0018,bovino,Brahman,Nelore,7.6,1,2.4,0.87,0.82,IATF,5,0,2023-05-25,1,-1,0,0.598,vazia
E-BO-001752,C-BO-M-00300-00,BO-M-00300,BO-R-0034,bovino,Brahman,Nelore,7.6,1,2.4,0.87,0.63,IATF,6,0,2023-06-19,2,-1,0,0.306,vazia
E-BO-001753,C-BO-M-00300-00,BO-M-00300,BO-R-0009,bovino,Brahman,Gir,7.6,1,2.4,0.87,0.52,IATF,7,0,2023-07-20,3,-1,0,0.174,vazia
E-BO-001754,C-BO-M-00300-01,BO-M-00300,BO-R-0019,bovino,Brahman,Brahman,7.6,1,2.4,0.87,0.55,IATF,8,0,2023-08-31,1,-1,1,0.425,vazia
E-BO-001755,C-BO-M-00300-01,BO-M-00300,BO-R-0017,bovino,Brahman,Nelore,7.6,1,2.4,0.87,0.35,convencional,9,0,2023-09-23,2,-1,1,0.286,vazia
E-BO-001756,C-BO-M-00300-01,BO-M-00300,BO-R-0024,bovino,Brahman,Nelore,7.6,1,2.4,0.87,0.68,IA_repasse,10,1,2023-10-25,3,-1,1,0.194,vazia
E-BO-001757,C-BO-M-00300-02,BO-M-00300,BO-R-0020,bovino,Brahman,Nelore,7.6,1,2.4,0.87,0.55,IATF,12,1,2023-12-01,1,-1,2,0.373,prenhe
E-BO-001758,C-BO-M-00300-03,BO-M-00300,BO-R-0029,bovino,Brahman,Nelore,7.6,1,2.4,0.87,0.78,convencional,12,1,2024-12-04,1,86,0,0.601,prenhe
E-BO-001759,C-BO-M-00301-00,BO-M-00301,BO-R-0004,bovino,Nelore,Brahman,3.9,0,3.3,0.58,0.56,IATF,6,0,2023-06-13,1,-1,0,0.516,prenhe
E-BO-001760,C-BO-M-00301-01,BO-M-00301,BO-R-0009,bovino,Nelore,Gir,3.9,0,3.3,0.58,0.52,IATF,6,0,2024-06-02,1,72,0,0.527,prenhe
E-BO-001761,C-BO-M-00301-02,BO-M-00301,BO-R-0004,bovino,Nelore,Brahman,3.9,0,3.3,0.58,0.56,IATF,6,0,2025-06-23,1,103,0,0.689,vazia
E-BO-001762,C-BO-M-00301-02,BO-M-00301,BO-R-0037,bovino,Nelore,Brahman,3.9,0,3.3,0.58,0.45,IATF,7,0,2025-07-24,2,134,0,0.451,vazia
E-BO-001763,C-BO-M-00301-02,BO-M-00301,BO-R-0039,bovino,Nelore,Senepol,3.9,0,3.3,0.58,0.53,IATF,8,0,2025-08-18,3,159,0,0.505,vazia
E-BO-001764,C-BO-M-00301-03,BO-M-00301,BO-R-0018,bovino,Nelore,Nelore,3.9,0,3.3,0.58,0.82,convencional,10,1,2025-10-25,1,227,1,0.868,vazia
E-BO-001765,C-BO-M-00301-03,BO-M-00301,BO-R-0002,bovino,Nelore,Brahman,3.9,0,3.3,0.58,0.3,IATF,11,1,2025-11-22,2,255,1,0.331,prenhe
E-BO-001766,C-BO-M-00302-00,BO-M-00302,BO-R-0015,bovino,Senepol,Angus,9.0,3,2.8,0.54,0.51,IATF,1,1,2023-01-10,1,-1,0,0.371,prenhe
E-BO-001767,C-BO-M-00302-01,BO-M-00302,BO-R-0022,bovino,Senepol,Guzera,9.0,3,2.8,0.54,0.4,IATF,12,1,2023-12-31,1,72,0,0.332,prenhe
E-BO-001768,C-BO-M-00302-02,BO-M-00302,BO-R-0037,bovino,Senepol,Brahman,9.0,3,2.8,0.54,0.45,IATF,2,1,2025-02-01,1,115,0,0.461,prenhe
E-BO-001769,C-BO-M-00302-03,BO-M-00302,BO-R-0000,bovino,Senepol,Senepol,9.0,3,2.8,0.54,0.48,convencional,1,1,2026-01-11,1,61,0,0.443,prenhe
E-BO-001770,C-BO-M-00303-00,BO-M-00303,BO-R-0035,bovino,Senepol,Brahman,6.3,5,3.9,0.42,0.74,IATF,7,0,2023-07-10,1,-1,0,0.523,prenhe
E-BO-001771,C-BO-M-00303-01,BO-M-00303,BO-R-0028,bovino,Senepol,Angus,6.3,5,3.9,0.42,0.91,IATF,6,0,2024-06-25,1,68,0,0.556,vazia
E-BO-001772,C-BO-M-00303-01,BO-M-00303,BO-R-0036,bovino,Senepol,Guzera,6.3,5,3.9,0.42,0.72,convencional,7,0,2024-07-26,2,99,0,0.527,prenhe
E-BO-001773,C-BO-M-00303-02,BO-M-00303,BO-R-0030,bovino,Senepol,Nelore,6.3,5,3.9,0.42,0.8,IATF,9,0,2025-09-01,1,119,0,0.638,vazia
E-BO-001774,C-BO-M-00303-02,BO-M-00303,BO-R-0002,bovino,Senepol,Brahman,6.3,5,3.9,0.42,0.3,IATF,9,0,2025-09-29,2,147,0,0.408,vazia
E-BO-001775,C-BO-M-00303-02,BO-M-00303,BO-R-0018,bovino,Senepol,Nelore,6.3,5,3.9,0.42,0.82,IATF,10,1,2025-10-21,3,169,0,0.496,vazia
E-BO-001776,C-BO-M-00303-03,BO-M-00303,BO-R-0015,bovino,Senepol,Angus,6.3,5,3.9,0.42,0.51,IATF,12,1,2025-12-11,1,220,1,0.375,prenhe
E-BO-001777,C-BO-M-00304-00,BO-M-00304,BO-R-0039,bovino,Gir,Senepol,2.1,5,3.0,0.67,0.53,IATF,8,0,2023-08-26,1,-1,0,0.523,prenhe
E-BO-001778,C-BO-M-00304-01,BO-M-00304,BO-R-0005,bovino,Gir,Gir,2.1,5,3.0,0.67,0.72,convencional,8,0,2024-08-05,1,62,0,0.763,vazia
E-BO-001779,C-BO-M-00304-01,BO-M-00304,BO-R-0013,bovino,Gir,Nelore,2.1,5,3.0,0.67,0.46,IATF,8,0,2024-08-30,2,87,0,0.288,vazia
E-BO-001780,C-BO-M-00304-01,BO-M-00304,BO-R-0039,bovino,Gir,Senepol,2.1,5,3.0,0.67,0.53,IATF,9,0,2024-09-29,3,117,0,0.432,prenhe
E-BO-001781,C-BO-M-00304-02,BO-M-00304,BO-R-0023,bovino,Gir,Brahman,2.1,5,3.0,0.67,0.35,convencional,9,0,2025-09-10,1,63,0,0.501,vazia
E-BO-001782,C-BO-M-00304-02,BO-M-00304,BO-R-0029,bovino,Gir,Nelore,2.1,5,3.0,0.67,0.78,IATF,10,1,2025-10-07,2,90,0,0.666,prenhe
E-BO-001783,C-BO-M-00305-00,BO-M-00305,BO-R-0037,bovino,Senepol,Brahman,2.3,0,2.2,0.65,0.45,convencional,9,0,2023-09-10,1,-1,0,0.223,vazia
E-BO-001784,C-BO-M-00305-00,BO-M-00305,BO-R-0025,bovino,Senepol,Nelore,2.3,0,2.2,0.65,0.62,IATF,10,1,2023-10-11,2,-1,0,0.139,vazia
E-BO-001785,C-BO-M-00305-00,BO-M-00305,BO-R-0031,bovino,Senepol,Nelore,2.3,0,2.2,0.65,0.88,IATF,11,1,2023-11-06,3,-1,0,0.198,prenhe
E-BO-001786,C-BO-M-00305-01,BO-M-00305,BO-R-0037,bovino,Senepol,Brahman,2.3,0,2.2,0.65,0.45,IATF,11,1,2024-11-18,1,95,0,0.373,prenhe
E-BO-001787,C-BO-M-00305-02,BO-M-00305,BO-R-0033,bovino,Senepol,Nelore,2.3,0,2.2,0.65,0.79,convencional,12,1,2025-12-04,1,98,0,0.573,prenhe
E-BO-001788,C-BO-M-00306-00,BO-M-00306,BO-R-0026,bovino,Nelore,Mestico,7.2,1,2.6,0.55,0.64,IATF,8,0,2023-08-17,1,-1,0,0.457,prenhe
E-BO-001789,C-BO-M-00306-01,BO-M-00306,BO-R-0018,bovino,Nelore,Nelore,7.2,1,2.6,0.55,0.82,IATF,7,0,2024-07-26,1,61,0,0.568,vazia
E-BO-001790,C-BO-M-00306-01,BO-M-00306,BO-R-0009,bovino,Nelore,Gir,7.2,1,2.6,0.55,0.52,IATF,8,0,2024-08-18,2,84,0,0.294,vazia
E-BO-001791,C-BO-M-00306-01,BO-M-00306,BO-R-0018,bovino,Nelore,Nelore,7.2,1,2.6,0.55,0.82,IATF,9,0,2024-09-15,3,112,0,0.454,prenhe
E-BO-001792,C-BO-M-00306-02,BO-M-00306,BO-R-0027,bovino,Nelore,Brahman,7.2,1,2.6,0.55,0.77,IATF,9,0,2025-09-19,1,86,0,0.534,prenhe
E-BO-001793,C-BO-M-00307-00,BO-M-00307,BO-R-0011,bovino,Angus,Nelore,2.6,0,1.8,0.39,0.57,IATF,1,1,2023-01-25,1,-1,0,0.218,vazia
E-BO-001794,C-BO-M-00307-00,BO-M-00307,BO-R-0018,bovino,Angus,Nelore,2.6,0,1.8,0.39,0.82,IATF,2,1,2023-02-15,2,-1,0,0.335,prenhe
E-BO-001795,C-BO-M-00307-01,BO-M-00307,BO-R-0033,bovino,Angus,Nelore,2.6,0,1.8,0.39,0.79,IATF,2,1,2024-02-10,1,77,0,0.272,prenhe
E-BO-001796,C-BO-M-00307-02,BO-M-00307,BO-R-0020,bovino,Angus,Nelore,2.6,0,1.8,0.39,0.55,IATF,1,1,2025-01-21,1,63,0,0.256,vazia
E-BO-001797,C-BO-M-00307-02,BO-M-00307,BO-R-0018,bovino,Angus,Nelore,2.6,0,1.8,0.39,0.82,convencional,2,1,2025-02-18,2,91,0,0.373,prenhe
E-BO-001798,C-BO-M-00307-03,BO-M-00307,BO-R-0023,bovino,Angus,Brahman,2.6,0,1.8,0.39,0.35,IATF,2,1,2026-02-02,1,66,0,0.083,vazia
E-BO-001799,C-BO-M-00307-03,BO-M-00307,BO-R-0003,bovino,Angus,Senepol,2.6,0,1.8,0.39,0.66,convencional,3,1,2026-03-02,2,94,0,0.375,vazia
E-BO-001800,C-BO-M-00307-03,BO-M-00307,BO-R-0007,bovino,Angus,Angus,2.6,0,1.8,0.39,0.93,IATF,3,1,2026-03-31,3,123,0,0.331,vazia
E-BO-001801,C-BO-M-00307-04,BO-M-00307,BO-R-0039,bovino,Angus,Senepol,2.6,0,1.8,0.39,0.53,IATF,4,0,2026-04-30,1,153,1,0.12,vazia
E-BO-001802,C-BO-M-00308-00,BO-M-00308,BO-R-0013,bovino,Nelore,Nelore,5.6,1,3.1,0.58,0.46,IATF,3,1,2023-03-20,1,-1,0,0.691,vazia
E-BO-001803,C-BO-M-00308-00,BO-M-00308,BO-R-0028,bovino,Nelore,Angus,5.6,1,3.1,0.58,0.91,IATF,4,0,2023-04-15,2,-1,0,0.718,prenhe
E-BO-001804,C-BO-M-00308-01,BO-M-00308,BO-R-0026,bovino,Nelore,Mestico,5.6,1,3.1,0.58,0.64,IATF,5,0,2024-05-16,1,114,0,0.803,prenhe
E-BO-001805,C-BO-M-00308-02,BO-M-00308,BO-R-0024,bovino,Nelore,Nelore,5.6,1,3.1,0.58,0.68,convencional,5,0,2025-05-17,1,83,0,0.686,prenhe
E-BO-001806,C-BO-M-00309-00,BO-M-00309,BO-R-0022,bovino,Nelore,Guzera,9.9,3,3.1,0.54,0.4,IATF,7,0,2023-07-19,1,-1,0,0.538,prenhe
E-BO-001807,C-BO-M-00309-01,BO-M-00309,BO-R-0023,bovino,Nelore,Brahman,9.9,3,3.1,0.54,0.35,IATF,8,0,2024-08-14,1,109,0,0.559,prenhe
E-BO-001808,C-BO-M-00309-02,BO-M-00309,BO-R-0007,bovino,Nelore,Angus,9.9,3,3.1,0.54,0.93,convencional,7,0,2025-07-25,1,62,0,0.699,prenhe
E-BO-001809,C-BO-M-00310-00,BO-M-00310,BO-R-0012,bovino,Senepol,Senepol,1.0,1,3.0,0.28,0.33,IATF,7,0,2023-07-24,1,-1,0,0.296,prenhe
E-BO-001810,C-BO-M-00310-01,BO-M-00310,BO-R-0011,bovino,Senepol,Nelore,1.0,1,3.0,0.28,0.57,IATF,8,0,2024-08-14,1,104,0,0.522,prenhe
E-BO-001811,C-BO-M-00310-02,BO-M-00310,BO-R-0038,bovino,Senepol,Senepol,1.0,1,3.0,0.28,0.52,IATF,8,0,2025-08-06,1,74,0,0.376,prenhe
E-BO-001812,C-BO-M-00311-00,BO-M-00311,BO-R-0036,bovino,Nelore,Guzera,1.1,0,3.7,0.26,0.72,IA_repasse,7,0,2023-07-15,1,-1,0,0.132,vazia
E-BO-001813,C-BO-M-00311-00,BO-M-00311,BO-R-0005,bovino,Nelore,Gir,1.1,0,3.7,0.26,0.72,convencional,8,0,2023-08-11,2,-1,0,0.279,vazia
E-BO-001814,C-BO-M-00311-00,BO-M-00311,BO-R-0009,bovino,Nelore,Gir,1.1,0,3.7,0.26,0.52,convencional,9,0,2023-09-01,3,-1,0,0.126,vazia
E-BO-001815,C-BO-M-00311-01,BO-M-00311,BO-R-0026,bovino,Nelore,Mestico,1.1,0,3.7,0.26,0.64,IATF,10,1,2023-10-28,1,-1,1,0.25,prenhe
E-BO-001816,C-BO-M-00311-02,BO-M-00311,BO-R-0021,bovino,Nelore,Nelore,1.1,0,3.7,0.26,0.68,IATF,11,1,2024-11-27,1,113,0,0.511,prenhe
E-BO-001817,C-BO-M-00311-03,BO-M-00311,BO-R-0030,bovino,Nelore,Nelore,1.1,0,3.7,0.26,0.8,IATF,11,1,2025-11-25,1,80,0,0.319,vazia
E-BO-001818,C-BO-M-00311-03,BO-M-00311,BO-R-0023,bovino,Nelore,Brahman,1.1,0,3.7,0.26,0.35,IATF,12,1,2025-12-21,2,106,0,0.213,vazia
E-BO-001819,C-BO-M-00311-03,BO-M-00311,BO-R-0034,bovino,Nelore,Nelore,1.1,0,3.7,0.26,0.63,IATF,1,1,2026-01-18,3,134,0,0.235,vazia
E-BO-001820,C-BO-M-00312-00,BO-M-00312,BO-R-0011,bovino,Nelore,Nelore,9.9,3,3.8,0.66,0.57,IATF,4,0,2023-04-05,1,-1,0,0.428,vazia
E-BO-001821,C-BO-M-00312-00,BO-M-00312,BO-R-0010,bovino,Nelore,Gir,9.9,3,3.8,0.66,0.31,IATF,4,0,2023-04-29,2,-1,0,0.224,vazia
E-BO-001822,C-BO-M-00312-00,BO-M-00312,BO-R-0038,bovino,Nelore,Senepol,9.9,3,3.8,0.66,0.52,IA_repasse,5,0,2023-05-31,3,-1,0,0.1,vazia
E-BO-001823,C-BO-M-00312-01,BO-M-00312,BO-R-0007,bovino,Nelore,Angus,9.9,3,3.8,0.66,0.93,IATF,7,0,2023-07-10,1,-1,1,0.507,prenhe
E-BO-001824,C-BO-M-00312-02,BO-M-00312,BO-R-0009,bovino,Nelore,Gir,9.9,3,3.8,0.66,0.52,IATF,7,0,2024-07-07,1,80,0,0.321,vazia
E-BO-001825,C-BO-M-00312-02,BO-M-00312,BO-R-0035,bovino,Nelore,Brahman,9.9,3,3.8,0.66,0.74,IA_repasse,8,0,2024-08-02,2,106,0,0.365,vazia
E-BO-001826,C-BO-M-00312-02,BO-M-00312,BO-R-0008,bovino,Nelore,Brahman,9.9,3,3.8,0.66,0.38,convencional,8,0,2024-08-30,3,134,0,0.284,prenhe
E-BO-001827,C-BO-M-00312-03,BO-M-00312,BO-R-0012,bovino,Nelore,Senepol,9.9,3,3.8,0.66,0.33,IATF,9,0,2025-09-10,1,93,0,0.454,prenhe
E-BO-001828,C-BO-M-00313-00,BO-M-00313,BO-R-0000,bovino,Nelore,Senepol,6.3,0,3.1,0.03,0.48,IATF,8,0,2023-08-25,1,-1,0,0.519,prenhe
E-BO-001829,C-BO-M-00313-01,BO-M-00313,BO-R-0024,bovino,Nelore,Nelore,6.3,0,3.1,0.03,0.68,convencional,8,0,2024-08-19,1,77,0,0.533,prenhe
E-BO-001830,C-BO-M-00313-02,BO-M-00313,BO-R-0024,bovino,Nelore,Nelore,6.3,0,3.1,0.03,0.68,convencional,7,0,2025-07-30,1,62,0,0.602,prenhe
E-BO-001831,C-BO-M-00314-00,BO-M-00314,BO-R-0036,bovino,Nelore,Guzera,2.1,1,2.1,0.59,0.72,IATF,2,1,2023-02-02,1,-1,0,0.369,vazia
E-BO-001832,C-BO-M-00314-00,BO-M-00314,BO-R-0010,bovino,Nelore,Gir,2.1,1,2.1,0.59,0.31,IATF,3,1,2023-03-03,2,-1,0,0.15,vazia
E-BO-001833,C-BO-M-00314-00,BO-M-00314,BO-R-0019,bovino,Nelore,Brahman,2.1,1,2.1,0.59,0.55,IATF,3,1,2023-03-25,3,-1,0,0.059,prenhe
E-BO-001834,C-BO-M-00314-01,BO-M-00314,BO-R-0004,bovino,Nelore,Brahman,2.1,1,2.1,0.59,0.56,IATF,4,0,2024-04-22,1,111,0,0.274,prenhe
E-BO-001835,C-BO-M-00314-02,BO-M-00314,BO-R-0006,bovino,Nelore,Angus,2.1,1,2.1,0.59,0.76,convencional,5,0,2025-05-15,1,105,0,0.569,vazia
E-BO-001836,C-BO-M-00314-02,BO-M-00314,BO-R-0024,bovino,Nelore,Nelore,2.1,1,2.1,0.59,0.68,convencional,6,0,2025-06-07,2,128,0,0.329,vazia
E-BO-001837,C-BO-M-00314-02,BO-M-00314,BO-R-0029,bovino,Nelore,Nelore,2.1,1,2.1,0.59,0.78,convencional,7,0,2025-07-06,3,157,0,0.324,vazia
E-BO-001838,C-BO-M-00314-03,BO-M-00314,BO-R-0017,bovino,Nelore,Nelore,2.1,1,2.1,0.59,0.35,IATF,8,0,2025-08-13,1,195,1,0.213,prenhe
E-BO-001839,C-BO-M-00315-00,BO-M-00315,BO-R-0000,bovino,Nelore,Senepol,9.1,0,3.5,0.45,0.48,IATF,9,0,2023-09-18,1,-1,0,0.339,vazia
E-BO-001840,C-BO-M-00315-00,BO-M-00315,BO-R-0009,bovino,Nelore,Gir,9.1,0,3.5,0.45,0.52,IATF,10,1,2023-10-19,2,-1,0,0.369,vazia
E-BO-001841,C-BO-M-00315-00,BO-M-00315,BO-R-0025,bovino,Nelore,Nelore,9.1,0,3.5,0.45,0.62,IATF,11,1,2023-11-15,3,-1,0,0.327,prenhe
E-BO-001842,C-BO-M-00315-01,BO-M-00315,BO-R-0027,bovino,Nelore,Brahman,9.1,0,3.5,0.45,0.77,convencional,12,1,2024-12-07,1,105,0,0.788,prenhe
E-BO-001843,C-BO-M-00315-02,BO-M-00315,BO-R-0029,bovino,Nelore,Nelore,9.1,0,3.5,0.45,0.78,convencional,1,1,2026-01-13,1,119,0,0.896,prenhe
E-BO-001844,C-BO-M-00316-00,BO-M-00316,BO-R-0028,bovino,Nelore,Angus,8.9,0,3.5,0.81,0.91,IATF,5,0,2023-05-18,1,-1,0,0.68,prenhe
E-BO-001845,C-BO-M-00316-01,BO-M-00316,BO-R-0038,bovino,Nelore,Senepol,8.9,0,3.5,0.81,0.52,IATF,4,0,2024-04-26,1,61,0,0.51,vazia
E-BO-001846,C-BO-M-00316-01,BO-M-00316,BO-R-0007,bovino,Nelore,Angus,8.9,0,3.5,0.81,0.93,convencional,5,0,2024-05-27,2,92,0,0.742,prenhe
E-BO-001847,C-BO-M-00316-02,BO-M-00316,BO-R-0025,bovino,Nelore,Nelore,8.9,0,3.5,0.81,0.62,IATF,6,0,2025-06-26,1,112,0,0.617,prenhe
E-BO-001848,C-BO-M-00317-00,BO-M-00317,BO-R-0024,bovino,Angus,Nelore,5.8,2,3.4,0.45,0.68,IATF,2,1,2023-02-01,1,-1,0,0.73,prenhe
E-BO-001849,C-BO-M-00317-01,BO-M-00317,BO-R-0003,bovino,Angus,Senepol,5.8,2,3.4,0.45,0.66,IATF,2,1,2024-02-07,1,88,0,0.764,prenhe
E-BO-001850,C-BO-M-00318-00,BO-M-00318,BO-R-0037,bovino,Nelore,Brahman,6.6,5,3.7,0.68,0.45,IATF,2,1,2023-02-05,1,-1,0,0.584,vazia
E-BO-001851,C-BO-M-00318-00,BO-M-00318,BO-R-0025,bovino,Nelore,Nelore,6.6,5,3.7,0.68,0.62,IATF,3,1,2023-03-07,2,-1,0,0.436,vazia
E-BO-001852,C-BO-M-00318-00,BO-M-00318,BO-R-0036,bovino,Nelore,Guzera,6.6,5,3.7,0.68,0.72,IATF,3,1,2023-03-30,3,-1,0,0.393,prenhe
E-BO-001853,C-BO-M-00318-01,BO-M-00318,BO-R-0004,bovino,Nelore,Brahman,6.6,5,3.7,0.68,0.56,convencional,3,1,2024-03-21,1,74,0,0.599,prenhe
E-BO-001854,C-BO-M-00318-02,BO-M-00318,BO-R-0001,bovino,Nelore,Nelore,6.6,5,3.7,0.68,0.66,IATF,4,0,2025-04-27,1,119,0,0.557,prenhe
E-BO-001855,C-BO-M-00319-00,BO-M-00319,BO-R-0038,bovino,Guzera,Senepol,3.5,4,2.6,0.47,0.52,IA_repasse,4,0,2023-04-29,1,-1,0,0.43,prenhe
E-BO-001856,C-BO-M-00319-01,BO-M-00319,BO-R-0027,bovino,Guzera,Brahman,3.5,4,2.6,0.47,0.77,convencional,5,0,2024-05-06,1,90,0,0.739,prenhe
E-BO-001857,C-BO-M-00320-00,BO-M-00320,BO-R-0027,bovino,Guzera,Brahman,1.5,0,4.2,0.57,0.77,IATF,4,0,2023-04-02,1,-1,0,0.277,prenhe
E-BO-001858,C-BO-M-00320-01,BO-M-00320,BO-R-0001,bovino,Guzera,Nelore,1.5,0,4.2,0.57,0.66,IATF,3,1,2024-03-17,1,67,0,0.277,vazia
E-BO-001859,C-BO-M-00320-01,BO-M-00320,BO-R-0037,bovino,Guzera,Brahman,1.5,0,4.2,0.57,0.45,convencional,4,0,2024-04-17,2,98,0,0.227,prenhe
E-BO-001860,C-BO-M-00320-02,BO-M-00320,BO-R-0022,bovino,Guzera,Guzera,1.5,0,4.2,0.57,0.4,IATF,4,0,2025-04-02,1,67,0,0.129,vazia
E-BO-001861,C-BO-M-00320-02,BO-M-00320,BO-R-0032,bovino,Guzera,Brahman,1.5,0,4.2,0.57,0.75,IATF,4,0,2025-04-30,2,95,0,0.25,vazia
E-BO-001862,C-BO-M-00320-02,BO-M-00320,BO-R-0001,bovino,Guzera,Nelore,1.5,0,4.2,0.57,0.66,IATF,5,0,2025-05-27,3,122,0,0.144,vazia
E-BO-001863,C-BO-M-00320-03,BO-M-00320,BO-R-0022,bovino,Guzera,Guzera,1.5,0,4.2,0.57,0.4,IATF,7,0,2025-07-13,1,169,1,0.057,vazia
E-BO-001864,C-BO-M-00320-03,BO-M-00320,BO-R-0008,bovino,Guzera,Brahman,1.5,0,4.2,0.57,0.38,convencional,8,0,2025-08-13,2,200,1,0.05,vazia
E-BO-001865,C-BO-M-00320-03,BO-M-00320,BO-R-0026,bovino,Guzera,Mestico,1.5,0,4.2,0.57,0.64,convencional,9,0,2025-09-11,3,229,1,0.05,vazia
E-BO-001866,C-BO-M-00320-04,BO-M-00320,BO-R-0002,bovino,Guzera,Brahman,1.5,0,4.2,0.57,0.3,IATF,10,1,2025-10-28,1,276,2,0.05,vazia
E-BO-001867,C-BO-M-00320-04,BO-M-00320,BO-R-0015,bovino,Guzera,Angus,1.5,0,4.2,0.57,0.51,convencional,11,1,2025-11-23,2,302,2,0.117,vazia
E-BO-001868,C-BO-M-00320-04,BO-M-00320,BO-R-0034,bovino,Guzera,Nelore,1.5,0,4.2,0.57,0.63,IATF,12,1,2025-12-18,3,327,2,0.05,vazia
E-BO-001869,C-BO-M-00321-00,BO-M-00321,BO-R-0000,bovino,Senepol,Senepol,6.4,0,2.7,0.7,0.48,IATF,2,1,2023-02-15,1,-1,0,0.562,vazia
E-BO-001870,C-BO-M-00321-00,BO-M-00321,BO-R-0038,bovino,Senepol,Senepol,6.4,0,2.7,0.7,0.52,convencional,3,1,2023-03-19,2,-1,0,0.607,prenhe
E-BO-001871,C-BO-M-00321-01,BO-M-00321,BO-R-0020,bovino,Senepol,Nelore,6.4,0,2.7,0.7,0.55,IATF,3,1,2024-03-20,1,84,0,0.454,vazia
E-BO-001872,C-BO-M-00321-01,BO-M-00321,BO-R-0024,bovino,Senepol,Nelore,6.4,0,2.7,0.7,0.68,convencional,4,0,2024-04-15,2,110,0,0.537,prenhe
E-BO-001873,C-BO-M-00321-02,BO-M-00321,BO-R-0007,bovino,Senepol,Angus,6.4,0,2.7,0.7,0.93,IATF,4,0,2025-04-11,1,78,0,0.547,vazia
E-BO-001874,C-BO-M-00321-02,BO-M-00321,BO-R-0011,bovino,Senepol,Nelore,6.4,0,2.7,0.7,0.57,IATF,5,0,2025-05-09,2,106,0,0.364,vazia
E-BO-001875,C-BO-M-00321-02,BO-M-00321,BO-R-0013,bovino,Senepol,Nelore,6.4,0,2.7,0.7,0.46,convencional,6,0,2025-06-08,3,136,0,0.349,vazia
E-BO-001876,C-BO-M-00321-03,BO-M-00321,BO-R-0013,bovino,Senepol,Nelore,6.4,0,2.7,0.7,0.46,IATF,7,0,2025-07-19,1,177,1,0.413,vazia
E-BO-001877,C-BO-M-00321-03,BO-M-00321,BO-R-0024,bovino,Senepol,Nelore,6.4,0,2.7,0.7,0.68,convencional,8,0,2025-08-15,2,204,1,0.433,prenhe
E-BO-001878,C-BO-M-00322-00,BO-M-00322,BO-R-0024,bovino,Nelore,Nelore,3.7,2,3.6,0.46,0.68,IATF,3,1,2023-03-21,1,-1,0,0.744,prenhe
E-BO-001879,C-BO-M-00322-01,BO-M-00322,BO-R-0004,bovino,Nelore,Brahman,3.7,2,3.6,0.46,0.56,IATF,4,0,2024-04-11,1,104,0,0.573,prenhe
E-BO-001880,C-BO-M-00322-02,BO-M-00322,BO-R-0004,bovino,Nelore,Brahman,3.7,2,3.6,0.46,0.56,convencional,5,0,2025-05-06,1,107,0,0.748,prenhe
E-BO-001881,C-BO-M-00323-00,BO-M-00323,BO-R-0036,bovino,Senepol,Guzera,7.0,3,2.4,0.75,0.72,IATF,1,1,2023-01-22,1,-1,0,0.603,prenhe
E-BO-001882,C-BO-M-00323-01,BO-M-00323,BO-R-0039,bovino,Senepol,Senepol,7.0,3,2.4,0.75,0.53,IATF,2,1,2024-02-20,1,111,0,0.605,prenhe
E-BO-001883,C-BO-M-00323-02,BO-M-00323,BO-R-0032,bovino,Senepol,Brahman,7.0,3,2.4,0.75,0.75,IA_repasse,3,1,2025-03-07,1,98,0,0.66,prenhe
E-BO-001884,C-BO-M-00323-03,BO-M-00323,BO-R-0011,bovino,Senepol,Nelore,7.0,3,2.4,0.75,0.57,IATF,2,1,2026-02-28,1,75,0,0.507,prenhe
E-BO-001885,C-BO-M-00324-00,BO-M-00324,BO-R-0034,bovino,Gir,Nelore,8.5,4,2.7,0.35,0.63,convencional,10,1,2023-10-22,1,-1,0,0.587,vazia
E-BO-001886,C-BO-M-00324-00,BO-M-00324,BO-R-0010,bovino,Gir,Gir,8.5,4,2.7,0.35,0.31,convencional,11,1,2023-11-13,2,-1,0,0.307,prenhe
E-BO-001887,C-BO-M-00324-01,BO-M-00324,BO-R-0019,bovino,Gir,Brahman,8.5,4,2.7,0.35,0.55,convencional,12,1,2024-12-02,1,102,0,0.594,vazia
E-BO-001888,C-BO-M-00324-01,BO-M-00324,BO-R-0004,bovino,Gir,Brahman,8.5,4,2.7,0.35,0.56,IATF,12,1,2024-12-27,2,127,0,0.397,vazia
E-BO-001889,C-BO-M-00324-01,BO-M-00324,BO-R-0002,bovino,Gir,Brahman,8.5,4,2.7,0.35,0.3,IATF,1,1,2025-01-18,3,149,0,0.166,vazia
E-BO-001890,C-BO-M-00324-02,BO-M-00324,BO-R-0021,bovino,Gir,Nelore,8.5,4,2.7,0.35,0.68,convencional,3,1,2025-03-04,1,194,1,0.589,vazia
E-BO-001891,C-BO-M-00324-02,BO-M-00324,BO-R-0034,bovino,Gir,Nelore,8.5,4,2.7,0.35,0.63,IATF,4,0,2025-04-05,2,226,1,0.125,vazia
E-BO-001892,C-BO-M-00324-02,BO-M-00324,BO-R-0026,bovino,Gir,Mestico,8.5,4,2.7,0.35,0.64,IATF,5,0,2025-05-07,3,258,1,0.076,vazia
E-BO-001893,C-BO-M-00324-03,BO-M-00324,BO-R-0037,bovino,Gir,Brahman,8.5,4,2.7,0.35,0.45,convencional,6,0,2025-06-24,1,306,2,0.265,prenhe
E-BO-001894,C-BO-M-00325-00,BO-M-00325,BO-R-0026,bovino,Angus,Mestico,1.2,4,4.0,0.61,0.64,IATF,6,0,2023-06-29,1,-1,0,0.575,prenhe
E-BO-001895,C-BO-M-00325-01,BO-M-00325,BO-R-0032,bovino,Angus,Brahman,1.2,4,4.0,0.61,0.75,IATF,7,0,2024-07-02,1,86,0,0.279,vazia
E-BO-001896,C-BO-M-00325-01,BO-M-00325,BO-R-0002,bovino,Angus,Brahman,1.2,4,4.0,0.61,0.3,IATF,7,0,2024-07-25,2,109,0,0.2,prenhe
E-BO-001897,C-BO-M-00325-02,BO-M-00325,BO-R-0026,bovino,Angus,Mestico,1.2,4,4.0,0.61,0.64,IATF,8,0,2025-08-18,1,106,0,0.563,prenhe
E-BO-001898,C-BO-M-00326-00,BO-M-00326,BO-R-0008,bovino,Gir,Brahman,6.4,2,3.1,0.73,0.38,convencional,4,0,2023-04-01,1,-1,0,0.664,vazia
E-BO-001899,C-BO-M-00326-00,BO-M-00326,BO-R-0007,bovino,Gir,Angus,6.4,2,3.1,0.73,0.93,convencional,4,0,2023-04-27,2,-1,0,0.922,vazia
E-BO-001900,C-BO-M-00326-00,BO-M-00326,BO-R-0039,bovino,Gir,Senepol,6.4,2,3.1,0.73,0.53,IATF,5,0,2023-05-19,3,-1,0,0.41,vazia
E-BO-001901,C-BO-M-00326-01,BO-M-00326,BO-R-0031,bovino,Gir,Nelore,6.4,2,3.1,0.73,0.88,IA_repasse,7,0,2023-07-26,1,-1,1,0.661,prenhe
E-BO-001902,C-BO-M-00326-02,BO-M-00326,BO-R-0028,bovino,Gir,Angus,6.4,2,3.1,0.73,0.91,IATF,8,0,2024-08-24,1,112,0,0.95,prenhe
E-BO-001903,C-BO-M-00326-03,BO-M-00326,BO-R-0006,bovino,Gir,Angus,6.4,2,3.1,0.73,0.76,convencional,9,0,2025-09-29,1,118,0,0.95,prenhe
E-BO-001904,C-BO-M-00327-00,BO-M-00327,BO-R-0001,bovino,Senepol,Nelore,3.1,1,3.6,0.68,0.66,IATF,8,0,2023-08-17,1,-1,0,0.559,vazia
E-BO-001905,C-BO-M-00327-00,BO-M-00327,BO-R-0003,bovino,Senepol,Senepol,3.1,1,3.6,0.68,0.66,IATF,9,0,2023-09-07,2,-1,0,0.365,vazia
E-BO-001906,C-BO-M-00327-00,BO-M-00327,BO-R-0002,bovino,Senepol,Brahman,3.1,1,3.6,0.68,0.3,IATF,9,0,2023-09-29,3,-1,0,0.197,vazia
E-BO-001907,C-BO-M-00327-01,BO-M-00327,BO-R-0030,bovino,Senepol,Nelore,3.1,1,3.6,0.68,0.8,IATF,11,1,2023-11-28,1,-1,1,0.65,vazia
E-BO-001908,C-BO-M-00327-01,BO-M-00327,BO-R-0010,bovino,Senepol,Gir,3.1,1,3.6,0.68,0.31,IATF,12,1,2023-12-24,2,-1,1,0.304,vazia
E-BO-001909,C-BO-M-00327-01,BO-M-00327,BO-R-0007,bovino,Senepol,Angus,3.1,1,3.6,0.68,0.93,IA_repasse,1,1,2024-01-21,3,-1,1,0.434,vazia
E-BO-001910,C-BO-M-00327-02,BO-M-00327,BO-R-0002,bovino,Senepol,Brahman,3.1,1,3.6,0.68,0.3,IATF,2,1,2024-02-24,1,-1,2,0.311,vazia
E-BO-001911,C-BO-M-00327-02,BO-M-00327,BO-R-0022,bovino,Senepol,Guzera,3.1,1,3.6,0.68,0.4,convencional,3,1,2024-03-22,2,-1,2,0.292,vazia
E-BO-001912,C-BO-M-00327-02,BO-M-00327,BO-R-0001,bovino,Senepol,Nelore,3.1,1,3.6,0.68,0.66,IATF,4,0,2024-04-15,3,-1,2,0.189,vazia
E-BO-001913,C-BO-M-00327-03,BO-M-00327,BO-R-0008,bovino,Senepol,Brahman,3.1,1,3.6,0.68,0.38,IATF,6,0,2024-06-07,1,-1,3,0.181,vazia
E-BO-001914,C-BO-M-00327-03,BO-M-00327,BO-R-0019,bovino,Senepol,Brahman,3.1,1,3.6,0.68,0.55,IATF,7,0,2024-07-06,2,-1,3,0.118,prenhe
E-BO-001915,C-BO-M-00327-04,BO-M-00327,BO-R-0007,bovino,Senepol,Angus,3.1,1,3.6,0.68,0.93,IATF,6,0,2025-06-20,1,66,0,0.576,vazia
E-BO-001916,C-BO-M-00327-04,BO-M-00327,BO-R-0013,bovino,Senepol,Nelore,3.1,1,3.6,0.68,0.46,IATF,7,0,2025-07-12,2,88,0,0.289,vazia
E-BO-001917,C-BO-M-00327-04,BO-M-00327,BO-R-0015,bovino,Senepol,Angus,3.1,1,3.6,0.68,0.51,IATF,8,0,2025-08-05,3,112,0,0.355,vazia
E-BO-001918,C-BO-M-00327-05,BO-M-00327,BO-R-0039,bovino,Senepol,Senepol,3.1,1,3.6,0.68,0.53,IATF,9,0,2025-09-08,1,146,1,0.554,prenhe
E-BO-001919,C-BO-M-00328-00,BO-M-00328,BO-R-0013,bovino,Angus,Nelore,8.9,0,3.3,0.93,0.46,IATF,7,0,2023-07-22,1,-1,0,0.55,vazia
E-BO-001920,C-BO-M-00328-00,BO-M-00328,BO-R-0012,bovino,Angus,Senepol,8.9,0,3.3,0.93,0.33,IATF,8,0,2023-08-15,2,-1,0,0.348,prenhe
E-BO-001921,C-BO-M-00328-01,BO-M-00328,BO-R-0030,bovino,Angus,Nelore,8.9,0,3.3,0.93,0.8,IATF,7,0,2024-07-24,1,61,0,0.634,vazia
E-BO-001922,C-BO-M-00328-01,BO-M-00328,BO-R-0006,bovino,Angus,Angus,8.9,0,3.3,0.93,0.76,IATF,8,0,2024-08-20,2,88,0,0.487,vazia
E-BO-001923,C-BO-M-00328-01,BO-M-00328,BO-R-0015,bovino,Angus,Angus,8.9,0,3.3,0.93,0.51,IATF,9,0,2024-09-16,3,115,0,0.372,vazia
E-BO-001924,C-BO-M-00328-02,BO-M-00328,BO-R-0005,bovino,Angus,Gir,8.9,0,3.3,0.93,0.72,IATF,10,1,2024-10-26,1,155,1,0.666,prenhe
E-BO-001925,C-BO-M-00328-03,BO-M-00328,BO-R-0026,bovino,Angus,Mestico,8.9,0,3.3,0.93,0.64,IATF,10,1,2025-10-09,1,65,0,0.511,vazia
E-BO-001926,C-BO-M-00328-03,BO-M-00328,BO-R-0031,bovino,Angus,Nelore,8.9,0,3.3,0.93,0.88,IATF,11,1,2025-11-07,2,94,0,0.707,vazia
E-BO-001927,C-BO-M-00328-03,BO-M-00328,BO-R-0012,bovino,Angus,Senepol,8.9,0,3.3,0.93,0.33,IATF,12,1,2025-12-06,3,123,0,0.417,vazia
E-BO-001928,C-BO-M-00328-04,BO-M-00328,BO-R-0033,bovino,Angus,Nelore,8.9,0,3.3,0.93,0.79,convencional,1,1,2026-01-20,1,168,1,0.769,prenhe
E-BO-001929,C-BO-M-00329-00,BO-M-00329,BO-R-0039,bovino,Nelore,Senepol,3.3,0,3.1,0.4,0.53,IATF,10,1,2023-10-15,1,-1,0,0.589,vazia
E-BO-001930,C-BO-M-00329-00,BO-M-00329,BO-R-0033,bovino,Nelore,Nelore,3.3,0,3.1,0.4,0.79,convencional,11,1,2023-11-11,2,-1,0,0.726,vazia
E-BO-001931,C-BO-M-00329-00,BO-M-00329,BO-R-0030,bovino,Nelore,Nelore,3.3,0,3.1,0.4,0.8,IATF,12,1,2023-12-08,3,-1,0,0.57,vazia
E-BO-001932,C-BO-M-00329-01,BO-M-00329,BO-R-0020,bovino,Nelore,Nelore,3.3,0,3.1,0.4,0.55,convencional,1,1,2024-01-28,1,-1,1,0.765,prenhe
E-BO-001933,C-BO-M-00329-02,BO-M-00329,BO-R-0034,bovino,Nelore,Nelore,3.3,0,3.1,0.4,0.63,convencional,1,1,2025-01-14,1,69,0,0.683,prenhe
E-BO-001934,C-BO-M-00329-03,BO-M-00329,BO-R-0016,bovino,Nelore,Nelore,3.3,0,3.1,0.4,0.58,IATF,12,1,2025-12-26,1,63,0,0.605,prenhe
E-BO-001935,C-BO-M-00330-00,BO-M-00330,BO-R-0014,bovino,Brahman,Gir,6.5,0,3.9,0.27,0.7,IATF,4,0,2023-04-06,1,-1,0,0.455,prenhe
E-BO-001936,C-BO-M-00330-01,BO-M-00330,BO-R-0027,bovino,Brahman,Brahman,6.5,0,3.9,0.27,0.77,IATF,4,0,2024-04-20,1,97,0,0.588,prenhe
E-BO-001937,C-BO-M-00330-02,BO-M-00330,BO-R-0032,bovino,Brahman,Brahman,6.5,0,3.9,0.27,0.75,IATF,4,0,2025-04-19,1,81,0,0.385,prenhe
E-BO-001938,C-BO-M-00330-03,BO-M-00330,BO-R-0023,bovino,Brahman,Brahman,6.5,0,3.9,0.27,0.35,IATF,4,0,2026-04-28,1,91,0,0.368,vazia
E-BO-001939,C-BO-M-00331-00,BO-M-00331,BO-R-0020,bovino,Nelore,Nelore,6.0,5,3.1,0.35,0.55,IA_repasse,5,0,2023-05-02,1,-1,0,0.485,vazia
E-BO-001940,C-BO-M-00331-00,BO-M-00331,BO-R-0030,bovino,Nelore,Nelore,6.0,5,3.1,0.35,0.8,convencional,5,0,2023-05-31,2,-1,0,0.739,prenhe
E-BO-001941,C-BO-M-00331-01,BO-M-00331,BO-R-0037,bovino,Nelore,Brahman,6.0,5,3.1,0.35,0.45,IATF,6,0,2024-06-10,1,93,0,0.591,prenhe
E-BO-001942,C-BO-M-00331-02,BO-M-00331,BO-R-0011,bovino,Nelore,Nelore,6.0,5,3.1,0.35,0.57,IATF,6,0,2025-06-14,1,86,0,0.524,prenhe
E-BO-001943,C-BO-M-00332-00,BO-M-00332,BO-R-0015,bovino,Angus,Angus,4.6,1,2.3,0.68,0.51,IATF,8,0,2023-08-22,1,-1,0,0.454,prenhe
E-BO-001944,C-BO-M-00332-01,BO-M-00332,BO-R-0030,bovino,Angus,Nelore,4.6,1,2.3,0.68,0.8,IATF,9,0,2024-09-11,1,103,0,0.544,vazia
E-BO-001945,C-BO-M-00332-01,BO-M-00332,BO-R-0000,bovino,Angus,Senepol,4.6,1,2.3,0.68,0.48,IATF,10,1,2024-10-06,2,128,0,0.434,vazia
E-BO-001946,C-BO-M-00332-01,BO-M-00332,BO-R-0038,bovino,Angus,Senepol,4.6,1,2.3,0.68,0.52,IATF,10,1,2024-10-31,3,153,0,0.239,vazia
E-BO-001947,C-BO-M-00332-02,BO-M-00332,BO-R-0031,bovino,Angus,Nelore,4.6,1,2.3,0.68,0.88,IATF,12,1,2024-12-26,1,209,1,0.577,vazia
E-BO-001948,C-BO-M-00332-02,BO-M-00332,BO-R-0000,bovino,Angus,Senepol,4.6,1,2.3,0.68,0.48,IATF,1,1,2025-01-27,2,241,1,0.147,vazia
E-BO-001949,C-BO-M-00332-02,BO-M-00332,BO-R-0001,bovino,Angus,Nelore,4.6,1,2.3,0.68,0.66,IATF,2,1,2025-02-26,3,271,1,0.244,vazia
E-BO-001950,C-BO-M-00332-03,BO-M-00332,BO-R-0013,bovino,Angus,Nelore,4.6,1,2.3,0.68,0.46,IATF,4,0,2025-04-02,1,306,2,0.218,prenhe
E-BO-001951,C-BO-M-00333-00,BO-M-00333,BO-R-0039,bovino,Gir,Senepol,7.1,4,2.8,0.65,0.53,IATF,3,1,2023-03-12,1,-1,0,0.56,vazia
E-BO-001952,C-BO-M-00333-00,BO-M-00333,BO-R-0038,bovino,Gir,Senepol,7.1,4,2.8,0.65,0.52,convencional,4,0,2023-04-07,2,-1,0,0.492,vazia
E-BO-001953,C-BO-M-00333-00,BO-M-00333,BO-R-0036,bovino,Gir,Guzera,7.1,4,2.8,0.65,0.72,IATF,5,0,2023-05-07,3,-1,0,0.421,vazia
E-BO-001954,C-BO-M-00334-00,BO-M-00334,BO-R-0015,bovino,Nelore,Angus,7.5,3,3.5,0.57,0.51,IATF,8,0,2023-08-15,1,-1,0,0.753,vazia
E-BO-001955,C-BO-M-00334-00,BO-M-00334,BO-R-0033,bovino,Nelore,Nelore,7.5,3,3.5,0.57,0.79,IATF,9,0,2023-09-14,2,-1,0,0.562,prenhe
E-BO-001956,C-BO-M-00334-01,BO-M-00334,BO-R-0020,bovino,Nelore,Nelore,7.5,3,3.5,0.57,0.55,IATF,9,0,2024-09-20,1,89,0,0.608,vazia
E-BO-001957,C-BO-M-00334-01,BO-M-00334,BO-R-0011,bovino,Nelore,Nelore,7.5,3,3.5,0.57,0.57,IATF,10,1,2024-10-13,2,112,0,0.883,prenhe
E-BO-001958,C-BO-M-00334-02,BO-M-00334,BO-R-0005,bovino,Nelore,Gir,7.5,3,3.5,0.57,0.72,convencional,10,1,2025-10-21,1,90,0,0.95,prenhe
E-BO-001959,C-BO-M-00335-00,BO-M-00335,BO-R-0004,bovino,Angus,Brahman,6.1,3,3.4,0.33,0.56,IATF,7,0,2023-07-03,1,-1,0,0.711,prenhe
E-BO-001960,C-BO-M-00335-01,BO-M-00335,BO-R-0036,bovino,Angus,Guzera,6.1,3,3.4,0.33,0.72,IATF,7,0,2024-07-29,1,109,0,0.837,vazia
E-BO-001961,C-BO-M-00335-01,BO-M-00335,BO-R-0035,bovino,Angus,Brahman,6.1,3,3.4,0.33,0.74,IATF,8,0,2024-08-26,2,137,0,0.672,prenhe
E-BO-001962,C-BO-M-00335-02,BO-M-00335,BO-R-0010,bovino,Angus,Gir,6.1,3,3.4,0.33,0.31,convencional,9,0,2025-09-30,1,117,0,0.849,prenhe
E-BO-001963,C-BO-M-00336-00,BO-M-00336,BO-R-0027,bovino,Nelore,Brahman,7.8,2,2.4,0.7,0.77,IATF,3,1,2023-03-01,1,-1,0,0.629,prenhe
E-BO-001964,C-BO-M-00336-01,BO-M-00336,BO-R-0020,bovino,Nelore,Nelore,7.8,2,2.4,0.7,0.55,IA_repasse,2,1,2024-02-28,1,81,0,0.341,prenhe
E-BO-001965,C-BO-M-00336-02,BO-M-00336,BO-R-0022,bovino,Nelore,Guzera,7.8,2,2.4,0.7,0.4,convencional,3,1,2025-03-30,1,113,0,0.654,prenhe
E-BO-001966,C-BO-M-00336-03,BO-M-00336,BO-R-0011,bovino,Nelore,Nelore,7.8,2,2.4,0.7,0.57,IATF,4,0,2026-04-30,1,113,0,0.555,prenhe
E-BO-001967,C-BO-M-00337-00,BO-M-00337,BO-R-0015,bovino,Brahman,Angus,9.9,4,2.8,0.31,0.51,IATF,9,0,2023-09-03,1,-1,0,0.241,vazia
E-BO-001968,C-BO-M-00337-00,BO-M-00337,BO-R-0025,bovino,Brahman,Nelore,9.9,4,2.8,0.31,0.62,IATF,9,0,2023-09-30,2,-1,0,0.232,vazia
E-BO-001969,C-BO-M-00337-00,BO-M-00337,BO-R-0016,bovino,Brahman,Nelore,9.9,4,2.8,0.31,0.58,IATF,10,1,2023-10-31,3,-1,0,0.255,vazia
E-BO-001970,C-BO-M-00337-01,BO-M-00337,BO-R-0006,bovino,Brahman,Angus,9.9,4,2.8,0.31,0.76,IATF,12,1,2023-12-26,1,-1,1,0.372,vazia
E-BO-001971,C-BO-M-00337-01,BO-M-00337,BO-R-0030,bovino,Brahman,Nelore,9.9,4,2.8,0.31,0.8,IATF,1,1,2024-01-26,2,-1,1,0.399,prenhe
E-BO-001972,C-BO-M-00337-02,BO-M-00337,BO-R-0024,bovino,Brahman,Nelore,9.9,4,2.8,0.31,0.68,IA_repasse,1,1,2025-01-06,1,63,0,0.316,vazia
E-BO-001973,C-BO-M-00337-02,BO-M-00337,BO-R-0031,bovino,Brahman,Nelore,9.9,4,2.8,0.31,0.88,IA_repasse,2,1,2025-02-05,2,93,0,0.43,prenhe
E-BO-001974,C-BO-M-00337-03,BO-M-00337,BO-R-0007,bovino,Brahman,Angus,9.9,4,2.8,0.31,0.93,IATF,2,1,2026-02-23,1,100,0,0.747,vazia
E-BO-001975,C-BO-M-00337-03,BO-M-00337,BO-R-0002,bovino,Brahman,Brahman,9.9,4,2.8,0.31,0.3,IATF,3,1,2026-03-24,2,129,0,0.341,vazia
E-BO-001976,C-BO-M-00337-03,BO-M-00337,BO-R-0019,bovino,Brahman,Brahman,9.9,4,2.8,0.31,0.55,IATF,4,0,2026-04-20,3,156,0,0.21,vazia
E-BO-001977,C-BO-M-00338-00,BO-M-00338,BO-R-0017,bovino,Nelore,Nelore,4.8,0,2.9,0.78,0.35,convencional,9,0,2023-09-29,1,-1,0,0.415,prenhe
E-BO-001978,C-BO-M-00338-01,BO-M-00338,BO-R-0017,bovino,Nelore,Nelore,4.8,0,2.9,0.78,0.35,IATF,9,0,2024-09-26,1,80,0,0.26,prenhe
E-BO-001979,C-BO-M-00338-02,BO-M-00338,BO-R-0033,bovino,Nelore,Nelore,4.8,0,2.9,0.78,0.79,convencional,10,1,2025-10-21,1,107,0,0.802,prenhe
E-BO-001980,C-BO-M-00339-00,BO-M-00339,BO-R-0036,bovino,Guzera,Guzera,5.6,0,3.0,1.0,0.72,convencional,10,1,2023-10-21,1,-1,0,0.95,prenhe
E-BO-001981,C-BO-M-00339-01,BO-M-00339,BO-R-0009,bovino,Guzera,Gir,5.6,0,3.0,1.0,0.52,IATF,11,1,2024-11-16,1,109,0,0.837,prenhe
E-BO-001982,C-BO-M-00339-02,BO-M-00339,BO-R-0037,bovino,Guzera,Brahman,5.6,0,3.0,1.0,0.45,IATF,11,1,2025-11-13,1,79,0,0.661,prenhe
E-BO-001983,C-BO-M-00340-00,BO-M-00340,BO-R-0030,bovino,Nelore,Nelore,1.1,2,2.5,0.62,0.8,IA_repasse,9,0,2023-09-13,1,-1,0,0.466,prenhe
E-BO-001984,C-BO-M-00340-01,BO-M-00340,BO-R-0032,bovino,Nelore,Brahman,1.1,2,2.5,0.62,0.75,convencional,9,0,2024-09-15,1,85,0,0.533,prenhe
E-BO-001985,C-BO-M-00340-02,BO-M-00340,BO-R-0035,bovino,Nelore,Brahman,1.1,2,2.5,0.62,0.74,IATF,10,1,2025-10-12,1,109,0,0.61,prenhe
E-BO-001986,C-BO-M-00341-00,BO-M-00341,BO-R-0037,bovino,Mestico,Brahman,8.2,2,2.9,0.67,0.45,IA_repasse,5,0,2023-05-20,1,-1,0,0.301,vazia
E-BO-001987,C-BO-M-00341-00,BO-M-00341,BO-R-0010,bovino,Mestico,Gir,8.2,2,2.9,0.67,0.31,convencional,6,0,2023-06-11,2,-1,0,0.354,vazia
E-BO-001988,C-BO-M-00341-00,BO-M-00341,BO-R-0015,bovino,Mestico,Angus,8.2,2,2.9,0.67,0.51,IATF,7,0,2023-07-11,3,-1,0,0.094,vazia
E-BO-001989,C-BO-M-00341-01,BO-M-00341,BO-R-0013,bovino,Mestico,Nelore,8.2,2,2.9,0.67,0.46,convencional,8,0,2023-08-18,1,-1,1,0.474,prenhe
E-BO-001990,C-BO-M-00341-02,BO-M-00341,BO-R-0029,bovino,Mestico,Nelore,8.2,2,2.9,0.67,0.78,IATF,7,0,2024-07-26,1,60,0,0.466,prenhe
E-BO-001991,C-BO-M-00341-03,BO-M-00341,BO-R-0014,bovino,Mestico,Gir,8.2,2,2.9,0.67,0.7,IATF,7,0,2025-07-18,1,74,0,0.362,vazia
E-BO-001992,C-BO-M-00341-03,BO-M-00341,BO-R-0038,bovino,Mestico,Senepol,8.2,2,2.9,0.67,0.52,IATF,8,0,2025-08-13,2,100,0,0.388,vazia
E-BO-001993,C-BO-M-00341-03,BO-M-00341,BO-R-0026,bovino,Mestico,Mestico,8.2,2,2.9,0.67,0.64,convencional,9,0,2025-09-05,3,123,0,0.384,vazia
E-BO-001994,C-BO-M-00341-04,BO-M-00341,BO-R-0035,bovino,Mestico,Brahman,8.2,2,2.9,0.67,0.74,IATF,10,1,2025-10-11,1,159,1,0.577,vazia
E-BO-001995,C-BO-M-00341-04,BO-M-00341,BO-R-0031,bovino,Mestico,Nelore,8.2,2,2.9,0.67,0.88,IATF,11,1,2025-11-09,2,188,1,0.478,prenhe
E-BO-001996,C-BO-M-00342-00,BO-M-00342,BO-R-0030,bovino,Gir,Nelore,5.7,3,2.8,0.45,0.8,convencional,4,0,2023-04-22,1,-1,0,0.707,prenhe
E-BO-001997,C-BO-M-00342-01,BO-M-00342,BO-R-0011,bovino,Gir,Nelore,5.7,3,2.8,0.45,0.57,IATF,5,0,2024-05-11,1,102,0,0.69,vazia
E-BO-001998,C-BO-M-00342-01,BO-M-00342,BO-R-0003,bovino,Gir,Senepol,5.7,3,2.8,0.45,0.66,convencional,6,0,2024-06-07,2,129,0,0.628,prenhe
E-BO-001999,C-BO-M-00342-02,BO-M-00342,BO-R-0029,bovino,Gir,Nelore,5.7,3,2.8,0.45,0.78,IATF,6,0,2025-06-08,1,83,0,0.599,vazia
E-BO-002000,C-BO-M-00342-02,BO-M-00342,BO-R-0006,bovino,Gir,Angus,5.7,3,2.8,0.45,0.76,IATF,7,0,2025-07-05,2,110,0,0.517,vazia
E-BO-002001,C-BO-M-00342-02,BO-M-00342,BO-R-0029,bovino,Gir,Nelore,5.7,3,2.8,0.45,0.78,convencional,8,0,2025-08-05,3,141,0,0.495,vazia
E-BO-002002,C-BO-M-00342-03,BO-M-00342,BO-R-0011,bovino,Gir,Nelore,5.7,3,2.8,0.45,0.57,IA_repasse,9,0,2025-09-17,1,184,1,0.34,vazia
E-BO-002003,C-BO-M-00342-03,BO-M-00342,BO-R-0001,bovino,Gir,Nelore,5.7,3,2.8,0.45,0.66,IATF,10,1,2025-10-09,2,206,1,0.508,vazia
E-BO-002004,C-BO-M-00342-03,BO-M-00342,BO-R-0033,bovino,Gir,Nelore,5.7,3,2.8,0.45,0.79,IATF,11,1,2025-11-05,3,233,1,0.439,vazia
E-BO-002005,C-BO-M-00342-04,BO-M-00342,BO-R-0036,bovino,Gir,Guzera,5.7,3,2.8,0.45,0.72,IATF,12,1,2025-12-20,1,278,2,0.506,prenhe
E-BO-002006,C-BO-M-00343-00,BO-M-00343,BO-R-0030,bovino,Senepol,Nelore,4.7,4,3.6,0.19,0.8,IATF,4,0,2023-04-30,1,-1,0,0.483,vazia
E-BO-002007,C-BO-M-00343-00,BO-M-00343,BO-R-0038,bovino,Senepol,Senepol,4.7,4,3.6,0.19,0.52,convencional,5,0,2023-05-25,2,-1,0,0.436,vazia
E-BO-002008,C-BO-M-00343-00,BO-M-00343,BO-R-0028,bovino,Senepol,Angus,4.7,4,3.6,0.19,0.91,IATF,6,0,2023-06-20,3,-1,0,0.469,vazia
E-BO-002009,C-BO-M-00343-01,BO-M-00343,BO-R-0039,bovino,Senepol,Senepol,4.7,4,3.6,0.19,0.53,IATF,8,0,2023-08-07,1,-1,1,0.473,prenhe
E-BO-002010,C-BO-M-00343-02,BO-M-00343,BO-R-0022,bovino,Senepol,Guzera,4.7,4,3.6,0.19,0.4,IATF,7,0,2024-07-31,1,76,0,0.282,vazia
E-BO-002011,C-BO-M-00343-02,BO-M-00343,BO-R-0034,bovino,Senepol,Nelore,4.7,4,3.6,0.19,0.63,IATF,8,0,2024-08-26,2,102,0,0.465,prenhe
E-BO-002012,C-BO-M-00344-00,BO-M-00344,BO-R-0003,bovino,Brahman,Senepol,1.8,3,3.6,0.43,0.66,IATF,1,1,2023-01-18,1,-1,0,0.56,prenhe
E-BO-002013,C-BO-M-00344-01,BO-M-00344,BO-R-0022,bovino,Brahman,Guzera,1.8,3,3.6,0.43,0.4,convencional,1,1,2024-01-13,1,77,0,0.448,prenhe
E-BO-002014,C-BO-M-00344-02,BO-M-00344,BO-R-0015,bovino,Brahman,Angus,1.8,3,3.6,0.43,0.51,convencional,1,1,2025-01-27,1,97,0,0.633,vazia
E-BO-002015,C-BO-M-00344-02,BO-M-00344,BO-R-0021,bovino,Brahman,Nelore,1.8,3,3.6,0.43,0.68,IATF,2,1,2025-02-23,2,124,0,0.507,vazia
E-BO-002016,C-BO-M-00344-02,BO-M-00344,BO-R-0039,bovino,Brahman,Senepol,1.8,3,3.6,0.43,0.53,convencional,3,1,2025-03-23,3,152,0,0.409,vazia
E-BO-002017,C-BO-M-00344-03,BO-M-00344,BO-R-0006,bovino,Brahman,Angus,1.8,3,3.6,0.43,0.76,IATF,4,0,2025-04-30,1,190,1,0.475,prenhe
E-BO-002018,C-BO-M-00345-00,BO-M-00345,BO-R-0019,bovino,Brahman,Brahman,9.0,1,3.1,0.33,0.55,IATF,6,0,2023-06-03,1,-1,0,0.508,prenhe
E-BO-002019,C-BO-M-00345-01,BO-M-00345,BO-R-0034,bovino,Brahman,Nelore,9.0,1,3.1,0.33,0.63,IATF,6,0,2024-06-11,1,91,0,0.548,prenhe
E-BO-002020,C-BO-M-00345-02,BO-M-00345,BO-R-0019,bovino,Brahman,Brahman,9.0,1,3.1,0.33,0.55,IATF,7,0,2025-07-12,1,113,0,0.54,vazia
E-BO-002021,C-BO-M-00345-02,BO-M-00345,BO-R-0025,bovino,Brahman,Nelore,9.0,1,3.1,0.33,0.62,convencional,8,0,2025-08-05,2,137,0,0.514,vazia
E-BO-002022,C-BO-M-00345-02,BO-M-00345,BO-R-0036,bovino,Brahman,Guzera,9.0,1,3.1,0.33,0.72,IATF,8,0,2025-08-30,3,162,0,0.391,vazia
E-BO-002023,C-BO-M-00345-03,BO-M-00345,BO-R-0008,bovino,Brahman,Brahman,9.0,1,3.1,0.33,0.38,IATF,11,1,2025-11-01,1,225,1,0.553,vazia
E-BO-002024,C-BO-M-00345-03,BO-M-00345,BO-R-0001,bovino,Brahman,Nelore,9.0,1,3.1,0.33,0.66,IA_repasse,11,1,2025-11-30,2,254,1,0.315,vazia
E-BO-002025,C-BO-M-00345-03,BO-M-00345,BO-R-0037,bovino,Brahman,Brahman,9.0,1,3.1,0.33,0.45,IATF,12,1,2025-12-24,3,278,1,0.171,vazia
E-BO-002026,C-BO-M-00345-04,BO-M-00345,BO-R-0033,bovino,Brahman,Nelore,9.0,1,3.1,0.33,0.79,IATF,2,1,2026-02-26,1,342,2,0.468,vazia
E-BO-002027,C-BO-M-00345-04,BO-M-00345,BO-R-0032,bovino,Brahman,Brahman,9.0,1,3.1,0.33,0.75,IATF,3,1,2026-03-19,2,363,2,0.412,vazia
E-BO-002028,C-BO-M-00345-04,BO-M-00345,BO-R-0002,bovino,Brahman,Brahman,9.0,1,3.1,0.33,0.3,IATF,4,0,2026-04-20,3,395,2,0.05,vazia
E-BO-002029,C-BO-M-00346-00,BO-M-00346,BO-R-0029,bovino,Guzera,Nelore,4.6,1,3.0,0.26,0.78,convencional,5,0,2023-05-09,1,-1,0,0.858,prenhe
E-BO-002030,C-BO-M-00346-01,BO-M-00346,BO-R-0033,bovino,Guzera,Nelore,4.6,1,3.0,0.26,0.79,convencional,5,0,2024-05-24,1,98,0,0.825,prenhe
E-BO-002031,C-BO-M-00346-02,BO-M-00346,BO-R-0022,bovino,Guzera,Guzera,4.6,1,3.0,0.26,0.4,convencional,6,0,2025-06-25,1,114,0,0.671,vazia
E-BO-002032,C-BO-M-00346-02,BO-M-00346,BO-R-0033,bovino,Guzera,Nelore,4.6,1,3.0,0.26,0.79,IATF,7,0,2025-07-18,2,137,0,0.754,prenhe
E-BO-002033,C-BO-M-00347-00,BO-M-00347,BO-R-0033,bovino,Nelore,Nelore,7.1,4,3.3,0.89,0.79,IATF,3,1,2023-03-11,1,-1,0,0.917,prenhe
E-BO-002034,C-BO-M-00347-01,BO-M-00347,BO-R-0003,bovino,Nelore,Senepol,7.1,4,3.3,0.89,0.66,IATF,3,1,2024-03-20,1,92,0,0.906,prenhe
E-BO-002035,C-BO-M-00347-02,BO-M-00347,BO-R-0006,bovino,Nelore,Angus,7.1,4,3.3,0.89,0.76,IATF,3,1,2025-03-27,1,89,0,0.847,prenhe
E-BO-002036,C-BO-M-00347-03,BO-M-00347,BO-R-0032,bovino,Nelore,Brahman,7.1,4,3.3,0.89,0.75,IATF,4,0,2026-04-29,1,115,0,0.888,prenhe
E-BO-002037,C-BO-M-00348-00,BO-M-00348,BO-R-0031,bovino,Senepol,Nelore,2.3,1,2.8,0.6,0.88,convencional,2,1,2023-02-16,1,-1,0,0.658,vazia
E-BO-002038,C-BO-M-00348-00,BO-M-00348,BO-R-0031,bovino,Senepol,Nelore,2.3,1,2.8,0.6,0.88,IATF,3,1,2023-03-12,2,-1,0,0.385,vazia
E-BO-002039,C-BO-M-00348-00,BO-M-00348,BO-R-0023,bovino,Senepol,Brahman,2.3,1,2.8,0.6,0.35,IATF,4,0,2023-04-04,3,-1,0,0.09,vazia
E-BO-002040,C-BO-M-00348-01,BO-M-00348,BO-R-0007,bovino,Senepol,Angus,2.3,1,2.8,0.6,0.93,convencional,6,0,2023-06-02,1,-1,1,0.545,vazia
E-BO-002041,C-BO-M-00348-01,BO-M-00348,BO-R-0038,bovino,Senepol,Senepol,2.3,1,2.8,0.6,0.52,IATF,6,0,2023-06-24,2,-1,1,0.172,vazia
E-BO-002042,C-BO-M-00348-01,BO-M-00348,BO-R-0037,bovino,Senepol,Brahman,2.3,1,2.8,0.6,0.45,IATF,7,0,2023-07-17,3,-1,1,0.05,vazia
E-BO-002043,C-BO-M-00348-02,BO-M-00348,BO-R-0035,bovino,Senepol,Brahman,2.3,1,2.8,0.6,0.74,IATF,9,0,2023-09-07,1,-1,2,0.363,prenhe
E-BO-002044,C-BO-M-00348-03,BO-M-00348,BO-R-0017,bovino,Senepol,Nelore,2.3,1,2.8,0.6,0.35,IATF,9,0,2024-09-05,1,81,0,0.28,vazia
E-BO-002045,C-BO-M-00348-03,BO-M-00348,BO-R-0016,bovino,Senepol,Nelore,2.3,1,2.8,0.6,0.58,IA_repasse,9,0,2024-09-26,2,102,0,0.242,vazia
E-BO-002046,C-BO-M-00348-03,BO-M-00348,BO-R-0030,bovino,Senepol,Nelore,2.3,1,2.8,0.6,0.8,IATF,10,1,2024-10-27,3,133,0,0.444,prenhe
E-BO-002047,C-BO-M-00348-04,BO-M-00348,BO-R-0031,bovino,Senepol,Nelore,2.3,1,2.8,0.6,0.88,IATF,10,1,2025-10-28,1,83,0,0.533,prenhe
E-BO-002048,C-BO-M-00349-00,BO-M-00349,BO-R-0014,bovino,Nelore,Gir,9.7,3,2.6,0.63,0.7,IATF,10,1,2023-10-15,1,-1,0,0.548,prenhe
E-BO-002049,C-BO-M-00349-01,BO-M-00349,BO-R-0023,bovino,Nelore,Brahman,9.7,3,2.6,0.63,0.35,IATF,10,1,2024-10-30,1,98,0,0.558,prenhe
E-BO-002050,C-BO-M-00349-02,BO-M-00349,BO-R-0027,bovino,Nelore,Brahman,9.7,3,2.6,0.63,0.77,IATF,11,1,2025-11-26,1,109,0,0.672,prenhe
E-BO-002051,C-BO-M-00350-00,BO-M-00350,BO-R-0017,bovino,Angus,Nelore,2.6,3,2.7,0.49,0.35,convencional,1,1,2023-01-13,1,-1,0,0.561,vazia
E-BO-002052,C-BO-M-00350-00,BO-M-00350,BO-R-0000,bovino,Angus,Senepol,2.6,3,2.7,0.49,0.48,convencional,2,1,2023-02-09,2,-1,0,0.469,prenhe
E-BO-002053,C-BO-M-00350-01,BO-M-00350,BO-R-0018,bovino,Angus,Nelore,2.6,3,2.7,0.49,0.82,IATF,3,1,2024-03-06,1,108,0,0.626,prenhe
E-BO-002054,C-BO-M-00350-02,BO-M-00350,BO-R-0024,bovino,Angus,Nelore,2.6,3,2.7,0.49,0.68,IATF,2,1,2025-02-28,1,76,0,0.423,vazia
E-BO-002055,C-BO-M-00350-02,BO-M-00350,BO-R-0024,bovino,Angus,Nelore,2.6,3,2.7,0.49,0.68,convencional,4,0,2025-04-01,2,108,0,0.571,vazia
E-BO-002056,C-BO-M-00350-02,BO-M-00350,BO-R-0021,bovino,Angus,Nelore,2.6,3,2.7,0.49,0.68,convencional,4,0,2025-04-24,3,131,0,0.369,vazia
E-BO-002057,C-BO-M-00350-03,BO-M-00350,BO-R-0036,bovino,Angus,Guzera,2.6,3,2.7,0.49,0.72,IATF,7,0,2025-07-02,1,200,1,0.466,prenhe
E-BO-002058,C-BO-M-00351-00,BO-M-00351,BO-R-0025,bovino,Nelore,Nelore,2.8,4,2.9,0.52,0.62,IATF,10,1,2023-10-30,1,-1,0,0.547,prenhe
E-BO-002059,C-BO-M-00351-01,BO-M-00351,BO-R-0029,bovino,Nelore,Nelore,2.8,4,2.9,0.52,0.78,IATF,11,1,2024-11-17,1,101,0,0.664,prenhe
E-BO-002060,C-BO-M-00351-02,BO-M-00351,BO-R-0022,bovino,Nelore,Guzera,2.8,4,2.9,0.52,0.4,IATF,11,1,2025-11-19,1,84,0,0.288,vazia
E-BO-002061,C-BO-M-00351-02,BO-M-00351,BO-R-0035,bovino,Nelore,Brahman,2.8,4,2.9,0.52,0.74,IATF,12,1,2025-12-15,2,110,0,0.438,vazia
E-BO-002062,C-BO-M-00351-02,BO-M-00351,BO-R-0017,bovino,Nelore,Nelore,2.8,4,2.9,0.52,0.35,convencional,1,1,2026-01-10,3,136,0,0.349,vazia
E-BO-002063,C-BO-M-00351-03,BO-M-00351,BO-R-0019,bovino,Nelore,Brahman,2.8,4,2.9,0.52,0.55,IATF,2,1,2026-02-12,1,169,1,0.466,vazia
E-BO-002064,C-BO-M-00351-03,BO-M-00351,BO-R-0014,bovino,Nelore,Gir,2.8,4,2.9,0.52,0.7,IATF,3,1,2026-03-16,2,201,1,0.351,prenhe
E-BO-002065,C-BO-M-00352-00,BO-M-00352,BO-R-0039,bovino,Senepol,Senepol,8.7,4,2.6,0.74,0.53,IATF,3,1,2023-03-08,1,-1,0,0.601,prenhe
E-BO-002066,C-BO-M-00352-01,BO-M-00352,BO-R-0007,bovino,Senepol,Angus,8.7,4,2.6,0.74,0.93,convencional,3,1,2024-03-26,1,101,0,0.798,vazia
E-BO-002067,C-BO-M-00352-01,BO-M-00352,BO-R-0003,bovino,Senepol,Senepol,8.7,4,2.6,0.74,0.66,IATF,4,0,2024-04-21,2,127,0,0.392,vazia
E-BO-002068,C-BO-M-00352-01,BO-M-00352,BO-R-0021,bovino,Senepol,Nelore,8.7,4,2.6,0.74,0.68,IATF,5,0,2024-05-19,3,155,0,0.32,vazia
E-BO-002069,C-BO-M-00352-02,BO-M-00352,BO-R-0029,bovino,Senepol,Nelore,8.7,4,2.6,0.74,0.78,IATF,7,0,2024-07-01,1,198,1,0.401,prenhe
E-BO-002070,C-BO-M-00352-03,BO-M-00352,BO-R-0038,bovino,Senepol,Senepol,8.7,4,2.6,0.74,0.52,IA_repasse,7,0,2025-07-17,1,98,0,0.335,vazia
E-BO-002071,C-BO-M-00352-03,BO-M-00352,BO-R-0025,bovino,Senepol,Nelore,8.7,4,2.6,0.74,0.62,IATF,8,0,2025-08-09,2,121,0,0.374,prenhe
E-BO-002072,C-BO-M-00353-00,BO-M-00353,BO-R-0017,bovino,Senepol,Nelore,9.2,2,3.3,0.54,0.35,convencional,5,0,2023-05-06,1,-1,0,0.653,prenhe
E-BO-002073,C-BO-M-00353-01,BO-M-00353,BO-R-0024,bovino,Senepol,Nelore,9.2,2,3.3,0.54,0.68,IATF,4,0,2024-04-20,1,67,0,0.575,prenhe
E-BO-002074,C-BO-M-00353-02,BO-M-00353,BO-R-0013,bovino,Senepol,Nelore,9.2,2,3.3,0.54,0.46,IATF,4,0,2025-04-23,1,85,0,0.467,vazia
E-BO-002075,C-BO-M-00353-02,BO-M-00353,BO-R-0039,bovino,Senepol,Senepol,9.2,2,3.3,0.54,0.53,convencional,5,0,2025-05-24,2,116,0,0.629,vazia
E-BO-002076,C-BO-M-00353-02,BO-M-00353,BO-R-0022,bovino,Senepol,Guzera,9.2,2,3.3,0.54,0.4,IATF,6,0,2025-06-21,3,144,0,0.406,vazia
E-BO-002077,C-BO-M-00353-03,BO-M-00353,BO-R-0004,bovino,Senepol,Brahman,9.2,2,3.3,0.54,0.56,IA_repasse,7,0,2025-07-26,1,179,1,0.383,prenhe
E-BO-002078,C-BO-M-00354-00,BO-M-00354,BO-R-0006,bovino,Senepol,Angus,2.9,1,3.6,0.66,0.76,IA_repasse,10,1,2023-10-11,1,-1,0,0.478,prenhe
E-BO-002079,C-BO-M-00355-00,BO-M-00355,BO-R-0007,bovino,Senepol,Angus,5.2,2,2.4,0.51,0.93,convencional,8,0,2023-08-25,1,-1,0,0.698,vazia
E-BO-002080,C-BO-M-00355-00,BO-M-00355,BO-R-0035,bovino,Senepol,Brahman,5.2,2,2.4,0.51,0.74,IATF,9,0,2023-09-26,2,-1,0,0.344,prenhe
E-BO-002081,C-BO-M-00356-00,BO-M-00356,BO-R-0006,bovino,Brahman,Angus,7.6,2,3.2,0.48,0.76,IATF,3,1,2023-03-07,1,-1,0,0.859,prenhe
E-BO-002082,C-BO-M-00356-01,BO-M-00356,BO-R-0036,bovino,Brahman,Guzera,7.6,2,3.2,0.48,0.72,IATF,2,1,2024-02-21,1,68,0,0.712,prenhe
E-BO-002083,C-BO-M-00356-02,BO-M-00356,BO-R-0028,bovino,Brahman,Angus,7.6,2,3.2,0.48,0.91,IATF,3,1,2025-03-15,1,105,0,0.95,prenhe
E-BO-002084,C-BO-M-00356-03,BO-M-00356,BO-R-0021,bovino,Brahman,Nelore,7.6,2,3.2,0.48,0.68,IATF,4,0,2026-04-08,1,106,0,0.744,prenhe
E-BO-002085,C-BO-M-00357-00,BO-M-00357,BO-R-0027,bovino,Brahman,Brahman,8.9,1,3.1,0.27,0.77,IATF,7,0,2023-07-26,1,-1,0,0.539,vazia
E-BO-002086,C-BO-M-00357-00,BO-M-00357,BO-R-0023,bovino,Brahman,Brahman,8.9,1,3.1,0.27,0.35,IATF,8,0,2023-08-21,2,-1,0,0.268,prenhe
E-BO-002087,C-BO-M-00357-01,BO-M-00357,BO-R-0010,bovino,Brahman,Gir,8.9,1,3.1,0.27,0.31,convencional,9,0,2024-09-06,1,99,0,0.572,vazia
E-BO-002088,C-BO-M-00357-01,BO-M-00357,BO-R-0008,bovino,Brahman,Brahman,8.9,1,3.1,0.27,0.38,convencional,9,0,2024-09-28,2,121,0,0.451,prenhe
E-BO-002089,C-BO-M-00357-02,BO-M-00357,BO-R-0026,bovino,Brahman,Mestico,8.9,1,3.1,0.27,0.64,IATF,10,1,2025-10-31,1,115,0,0.725,prenhe
E-BO-002090,C-BO-M-00358-00,BO-M-00358,BO-R-0000,bovino,Senepol,Senepol,4.4,3,3.4,0.15,0.48,IATF,2,1,2023-02-13,1,-1,0,0.687,prenhe
E-BO-002091,C-BO-M-00358-01,BO-M-00358,BO-R-0023,bovino,Senepol,Brahman,4.4,3,3.4,0.15,0.35,convencional,3,1,2024-03-21,1,119,0,0.904,prenhe
E-BO-002092,C-BO-M-00358-02,BO-M-00358,BO-R-0008,bovino,Senepol,Brahman,4.4,3,3.4,0.15,0.38,convencional,3,1,2025-03-28,1,89,0,0.615,prenhe
E-BO-002093,C-BO-M-00358-03,BO-M-00358,BO-R-0037,bovino,Senepol,Brahman,4.4,3,3.4,0.15,0.45,IATF,3,1,2026-03-20,1,74,0,0.485,prenhe
E-BO-002094,C-BO-M-00359-00,BO-M-00359,BO-R-0010,bovino,Senepol,Gir,5.7,1,3.2,0.5,0.31,IATF,2,1,2023-02-07,1,-1,0,0.575,vazia
E-BO-002095,C-BO-M-00359-00,BO-M-00359,BO-R-0005,bovino,Senepol,Gir,5.7,1,3.2,0.5,0.72,convencional,3,1,2023-03-08,2,-1,0,0.753,vazia
E-BO-002096,C-BO-M-00359-00,BO-M-00359,BO-R-0030,bovino,Senepol,Nelore,5.7,1,3.2,0.5,0.8,IATF,4,0,2023-04-08,3,-1,0,0.614,vazia
E-BO-002097,C-BO-M-00359-01,BO-M-00359,BO-R-0008,bovino,Senepol,Brahman,5.7,1,3.2,0.5,0.38,IATF,5,0,2023-05-18,1,-1,1,0.502,prenhe
E-BO-002098,C-BO-M-00359-02,BO-M-00359,BO-R-0024,bovino,Senepol,Nelore,5.7,1,3.2,0.5,0.68,IATF,5,0,2024-05-08,1,73,0,0.687,prenhe
E-BO-002099,C-BO-M-00359-03,BO-M-00359,BO-R-0024,bovino,Senepol,Nelore,5.7,1,3.2,0.5,0.68,convencional,4,0,2025-04-29,1,73,0,0.742,vazia
E-BO-002100,C-BO-M-00359-03,BO-M-00359,BO-R-0003,bovino,Senepol,Senepol,5.7,1,3.2,0.5,0.66,IATF,5,0,2025-05-25,2,99,0,0.557,prenhe
E-BO-002101,C-BO-M-00360-00,BO-M-00360,BO-R-0036,bovino,Guzera,Guzera,7.7,3,2.5,0.56,0.72,IATF,3,1,2023-03-22,1,-1,0,0.753,prenhe
E-BO-002102,C-BO-M-00360-01,BO-M-00360,BO-R-0039,bovino,Guzera,Senepol,7.7,3,2.5,0.56,0.53,IATF,4,0,2024-04-02,1,94,0,0.607,vazia
E-BO-002103,C-BO-M-00360-01,BO-M-00360,BO-R-0019,bovino,Guzera,Brahman,7.7,3,2.5,0.56,0.55,IATF,4,0,2024-04-30,2,122,0,0.463,prenhe
E-BO-002104,C-BO-M-00360-02,BO-M-00360,BO-R-0009,bovino,Guzera,Gir,7.7,3,2.5,0.56,0.52,convencional,4,0,2025-04-15,1,67,0,0.566,prenhe
E-BO-002105,C-BO-M-00360-03,BO-M-00360,BO-R-0005,bovino,Guzera,Gir,7.7,3,2.5,0.56,0.72,IATF,4,0,2026-04-12,1,79,0,0.496,prenhe
E-BO-002106,C-BO-M-00361-00,BO-M-00361,BO-R-0033,bovino,Nelore,Nelore,7.6,4,2.6,0.29,0.79,IATF,5,0,2023-05-24,1,-1,0,0.544,vazia
E-BO-002107,C-BO-M-00361-00,BO-M-00361,BO-R-0026,bovino,Nelore,Mestico,7.6,4,2.6,0.29,0.64,convencional,6,0,2023-06-22,2,-1,0,0.51,prenhe
E-BO-002108,C-BO-M-00361-01,BO-M-00361,BO-R-0027,bovino,Nelore,Brahman,7.6,4,2.6,0.29,0.77,IATF,6,0,2024-06-19,1,80,0,0.465,prenhe
E-BO-002109,C-BO-M-00361-02,BO-M-00361,BO-R-0003,bovino,Nelore,Senepol,7.6,4,2.6,0.29,0.66,convencional,7,0,2025-07-14,1,107,0,0.577,vazia
E-BO-002110,C-BO-M-00361-02,BO-M-00361,BO-R-0035,bovino,Nelore,Brahman,7.6,4,2.6,0.29,0.74,IATF,8,0,2025-08-06,2,130,0,0.522,vazia
E-BO-002111,C-BO-M-00361-02,BO-M-00361,BO-R-0009,bovino,Nelore,Gir,7.6,4,2.6,0.29,0.52,IATF,8,0,2025-08-29,3,153,0,0.29,prenhe
E-BO-002112,C-BO-M-00362-00,BO-M-00362,BO-R-0036,bovino,Nelore,Guzera,8.0,5,3.2,0.54,0.72,IATF,10,1,2023-10-10,1,-1,0,0.864,prenhe
E-BO-002113,C-BO-M-00362-01,BO-M-00362,BO-R-0018,bovino,Nelore,Nelore,8.0,5,3.2,0.54,0.82,convencional,11,1,2024-11-09,1,113,0,0.95,prenhe
E-BO-002114,C-BO-M-00362-02,BO-M-00362,BO-R-0000,bovino,Nelore,Senepol,8.0,5,3.2,0.54,0.48,IA_repasse,10,1,2025-10-22,1,64,0,0.514,vazia
E-BO-002115,C-BO-M-00362-02,BO-M-00362,BO-R-0005,bovino,Nelore,Gir,8.0,5,3.2,0.54,0.72,IATF,11,1,2025-11-23,2,96,0,0.709,prenhe
E-BO-002116,C-BO-M-00363-00,BO-M-00363,BO-R-0024,bovino,Nelore,Nelore,6.1,0,3.7,0.56,0.68,IATF,4,0,2023-04-10,1,-1,0,0.508,prenhe
E-BO-002117,C-BO-M-00363-01,BO-M-00363,BO-R-0032,bovino,Nelore,Brahman,6.1,0,3.7,0.56,0.75,IA_repasse,4,0,2024-04-18,1,91,0,0.494,vazia
E-BO-002118,C-BO-M-00363-01,BO-M-00363,BO-R-0035,bovino,Nelore,Brahman,6.1,0,3.7,0.56,0.74,IATF,5,0,2024-05-16,2,119,0,0.494,prenhe
E-BO-002119,C-BO-M-00363-02,BO-M-00363,BO-R-0003,bovino,Nelore,Senepol,6.1,0,3.7,0.56,0.66,IATF,5,0,2025-05-10,1,76,0,0.423,vazia
E-BO-002120,C-BO-M-00363-02,BO-M-00363,BO-R-0024,bovino,Nelore,Nelore,6.1,0,3.7,0.56,0.68,IATF,6,0,2025-06-01,2,98,0,0.413,vazia
E-BO-002121,C-BO-M-00363-02,BO-M-00363,BO-R-0031,bovino,Nelore,Nelore,6.1,0,3.7,0.56,0.88,convencional,7,0,2025-07-01,3,128,0,0.587,vazia
E-BO-002122,C-BO-M-00363-03,BO-M-00363,BO-R-0039,bovino,Nelore,Senepol,6.1,0,3.7,0.56,0.53,IATF,9,0,2025-09-04,1,193,1,0.387,prenhe
E-BO-002123,C-BO-M-00364-00,BO-M-00364,BO-R-0003,bovino,Angus,Senepol,1.9,4,2.1,0.12,0.66,IATF,3,1,2023-03-29,1,-1,0,0.299,prenhe
E-BO-002124,C-BO-M-00364-01,BO-M-00364,BO-R-0016,bovino,Angus,Nelore,1.9,4,2.1,0.12,0.58,convencional,3,1,2024-03-07,1,61,0,0.262,vazia
E-BO-002125,C-BO-M-00364-01,BO-M-00364,BO-R-0001,bovino,Angus,Nelore,1.9,4,2.1,0.12,0.66,convencional,4,0,2024-04-05,2,90,0,0.306,prenhe
E-BO-002126,C-BO-M-00365-00,BO-M-00365,BO-R-0027,bovino,Nelore,Brahman,9.1,0,3.4,0.37,0.77,convencional,6,0,2023-06-07,1,-1,0,0.648,vazia
E-BO-002127,C-BO-M-00365-00,BO-M-00365,BO-R-0001,bovino,Nelore,Nelore,9.1,0,3.4,0.37,0.66,IATF,7,0,2023-07-09,2,-1,0,0.352,prenhe
E-BO-002128,C-BO-M-00365-01,BO-M-00365,BO-R-0003,bovino,Nelore,Senepol,9.1,0,3.4,0.37,0.66,IA_repasse,7,0,2024-07-25,1,99,0,0.502,prenhe
E-BO-002129,C-BO-M-00365-02,BO-M-00365,BO-R-0005,bovino,Nelore,Gir,9.1,0,3.4,0.37,0.72,IATF,8,0,2025-08-30,1,118,0,0.704,prenhe
E-BO-002130,C-BO-M-00366-00,BO-M-00366,BO-R-0002,bovino,Brahman,Brahman,8.8,2,3.8,0.63,0.3,IATF,9,0,2023-09-18,1,-1,0,0.294,vazia
E-BO-002131,C-BO-M-00366-00,BO-M-00366,BO-R-0012,bovino,Brahman,Senepol,8.8,2,3.8,0.63,0.33,IATF,10,1,2023-10-12,2,-1,0,0.267,vazia
E-BO-002132,C-BO-M-00366-00,BO-M-00366,BO-R-0012,bovino,Brahman,Senepol,8.8,2,3.8,0.63,0.33,convencional,11,1,2023-11-07,3,-1,0,0.272,vazia
E-BO-002133,C-BO-M-00366-01,BO-M-00366,BO-R-0017,bovino,Brahman,Nelore,8.8,2,3.8,0.63,0.35,convencional,12,1,2023-12-25,1,-1,1,0.436,vazia
E-BO-002134,C-BO-M-00366-01,BO-M-00366,BO-R-0003,bovino,Brahman,Senepol,8.8,2,3.8,0.63,0.66,IATF,1,1,2024-01-26,2,-1,1,0.298,prenhe
E-BO-002135,C-BO-M-00366-02,BO-M-00366,BO-R-0023,bovino,Brahman,Brahman,8.8,2,3.8,0.63,0.35,IATF,2,1,2025-02-11,1,99,0,0.586,vazia
E-BO-002136,C-BO-M-00366-02,BO-M-00366,BO-R-0007,bovino,Brahman,Angus,8.8,2,3.8,0.63,0.93,IATF,3,1,2025-03-12,2,128,0,0.619,vazia
E-BO-002137,C-BO-M-00366-02,BO-M-00366,BO-R-0010,bovino,Brahman,Gir,8.8,2,3.8,0.63,0.31,IATF,4,0,2025-04-13,3,160,0,0.211,vazia
E-BO-002138,C-BO-M-00366-03,BO-M-00366,BO-R-0000,bovino,Brahman,Senepol,8.8,2,3.8,0.63,0.48,IATF,6,0,2025-06-13,1,221,1,0.282,vazia
E-BO-002139,C-BO-M-00366-03,BO-M-00366,BO-R-0032,bovino,Brahman,Brahman,8.8,2,3.8,0.63,0.75,IATF,7,0,2025-07-09,2,247,1,0.223,vazia
E-BO-002140,C-BO-M-00366-03,BO-M-00366,BO-R-0016,bovino,Brahman,Nelore,8.8,2,3.8,0.63,0.58,IATF,8,0,2025-08-05,3,274,1,0.171,vazia
E-BO-002141,C-BO-M-00366-04,BO-M-00366,BO-R-0035,bovino,Brahman,Brahman,8.8,2,3.8,0.63,0.74,convencional,10,1,2025-10-13,1,343,2,0.538,vazia
E-BO-002142,C-BO-M-00366-04,BO-M-00366,BO-R-0006,bovino,Brahman,Angus,8.8,2,3.8,0.63,0.76,IATF,11,1,2025-11-14,2,375,2,0.26,prenhe
E-BO-002143,C-BO-M-00367-00,BO-M-00367,BO-R-0001,bovino,Angus,Nelore,8.2,1,3.1,0.63,0.66,convencional,9,0,2023-09-04,1,-1,0,0.619,prenhe
E-BO-002144,C-BO-M-00367-01,BO-M-00367,BO-R-0025,bovino,Angus,Nelore,8.2,1,3.1,0.63,0.62,convencional,9,0,2024-09-13,1,92,0,0.735,prenhe
E-BO-002145,C-BO-M-00367-02,BO-M-00367,BO-R-0035,bovino,Angus,Brahman,8.2,1,3.1,0.63,0.74,IATF,9,0,2025-09-16,1,85,0,0.478,vazia
E-BO-002146,C-BO-M-00367-02,BO-M-00367,BO-R-0028,bovino,Angus,Angus,8.2,1,3.1,0.63,0.91,IATF,10,1,2025-10-12,2,111,0,0.68,prenhe
E-BO-002147,C-BO-M-00368-00,BO-M-00368,BO-R-0039,bovino,Nelore,Senepol,1.9,0,3.5,0.32,0.53,convencional,9,0,2023-09-12,1,-1,0,0.471,prenhe
E-BO-002148,C-BO-M-00368-01,BO-M-00368,BO-R-0033,bovino,Nelore,Nelore,1.9,0,3.5,0.32,0.79,IATF,9,0,2024-09-28,1,99,0,0.511,prenhe
E-BO-002149,C-BO-M-00368-02,BO-M-00368,BO-R-0039,bovino,Nelore,Senepol,1.9,0,3.5,0.32,0.53,IA_repasse,10,1,2025-10-12,1,96,0,0.557,prenhe
E-BO-002150,C-BO-M-00369-00,BO-M-00369,BO-R-0025,bovino,Guzera,Nelore,2.8,1,2.8,0.58,0.62,IATF,6,0,2023-06-16,1,-1,0,0.401,vazia
E-BO-002151,C-BO-M-00369-00,BO-M-00369,BO-R-0000,bovino,Guzera,Senepol,2.8,1,2.8,0.58,0.48,IATF,7,0,2023-07-08,2,-1,0,0.202,vazia
E-BO-002152,C-BO-M-00369-00,BO-M-00369,BO-R-0004,bovino,Guzera,Brahman,2.8,1,2.8,0.58,0.56,IATF,8,0,2023-08-09,3,-1,0,0.121,vazia
E-BO-002153,C-BO-M-00369-01,BO-M-00369,BO-R-0023,bovino,Guzera,Brahman,2.8,1,2.8,0.58,0.35,IATF,9,0,2023-09-29,1,-1,1,0.25,vazia
E-BO-002154,C-BO-M-00369-01,BO-M-00369,BO-R-0039,bovino,Guzera,Senepol,2.8,1,2.8,0.58,0.53,convencional,10,1,2023-10-31,2,-1,1,0.332,vazia
E-BO-002155,C-BO-M-00369-01,BO-M-00369,BO-R-0022,bovino,Guzera,Guzera,2.8,1,2.8,0.58,0.4,convencional,11,1,2023-11-22,3,-1,1,0.221,vazia
E-BO-002156,C-BO-M-00369-02,BO-M-00369,BO-R-0036,bovino,Guzera,Guzera,2.8,1,2.8,0.58,0.72,IATF,1,1,2024-01-06,1,-1,2,0.333,vazia
E-BO-002157,C-BO-M-00369-02,BO-M-00369,BO-R-0034,bovino,Guzera,Nelore,2.8,1,2.8,0.58,0.63,convencional,1,1,2024-01-28,2,-1,2,0.381,vazia
E-BO-002158,C-BO-M-00369-02,BO-M-00369,BO-R-0008,bovino,Guzera,Brahman,2.8,1,2.8,0.58,0.38,convencional,2,1,2024-02-21,3,-1,2,0.128,vazia
E-BO-002159,C-BO-M-00369-03,BO-M-00369,BO-R-0005,bovino,Guzera,Gir,2.8,1,2.8,0.58,0.72,IATF,4,0,2024-04-24,1,-1,3,0.241,vazia
E-BO-002160,C-BO-M-00369-03,BO-M-00369,BO-R-0003,bovino,Guzera,Senepol,2.8,1,2.8,0.58,0.66,IATF,5,0,2024-05-21,2,-1,3,0.101,prenhe
E-BO-002161,C-BO-M-00369-04,BO-M-00369,BO-R-0018,bovino,Guzera,Nelore,2.8,1,2.8,0.58,0.82,IATF,4,0,2025-04-30,1,61,0,0.414,vazia
E-BO-002162,C-BO-M-00369-04,BO-M-00369,BO-R-0034,bovino,Guzera,Nelore,2.8,1,2.8,0.58,0.63,IATF,5,0,2025-05-25,2,86,0,0.254,prenhe
E-BO-002163,C-BO-M-00370-00,BO-M-00370,BO-R-0026,bovino,Brahman,Mestico,7.7,0,3.1,0.75,0.64,IATF,2,1,2023-02-23,1,-1,0,0.733,vazia
E-BO-002164,C-BO-M-00370-00,BO-M-00370,BO-R-0001,bovino,Brahman,Nelore,7.7,0,3.1,0.75,0.66,IATF,3,1,2023-03-26,2,-1,0,0.641,prenhe
E-BO-002165,C-BO-M-00370-01,BO-M-00370,BO-R-0028,bovino,Brahman,Angus,7.7,0,3.1,0.75,0.91,IATF,3,1,2024-03-17,1,74,0,0.81,prenhe
E-BO-002166,C-BO-M-00370-02,BO-M-00370,BO-R-0021,bovino,Brahman,Nelore,7.7,0,3.1,0.75,0.68,IATF,4,0,2025-04-17,1,113,0,0.803,prenhe
E-BO-002167,C-BO-M-00370-03,BO-M-00370,BO-R-0029,bovino,Brahman,Nelore,7.7,0,3.1,0.75,0.78,IATF,4,0,2026-04-16,1,81,0,0.652,vazia
E-BO-002168,C-BO-M-00371-00,BO-M-00371,BO-R-0010,bovino,Nelore,Gir,1.2,4,2.4,0.71,0.31,convencional,3,1,2023-03-24,1,-1,0,0.411,prenhe
E-BO-002169,C-BO-M-00371-01,BO-M-00371,BO-R-0031,bovino,Nelore,Nelore,1.2,4,2.4,0.71,0.88,IATF,4,0,2024-04-03,1,93,0,0.537,vazia
E-BO-002170,C-BO-M-00371-01,BO-M-00371,BO-R-0021,bovino,Nelore,Nelore,1.2,4,2.4,0.71,0.68,convencional,4,0,2024-04-27,2,117,0,0.47,prenhe
E-BO-002171,C-BO-M-00371-02,BO-M-00371,BO-R-0018,bovino,Nelore,Nelore,1.2,4,2.4,0.71,0.82,IA_repasse,4,0,2025-04-27,1,82,0,0.277,prenhe
E-BO-002172,C-BO-M-00371-03,BO-M-00371,BO-R-0010,bovino,Nelore,Gir,1.2,4,2.4,0.71,0.31,IATF,4,0,2026-04-13,1,68,0,0.163,vazia
E-BO-002173,C-BO-M-00372-00,BO-M-00372,BO-R-0011,bovino,Nelore,Nelore,9.8,0,2.0,0.53,0.57,convencional,1,1,2023-01-19,1,-1,0,0.408,vazia
E-BO-002174,C-BO-M-00372-00,BO-M-00372,BO-R-0015,bovino,Nelore,Angus,9.8,0,2.0,0.53,0.51,IATF,2,1,2023-02-19,2,-1,0,0.156,vazia
E-BO-002175,C-BO-M-00372-00,BO-M-00372,BO-R-0008,bovino,Nelore,Brahman,9.8,0,2.0,0.53,0.38,convencional,3,1,2023-03-20,3,-1,0,0.095,vazia
E-BO-002176,C-BO-M-00372-01,BO-M-00372,BO-R-0037,bovino,Nelore,Brahman,9.8,0,2.0,0.53,0.45,IATF,5,0,2023-05-01,1,-1,1,0.074,vazia
E-BO-002177,C-BO-M-00372-01,BO-M-00372,BO-R-0039,bovino,Nelore,Senepol,9.8,0,2.0,0.53,0.53,convencional,5,0,2023-05-30,2,-1,1,0.107,vazia
E-BO-002178,C-BO-M-00372-01,BO-M-00372,BO-R-0034,bovino,Nelore,Nelore,9.8,0,2.0,0.53,0.63,convencional,6,0,2023-06-21,3,-1,1,0.05,vazia
E-BO-002179,C-BO-M-00372-02,BO-M-00372,BO-R-0023,bovino,Nelore,Brahman,9.8,0,2.0,0.53,0.35,convencional,8,0,2023-08-17,1,-1,2,0.05,vazia
E-BO-002180,C-BO-M-00372-02,BO-M-00372,BO-R-0034,bovino,Nelore,Nelore,9.8,0,2.0,0.53,0.63,convencional,9,0,2023-09-12,2,-1,2,0.138,vazia
E-BO-002181,C-BO-M-00372-02,BO-M-00372,BO-R-0030,bovino,Nelore,Nelore,9.8,0,2.0,0.53,0.8,convencional,10,1,2023-10-03,3,-1,2,0.107,vazia
E-BO-002182,C-BO-M-00372-03,BO-M-00372,BO-R-0031,bovino,Nelore,Nelore,9.8,0,2.0,0.53,0.88,IATF,11,1,2023-11-18,1,-1,3,0.143,vazia
E-BO-002183,C-BO-M-00372-03,BO-M-00372,BO-R-0013,bovino,Nelore,Nelore,9.8,0,2.0,0.53,0.46,IATF,12,1,2023-12-14,2,-1,3,0.05,vazia
E-BO-002184,C-BO-M-00372-03,BO-M-00372,BO-R-0027,bovino,Nelore,Brahman,9.8,0,2.0,0.53,0.77,IATF,1,1,2024-01-04,3,-1,3,0.05,vazia
E-BO-002185,C-BO-M-00372-04,BO-M-00372,BO-R-0000,bovino,Nelore,Senepol,9.8,0,2.0,0.53,0.48,IATF,2,1,2024-02-13,1,-1,4,0.05,vazia
E-BO-002186,C-BO-M-00372-04,BO-M-00372,BO-R-0010,bovino,Nelore,Gir,9.8,0,2.0,0.53,0.31,convencional,3,1,2024-03-10,2,-1,4,0.05,vazia
E-BO-002187,C-BO-M-00372-04,BO-M-00372,BO-R-0018,bovino,Nelore,Nelore,9.8,0,2.0,0.53,0.82,convencional,4,0,2024-04-04,3,-1,4,0.05,vazia
E-BO-002188,C-BO-M-00372-05,BO-M-00372,BO-R-0019,bovino,Nelore,Brahman,9.8,0,2.0,0.53,0.55,IATF,5,0,2024-05-18,1,-1,5,0.05,vazia
E-BO-002189,C-BO-M-00372-05,BO-M-00372,BO-R-0014,bovino,Nelore,Gir,9.8,0,2.0,0.53,0.7,IATF,6,0,2024-06-15,2,-1,5,0.05,vazia
E-BO-002190,C-BO-M-00372-05,BO-M-00372,BO-R-0002,bovino,Nelore,Brahman,9.8,0,2.0,0.53,0.3,IATF,7,0,2024-07-15,3,-1,5,0.05,vazia
E-BO-002191,C-BO-M-00373-00,BO-M-00373,BO-R-0017,bovino,Nelore,Nelore,4.4,2,3.7,0.46,0.35,IATF,9,0,2023-09-23,1,-1,0,0.424,vazia
E-BO-002192,C-BO-M-00373-00,BO-M-00373,BO-R-0039,bovino,Nelore,Senepol,4.4,2,3.7,0.46,0.53,IATF,10,1,2023-10-24,2,-1,0,0.427,prenhe
E-BO-002193,C-BO-M-00373-01,BO-M-00373,BO-R-0035,bovino,Nelore,Brahman,4.4,2,3.7,0.46,0.74,IATF,11,1,2024-11-01,1,91,0,0.789,prenhe
E-BO-002194,C-BO-M-00373-02,BO-M-00373,BO-R-0031,bovino,Nelore,Nelore,4.4,2,3.7,0.46,0.88,IATF,10,1,2025-10-30,1,80,0,0.581,prenhe
E-BO-002195,C-BO-M-00374-00,BO-M-00374,BO-R-0005,bovino,Nelore,Gir,7.5,4,2.7,0.42,0.72,IATF,5,0,2023-05-09,1,-1,0,0.652,vazia
E-BO-002196,C-BO-M-00374-00,BO-M-00374,BO-R-0011,bovino,Nelore,Nelore,7.5,4,2.7,0.42,0.57,convencional,6,0,2023-06-08,2,-1,0,0.414,vazia
E-BO-002197,C-BO-M-00374-00,BO-M-00374,BO-R-0008,bovino,Nelore,Brahman,7.5,4,2.7,0.42,0.38,IATF,6,0,2023-06-30,3,-1,0,0.229,vazia
E-BO-002198,C-BO-M-00374-01,BO-M-00374,BO-R-0039,bovino,Nelore,Senepol,7.5,4,2.7,0.42,0.53,IATF,8,0,2023-08-26,1,-1,1,0.407,prenhe
E-BO-002199,C-BO-M-00374-02,BO-M-00374,BO-R-0027,bovino,Nelore,Brahman,7.5,4,2.7,0.42,0.77,IATF,8,0,2024-08-12,1,69,0,0.484,prenhe
E-BO-002200,C-BO-M-00374-03,BO-M-00374,BO-R-0023,bovino,Nelore,Brahman,7.5,4,2.7,0.42,0.35,IATF,7,0,2025-07-21,1,60,0,0.406,vazia
E-BO-002201,C-BO-M-00374-03,BO-M-00374,BO-R-0001,bovino,Nelore,Nelore,7.5,4,2.7,0.42,0.66,IATF,8,0,2025-08-22,2,92,0,0.5,prenhe
E-BO-002202,C-BO-M-00375-00,BO-M-00375,BO-R-0003,bovino,Nelore,Senepol,9.0,5,3.0,0.64,0.66,convencional,2,1,2023-02-26,1,-1,0,0.736,vazia
E-BO-002203,C-BO-M-00375-00,BO-M-00375,BO-R-0003,bovino,Nelore,Senepol,9.0,5,3.0,0.64,0.66,IATF,3,1,2023-03-25,2,-1,0,0.535,vazia
E-BO-002204,C-BO-M-00375-00,BO-M-00375,BO-R-0022,bovino,Nelore,Guzera,9.0,5,3.0,0.64,0.4,convencional,4,0,2023-04-15,3,-1,0,0.407,vazia
E-BO-002205,C-BO-M-00375-01,BO-M-00375,BO-R-0025,bovino,Nelore,Nelore,9.0,5,3.0,0.64,0.62,IATF,6,0,2023-06-23,1,-1,1,0.508,prenhe
E-BO-002206,C-BO-M-00375-02,BO-M-00375,BO-R-0008,bovino,Nelore,Brahman,9.0,5,3.0,0.64,0.38,convencional,6,0,2024-06-10,1,70,0,0.422,prenhe
E-BO-002207,C-BO-M-00375-03,BO-M-00375,BO-R-0024,bovino,Nelore,Nelore,9.0,5,3.0,0.64,0.68,IATF,5,0,2025-05-22,1,63,0,0.479,prenhe
E-BO-002208,C-BO-M-00376-00,BO-M-00376,BO-R-0014,bovino,Guzera,Gir,4.6,5,2.5,0.59,0.7,IATF,9,0,2023-09-28,1,-1,0,0.528,vazia
E-BO-002209,C-BO-M-00376-00,BO-M-00376,BO-R-0004,bovino,Guzera,Brahman,4.6,5,2.5,0.59,0.56,IATF,10,1,2023-10-22,2,-1,0,0.439,prenhe
E-BO-002210,C-BO-M-00376-01,BO-M-00376,BO-R-0016,bovino,Guzera,Nelore,4.6,5,2.5,0.59,0.58,IATF,10,1,2024-10-28,1,89,0,0.483,prenhe
E-BO-002211,C-BO-M-00376-02,BO-M-00376,BO-R-0008,bovino,Guzera,Brahman,4.6,5,2.5,0.59,0.38,convencional,12,1,2025-12-01,1,116,0,0.57,vazia
E-BO-002212,C-BO-M-00376-02,BO-M-00376,BO-R-0018,bovino,Guzera,Nelore,4.6,5,2.5,0.59,0.82,IATF,12,1,2025-12-29,2,144,0,0.588,prenhe
E-BO-002213,C-BO-M-00377-00,BO-M-00377,BO-R-0000,bovino,Nelore,Senepol,3.9,0,2.5,0.68,0.48,IATF,3,1,2023-03-14,1,-1,0,0.463,vazia
E-BO-002214,C-BO-M-00377-00,BO-M-00377,BO-R-0025,bovino,Nelore,Nelore,3.9,0,2.5,0.68,0.62,IATF,4,0,2023-04-12,2,-1,0,0.385,prenhe
E-BO-002215,C-BO-M-00377-01,BO-M-00377,BO-R-0016,bovino,Nelore,Nelore,3.9,0,2.5,0.68,0.58,convencional,4,0,2024-04-13,1,84,0,0.514,prenhe
E-BO-002216,C-BO-M-00377-02,BO-M-00377,BO-R-0034,bovino,Nelore,Nelore,3.9,0,2.5,0.68,0.63,IATF,3,1,2025-03-27,1,65,0,0.48,prenhe
E-BO-002217,C-BO-M-00377-03,BO-M-00377,BO-R-0006,bovino,Nelore,Angus,3.9,0,2.5,0.68,0.76,IATF,3,1,2026-03-08,1,63,0,0.569,prenhe
E-BO-002218,C-BO-M-00378-00,BO-M-00378,BO-R-0031,bovino,Nelore,Nelore,6.5,5,3.1,0.58,0.88,IATF,3,1,2023-03-18,1,-1,0,0.829,prenhe
E-BO-002219,C-BO-M-00378-01,BO-M-00378,BO-R-0032,bovino,Nelore,Brahman,6.5,5,3.1,0.58,0.75,IATF,3,1,2024-03-15,1,80,0,0.722,prenhe
E-BO-002220,C-BO-M-00378-02,BO-M-00378,BO-R-0018,bovino,Nelore,Nelore,6.5,5,3.1,0.58,0.82,IATF,2,1,2025-02-27,1,66,0,0.826,prenhe
E-BO-002221,C-BO-M-00378-03,BO-M-00378,BO-R-0006,bovino,Nelore,Angus,6.5,5,3.1,0.58,0.76,IATF,3,1,2026-03-29,1,112,0,0.87,prenhe
E-BO-002222,C-BO-M-00379-00,BO-M-00379,BO-R-0035,bovino,Brahman,Brahman,6.2,3,2.8,0.71,0.74,IATF,3,1,2023-03-13,1,-1,0,0.685,prenhe
E-BO-002223,C-BO-M-00379-01,BO-M-00379,BO-R-0039,bovino,Brahman,Senepol,6.2,3,2.8,0.71,0.53,convencional,2,1,2024-02-22,1,63,0,0.638,vazia
E-BO-002224,C-BO-M-00379-01,BO-M-00379,BO-R-0008,bovino,Brahman,Brahman,6.2,3,2.8,0.71,0.38,IA_repasse,3,1,2024-03-23,2,93,0,0.387,vazia
E-BO-002225,C-BO-M-00379-01,BO-M-00379,BO-R-0032,bovino,Brahman,Brahman,6.2,3,2.8,0.71,0.75,convencional,4,0,2024-04-21,3,122,0,0.67,prenhe
E-BO-002226,C-BO-M-00379-02,BO-M-00379,BO-R-0017,bovino,Brahman,Nelore,6.2,3,2.8,0.71,0.35,convencional,4,0,2025-04-04,1,65,0,0.497,vazia
E-BO-002227,C-BO-M-00379-02,BO-M-00379,BO-R-0030,bovino,Brahman,Nelore,6.2,3,2.8,0.71,0.8,convencional,5,0,2025-05-02,2,93,0,0.771,vazia
E-BO-002228,C-BO-M-00379-02,BO-M-00379,BO-R-0004,bovino,Brahman,Brahman,6.2,3,2.8,0.71,0.56,convencional,5,0,2025-05-30,3,121,0,0.447,vazia
E-BO-002229,C-BO-M-00379-03,BO-M-00379,BO-R-0036,bovino,Brahman,Guzera,6.2,3,2.8,0.71,0.72,IATF,7,0,2025-07-25,1,177,1,0.612,prenhe
E-BO-002230,C-BO-M-00380-00,BO-M-00380,BO-R-0006,bovino,Senepol,Angus,4.7,1,3.4,0.57,0.76,convencional,8,0,2023-08-23,1,-1,0,0.79,prenhe
E-BO-002231,C-BO-M-00380-01,BO-M-00380,BO-R-0009,bovino,Senepol,Gir,4.7,1,3.4,0.57,0.52,convencional,9,0,2024-09-03,1,94,0,0.91,prenhe
E-BO-002232,C-BO-M-00380-02,BO-M-00380,BO-R-0022,bovino,Senepol,Guzera,4.7,1,3.4,0.57,0.4,convencional,9,0,2025-09-01,1,80,0,0.573,prenhe
E-BO-002233,C-BO-M-00381-00,BO-M-00381,BO-R-0038,bovino,Guzera,Senepol,6.4,2,3.4,0.71,0.52,IATF,3,1,2023-03-25,1,-1,0,0.838,prenhe
E-BO-002234,C-BO-M-00381-01,BO-M-00381,BO-R-0012,bovino,Guzera,Senepol,6.4,2,3.4,0.71,0.33,convencional,3,1,2024-03-12,1,70,0,0.745,prenhe
E-BO-002235,C-BO-M-00381-02,BO-M-00381,BO-R-0035,bovino,Guzera,Brahman,6.4,2,3.4,0.71,0.74,IATF,4,0,2025-04-16,1,117,0,0.95,prenhe
E-BO-002236,C-BO-M-00382-00,BO-M-00382,BO-R-0004,bovino,Brahman,Brahman,9.4,5,3.4,0.72,0.56,convencional,4,0,2023-04-16,1,-1,0,0.621,vazia
E-BO-002237,C-BO-M-00382-00,BO-M-00382,BO-R-0017,bovino,Brahman,Nelore,9.4,5,3.4,0.72,0.35,convencional,5,0,2023-05-17,2,-1,0,0.427,vazia
E-BO-002238,C-BO-M-00382-00,BO-M-00382,BO-R-0012,bovino,Brahman,Senepol,9.4,5,3.4,0.72,0.33,IATF,6,0,2023-06-15,3,-1,0,0.224,vazia
E-BO-002239,C-BO-M-00382-01,BO-M-00382,BO-R-0007,bovino,Brahman,Angus,9.4,5,3.4,0.72,0.93,IATF,8,0,2023-08-12,1,-1,1,0.682,prenhe
E-BO-002240,C-BO-M-00382-02,BO-M-00382,BO-R-0034,bovino,Brahman,Nelore,9.4,5,3.4,0.72,0.63,IATF,9,0,2024-09-02,1,104,0,0.643,vazia
E-BO-002241,C-BO-M-00382-02,BO-M-00382,BO-R-0016,bovino,Brahman,Nelore,9.4,5,3.4,0.72,0.58,convencional,10,1,2024-10-02,2,134,0,0.73,prenhe
E-BO-002242,C-BO-M-00382-03,BO-M-00382,BO-R-0023,bovino,Brahman,Brahman,9.4,5,3.4,0.72,0.35,convencional,9,0,2025-09-14,1,64,0,0.49,prenhe
E-BO-002243,C-BO-M-00383-00,BO-M-00383,BO-R-0017,bovino,Senepol,Nelore,5.2,2,3.3,0.39,0.35,IA_repasse,7,0,2023-07-20,1,-1,0,0.427,vazia
E-BO-002244,C-BO-M-00383-00,BO-M-00383,BO-R-0002,bovino,Senepol,Brahman,5.2,2,3.3,0.39,0.3,IATF,8,0,2023-08-20,2,-1,0,0.537,vazia
E-BO-002245,C-BO-M-00383-00,BO-M-00383,BO-R-0039,bovino,Senepol,Senepol,5.2,2,3.3,0.39,0.53,convencional,9,0,2023-09-20,3,-1,0,0.592,prenhe
E-BO-002246,C-BO-M-00384-00,BO-M-00384,BO-R-0039,bovino,Nelore,Senepol,2.8,1,4.0,0.19,0.53,IATF,6,0,2023-06-06,1,-1,0,0.32,vazia
E-BO-002247,C-BO-M-00384-00,BO-M-00384,BO-R-0025,bovino,Nelore,Nelore,2.8,1,4.0,0.19,0.62,convencional,6,0,2023-06-29,2,-1,0,0.32,prenhe
E-BO-002248,C-BO-M-00384-01,BO-M-00384,BO-R-0018,bovino,Nelore,Nelore,2.8,1,4.0,0.19,0.82,IATF,8,0,2024-08-02,1,117,0,0.474,prenhe
E-BO-002249,C-BO-M-00385-00,BO-M-00385,BO-R-0019,bovino,Mestico,Brahman,4.4,5,2.7,0.86,0.55,IATF,7,0,2023-07-09,1,-1,0,0.425,vazia
E-BO-002250,C-BO-M-00385-00,BO-M-00385,BO-R-0028,bovino,Mestico,Angus,4.4,5,2.7,0.86,0.91,IATF,8,0,2023-08-06,2,-1,0,0.413,vazia
E-BO-002251,C-BO-M-00385-00,BO-M-00385,BO-R-0015,bovino,Mestico,Angus,4.4,5,2.7,0.86,0.51,IATF,8,0,2023-08-28,3,-1,0,0.319,vazia
E-BO-002252,C-BO-M-00385-01,BO-M-00385,BO-R-0005,bovino,Mestico,Gir,4.4,5,2.7,0.86,0.72,convencional,10,1,2023-10-30,1,-1,1,0.669,prenhe
E-BO-002253,C-BO-M-00385-02,BO-M-00385,BO-R-0012,bovino,Mestico,Senepol,4.4,5,2.7,0.86,0.33,IATF,11,1,2024-11-03,1,87,0,0.508,vazia
E-BO-002254,C-BO-M-00385-02,BO-M-00385,BO-R-0022,bovino,Mestico,Guzera,4.4,5,2.7,0.86,0.4,IA_repasse,11,1,2024-11-30,2,114,0,0.475,vazia
E-BO-002255,C-BO-M-00385-02,BO-M-00385,BO-R-0033,bovino,Mestico,Nelore,4.4,5,2.7,0.86,0.79,IATF,12,1,2024-12-28,3,142,0,0.544,prenhe
E-BO-002256,C-BO-M-00385-03,BO-M-00385,BO-R-0029,bovino,Mestico,Nelore,4.4,5,2.7,0.86,0.78,IATF,1,1,2026-01-04,1,89,0,0.56,vazia
E-BO-002257,C-BO-M-00385-03,BO-M-00385,BO-R-0018,bovino,Mestico,Nelore,4.4,5,2.7,0.86,0.82,IATF,1,1,2026-01-28,2,113,0,0.688,vazia
E-BO-002258,C-BO-M-00385-03,BO-M-00385,BO-R-0008,bovino,Mestico,Brahman,4.4,5,2.7,0.86,0.38,IATF,2,1,2026-02-27,3,143,0,0.294,vazia
E-BO-002259,C-BO-M-00385-04,BO-M-00385,BO-R-0001,bovino,Mestico,Nelore,4.4,5,2.7,0.86,0.66,IATF,3,1,2026-03-30,1,174,1,0.55,prenhe
E-BO-002260,C-BO-M-00386-00,BO-M-00386,BO-R-0016,bovino,Brahman,Nelore,4.5,5,3.2,0.6,0.58,IATF,4,0,2023-04-04,1,-1,0,0.7,prenhe
E-BO-002261,C-BO-M-00386-01,BO-M-00386,BO-R-0031,bovino,Brahman,Nelore,4.5,5,3.2,0.6,0.88,IATF,3,1,2024-03-28,1,76,0,0.75,vazia
E-BO-002262,C-BO-M-00386-01,BO-M-00386,BO-R-0007,bovino,Brahman,Angus,4.5,5,3.2,0.6,0.93,IATF,4,0,2024-04-26,2,105,0,0.789,prenhe
E-BO-002263,C-BO-M-00386-02,BO-M-00386,BO-R-0002,bovino,Brahman,Brahman,4.5,5,3.2,0.6,0.3,convencional,5,0,2025-05-15,1,101,0,0.71,prenhe
E-BO-002264,C-BO-M-00387-00,BO-M-00387,BO-R-0027,bovino,Mestico,Brahman,2.2,5,3.8,0.21,0.77,IATF,6,0,2023-06-21,1,-1,0,0.343,vazia
E-BO-002265,C-BO-M-00387-00,BO-M-00387,BO-R-0024,bovino,Mestico,Nelore,2.2,5,3.8,0.21,0.68,IATF,7,0,2023-07-14,2,-1,0,0.232,vazia
E-BO-002266,C-BO-M-00387-00,BO-M-00387,BO-R-0007,bovino,Mestico,Angus,2.2,5,3.8,0.21,0.93,IATF,8,0,2023-08-15,3,-1,0,0.138,vazia
E-BO-002267,C-BO-M-00387-01,BO-M-00387,BO-R-0012,bovino,Mestico,Senepol,2.2,5,3.8,0.21,0.33,convencional,9,0,2023-09-27,1,-1,1,0.243,vazia
E-BO-002268,C-BO-M-00387-01,BO-M-00387,BO-R-0033,bovino,Mestico,Nelore,2.2,5,3.8,0.21,0.79,IATF,10,1,2023-10-19,2,-1,1,0.318,vazia
E-BO-002269,C-BO-M-00387-01,BO-M-00387,BO-R-0012,bovino,Mestico,Senepol,2.2,5,3.8,0.21,0.33,IATF,11,1,2023-11-09,3,-1,1,0.05,vazia
E-BO-002270,C-BO-M-00387-02,BO-M-00387,BO-R-0004,bovino,Mestico,Brahman,2.2,5,3.8,0.21,0.56,IATF,12,1,2023-12-13,1,-1,2,0.078,vazia
E-BO-002271,C-BO-M-00387-02,BO-M-00387,BO-R-0009,bovino,Mestico,Gir,2.2,5,3.8,0.21,0.52,IATF,1,1,2024-01-11,2,-1,2,0.081,vazia
E-BO-002272,C-BO-M-00387-02,BO-M-00387,BO-R-0011,bovino,Mestico,Nelore,2.2,5,3.8,0.21,0.57,IATF,2,1,2024-02-03,3,-1,2,0.05,vazia
E-BO-002273,C-BO-M-00387-03,BO-M-00387,BO-R-0033,bovino,Mestico,Nelore,2.2,5,3.8,0.21,0.79,IATF,3,1,2024-03-23,1,-1,3,0.217,vazia
E-BO-002274,C-BO-M-00387-03,BO-M-00387,BO-R-0001,bovino,Mestico,Nelore,2.2,5,3.8,0.21,0.66,IATF,4,0,2024-04-19,2,-1,3,0.05,vazia
E-BO-002275,C-BO-M-00387-03,BO-M-00387,BO-R-0032,bovino,Mestico,Brahman,2.2,5,3.8,0.21,0.75,convencional,5,0,2024-05-11,3,-1,3,0.05,vazia
E-BO-002276,C-BO-M-00387-04,BO-M-00387,BO-R-0038,bovino,Mestico,Senepol,2.2,5,3.8,0.21,0.52,IATF,6,0,2024-06-28,1,-1,4,0.05,vazia
E-BO-002277,C-BO-M-00387-04,BO-M-00387,BO-R-0011,bovino,Mestico,Nelore,2.2,5,3.8,0.21,0.57,IATF,7,0,2024-07-28,2,-1,4,0.05,vazia
E-BO-002278,C-BO-M-00387-04,BO-M-00387,BO-R-0033,bovino,Mestico,Nelore,2.2,5,3.8,0.21,0.79,IATF,8,0,2024-08-21,3,-1,4,0.05,vazia
E-BO-002279,C-BO-M-00388-00,BO-M-00388,BO-R-0011,bovino,Nelore,Nelore,2.5,5,3.8,0.41,0.57,IATF,2,1,2023-02-15,1,-1,0,0.459,vazia
E-BO-002280,C-BO-M-00388-00,BO-M-00388,BO-R-0010,bovino,Nelore,Gir,2.5,5,3.8,0.41,0.31,convencional,3,1,2023-03-09,2,-1,0,0.235,vazia
E-BO-002281,C-BO-M-00388-00,BO-M-00388,BO-R-0020,bovino,Nelore,Nelore,2.5,5,3.8,0.41,0.55,convencional,4,0,2023-04-01,3,-1,0,0.172,vazia
E-BO-002282,C-BO-M-00388-01,BO-M-00388,BO-R-0009,bovino,Nelore,Gir,2.5,5,3.8,0.41,0.52,IATF,5,0,2023-05-10,1,-1,1,0.197,vazia
E-BO-002283,C-BO-M-00388-01,BO-M-00388,BO-R-0018,bovino,Nelore,Nelore,2.5,5,3.8,0.41,0.82,IATF,6,0,2023-06-05,2,-1,1,0.192,prenhe
E-BO-002284,C-BO-M-00388-02,BO-M-00388,BO-R-0020,bovino,Nelore,Nelore,2.5,5,3.8,0.41,0.55,IATF,6,0,2024-06-19,1,97,0,0.383,vazia
E-BO-002285,C-BO-M-00388-02,BO-M-00388,BO-R-0020,bovino,Nelore,Nelore,2.5,5,3.8,0.41,0.55,IATF,7,0,2024-07-21,2,129,0,0.24,vazia
E-BO-002286,C-BO-M-00388-02,BO-M-00388,BO-R-0029,bovino,Nelore,Nelore,2.5,5,3.8,0.41,0.78,IATF,8,0,2024-08-19,3,158,0,0.186,vazia
E-BO-002287,C-BO-M-00389-00,BO-M-00389,BO-R-0010,bovino,Gir,Gir,7.2,5,2.5,0.7,0.31,IATF,3,1,2023-03-10,1,-1,0,0.436,vazia
E-BO-002288,C-BO-M-00389-00,BO-M-00389,BO-R-0027,bovino,Gir,Brahman,7.2,5,2.5,0.7,0.77,IATF,4,0,2023-04-07,2,-1,0,0.418,prenhe
E-BO-002289,C-BO-M-00389-01,BO-M-00389,BO-R-0024,bovino,Gir,Nelore,7.2,5,2.5,0.7,0.68,convencional,4,0,2024-04-22,1,98,0,0.639,vazia
E-BO-002290,C-BO-M-00389-01,BO-M-00389,BO-R-0035,bovino,Gir,Brahman,7.2,5,2.5,0.7,0.74,IA_repasse,5,0,2024-05-18,2,124,0,0.378,prenhe
E-BO-002291,C-BO-M-00389-02,BO-M-00389,BO-R-0023,bovino,Gir,Brahman,7.2,5,2.5,0.7,0.35,IATF,5,0,2025-05-14,1,78,0,0.327,prenhe
E-BO-002292,C-BO-M-00390-00,BO-M-00390,BO-R-0026,bovino,Angus,Mestico,4.1,2,3.0,0.49,0.64,IATF,9,0,2023-09-21,1,-1,0,0.766,prenhe
E-BO-002293,C-BO-M-00390-01,BO-M-00390,BO-R-0011,bovino,Angus,Nelore,4.1,2,3.0,0.49,0.57,IATF,9,0,2024-09-07,1,69,0,0.638,prenhe
E-BO-002294,C-BO-M-00390-02,BO-M-00390,BO-R-0008,bovino,Angus,Brahman,4.1,2,3.0,0.49,0.38,convencional,8,0,2025-08-27,1,71,0,0.656,prenhe
E-BO-002295,C-BO-M-00391-00,BO-M-00391,BO-R-0000,bovino,Nelore,Senepol,9.6,1,3.9,0.45,0.48,IATF,5,0,2023-05-27,1,-1,0,0.374,prenhe
E-BO-002296,C-BO-M-00391-01,BO-M-00391,BO-R-0004,bovino,Nelore,Brahman,9.6,1,3.9,0.45,0.56,IATF,5,0,2024-05-12,1,68,0,0.265,prenhe
E-BO-002297,C-BO-M-00391-02,BO-M-00391,BO-R-0027,bovino,Nelore,Brahman,9.6,1,3.9,0.45,0.77,IATF,4,0,2025-04-30,1,70,0,0.343,prenhe
E-BO-002298,C-BO-M-00391-03,BO-M-00391,BO-R-0031,bovino,Nelore,Nelore,9.6,1,3.9,0.45,0.88,convencional,4,0,2026-04-17,1,69,0,0.423,vazia
E-BO-002299,C-BO-M-00392-00,BO-M-00392,BO-R-0037,bovino,Senepol,Brahman,3.2,3,3.5,0.83,0.45,convencional,8,0,2023-08-15,1,-1,0,0.864,prenhe
E-BO-002300,C-BO-M-00392-01,BO-M-00392,BO-R-0037,bovino,Senepol,Brahman,3.2,3,3.5,0.83,0.45,IATF,8,0,2024-08-20,1,88,0,0.623,prenhe
E-BO-002301,C-BO-M-00392-02,BO-M-00392,BO-R-0028,bovino,Senepol,Angus,3.2,3,3.5,0.83,0.91,IATF,9,0,2025-09-24,1,117,0,0.95,prenhe
E-BO-002302,C-BO-M-00393-00,BO-M-00393,BO-R-0020,bovino,Angus,Nelore,1.9,1,3.3,0.34,0.55,IATF,10,1,2023-10-01,1,-1,0,0.636,prenhe
E-BO-002303,C-BO-M-00393-01,BO-M-00393,BO-R-0015,bovino,Angus,Angus,1.9,1,3.3,0.34,0.51,IA_repasse,9,0,2024-09-14,1,66,0,0.325,vazia
E-BO-002304,C-BO-M-00393-01,BO-M-00393,BO-R-0009,bovino,Angus,Gir,1.9,1,3.3,0.34,0.52,IATF,10,1,2024-10-06,2,88,0,0.315,vazia
E-BO-002305,C-BO-M-00393-01,BO-M-00393,BO-R-0026,bovino,Angus,Mestico,1.9,1,3.3,0.34,0.64,convencional,10,1,2024-10-29,3,111,0,0.543,vazia
E-BO-002306,C-BO-M-00393-02,BO-M-00393,BO-R-0034,bovino,Angus,Nelore,1.9,1,3.3,0.34,0.63,IATF,12,1,2024-12-29,1,172,1,0.47,prenhe
E-BO-002307,C-BO-M-00393-03,BO-M-00393,BO-R-0021,bovino,Angus,Nelore,1.9,1,3.3,0.34,0.68,convencional,1,1,2026-01-23,1,107,0,0.814,prenhe
E-BO-002308,C-BO-M-00394-00,BO-M-00394,BO-R-0010,bovino,Nelore,Gir,7.8,2,3.1,0.39,0.31,convencional,1,1,2023-01-29,1,-1,0,0.724,prenhe
E-BO-002309,C-BO-M-00394-01,BO-M-00394,BO-R-0034,bovino,Nelore,Nelore,7.8,2,3.1,0.39,0.63,convencional,2,1,2024-02-12,1,96,0,0.942,prenhe
E-BO-002310,C-BO-M-00395-00,BO-M-00395,BO-R-0023,bovino,Senepol,Brahman,8.9,3,3.0,0.59,0.35,IATF,4,0,2023-04-05,1,-1,0,0.551,vazia
E-BO-002311,C-BO-M-00395-00,BO-M-00395,BO-R-0000,bovino,Senepol,Senepol,8.9,3,3.0,0.59,0.48,IATF,5,0,2023-05-01,2,-1,0,0.369,prenhe
E-BO-002312,C-BO-M-00395-01,BO-M-00395,BO-R-0024,bovino,Senepol,Nelore,8.9,3,3.0,0.59,0.68,IATF,4,0,2024-04-22,1,74,0,0.554,vazia
E-BO-002313,C-BO-M-00395-01,BO-M-00395,BO-R-0008,bovino,Senepol,Brahman,8.9,3,3.0,0.59,0.38,IA_repasse,5,0,2024-05-13,2,95,0,0.348,prenhe
E-BO-002314,C-BO-M-00395-02,BO-M-00395,BO-R-0020,bovino,Senepol,Nelore,8.9,3,3.0,0.59,0.55,IA_repasse,6,0,2025-06-19,1,119,0,0.527,prenhe
E-BO-002315,C-BO-M-00396-00,BO-M-00396,BO-R-0002,bovino,Gir,Brahman,3.5,5,3.3,0.63,0.3,IATF,5,0,2023-05-21,1,-1,0,0.497,vazia
E-BO-002316,C-BO-M-00396-00,BO-M-00396,BO-R-0003,bovino,Gir,Senepol,3.5,5,3.3,0.63,0.66,convencional,6,0,2023-06-12,2,-1,0,0.678,prenhe
E-BO-002317,C-BO-M-00396-01,BO-M-00396,BO-R-0039,bovino,Gir,Senepol,3.5,5,3.3,0.63,0.53,IATF,5,0,2024-05-25,1,65,0,0.527,vazia
E-BO-002318,C-BO-M-00396-01,BO-M-00396,BO-R-0036,bovino,Gir,Guzera,3.5,5,3.3,0.63,0.72,IATF,6,0,2024-06-23,2,94,0,0.658,vazia
E-BO-002319,C-BO-M-00396-01,BO-M-00396,BO-R-0029,bovino,Gir,Nelore,3.5,5,3.3,0.63,0.78,convencional,7,0,2024-07-22,3,123,0,0.727,prenhe
E-BO-002320,C-BO-M-00396-02,BO-M-00396,BO-R-0004,bovino,Gir,Brahman,3.5,5,3.3,0.63,0.56,IATF,8,0,2025-08-17,1,108,0,0.659,vazia
E-BO-002321,C-BO-M-00396-02,BO-M-00396,BO-R-0034,bovino,Gir,Nelore,3.5,5,3.3,0.63,0.63,IATF,9,0,2025-09-17,2,139,0,0.676,vazia
E-BO-002322,C-BO-M-00396-02,BO-M-00396,BO-R-0009,bovino,Gir,Gir,3.5,5,3.3,0.63,0.52,IATF,10,1,2025-10-16,3,168,0,0.607,prenhe
E-BO-002323,C-BO-M-00397-00,BO-M-00397,BO-R-0011,bovino,Nelore,Nelore,2.8,1,3.1,0.65,0.57,convencional,2,1,2023-02-03,1,-1,0,0.752,prenhe
E-BO-002324,C-BO-M-00397-01,BO-M-00397,BO-R-0023,bovino,Nelore,Brahman,2.8,1,3.1,0.65,0.35,IATF,2,1,2024-02-22,1,101,0,0.675,prenhe
E-BO-002325,C-BO-M-00397-02,BO-M-00397,BO-R-0004,bovino,Nelore,Brahman,2.8,1,3.1,0.65,0.56,IATF,2,1,2025-02-09,1,70,0,0.558,vazia
E-BO-002326,C-BO-M-00397-02,BO-M-00397,BO-R-0022,bovino,Nelore,Guzera,2.8,1,3.1,0.65,0.4,IATF,3,1,2025-03-12,2,101,0,0.53,vazia
E-BO-002327,C-BO-M-00397-02,BO-M-00397,BO-R-0010,bovino,Nelore,Gir,2.8,1,3.1,0.65,0.31,IA_repasse,4,0,2025-04-05,3,125,0,0.193,vazia
E-BO-002328,C-BO-M-00397-03,BO-M-00397,BO-R-0023,bovino,Nelore,Brahman,2.8,1,3.1,0.65,0.35,IATF,5,0,2025-05-20,1,170,1,0.4,vazia
E-BO-002329,C-BO-M-00397-03,BO-M-00397,BO-R-0028,bovino,Nelore,Angus,2.8,1,3.1,0.65,0.91,IATF,6,0,2025-06-18,2,199,1,0.424,prenhe
E-BO-002330,C-BO-M-00398-00,BO-M-00398,BO-R-0037,bovino,Senepol,Brahman,2.7,1,3.2,0.73,0.45,convencional,1,1,2023-01-16,1,-1,0,0.731,vazia
E-BO-002331,C-BO-M-00398-00,BO-M-00398,BO-R-0009,bovino,Senepol,Gir,2.7,1,3.2,0.73,0.52,IATF,2,1,2023-02-11,2,-1,0,0.547,vazia
E-BO-002332,C-BO-M-00398-00,BO-M-00398,BO-R-0013,bovino,Senepol,Nelore,2.7,1,3.2,0.73,0.46,IATF,3,1,2023-03-06,3,-1,0,0.4,prenhe
E-BO-002333,C-BO-M-00398-01,BO-M-00398,BO-R-0021,bovino,Senepol,Nelore,2.7,1,3.2,0.73,0.68,IATF,3,1,2024-03-18,1,95,0,0.776,prenhe
E-BO-002334,C-BO-M-00398-02,BO-M-00398,BO-R-0035,bovino,Senepol,Brahman,2.7,1,3.2,0.73,0.74,convencional,3,1,2025-03-01,1,65,0,0.756,vazia
E-BO-002335,C-BO-M-00398-02,BO-M-00398,BO-R-0031,bovino,Senepol,Nelore,2.7,1,3.2,0.73,0.88,IATF,3,1,2025-03-24,2,88,0,0.629,vazia
E-BO-002336,C-BO-M-00398-02,BO-M-00398,BO-R-0008,bovino,Senepol,Brahman,2.7,1,3.2,0.73,0.38,IATF,4,0,2025-04-21,3,116,0,0.302,vazia
E-BO-002337,C-BO-M-00398-03,BO-M-00398,BO-R-0034,bovino,Senepol,Nelore,2.7,1,3.2,0.73,0.63,IATF,6,0,2025-06-28,1,184,1,0.606,vazia
E-BO-002338,C-BO-M-00398-03,BO-M-00398,BO-R-0016,bovino,Senepol,Nelore,2.7,1,3.2,0.73,0.58,IATF,7,0,2025-07-22,2,208,1,0.495,vazia
E-BO-002339,C-BO-M-00398-03,BO-M-00398,BO-R-0015,bovino,Senepol,Angus,2.7,1,3.2,0.73,0.51,IATF,8,0,2025-08-22,3,239,1,0.237,vazia
E-BO-002340,C-BO-M-00398-04,BO-M-00398,BO-R-0026,bovino,Senepol,Mestico,2.7,1,3.2,0.73,0.64,convencional,10,1,2025-10-13,1,291,2,0.567,prenhe
E-BO-002341,C-BO-M-00399-00,BO-M-00399,BO-R-0019,bovino,Nelore,Brahman,5.7,4,3.2,0.59,0.55,convencional,10,1,2023-10-16,1,-1,0,0.778,prenhe
E-BO-002342,C-BO-M-00399-01,BO-M-00399,BO-R-0007,bovino,Nelore,Angus,5.7,4,3.2,0.59,0.93,IATF,10,1,2024-10-13,1,80,0,0.889,prenhe
E-BO-002343,C-BO-M-00399-02,BO-M-00399,BO-R-0010,bovino,Nelore,Gir,5.7,4,3.2,0.59,0.31,convencional,10,1,2025-10-24,1,93,0,0.876,prenhe
E-BO-002344,C-BO-M-00400-00,BO-M-00400,BO-R-0005,bovino,Nelore,Gir,5.2,0,2.9,0.65,0.72,IATF,2,1,2023-02-12,1,-1,0,0.538,prenhe
E-BO-002345,C-BO-M-00400-01,BO-M-00400,BO-R-0026,bovino,Nelore,Mestico,5.2,0,2.9,0.65,0.64,convencional,2,1,2024-02-29,1,99,0,0.734,prenhe
E-BO-002346,C-BO-M-00400-02,BO-M-00400,BO-R-0012,bovino,Nelore,Senepol,5.2,0,2.9,0.65,0.33,convencional,2,1,2025-02-14,1,68,0,0.57,prenhe
E-BO-002347,C-BO-M-00400-03,BO-M-00400,BO-R-0003,bovino,Nelore,Senepol,5.2,0,2.9,0.65,0.66,IATF,2,1,2026-02-11,1,79,0,0.424,prenhe
E-BO-002348,C-BO-M-00401-00,BO-M-00401,BO-R-0012,bovino,Guzera,Senepol,3.3,3,3.5,0.5,0.33,convencional,1,1,2023-01-31,1,-1,0,0.655,prenhe
E-BO-002349,C-BO-M-00401-01,BO-M-00401,BO-R-0014,bovino,Guzera,Gir,3.3,3,3.5,0.5,0.7,convencional,1,1,2024-01-16,1,67,0,0.896,prenhe
E-BO-002350,C-BO-M-00401-02,BO-M-00401,BO-R-0006,bovino,Guzera,Angus,3.3,3,3.5,0.5,0.76,IATF,2,1,2025-02-04,1,102,0,0.95,prenhe
E-BO-002351,C-BO-M-00401-03,BO-M-00401,BO-R-0019,bovino,Guzera,Brahman,3.3,3,3.5,0.5,0.55,IATF,1,1,2026-01-30,1,77,0,0.732,prenhe
E-BO-002352,C-BO-M-00402-00,BO-M-00402,BO-R-0038,bovino,Brahman,Senepol,1.4,4,4.7,0.56,0.52,IATF,4,0,2023-04-03,1,-1,0,0.246,prenhe
E-BO-002353,C-BO-M-00402-01,BO-M-00402,BO-R-0031,bovino,Brahman,Nelore,1.4,4,4.7,0.56,0.88,convencional,5,0,2024-05-06,1,116,0,0.647,prenhe
E-BO-002354,C-BO-M-00402-02,BO-M-00402,BO-R-0013,bovino,Brahman,Nelore,1.4,4,4.7,0.56,0.46,IATF,5,0,2025-05-15,1,91,0,0.415,vazia
E-BO-002355,C-BO-M-00402-02,BO-M-00402,BO-R-0014,bovino,Brahman,Gir,1.4,4,4.7,0.56,0.7,IATF,6,0,2025-06-15,2,122,0,0.314,vazia
E-BO-002356,C-BO-M-00402-02,BO-M-00402,BO-R-0022,bovino,Brahman,Guzera,1.4,4,4.7,0.56,0.4,IATF,7,0,2025-07-07,3,144,0,0.103,prenhe
E-BO-002357,C-BO-M-00403-00,BO-M-00403,BO-R-0003,bovino,Nelore,Senepol,5.3,3,2.3,0.57,0.66,IATF,7,0,2023-07-09,1,-1,0,0.473,vazia
E-BO-002358,C-BO-M-00403-00,BO-M-00403,BO-R-0001,bovino,Nelore,Nelore,5.3,3,2.3,0.57,0.66,IATF,7,0,2023-07-31,2,-1,0,0.365,prenhe
E-BO-002359,C-BO-M-00403-01,BO-M-00403,BO-R-0004,bovino,Nelore,Brahman,5.3,3,2.3,0.57,0.56,IA_repasse,8,0,2024-08-24,1,107,0,0.376,vazia
E-BO-002360,C-BO-M-00403-01,BO-M-00403,BO-R-0019,bovino,Nelore,Brahman,5.3,3,2.3,0.57,0.55,convencional,9,0,2024-09-25,2,139,0,0.506,prenhe
E-BO-002361,C-BO-M-00403-02,BO-M-00403,BO-R-0034,bovino,Nelore,Nelore,5.3,3,2.3,0.57,0.63,IATF,9,0,2025-09-09,1,66,0,0.462,vazia
E-BO-002362,C-BO-M-00403-02,BO-M-00403,BO-R-0015,bovino,Nelore,Angus,5.3,3,2.3,0.57,0.51,IATF,10,1,2025-10-11,2,98,0,0.408,prenhe
E-BO-002363,C-BO-M-00404-00,BO-M-00404,BO-R-0022,bovino,Mestico,Guzera,9.6,2,3.4,0.59,0.4,IATF,5,0,2023-05-04,1,-1,0,0.437,vazia
E-BO-002364,C-BO-M-00404-00,BO-M-00404,BO-R-0027,bovino,Mestico,Brahman,9.6,2,3.4,0.59,0.77,IATF,6,0,2023-06-03,2,-1,0,0.588,vazia
E-BO-002365,C-BO-M-00404-00,BO-M-00404,BO-R-0027,bovino,Mestico,Brahman,9.6,2,3.4,0.59,0.77,IATF,7,0,2023-07-05,3,-1,0,0.327,prenhe
E-BO-002366,C-BO-M-00404-01,BO-M-00404,BO-R-0002,bovino,Mestico,Brahman,9.6,2,3.4,0.59,0.3,IA_repasse,6,0,2024-06-24,1,72,0,0.378,vazia
E-BO-002367,C-BO-M-00404-01,BO-M-00404,BO-R-0024,bovino,Mestico,Nelore,9.6,2,3.4,0.59,0.68,convencional,7,0,2024-07-15,2,93,0,0.756,vazia
E-BO-002368,C-BO-M-00404-01,BO-M-00404,BO-R-0028,bovino,Mestico,Angus,9.6,2,3.4,0.59,0.91,IATF,8,0,2024-08-11,3,120,0,0.517,prenhe
E-BO-002369,C-BO-M-00404-02,BO-M-00404,BO-R-0010,bovino,Mestico,Gir,9.6,2,3.4,0.59,0.31,IA_repasse,8,0,2025-08-29,1,100,0,0.473,vazia
E-BO-002370,C-BO-M-00404-02,BO-M-00404,BO-R-0020,bovino,Mestico,Nelore,9.6,2,3.4,0.59,0.55,IATF,9,0,2025-09-25,2,127,0,0.569,prenhe
E-BO-002371,C-BO-M-00405-00,BO-M-00405,BO-R-0038,bovino,Gir,Senepol,6.9,4,2.8,0.7,0.52,IATF,6,0,2023-06-26,1,-1,0,0.63,vazia
E-BO-002372,C-BO-M-00405-00,BO-M-00405,BO-R-0003,bovino,Gir,Senepol,6.9,4,2.8,0.7,0.66,IATF,7,0,2023-07-17,2,-1,0,0.484,prenhe
E-BO-002373,C-BO-M-00405-01,BO-M-00405,BO-R-0020,bovino,Gir,Nelore,6.9,4,2.8,0.7,0.55,IATF,8,0,2024-08-11,1,108,0,0.629,prenhe
E-BO-002374,C-BO-M-00405-02,BO-M-00405,BO-R-0028,bovino,Gir,Angus,6.9,4,2.8,0.7,0.91,IATF,7,0,2025-07-28,1,68,0,0.756,prenhe
E-BO-002375,C-BO-M-00406-00,BO-M-00406,BO-R-0001,bovino,Nelore,Nelore,5.5,2,3.5,0.66,0.66,IATF,8,0,2023-08-25,1,-1,0,0.855,prenhe
E-BO-002376,C-BO-M-00406-01,BO-M-00406,BO-R-0026,bovino,Nelore,Mestico,5.5,2,3.5,0.66,0.64,IATF,9,0,2024-09-04,1,93,0,0.767,prenhe
E-BO-002377,C-BO-M-00406-02,BO-M-00406,BO-R-0001,bovino,Nelore,Nelore,5.5,2,3.5,0.66,0.66,IATF,10,1,2025-10-11,1,119,0,0.939,prenhe
E-BO-002378,C-BO-M-00407-00,BO-M-00407,BO-R-0010,bovino,Gir,Gir,2.0,4,3.2,0.56,0.31,IATF,6,0,2023-06-08,1,-1,0,0.462,prenhe
E-BO-002379,C-BO-M-00407-01,BO-M-00407,BO-R-0027,bovino,Gir,Brahman,2.0,4,3.2,0.56,0.77,IATF,6,0,2024-06-18,1,93,0,0.827,prenhe
E-BO-002380,C-BO-M-00407-02,BO-M-00407,BO-R-0031,bovino,Gir,Nelore,2.0,4,3.2,0.56,0.88,IA_repasse,5,0,2025-05-28,1,61,0,0.597,prenhe
E-BO-002381,C-BO-M-00408-00,BO-M-00408,BO-R-0035,bovino,Nelore,Brahman,3.3,2,3.6,0.39,0.74,IATF,4,0,2023-04-11,1,-1,0,0.563,vazia
E-BO-002382,C-BO-M-00408-00,BO-M-00408,BO-R-0001,bovino,Nelore,Nelore,3.3,2,3.6,0.39,0.66,IATF,5,0,2023-05-05,2,-1,0,0.494,vazia
E-BO-002383,C-BO-M-00408-00,BO-M-00408,BO-R-0029,bovino,Nelore,Nelore,3.3,2,3.6,0.39,0.78,IATF,6,0,2023-06-04,3,-1,0,0.381,vazia
E-BO-002384,C-BO-M-00408-01,BO-M-00408,BO-R-0028,bovino,Nelore,Angus,3.3,2,3.6,0.39,0.91,convencional,7,0,2023-07-09,1,-1,1,0.683,vazia
E-BO-002385,C-BO-M-00408-01,BO-M-00408,BO-R-0001,bovino,Nelore,Nelore,3.3,2,3.6,0.39,0.66,IATF,8,0,2023-08-08,2,-1,1,0.343,prenhe
E-BO-002386,C-BO-M-00408-02,BO-M-00408,BO-R-0016,bovino,Nelore,Nelore,3.3,2,3.6,0.39,0.58,IATF,8,0,2024-08-10,1,85,0,0.441,vazia
E-BO-002387,C-BO-M-00408-02,BO-M-00408,BO-R-0031,bovino,Nelore,Nelore,3.3,2,3.6,0.39,0.88,IATF,9,0,2024-09-04,2,110,0,0.611,prenhe
E-BO-002388,C-BO-M-00408-03,BO-M-00408,BO-R-0030,bovino,Nelore,Nelore,3.3,2,3.6,0.39,0.8,IATF,9,0,2025-09-12,1,90,0,0.673,vazia
E-BO-002389,C-BO-M-00408-03,BO-M-00408,BO-R-0037,bovino,Nelore,Brahman,3.3,2,3.6,0.39,0.45,IATF,10,1,2025-10-10,2,118,0,0.556,prenhe
E-BO-002390,C-BO-M-00409-00,BO-M-00409,BO-R-0031,bovino,Mestico,Nelore,3.7,0,3.8,0.56,0.88,IATF,3,1,2023-03-02,1,-1,0,0.631,vazia
E-BO-002391,C-BO-M-00409-00,BO-M-00409,BO-R-0023,bovino,Mestico,Brahman,3.7,0,3.8,0.56,0.35,convencional,3,1,2023-03-24,2,-1,0,0.397,prenhe
E-BO-002392,C-BO-M-00409-01,BO-M-00409,BO-R-0031,bovino,Mestico,Nelore,3.7,0,3.8,0.56,0.88,IATF,3,1,2024-03-25,1,84,0,0.513,prenhe
E-BO-002393,C-BO-M-00409-02,BO-M-00409,BO-R-0013,bovino,Mestico,Nelore,3.7,0,3.8,0.56,0.46,convencional,4,0,2025-04-26,1,114,0,0.557,vazia
E-BO-002394,C-BO-M-00409-02,BO-M-00409,BO-R-0021,bovino,Mestico,Nelore,3.7,0,3.8,0.56,0.68,IATF,5,0,2025-05-20,2,138,0,0.469,vazia
E-BO-002395,C-BO-M-00409-02,BO-M-00409,BO-R-0000,bovino,Mestico,Senepol,3.7,0,3.8,0.56,0.48,convencional,6,0,2025-06-15,3,164,0,0.373,vazia
E-BO-002396,C-BO-M-00409-03,BO-M-00409,BO-R-0000,bovino,Mestico,Senepol,3.7,0,3.8,0.56,0.48,IATF,7,0,2025-07-31,1,210,1,0.364,prenhe
E-BO-002397,C-BO-M-00410-00,BO-M-00410,BO-R-0037,bovino,Angus,Brahman,7.9,3,3.3,0.54,0.45,IATF,10,1,2023-10-25,1,-1,0,0.733,vazia
E-BO-002398,C-BO-M-00410-00,BO-M-00410,BO-R-0003,bovino,Angus,Senepol,7.9,3,3.3,0.54,0.66,IATF,11,1,2023-11-23,2,-1,0,0.666,vazia
E-BO-002399,C-BO-M-00410-00,BO-M-00410,BO-R-0035,bovino,Angus,Brahman,7.9,3,3.3,0.54,0.74,convencional,12,1,2023-12-22,3,-1,0,0.748,prenhe
E-BO-002400,C-BO-M-00410-01,BO-M-00410,BO-R-0024,bovino,Angus,Nelore,7.9,3,3.3,0.54,0.68,IATF,12,1,2024-12-19,1,80,0,0.741,vazia
E-BO-002401,C-BO-M-00410-01,BO-M-00410,BO-R-0012,bovino,Angus,Senepol,7.9,3,3.3,0.54,0.33,convencional,1,1,2025-01-18,2,110,0,0.748,prenhe
E-BO-002402,C-BO-M-00410-02,BO-M-00410,BO-R-0024,bovino,Angus,Nelore,7.9,3,3.3,0.54,0.68,IA_repasse,1,1,2026-01-19,1,83,0,0.6,prenhe
E-BO-002403,C-BO-M-00411-00,BO-M-00411,BO-R-0026,bovino,Angus,Mestico,8.9,0,3.8,0.59,0.64,IATF,10,1,2023-10-24,1,-1,0,0.355,vazia
E-BO-002404,C-BO-M-00411-00,BO-M-00411,BO-R-0006,bovino,Angus,Angus,8.9,0,3.8,0.59,0.76,IATF,11,1,2023-11-19,2,-1,0,0.334,vazia
E-BO-002405,C-BO-M-00411-00,BO-M-00411,BO-R-0002,bovino,Angus,Brahman,8.9,0,3.8,0.59,0.3,IATF,12,1,2023-12-11,3,-1,0,0.05,vazia
E-BO-002406,C-BO-M-00411-01,BO-M-00411,BO-R-0030,bovino,Angus,Nelore,8.9,0,3.8,0.59,0.8,convencional,2,1,2024-02-16,1,-1,1,0.561,prenhe
E-BO-002407,C-BO-M-00411-02,BO-M-00411,BO-R-0026,bovino,Angus,Mestico,8.9,0,3.8,0.59,0.64,convencional,2,1,2025-02-24,1,91,0,0.734,prenhe
E-BO-002408,C-BO-M-00411-03,BO-M-00411,BO-R-0021,bovino,Angus,Nelore,8.9,0,3.8,0.59,0.68,IATF,2,1,2026-02-17,1,75,0,0.342,vazia
E-BO-002409,C-BO-M-00411-03,BO-M-00411,BO-R-0031,bovino,Angus,Nelore,8.9,0,3.8,0.59,0.88,IATF,3,1,2026-03-21,2,107,0,0.452,prenhe
E-BO-002410,C-BO-M-00412-00,BO-M-00412,BO-R-0035,bovino,Nelore,Brahman,9.1,5,2.0,0.99,0.74,IATF,5,0,2023-05-31,1,-1,0,0.377,vazia
E-BO-002411,C-BO-M-00412-00,BO-M-00412,BO-R-0025,bovino,Nelore,Nelore,9.1,5,2.0,0.99,0.62,IATF,6,0,2023-06-27,2,-1,0,0.183,vazia
E-BO-002412,C-BO-M-00412-00,BO-M-00412,BO-R-0014,bovino,Nelore,Gir,9.1,5,2.0,0.99,0.7,IATF,7,0,2023-07-20,3,-1,0,0.104,vazia
E-BO-002413,C-BO-M-00413-00,BO-M-00413,BO-R-0025,bovino,Guzera,Nelore,9.9,3,4.0,0.45,0.62,IATF,6,0,2023-06-01,1,-1,0,0.4,prenhe
E-BO-002414,C-BO-M-00413-01,BO-M-00413,BO-R-0010,bovino,Guzera,Gir,9.9,3,4.0,0.45,0.31,IATF,6,0,2024-06-06,1,88,0,0.194,vazia
E-BO-002415,C-BO-M-00413-01,BO-M-00413,BO-R-0026,bovino,Guzera,Mestico,9.9,3,4.0,0.45,0.64,IA_repasse,7,0,2024-07-05,2,117,0,0.268,vazia
E-BO-002416,C-BO-M-00413-01,BO-M-00413,BO-R-0017,bovino,Guzera,Nelore,9.9,3,4.0,0.45,0.35,IATF,7,0,2024-07-30,3,142,0,0.22,vazia
E-BO-002417,C-BO-M-00413-02,BO-M-00413,BO-R-0028,bovino,Guzera,Angus,9.9,3,4.0,0.45,0.91,IA_repasse,9,0,2024-09-03,1,177,1,0.384,vazia
E-BO-002418,C-BO-M-00413-02,BO-M-00413,BO-R-0004,bovino,Guzera,Brahman,9.9,3,4.0,0.45,0.56,IATF,10,1,2024-10-03,2,207,1,0.35,prenhe
E-BO-002419,C-BO-M-00413-03,BO-M-00413,BO-R-0039,bovino,Guzera,Senepol,9.9,3,4.0,0.45,0.53,IATF,9,0,2025-09-25,1,74,0,0.294,prenhe
E-BO-002420,C-BO-M-00414-00,BO-M-00414,BO-R-0024,bovino,Nelore,Nelore,9.8,2,3.4,0.63,0.68,IATF,6,0,2023-06-28,1,-1,0,0.587,prenhe
E-BO-002421,C-BO-M-00414-01,BO-M-00414,BO-R-0013,bovino,Nelore,Nelore,9.8,2,3.4,0.63,0.46,IA_repasse,6,0,2024-06-17,1,72,0,0.411,vazia
E-BO-002422,C-BO-M-00414-01,BO-M-00414,BO-R-0015,bovino,Nelore,Angus,9.8,2,3.4,0.63,0.51,convencional,7,0,2024-07-11,2,96,0,0.595,prenhe
E-BO-002423,C-BO-M-00414-02,BO-M-00414,BO-R-0032,bovino,Nelore,Brahman,9.8,2,3.4,0.63,0.75,IATF,8,0,2025-08-11,1,113,0,0.705,vazia
E-BO-002424,C-BO-M-00414-02,BO-M-00414,BO-R-0008,bovino,Nelore,Brahman,9.8,2,3.4,0.63,0.38,IATF,9,0,2025-09-09,2,142,0,0.551,vazia
E-BO-002425,C-BO-M-00414-02,BO-M-00414,BO-R-0021,bovino,Nelore,Nelore,9.8,2,3.4,0.63,0.68,IATF,10,1,2025-10-10,3,173,0,0.627,vazia
E-BO-002426,C-BO-M-00414-03,BO-M-00414,BO-R-0033,bovino,Nelore,Nelore,9.8,2,3.4,0.63,0.79,IATF,12,1,2025-12-05,1,229,1,0.643,prenhe
E-BO-002427,C-BO-M-00415-00,BO-M-00415,BO-R-0029,bovino,Nelore,Nelore,9.6,2,3.7,0.76,0.78,IATF,7,0,2023-07-19,1,-1,0,0.609,prenhe
E-BO-002428,C-BO-M-00415-01,BO-M-00415,BO-R-0017,bovino,Nelore,Nelore,9.6,2,3.7,0.76,0.35,convencional,7,0,2024-07-15,1,79,0,0.408,prenhe
E-BO-002429,C-BO-M-00415-02,BO-M-00415,BO-R-0005,bovino,Nelore,Gir,9.6,2,3.7,0.76,0.72,convencional,7,0,2025-07-21,1,88,0,0.566,prenhe
E-BO-002430,C-BO-M-00416-00,BO-M-00416,BO-R-0024,bovino,Nelore,Nelore,1.6,3,2.6,0.57,0.68,IATF,3,1,2023-03-06,1,-1,0,0.485,prenhe
E-BO-002431,C-BO-M-00416-01,BO-M-00416,BO-R-0035,bovino,Nelore,Brahman,1.6,3,2.6,0.57,0.74,convencional,4,0,2024-04-09,1,117,0,0.625,vazia
E-BO-002432,C-BO-M-00416-01,BO-M-00416,BO-R-0013,bovino,Nelore,Nelore,1.6,3,2.6,0.57,0.46,convencional,4,0,2024-04-30,2,138,0,0.364,prenhe
E-BO-002433,C-BO-M-00417-00,BO-M-00417,BO-R-0005,bovino,Brahman,Gir,2.2,1,2.8,1.0,0.72,IATF,8,0,2023-08-12,1,-1,0,0.573,vazia
E-BO-002434,C-BO-M-00417-00,BO-M-00417,BO-R-0030,bovino,Brahman,Nelore,2.2,1,2.8,1.0,0.8,IATF,9,0,2023-09-12,2,-1,0,0.443,prenhe
E-BO-002435,C-BO-M-00417-01,BO-M-00417,BO-R-0002,bovino,Brahman,Brahman,2.2,1,2.8,1.0,0.3,convencional,9,0,2024-09-25,1,96,0,0.585,prenhe
E-BO-002436,C-BO-M-00417-02,BO-M-00417,BO-R-0019,bovino,Brahman,Brahman,2.2,1,2.8,1.0,0.55,IA_repasse,9,0,2025-09-22,1,79,0,0.236,vazia
E-BO-002437,C-BO-M-00417-02,BO-M-00417,BO-R-0022,bovino,Brahman,Guzera,2.2,1,2.8,1.0,0.4,convencional,10,1,2025-10-24,2,111,0,0.608,vazia
E-BO-002438,C-BO-M-00417-02,BO-M-00417,BO-R-0006,bovino,Brahman,Angus,2.2,1,2.8,1.0,0.76,convencional,11,1,2025-11-19,3,137,0,0.482,vazia
E-BO-002439,C-BO-M-00417-03,BO-M-00417,BO-R-0014,bovino,Brahman,Gir,2.2,1,2.8,1.0,0.7,convencional,12,1,2025-12-19,1,167,1,0.659,vazia
E-BO-002440,C-BO-M-00417-03,BO-M-00417,BO-R-0026,bovino,Brahman,Mestico,2.2,1,2.8,1.0,0.64,IATF,1,1,2026-01-19,2,198,1,0.494,prenhe
E-BO-002441,C-BO-M-00418-00,BO-M-00418,BO-R-0014,bovino,Nelore,Gir,3.7,1,3.3,0.47,0.7,convencional,5,0,2023-05-01,1,-1,0,0.694,prenhe
E-BO-002442,C-BO-M-00418-01,BO-M-00418,BO-R-0035,bovino,Nelore,Brahman,3.7,1,3.3,0.47,0.74,IATF,4,0,2024-04-21,1,73,0,0.622,vazia
E-BO-002443,C-BO-M-00418-01,BO-M-00418,BO-R-0038,bovino,Nelore,Senepol,3.7,1,3.3,0.47,0.52,IA_repasse,5,0,2024-05-23,2,105,0,0.508,prenhe
E-BO-002444,C-BO-M-00418-02,BO-M-00418,BO-R-0034,bovino,Nelore,Nelore,3.7,1,3.3,0.47,0.63,IATF,6,0,2025-06-08,1,98,0,0.781,prenhe
E-BO-002445,C-BO-M-00419-00,BO-M-00419,BO-R-0024,bovino,Guzera,Nelore,6.0,2,3.2,0.61,0.68,convencional,4,0,2023-04-08,1,-1,0,0.911,vazia
E-BO-002446,C-BO-M-00419-00,BO-M-00419,BO-R-0004,bovino,Guzera,Brahman,6.0,2,3.2,0.61,0.56,IATF,5,0,2023-05-09,2,-1,0,0.592,prenhe
E-BO-002447,C-BO-M-00419-01,BO-M-00419,BO-R-0027,bovino,Guzera,Brahman,6.0,2,3.2,0.61,0.77,convencional,5,0,2024-05-22,1,96,0,0.95,prenhe
E-BO-002448,C-BO-M-00419-02,BO-M-00419,BO-R-0007,bovino,Guzera,Angus,6.0,2,3.2,0.61,0.93,IATF,5,0,2025-05-29,1,89,0,0.712,prenhe
E-BO-002449,C-BO-M-00420-00,BO-M-00420,BO-R-0001,bovino,Angus,Nelore,1.9,1,3.3,0.39,0.66,convencional,4,0,2023-04-07,1,-1,0,0.594,prenhe
E-BO-002450,C-BO-M-00420-01,BO-M-00420,BO-R-0001,bovino,Angus,Nelore,1.9,1,3.3,0.39,0.66,IATF,5,0,2024-05-10,1,116,0,0.612,prenhe
E-BO-002451,C-BO-M-00420-02,BO-M-00420,BO-R-0027,bovino,Angus,Brahman,1.9,1,3.3,0.39,0.77,convencional,4,0,2025-04-27,1,69,0,0.617,vazia
E-BO-002452,C-BO-M-00420-02,BO-M-00420,BO-R-0009,bovino,Angus,Gir,1.9,1,3.3,0.39,0.52,IA_repasse,5,0,2025-05-25,2,97,0,0.402,prenhe
E-BO-002453,C-BO-M-00421-00,BO-M-00421,BO-R-0006,bovino,Nelore,Angus,8.6,4,3.7,0.48,0.76,convencional,9,0,2023-09-23,1,-1,0,0.569,vazia
E-BO-002454,C-BO-M-00421-00,BO-M-00421,BO-R-0003,bovino,Nelore,Senepol,8.6,4,3.7,0.48,0.66,IATF,10,1,2023-10-23,2,-1,0,0.352,vazia
E-BO-002455,C-BO-M-00421-00,BO-M-00421,BO-R-0032,bovino,Nelore,Brahman,8.6,4,3.7,0.48,0.75,IATF,11,1,2023-11-13,3,-1,0,0.32,prenhe
E-BO-002456,C-BO-M-00421-01,BO-M-00421,BO-R-0025,bovino,Nelore,Nelore,8.6,4,3.7,0.48,0.62,IATF,11,1,2024-11-03,1,73,0,0.343,vazia
E-BO-002457,C-BO-M-00421-01,BO-M-00421,BO-R-0012,bovino,Nelore,Senepol,8.6,4,3.7,0.48,0.33,IATF,11,1,2024-11-26,2,96,0,0.313,vazia
E-BO-002458,C-BO-M-00421-01,BO-M-00421,BO-R-0029,bovino,Nelore,Nelore,8.6,4,3.7,0.48,0.78,IATF,12,1,2024-12-27,3,127,0,0.446,vazia
E-BO-002459,C-BO-M-00422-00,BO-M-00422,BO-R-0028,bovino,Nelore,Angus,6.6,0,2.3,0.6,0.91,IATF,8,0,2023-08-15,1,-1,0,0.416,prenhe
E-BO-002460,C-BO-M-00422-01,BO-M-00422,BO-R-0011,bovino,Nelore,Nelore,6.6,0,2.3,0.6,0.57,IATF,9,0,2024-09-09,1,108,0,0.432,vazia
E-BO-002461,C-BO-M-00422-01,BO-M-00422,BO-R-0007,bovino,Nelore,Angus,6.6,0,2.3,0.6,0.93,IATF,9,0,2024-09-30,2,129,0,0.396,vazia
E-BO-002462,C-BO-M-00422-01,BO-M-00422,BO-R-0035,bovino,Nelore,Brahman,6.6,0,2.3,0.6,0.74,convencional,10,1,2024-10-22,3,151,0,0.384,prenhe
E-BO-002463,C-BO-M-00423-00,BO-M-00423,BO-R-0013,bovino,Nelore,Nelore,5.9,4,3.7,0.72,0.46,convencional,2,1,2023-02-07,1,-1,0,0.627,vazia
E-BO-002464,C-BO-M-00423-00,BO-M-00423,BO-R-0011,bovino,Nelore,Nelore,5.9,4,3.7,0.72,0.57,IATF,3,1,2023-03-06,2,-1,0,0.515,prenhe
E-BO-002465,C-BO-M-00423-01,BO-M-00423,BO-R-0002,bovino,Nelore,Brahman,5.9,4,3.7,0.72,0.3,IATF,3,1,2024-03-31,1,108,0,0.605,vazia
E-BO-002466,C-BO-M-00423-01,BO-M-00423,BO-R-0036,bovino,Nelore,Guzera,5.9,4,3.7,0.72,0.72,convencional,4,0,2024-04-28,2,136,0,0.653,prenhe
E-BO-002467,C-BO-M-00423-02,BO-M-00423,BO-R-0000,bovino,Nelore,Senepol,5.9,4,3.7,0.72,0.48,IATF,5,0,2025-05-03,1,87,0,0.408,vazia
E-BO-002468,C-BO-M-00423-02,BO-M-00423,BO-R-0039,bovino,Nelore,Senepol,5.9,4,3.7,0.72,0.53,IATF,6,0,2025-06-03,2,118,0,0.538,prenhe
E-BO-002469,C-BO-M-00424-00,BO-M-00424,BO-R-0010,bovino,Angus,Gir,2.5,2,3.2,0.61,0.31,IATF,7,0,2023-07-27,1,-1,0,0.526,vazia
E-BO-002470,C-BO-M-00424-00,BO-M-00424,BO-R-0002,bovino,Angus,Brahman,2.5,2,3.2,0.61,0.3,IATF,8,0,2023-08-28,2,-1,0,0.32,vazia
E-BO-002471,C-BO-M-00424-00,BO-M-00424,BO-R-0004,bovino,Angus,Brahman,2.5,2,3.2,0.61,0.56,IATF,9,0,2023-09-22,3,-1,0,0.343,vazia
E-BO-002472,C-BO-M-00424-01,BO-M-00424,BO-R-0011,bovino,Angus,Nelore,2.5,2,3.2,0.61,0.57,IATF,11,1,2023-11-29,1,-1,1,0.565,vazia
E-BO-002473,C-BO-M-00424-01,BO-M-00424,BO-R-0030,bovino,Angus,Nelore,2.5,2,3.2,0.61,0.8,IATF,12,1,2023-12-28,2,-1,1,0.565,vazia
E-BO-002474,C-BO-M-00424-01,BO-M-00424,BO-R-0019,bovino,Angus,Brahman,2.5,2,3.2,0.61,0.55,convencional,1,1,2024-01-20,3,-1,1,0.496,vazia
E-BO-002475,C-BO-M-00424-02,BO-M-00424,BO-R-0014,bovino,Angus,Gir,2.5,2,3.2,0.61,0.7,IATF,3,1,2024-03-18,1,-1,2,0.533,prenhe
E-BO-002476,C-BO-M-00425-00,BO-M-00425,BO-R-0028,bovino,Gir,Angus,3.3,3,3.1,0.8,0.91,IATF,6,0,2023-06-10,1,-1,0,0.93,prenhe
E-BO-002477,C-BO-M-00425-01,BO-M-00425,BO-R-0029,bovino,Gir,Nelore,3.3,3,3.1,0.8,0.78,IA_repasse,5,0,2024-05-18,1,60,0,0.747,vazia
E-BO-002478,C-BO-M-00425-01,BO-M-00425,BO-R-0026,bovino,Gir,Mestico,3.3,3,3.1,0.8,0.64,IATF,6,0,2024-06-10,2,83,0,0.527,vazia
E-BO-002479,C-BO-M-00425-01,BO-M-00425,BO-R-0030,bovino,Gir,Nelore,3.3,3,3.1,0.8,0.8,IA_repasse,7,0,2024-07-12,3,115,0,0.579,vazia
E-BO-002480,C-BO-M-00425-02,BO-M-00425,BO-R-0004,bovino,Gir,Brahman,3.3,3,3.1,0.8,0.56,IATF,9,0,2024-09-16,1,181,1,0.709,vazia
E-BO-002481,C-BO-M-00425-02,BO-M-00425,BO-R-0009,bovino,Gir,Gir,3.3,3,3.1,0.8,0.52,IATF,10,1,2024-10-15,2,210,1,0.646,prenhe
E-BO-002482,C-BO-M-00426-00,BO-M-00426,BO-R-0030,bovino,Nelore,Nelore,2.4,0,2.5,0.53,0.8,IATF,10,1,2023-10-20,1,-1,0,0.457,vazia
E-BO-002483,C-BO-M-00426-00,BO-M-00426,BO-R-0036,bovino,Nelore,Guzera,2.4,0,2.5,0.53,0.72,IATF,11,1,2023-11-12,2,-1,0,0.266,vazia
E-BO-002484,C-BO-M-00426-00,BO-M-00426,BO-R-0011,bovino,Nelore,Nelore,2.4,0,2.5,0.53,0.57,convencional,12,1,2023-12-08,3,-1,0,0.228,vazia
E-BO-002485,C-BO-M-00426-01,BO-M-00426,BO-R-0028,bovino,Nelore,Angus,2.4,0,2.5,0.53,0.91,IATF,1,1,2024-01-29,1,-1,1,0.489,vazia
E-BO-002486,C-BO-M-00426-01,BO-M-00426,BO-R-0029,bovino,Nelore,Nelore,2.4,0,2.5,0.53,0.78,convencional,2,1,2024-02-24,2,-1,1,0.413,vazia
E-BO-002487,C-BO-M-00426-01,BO-M-00426,BO-R-0007,bovino,Nelore,Angus,2.4,0,2.5,0.53,0.93,IATF,3,1,2024-03-25,3,-1,1,0.301,vazia
E-BO-002488,C-BO-M-00426-02,BO-M-00426,BO-R-0009,bovino,Nelore,Gir,2.4,0,2.5,0.53,0.52,IATF,5,0,2024-05-31,1,-1,2,0.118,prenhe
E-BO-002489,C-BO-M-00427-00,BO-M-00427,BO-R-0001,bovino,Gir,Nelore,8.7,2,3.5,0.48,0.66,IATF,6,0,2023-06-20,1,-1,0,0.538,prenhe
E-BO-002490,C-BO-M-00428-00,BO-M-00428,BO-R-0003,bovino,Nelore,Senepol,6.3,4,2.0,1.0,0.66,IATF,7,0,2023-07-23,1,-1,0,0.627,prenhe
E-BO-002491,C-BO-M-00428-01,BO-M-00428,BO-R-0036,bovino,Nelore,Guzera,6.3,4,2.0,1.0,0.72,IATF,7,0,2024-07-04,1,64,0,0.531,vazia
E-BO-002492,C-BO-M-00428-01,BO-M-00428,BO-R-0012,bovino,Nelore,Senepol,6.3,4,2.0,1.0,0.33,convencional,7,0,2024-07-27,2,87,0,0.307,vazia
E-BO-002493,C-BO-M-00428-01,BO-M-00428,BO-R-0005,bovino,Nelore,Gir,6.3,4,2.0,1.0,0.72,IATF,8,0,2024-08-26,3,117,0,0.47,prenhe
E-BO-002494,C-BO-M-00428-02,BO-M-00428,BO-R-0001,bovino,Nelore,Nelore,6.3,4,2.0,1.0,0.66,IA_repasse,9,0,2025-09-11,1,98,0,0.574,vazia
E-BO-002495,C-BO-M-00428-02,BO-M-00428,BO-R-0000,bovino,Nelore,Senepol,6.3,4,2.0,1.0,0.48,IATF,10,1,2025-10-04,2,121,0,0.554,prenhe
E-BO-002496,C-BO-M-00429-00,BO-M-00429,BO-R-0038,bovino,Gir,Senepol,7.6,1,3.5,0.63,0.52,IATF,4,0,2023-04-10,1,-1,0,0.62,prenhe
E-BO-002497,C-BO-M-00429-01,BO-M-00429,BO-R-0014,bovino,Gir,Gir,7.6,1,3.5,0.63,0.7,IATF,3,1,2024-03-18,1,60,0,0.739,prenhe
E-BO-002498,C-BO-M-00429-02,BO-M-00429,BO-R-0027,bovino,Gir,Brahman,7.6,1,3.5,0.63,0.77,convencional,3,1,2025-03-03,1,67,0,0.88,prenhe
E-BO-002499,C-BO-M-00430-00,BO-M-00430,BO-R-0016,bovino,Guzera,Nelore,3.7,0,2.5,0.41,0.58,convencional,6,0,2023-06-11,1,-1,0,0.498,prenhe
E-BO-002500,C-BO-M-00430-01,BO-M-00430,BO-R-0002,bovino,Guzera,Brahman,3.7,0,2.5,0.41,0.3,IATF,7,0,2024-07-13,1,115,0,0.361,vazia
E-BO-002501,C-BO-M-00430-01,BO-M-00430,BO-R-0026,bovino,Guzera,Mestico,3.7,0,2.5,0.41,0.64,IATF,8,0,2024-08-14,2,147,0,0.407,prenhe
E-BO-002502,C-BO-M-00430-02,BO-M-00430,BO-R-0031,bovino,Guzera,Nelore,3.7,0,2.5,0.41,0.88,IATF,9,0,2025-09-18,1,117,0,0.609,prenhe
E-BO-002503,C-BO-M-00431-00,BO-M-00431,BO-R-0015,bovino,Brahman,Angus,4.3,3,3.2,0.41,0.51,IATF,8,0,2023-08-07,1,-1,0,0.629,vazia
E-BO-002504,C-BO-M-00431-00,BO-M-00431,BO-R-0013,bovino,Brahman,Nelore,4.3,3,3.2,0.41,0.46,IATF,9,0,2023-09-06,2,-1,0,0.536,vazia
E-BO-002505,C-BO-M-00431-00,BO-M-00431,BO-R-0034,bovino,Brahman,Nelore,4.3,3,3.2,0.41,0.63,IATF,9,0,2023-09-27,3,-1,0,0.512,vazia
E-BO-002506,C-BO-M-00431-01,BO-M-00431,BO-R-0038,bovino,Brahman,Senepol,4.3,3,3.2,0.41,0.52,IATF,11,1,2023-11-18,1,-1,1,0.596,vazia
E-BO-002507,C-BO-M-00431-01,BO-M-00431,BO-R-0039,bovino,Brahman,Senepol,4.3,3,3.2,0.41,0.53,IATF,12,1,2023-12-11,2,-1,1,0.51,prenhe
E-BO-002508,C-BO-M-00431-02,BO-M-00431,BO-R-0027,bovino,Brahman,Brahman,4.3,3,3.2,0.41,0.77,IATF,11,1,2024-11-23,1,65,0,0.832,prenhe
E-BO-002509,C-BO-M-00431-03,BO-M-00431,BO-R-0023,bovino,Brahman,Brahman,4.3,3,3.2,0.41,0.35,IATF,11,1,2025-11-14,1,73,0,0.557,prenhe
E-BO-002510,C-BO-M-00432-00,BO-M-00432,BO-R-0035,bovino,Angus,Brahman,4.6,0,3.1,0.36,0.74,convencional,1,1,2023-01-26,1,-1,0,0.735,prenhe
E-BO-002511,C-BO-M-00432-01,BO-M-00432,BO-R-0009,bovino,Angus,Gir,4.6,0,3.1,0.36,0.52,IATF,1,1,2024-01-06,1,62,0,0.543,prenhe
E-BO-002512,C-BO-M-00432-02,BO-M-00432,BO-R-0002,bovino,Angus,Brahman,4.6,0,3.1,0.36,0.3,IATF,1,1,2025-01-11,1,88,0,0.429,prenhe
E-BO-002513,C-BO-M-00432-03,BO-M-00432,BO-R-0037,bovino,Angus,Brahman,4.6,0,3.1,0.36,0.45,convencional,2,1,2026-02-12,1,114,0,0.852,prenhe
E-BO-002514,C-BO-M-00433-00,BO-M-00433,BO-R-0036,bovino,Gir,Guzera,7.8,1,3.8,0.74,0.72,convencional,1,1,2023-01-21,1,-1,0,0.788,prenhe
E-BO-002515,C-BO-M-00433-01,BO-M-00433,BO-R-0004,bovino,Gir,Brahman,7.8,1,3.8,0.74,0.56,IATF,2,1,2024-02-12,1,104,0,0.709,vazia
E-BO-002516,C-BO-M-00433-01,BO-M-00433,BO-R-0034,bovino,Gir,Nelore,7.8,1,3.8,0.74,0.63,IATF,3,1,2024-03-15,2,136,0,0.613,prenhe
E-BO-002517,C-BO-M-00433-02,BO-M-00433,BO-R-0025,bovino,Gir,Nelore,7.8,1,3.8,0.74,0.62,IATF,2,1,2025-02-23,1,62,0,0.507,prenhe
E-BO-002518,C-BO-M-00433-03,BO-M-00433,BO-R-0024,bovino,Gir,Nelore,7.8,1,3.8,0.74,0.68,IATF,3,1,2026-03-20,1,107,0,0.637,vazia
E-BO-002519,C-BO-M-00433-03,BO-M-00433,BO-R-0029,bovino,Gir,Nelore,7.8,1,3.8,0.74,0.78,IATF,4,0,2026-04-10,2,128,0,0.621,prenhe
E-BO-002520,C-BO-M-00434-00,BO-M-00434,BO-R-0007,bovino,Nelore,Angus,8.0,2,3.1,0.48,0.93,IATF,10,1,2023-10-23,1,-1,0,0.87,prenhe
E-BO-002521,C-BO-M-00434-01,BO-M-00434,BO-R-0012,bovino,Nelore,Senepol,8.0,2,3.1,0.48,0.33,convencional,11,1,2024-11-06,1,97,0,0.786,prenhe
E-BO-002522,C-BO-M-00434-02,BO-M-00434,BO-R-0038,bovino,Nelore,Senepol,8.0,2,3.1,0.48,0.52,IATF,11,1,2025-11-16,1,92,0,0.839,prenhe
E-BO-002523,C-BO-M-00435-00,BO-M-00435,BO-R-0020,bovino,Nelore,Nelore,2.9,3,2.9,0.58,0.55,IATF,8,0,2023-08-13,1,-1,0,0.407,vazia
E-BO-002524,C-BO-M-00435-00,BO-M-00435,BO-R-0032,bovino,Nelore,Brahman,2.9,3,2.9,0.58,0.75,IATF,9,0,2023-09-05,2,-1,0,0.34,vazia
E-BO-002525,C-BO-M-00435-00,BO-M-00435,BO-R-0031,bovino,Nelore,Nelore,2.9,3,2.9,0.58,0.88,IATF,10,1,2023-10-03,3,-1,0,0.393,vazia
E-BO-002526,C-BO-M-00435-01,BO-M-00435,BO-R-0032,bovino,Nelore,Brahman,2.9,3,2.9,0.58,0.75,IATF,11,1,2023-11-09,1,-1,1,0.531,vazia
E-BO-002527,C-BO-M-00435-01,BO-M-00435,BO-R-0035,bovino,Nelore,Brahman,2.9,3,2.9,0.58,0.74,IATF,12,1,2023-12-04,2,-1,1,0.397,prenhe
E-BO-002528,C-BO-M-00435-02,BO-M-00435,BO-R-0034,bovino,Nelore,Nelore,2.9,3,2.9,0.58,0.63,IATF,1,1,2025-01-09,1,119,0,0.637,vazia
E-BO-002529,C-BO-M-00435-02,BO-M-00435,BO-R-0003,bovino,Nelore,Senepol,2.9,3,2.9,0.58,0.66,convencional,2,1,2025-02-06,2,147,0,0.526,prenhe
E-BO-002530,C-BO-M-00435-03,BO-M-00435,BO-R-0038,bovino,Nelore,Senepol,2.9,3,2.9,0.58,0.52,IATF,3,1,2026-03-14,1,118,0,0.559,vazia
E-BO-002531,C-BO-M-00435-03,BO-M-00435,BO-R-0000,bovino,Nelore,Senepol,2.9,3,2.9,0.58,0.48,IATF,4,0,2026-04-05,2,140,0,0.377,vazia
E-BO-002532,C-BO-M-00436-00,BO-M-00436,BO-R-0015,bovino,Nelore,Angus,9.5,3,2.9,0.54,0.51,convencional,6,0,2023-06-17,1,-1,0,0.514,vazia
E-BO-002533,C-BO-M-00436-00,BO-M-00436,BO-R-0018,bovino,Nelore,Nelore,9.5,3,2.9,0.54,0.82,IATF,7,0,2023-07-16,2,-1,0,0.409,prenhe
E-BO-002534,C-BO-M-00436-01,BO-M-00436,BO-R-0024,bovino,Nelore,Nelore,9.5,3,2.9,0.54,0.68,IATF,8,0,2024-08-03,1,101,0,0.592,vazia
E-BO-002535,C-BO-M-00436-01,BO-M-00436,BO-R-0003,bovino,Nelore,Senepol,9.5,3,2.9,0.54,0.66,convencional,8,0,2024-08-27,2,125,0,0.44,prenhe
E-BO-002536,C-BO-M-00436-02,BO-M-00436,BO-R-0038,bovino,Nelore,Senepol,9.5,3,2.9,0.54,0.52,IATF,9,0,2025-09-08,1,94,0,0.435,prenhe
E-BO-002537,C-BO-M-00437-00,BO-M-00437,BO-R-0025,bovino,Senepol,Nelore,2.1,4,3.8,0.7,0.62,convencional,9,0,2023-09-06,1,-1,0,0.698,prenhe
E-BO-002538,C-BO-M-00437-01,BO-M-00437,BO-R-0006,bovino,Senepol,Angus,2.1,4,3.8,0.7,0.76,IATF,10,1,2024-10-11,1,118,0,0.674,prenhe
E-BO-002539,C-BO-M-00437-02,BO-M-00437,BO-R-0025,bovino,Senepol,Nelore,2.1,4,3.8,0.7,0.62,convencional,10,1,2025-10-05,1,76,0,0.627,vazia
E-BO-002540,C-BO-M-00437-02,BO-M-00437,BO-R-0014,bovino,Senepol,Gir,2.1,4,3.8,0.7,0.7,convencional,11,1,2025-11-03,2,105,0,0.582,vazia
E-BO-002541,C-BO-M-00437-02,BO-M-00437,BO-R-0032,bovino,Senepol,Brahman,2.1,4,3.8,0.7,0.75,IATF,11,1,2025-11-27,3,129,0,0.441,prenhe
E-BO-002542,C-BO-M-00438-00,BO-M-00438,BO-R-0020,bovino,Brahman,Nelore,9.1,5,3.5,0.38,0.55,IATF,4,0,2023-04-20,1,-1,0,0.484,prenhe
E-BO-002543,C-BO-M-00438-01,BO-M-00438,BO-R-0025,bovino,Brahman,Nelore,9.1,5,3.5,0.38,0.62,IATF,5,0,2024-05-26,1,119,0,0.596,prenhe
E-BO-002544,C-BO-M-00438-02,BO-M-00438,BO-R-0038,bovino,Brahman,Senepol,9.1,5,3.5,0.38,0.52,IATF,6,0,2025-06-22,1,109,0,0.518,prenhe
E-BO-002545,C-BO-M-00439-00,BO-M-00439,BO-R-0003,bovino,Angus,Senepol,1.9,0,3.0,0.33,0.66,IATF,8,0,2023-08-02,1,-1,0,0.47,vazia
E-BO-002546,C-BO-M-00439-00,BO-M-00439,BO-R-0023,bovino,Angus,Brahman,1.9,0,3.0,0.33,0.35,IATF,8,0,2023-08-27,2,-1,0,0.262,vazia
E-BO-002547,C-BO-M-00439-00,BO-M-00439,BO-R-0015,bovino,Angus,Angus,1.9,0,3.0,0.33,0.51,convencional,9,0,2023-09-22,3,-1,0,0.323,vazia
E-BO-002548,C-BO-M-00439-01,BO-M-00439,BO-R-0003,bovino,Angus,Senepol,1.9,0,3.0,0.33,0.66,IA_repasse,11,1,2023-11-07,1,-1,1,0.373,vazia
E-BO-002549,C-BO-M-00439-01,BO-M-00439,BO-R-0013,bovino,Angus,Nelore,1.9,0,3.0,0.33,0.46,convencional,11,1,2023-11-29,2,-1,1,0.359,prenhe
E-BO-002550,C-BO-M-00439-02,BO-M-00439,BO-R-0024,bovino,Angus,Nelore,1.9,0,3.0,0.33,0.68,IATF,1,1,2025-01-02,1,117,0,0.584,prenhe
E-BO-002551,C-BO-M-00439-03,BO-M-00439,BO-R-0025,bovino,Angus,Nelore,1.9,0,3.0,0.33,0.62,IATF,1,1,2026-01-06,1,86,0,0.529,prenhe
E-BO-002552,C-BO-M-00440-00,BO-M-00440,BO-R-0030,bovino,Gir,Nelore,3.4,2,3.1,0.59,0.8,convencional,7,0,2023-07-04,1,-1,0,0.95,prenhe
E-BO-002553,C-BO-M-00440-01,BO-M-00440,BO-R-0012,bovino,Gir,Senepol,3.4,2,3.1,0.59,0.33,IATF,7,0,2024-07-27,1,106,0,0.7,prenhe
E-BO-002554,C-BO-M-00440-02,BO-M-00440,BO-R-0025,bovino,Gir,Nelore,3.4,2,3.1,0.59,0.62,IATF,8,0,2025-08-27,1,113,0,0.861,prenhe
E-BO-002555,C-BO-M-00441-00,BO-M-00441,BO-R-0024,bovino,Nelore,Nelore,8.6,0,2.4,0.67,0.68,IATF,4,0,2023-04-29,1,-1,0,0.24,vazia
E-BO-002556,C-BO-M-00441-00,BO-M-00441,BO-R-0039,bovino,Nelore,Senepol,8.6,0,2.4,0.67,0.53,IATF,5,0,2023-05-27,2,-1,0,0.11,vazia
E-BO-002557,C-BO-M-00441-00,BO-M-00441,BO-R-0011,bovino,Nelore,Nelore,8.6,0,2.4,0.67,0.57,convencional,6,0,2023-06-24,3,-1,0,0.05,vazia
E-BO-002558,C-BO-M-00441-01,BO-M-00441,BO-R-0012,bovino,Nelore,Senepol,8.6,0,2.4,0.67,0.33,IATF,8,0,2023-08-23,1,-1,1,0.053,vazia
E-BO-002559,C-BO-M-00441-01,BO-M-00441,BO-R-0014,bovino,Nelore,Gir,8.6,0,2.4,0.67,0.7,IATF,9,0,2023-09-19,2,-1,1,0.05,vazia
E-BO-002560,C-BO-M-00441-01,BO-M-00441,BO-R-0039,bovino,Nelore,Senepol,8.6,0,2.4,0.67,0.53,IATF,10,1,2023-10-20,3,-1,1,0.05,vazia
E-BO-002561,C-BO-M-00441-02,BO-M-00441,BO-R-0011,bovino,Nelore,Nelore,8.6,0,2.4,0.67,0.57,IATF,11,1,2023-11-19,1,-1,2,0.157,vazia
E-BO-002562,C-BO-M-00441-02,BO-M-00441,BO-R-0025,bovino,Nelore,Nelore,8.6,0,2.4,0.67,0.62,IATF,12,1,2023-12-21,2,-1,2,0.104,vazia
E-BO-002563,C-BO-M-00441-02,BO-M-00441,BO-R-0012,bovino,Nelore,Senepol,8.6,0,2.4,0.67,0.33,IATF,1,1,2024-01-16,3,-1,2,0.05,vazia
E-BO-002564,C-BO-M-00441-03,BO-M-00441,BO-R-0002,bovino,Nelore,Brahman,8.6,0,2.4,0.67,0.3,convencional,2,1,2024-02-28,1,-1,3,0.144,vazia
E-BO-002565,C-BO-M-00441-03,BO-M-00441,BO-R-0024,bovino,Nelore,Nelore,8.6,0,2.4,0.67,0.68,IATF,3,1,2024-03-21,2,-1,3,0.05,vazia
E-BO-002566,C-BO-M-00441-03,BO-M-00441,BO-R-0001,bovino,Nelore,Nelore,8.6,0,2.4,0.67,0.66,convencional,4,0,2024-04-15,3,-1,3,0.05,vazia
E-BO-002567,C-BO-M-00441-04,BO-M-00441,BO-R-0002,bovino,Nelore,Brahman,8.6,0,2.4,0.67,0.3,IATF,5,0,2024-05-15,1,-1,4,0.05,vazia
E-BO-002568,C-BO-M-00441-04,BO-M-00441,BO-R-0022,bovino,Nelore,Guzera,8.6,0,2.4,0.67,0.4,convencional,6,0,2024-06-08,2,-1,4,0.05,vazia
E-BO-002569,C-BO-M-00441-04,BO-M-00441,BO-R-0022,bovino,Nelore,Guzera,8.6,0,2.4,0.67,0.4,IATF,6,0,2024-06-30,3,-1,4,0.05,vazia
E-BO-002570,C-BO-M-00441-05,BO-M-00441,BO-R-0005,bovino,Nelore,Gir,8.6,0,2.4,0.67,0.72,convencional,8,0,2024-08-14,1,-1,5,0.162,vazia
E-BO-002571,C-BO-M-00441-05,BO-M-00441,BO-R-0015,bovino,Nelore,Angus,8.6,0,2.4,0.67,0.51,IATF,9,0,2024-09-09,2,-1,5,0.05,vazia
E-BO-002572,C-BO-M-00441-05,BO-M-00441,BO-R-0012,bovino,Nelore,Senepol,8.6,0,2.4,0.67,0.33,IATF,10,1,2024-10-11,3,-1,5,0.05,vazia
E-BO-002573,C-BO-M-00442-00,BO-M-00442,BO-R-0034,bovino,Brahman,Nelore,2.6,0,3.4,0.62,0.63,convencional,10,1,2023-10-27,1,-1,0,0.669,vazia
E-BO-002574,C-BO-M-00442-00,BO-M-00442,BO-R-0032,bovino,Brahman,Brahman,2.6,0,3.4,0.62,0.75,IATF,11,1,2023-11-24,2,-1,0,0.625,prenhe
E-BO-002575,C-BO-M-00442-01,BO-M-00442,BO-R-0034,bovino,Brahman,Nelore,2.6,0,3.4,0.62,0.63,convencional,11,1,2024-11-20,1,79,0,0.67,vazia
E-BO-002576,C-BO-M-00442-01,BO-M-00442,BO-R-0005,bovino,Brahman,Gir,2.6,0,3.4,0.62,0.72,IATF,12,1,2024-12-13,2,102,0,0.619,vazia
E-BO-002577,C-BO-M-00442-01,BO-M-00442,BO-R-0023,bovino,Brahman,Brahman,2.6,0,3.4,0.62,0.35,IATF,1,1,2025-01-11,3,131,0,0.317,vazia
E-BO-002578,C-BO-M-00442-02,BO-M-00442,BO-R-0009,bovino,Brahman,Gir,2.6,0,3.4,0.62,0.52,convencional,2,1,2025-02-16,1,167,1,0.56,vazia
E-BO-002579,C-BO-M-00442-02,BO-M-00442,BO-R-0018,bovino,Brahman,Nelore,2.6,0,3.4,0.62,0.82,IATF,3,1,2025-03-20,2,199,1,0.512,prenhe
E-BO-002580,C-BO-M-00442-03,BO-M-00442,BO-R-0030,bovino,Brahman,Nelore,2.6,0,3.4,0.62,0.8,convencional,3,1,2026-03-16,1,78,0,0.634,prenhe
E-BO-002581,C-BO-M-00443-00,BO-M-00443,BO-R-0009,bovino,Nelore,Gir,4.7,1,2.3,0.39,0.52,convencional,1,1,2023-01-30,1,-1,0,0.529,vazia
E-BO-002582,C-BO-M-00443-00,BO-M-00443,BO-R-0014,bovino,Nelore,Gir,4.7,1,2.3,0.39,0.7,IATF,3,1,2023-03-01,2,-1,0,0.394,prenhe
E-BO-002583,C-BO-M-00443-01,BO-M-00443,BO-R-0024,bovino,Nelore,Nelore,4.7,1,2.3,0.39,0.68,IATF,2,1,2024-02-22,1,75,0,0.415,vazia
E-BO-002584,C-BO-M-00443-01,BO-M-00443,BO-R-0028,bovino,Nelore,Angus,4.7,1,2.3,0.39,0.91,IA_repasse,3,1,2024-03-17,2,99,0,0.446,prenhe
E-BO-002585,C-BO-M-00443-02,BO-M-00443,BO-R-0023,bovino,Nelore,Brahman,4.7,1,2.3,0.39,0.35,convencional,3,1,2025-03-16,1,81,0,0.311,vazia
E-BO-002586,C-BO-M-00443-02,BO-M-00443,BO-R-0015,bovino,Nelore,Angus,4.7,1,2.3,0.39,0.51,convencional,4,0,2025-04-08,2,104,0,0.458,vazia
E-BO-002587,C-BO-M-00443-02,BO-M-00443,BO-R-0028,bovino,Nelore,Angus,4.7,1,2.3,0.39,0.91,IATF,5,0,2025-05-08,3,134,0,0.386,vazia
E-BO-002588,C-BO-M-00443-03,BO-M-00443,BO-R-0008,bovino,Nelore,Brahman,4.7,1,2.3,0.39,0.38,IA_repasse,7,0,2025-07-11,1,198,1,0.191,vazia
E-BO-002589,C-BO-M-00443-03,BO-M-00443,BO-R-0039,bovino,Nelore,Senepol,4.7,1,2.3,0.39,0.53,IATF,8,0,2025-08-07,2,225,1,0.13,vazia
E-BO-002590,C-BO-M-00443-03,BO-M-00443,BO-R-0001,bovino,Nelore,Nelore,4.7,1,2.3,0.39,0.66,IATF,9,0,2025-09-06,3,255,1,0.061,vazia
E-BO-002591,C-BO-M-00443-04,BO-M-00443,BO-R-0019,bovino,Nelore,Brahman,4.7,1,2.3,0.39,0.55,convencional,10,1,2025-10-16,1,295,2,0.321,prenhe
E-BO-002592,C-BO-M-00444-00,BO-M-00444,BO-R-0033,bovino,Nelore,Nelore,5.0,3,3.6,0.69,0.79,IATF,4,0,2023-04-21,1,-1,0,0.648,vazia
E-BO-002593,C-BO-M-00444-00,BO-M-00444,BO-R-0017,bovino,Nelore,Nelore,5.0,3,3.6,0.69,0.35,convencional,5,0,2023-05-18,2,-1,0,0.474,prenhe
E-BO-002594,C-BO-M-00444-01,BO-M-00444,BO-R-0021,bovino,Nelore,Nelore,5.0,3,3.6,0.69,0.68,IATF,6,0,2024-06-12,1,108,0,0.71,prenhe
E-BO-002595,C-BO-M-00444-02,BO-M-00444,BO-R-0012,bovino,Nelore,Senepol,5.0,3,3.6,0.69,0.33,convencional,7,0,2025-07-15,1,115,0,0.572,vazia
E-BO-002596,C-BO-M-00444-02,BO-M-00444,BO-R-0023,bovino,Nelore,Brahman,5.0,3,3.6,0.69,0.35,IATF,8,0,2025-08-11,2,142,0,0.317,vazia
E-BO-002597,C-BO-M-00444-02,BO-M-00444,BO-R-0034,bovino,Nelore,Nelore,5.0,3,3.6,0.69,0.63,IATF,9,0,2025-09-07,3,169,0,0.462,prenhe
E-BO-002598,C-BO-M-00445-00,BO-M-00445,BO-R-0037,bovino,Brahman,Brahman,3.2,5,3.3,0.4,0.45,IATF,5,0,2023-05-27,1,-1,0,0.481,prenhe
E-BO-002599,C-BO-M-00445-01,BO-M-00445,BO-R-0032,bovino,Brahman,Brahman,3.2,5,3.3,0.4,0.75,IATF,5,0,2024-05-15,1,71,0,0.614,vazia
E-BO-002600,C-BO-M-00445-01,BO-M-00445,BO-R-0005,bovino,Brahman,Gir,3.2,5,3.3,0.4,0.72,convencional,6,0,2024-06-11,2,98,0,0.705,prenhe
E-BO-002601,C-BO-M-00445-02,BO-M-00445,BO-R-0030,bovino,Brahman,Nelore,3.2,5,3.3,0.4,0.8,convencional,6,0,2025-06-06,1,77,0,0.815,vazia
E-BO-002602,C-BO-M-00445-02,BO-M-00445,BO-R-0033,bovino,Brahman,Nelore,3.2,5,3.3,0.4,0.79,IATF,7,0,2025-07-01,2,102,0,0.665,vazia
E-BO-002603,C-BO-M-00445-02,BO-M-00445,BO-R-0019,bovino,Brahman,Brahman,3.2,5,3.3,0.4,0.55,IATF,7,0,2025-07-26,3,127,0,0.404,prenhe
E-BO-002604,C-BO-M-00446-00,BO-M-00446,BO-R-0019,bovino,Mestico,Brahman,7.4,4,4.4,0.45,0.55,IATF,4,0,2023-04-17,1,-1,0,0.331,vazia
E-BO-002605,C-BO-M-00446-00,BO-M-00446,BO-R-0003,bovino,Mestico,Senepol,7.4,4,4.4,0.45,0.66,IATF,5,0,2023-05-13,2,-1,0,0.355,prenhe
E-BO-002606,C-BO-M-00446-01,BO-M-00446,BO-R-0000,bovino,Mestico,Senepol,7.4,4,4.4,0.45,0.48,convencional,5,0,2024-05-27,1,97,0,0.506,prenhe
E-BO-002607,C-BO-M-00446-02,BO-M-00446,BO-R-0020,bovino,Mestico,Nelore,7.4,4,4.4,0.45,0.55,IA_repasse,7,0,2025-07-02,1,118,0,0.419,prenhe
E-BO-002608,C-BO-M-00447-00,BO-M-00447,BO-R-0022,bovino,Angus,Guzera,8.7,3,2.6,0.36,0.4,convencional,6,0,2023-06-06,1,-1,0,0.413,vazia
E-BO-002609,C-BO-M-00447-00,BO-M-00447,BO-R-0019,bovino,Angus,Brahman,8.7,3,2.6,0.36,0.55,convencional,6,0,2023-06-27,2,-1,0,0.368,prenhe
E-BO-002610,C-BO-M-00447-01,BO-M-00447,BO-R-0037,bovino,Angus,Brahman,8.7,3,2.6,0.36,0.45,IATF,6,0,2024-06-13,1,69,0,0.166,prenhe
E-BO-002611,C-BO-M-00447-02,BO-M-00447,BO-R-0010,bovino,Angus,Gir,8.7,3,2.6,0.36,0.31,convencional,5,0,2025-05-26,1,64,0,0.288,vazia
E-BO-002612,C-BO-M-00447-02,BO-M-00447,BO-R-0031,bovino,Angus,Nelore,8.7,3,2.6,0.36,0.88,IA_repasse,6,0,2025-06-26,2,95,0,0.312,vazia
E-BO-002613,C-BO-M-00447-02,BO-M-00447,BO-R-0033,bovino,Angus,Nelore,8.7,3,2.6,0.36,0.79,convencional,7,0,2025-07-17,3,116,0,0.424,vazia
E-BO-002614,C-BO-M-00447-03,BO-M-00447,BO-R-0011,bovino,Angus,Nelore,8.7,3,2.6,0.36,0.57,IATF,8,0,2025-08-31,1,161,1,0.334,vazia
E-BO-002615,C-BO-M-00447-03,BO-M-00447,BO-R-0013,bovino,Angus,Nelore,8.7,3,2.6,0.36,0.46,IATF,9,0,2025-09-28,2,189,1,0.195,vazia
E-BO-002616,C-BO-M-00447-03,BO-M-00447,BO-R-0013,bovino,Angus,Nelore,8.7,3,2.6,0.36,0.46,IATF,10,1,2025-10-26,3,217,1,0.144,prenhe
E-BO-002617,C-BO-M-00448-00,BO-M-00448,BO-R-0007,bovino,Nelore,Angus,8.9,4,3.1,0.81,0.93,IATF,7,0,2023-07-10,1,-1,0,0.752,prenhe
E-BO-002618,C-BO-M-00448-01,BO-M-00448,BO-R-0023,bovino,Nelore,Brahman,8.9,4,3.1,0.81,0.35,convencional,8,0,2024-08-13,1,117,0,0.696,prenhe
E-BO-002619,C-BO-M-00448-02,BO-M-00448,BO-R-0039,bovino,Nelore,Senepol,8.9,4,3.1,0.81,0.53,IATF,8,0,2025-08-13,1,82,0,0.61,vazia
E-BO-002620,C-BO-M-00448-02,BO-M-00448,BO-R-0012,bovino,Nelore,Senepol,8.9,4,3.1,0.81,0.33,convencional,9,0,2025-09-07,2,107,0,0.571,vazia
E-BO-002621,C-BO-M-00448-02,BO-M-00448,BO-R-0003,bovino,Nelore,Senepol,8.9,4,3.1,0.81,0.66,IATF,10,1,2025-10-05,3,135,0,0.585,prenhe
E-BO-002622,C-BO-M-00449-00,BO-M-00449,BO-R-0027,bovino,Angus,Brahman,4.1,1,4.1,0.68,0.77,IATF,6,0,2023-06-26,1,-1,0,0.459,prenhe
E-BO-002623,C-BO-M-00449-01,BO-M-00449,BO-R-0000,bovino,Angus,Senepol,4.1,1,4.1,0.68,0.48,IATF,6,0,2024-06-22,1,79,0,0.29,prenhe
E-BO-002624,C-BO-M-00449-02,BO-M-00449,BO-R-0005,bovino,Angus,Gir,4.1,1,4.1,0.68,0.72,IATF,7,0,2025-07-07,1,97,0,0.574,vazia
E-BO-002625,C-BO-M-00449-02,BO-M-00449,BO-R-0032,bovino,Angus,Brahman,4.1,1,4.1,0.68,0.75,IATF,8,0,2025-08-04,2,125,0,0.465,prenhe
E-BO-002626,C-BO-M-00450-00,BO-M-00450,BO-R-0004,bovino,Nelore,Brahman,5.8,5,3.8,0.67,0.56,IATF,4,0,2023-04-21,1,-1,0,0.46,prenhe
E-BO-002627,C-BO-M-00450-01,BO-M-00450,BO-R-0037,bovino,Nelore,Brahman,5.8,5,3.8,0.67,0.45,convencional,5,0,2024-05-08,1,100,0,0.728,vazia
E-BO-002628,C-BO-M-00450-01,BO-M-00450,BO-R-0027,bovino,Nelore,Brahman,5.8,5,3.8,0.67,0.77,IATF,6,0,2024-06-01,2,124,0,0.572,prenhe
E-BO-002629,C-BO-M-00450-02,BO-M-00450,BO-R-0027,bovino,Nelore,Brahman,5.8,5,3.8,0.67,0.77,IATF,6,0,2025-06-26,1,107,0,0.668,prenhe
E-BO-002630,C-BO-M-00451-00,BO-M-00451,BO-R-0025,bovino,Guzera,Nelore,3.2,5,2.9,0.8,0.62,IATF,9,0,2023-09-25,1,-1,0,0.488,vazia
E-BO-002631,C-BO-M-00451-00,BO-M-00451,BO-R-0009,bovino,Guzera,Gir,3.2,5,2.9,0.8,0.52,IATF,10,1,2023-10-19,2,-1,0,0.461,prenhe
E-BO-002632,C-BO-M-00451-01,BO-M-00451,BO-R-0029,bovino,Guzera,Nelore,3.2,5,2.9,0.8,0.78,IATF,10,1,2024-10-23,1,87,0,0.703,prenhe
E-BO-002633,C-BO-M-00451-02,BO-M-00451,BO-R-0038,bovino,Guzera,Senepol,3.2,5,2.9,0.8,0.52,convencional,10,1,2025-10-15,1,74,0,0.649,prenhe
E-BO-002634,C-BO-M-00452-00,BO-M-00452,BO-R-0004,bovino,Brahman,Brahman,3.2,0,3.3,1.0,0.56,convencional,6,0,2023-06-07,1,-1,0,0.798,vazia
E-BO-002635,C-BO-M-00452-00,BO-M-00452,BO-R-0007,bovino,Brahman,Angus,3.2,0,3.3,1.0,0.93,IATF,7,0,2023-07-07,2,-1,0,0.671,prenhe
E-BO-002636,C-BO-M-00452-01,BO-M-00452,BO-R-0000,bovino,Brahman,Senepol,3.2,0,3.3,1.0,0.48,IATF,6,0,2024-06-30,1,76,0,0.557,vazia
E-BO-002637,C-BO-M-00452-01,BO-M-00452,BO-R-0018,bovino,Brahman,Nelore,3.2,0,3.3,1.0,0.82,IATF,7,0,2024-07-25,2,101,0,0.706,prenhe
E-BO-002638,C-BO-M-00452-02,BO-M-00452,BO-R-0030,bovino,Brahman,Nelore,3.2,0,3.3,1.0,0.8,convencional,8,0,2025-08-02,1,90,0,0.946,prenhe
E-BO-002639,C-BO-M-00453-00,BO-M-00453,BO-R-0017,bovino,Nelore,Nelore,2.5,2,3.2,0.21,0.35,IATF,9,0,2023-09-08,1,-1,0,0.377,vazia
E-BO-002640,C-BO-M-00453-00,BO-M-00453,BO-R-0037,bovino,Nelore,Brahman,2.5,2,3.2,0.21,0.45,IATF,9,0,2023-09-29,2,-1,0,0.391,prenhe
E-BO-002641,C-BO-M-00453-01,BO-M-00453,BO-R-0026,bovino,Nelore,Mestico,2.5,2,3.2,0.21,0.64,IATF,10,1,2024-10-31,1,115,0,0.677,prenhe
E-BO-002642,C-BO-M-00453-02,BO-M-00453,BO-R-0018,bovino,Nelore,Nelore,2.5,2,3.2,0.21,0.82,IATF,12,1,2025-12-05,1,117,0,0.821,prenhe
E-BO-002643,C-BO-M-00454-00,BO-M-00454,BO-R-0023,bovino,Nelore,Brahman,9.5,4,3.3,0.4,0.35,IATF,5,0,2023-05-30,1,-1,0,0.551,prenhe
E-BO-002644,C-BO-M-00454-01,BO-M-00454,BO-R-0036,bovino,Nelore,Guzera,9.5,4,3.3,0.4,0.72,IATF,6,0,2024-06-08,1,92,0,0.686,prenhe
E-BO-002645,C-BO-M-00454-02,BO-M-00454,BO-R-0005,bovino,Nelore,Gir,9.5,4,3.3,0.4,0.72,IATF,6,0,2025-06-02,1,76,0,0.543,prenhe
E-BO-002646,C-BO-M-00455-00,BO-M-00455,BO-R-0032,bovino,Nelore,Brahman,9.0,2,2.9,0.43,0.75,IATF,7,0,2023-07-25,1,-1,0,0.414,prenhe
E-BO-002647,C-BO-M-00455-01,BO-M-00455,BO-R-0035,bovino,Nelore,Brahman,9.0,2,2.9,0.43,0.74,convencional,7,0,2024-07-30,1,88,0,0.564,prenhe
E-BO-002648,C-BO-M-00455-02,BO-M-00455,BO-R-0026,bovino,Nelore,Mestico,9.0,2,2.9,0.43,0.64,IATF,7,0,2025-07-25,1,77,0,0.352,vazia
E-BO-002649,C-BO-M-00455-02,BO-M-00455,BO-R-0028,bovino,Nelore,Angus,9.0,2,2.9,0.43,0.91,IA_repasse,8,0,2025-08-26,2,109,0,0.315,vazia
E-BO-002650,C-BO-M-00455-02,BO-M-00455,BO-R-0029,bovino,Nelore,Nelore,9.0,2,2.9,0.43,0.78,IATF,9,0,2025-09-25,3,139,0,0.322,vazia
E-BO-002651,C-BO-M-00455-03,BO-M-00455,BO-R-0037,bovino,Nelore,Brahman,9.0,2,2.9,0.43,0.45,IATF,10,1,2025-10-28,1,172,1,0.405,vazia
E-BO-002652,C-BO-M-00455-03,BO-M-00455,BO-R-0021,bovino,Nelore,Nelore,9.0,2,2.9,0.43,0.68,IATF,11,1,2025-11-19,2,194,1,0.334,vazia
E-BO-002653,C-BO-M-00455-03,BO-M-00455,BO-R-0018,bovino,Nelore,Nelore,9.0,2,2.9,0.43,0.82,IATF,12,1,2025-12-12,3,217,1,0.244,vazia
E-BO-002654,C-BO-M-00455-04,BO-M-00455,BO-R-0018,bovino,Nelore,Nelore,9.0,2,2.9,0.43,0.82,convencional,2,1,2026-02-17,1,284,2,0.515,vazia
E-BO-002655,C-BO-M-00455-04,BO-M-00455,BO-R-0012,bovino,Nelore,Senepol,9.0,2,2.9,0.43,0.33,IATF,3,1,2026-03-11,2,306,2,0.059,vazia
E-BO-002656,C-BO-M-00455-04,BO-M-00455,BO-R-0005,bovino,Nelore,Gir,9.0,2,2.9,0.43,0.72,IATF,4,0,2026-04-02,3,328,2,0.092,vazia
E-BO-002657,C-BO-M-00456-00,BO-M-00456,BO-R-0037,bovino,Mestico,Brahman,8.0,5,3.2,0.38,0.45,IA_repasse,7,0,2023-07-01,1,-1,0,0.454,vazia
E-BO-002658,C-BO-M-00456-00,BO-M-00456,BO-R-0035,bovino,Mestico,Brahman,8.0,5,3.2,0.38,0.74,IATF,7,0,2023-07-22,2,-1,0,0.579,prenhe
E-BO-002659,C-BO-M-00456-01,BO-M-00456,BO-R-0001,bovino,Mestico,Nelore,8.0,5,3.2,0.38,0.66,IATF,8,0,2024-08-13,1,105,0,0.747,prenhe
E-BO-002660,C-BO-M-00456-02,BO-M-00456,BO-R-0006,bovino,Mestico,Angus,8.0,5,3.2,0.38,0.76,IATF,7,0,2025-07-22,1,60,0,0.633,prenhe
E-BO-002661,C-BO-M-00457-00,BO-M-00457,BO-R-0009,bovino,Senepol,Gir,5.7,5,2.4,0.33,0.52,convencional,1,1,2023-01-09,1,-1,0,0.484,vazia
E-BO-002662,C-BO-M-00457-00,BO-M-00457,BO-R-0030,bovino,Senepol,Nelore,5.7,5,2.4,0.33,0.8,IATF,2,1,2023-02-01,2,-1,0,0.35,vazia
E-BO-002663,C-BO-M-00457-00,BO-M-00457,BO-R-0010,bovino,Senepol,Gir,5.7,5,2.4,0.33,0.31,IATF,3,1,2023-03-01,3,-1,0,0.105,vazia
E-BO-002664,C-BO-M-00457-01,BO-M-00457,BO-R-0018,bovino,Senepol,Nelore,5.7,5,2.4,0.33,0.82,IATF,5,0,2023-05-08,1,-1,1,0.269,vazia
E-BO-002665,C-BO-M-00457-01,BO-M-00457,BO-R-0005,bovino,Senepol,Gir,5.7,5,2.4,0.33,0.72,convencional,6,0,2023-06-08,2,-1,1,0.368,vazia
E-BO-002666,C-BO-M-00457-01,BO-M-00457,BO-R-0014,bovino,Senepol,Gir,5.7,5,2.4,0.33,0.7,convencional,7,0,2023-07-01,3,-1,1,0.142,vazia
E-BO-002667,C-BO-M-00457-02,BO-M-00457,BO-R-0029,bovino,Senepol,Nelore,5.7,5,2.4,0.33,0.78,convencional,8,0,2023-08-22,1,-1,2,0.358,prenhe
E-BO-002668,C-BO-M-00457-03,BO-M-00457,BO-R-0019,bovino,Senepol,Brahman,5.7,5,2.4,0.33,0.55,convencional,9,0,2024-09-06,1,98,0,0.452,vazia
E-BO-002669,C-BO-M-00457-03,BO-M-00457,BO-R-0014,bovino,Senepol,Gir,5.7,5,2.4,0.33,0.7,IATF,10,1,2024-10-04,2,126,0,0.408,vazia
E-BO-002670,C-BO-M-00457-03,BO-M-00457,BO-R-0020,bovino,Senepol,Nelore,5.7,5,2.4,0.33,0.55,convencional,11,1,2024-11-04,3,157,0,0.287,vazia
E-BO-002671,C-BO-M-00457-04,BO-M-00457,BO-R-0010,bovino,Senepol,Gir,5.7,5,2.4,0.33,0.31,IATF,12,1,2024-12-21,1,204,1,0.252,vazia
E-BO-002672,C-BO-M-00457-04,BO-M-00457,BO-R-0034,bovino,Senepol,Nelore,5.7,5,2.4,0.33,0.63,IATF,1,1,2025-01-18,2,232,1,0.204,vazia
E-BO-002673,C-BO-M-00457-04,BO-M-00457,BO-R-0013,bovino,Senepol,Nelore,5.7,5,2.4,0.33,0.46,convencional,2,1,2025-02-15,3,260,1,0.134,vazia
E-BO-002674,C-BO-M-00457-05,BO-M-00457,BO-R-0037,bovino,Senepol,Brahman,5.7,5,2.4,0.33,0.45,IATF,3,1,2025-03-28,1,301,2,0.195,vazia
E-BO-002675,C-BO-M-00457-05,BO-M-00457,BO-R-0030,bovino,Senepol,Nelore,5.7,5,2.4,0.33,0.8,IATF,4,0,2025-04-27,2,331,2,0.103,vazia
E-BO-002676,C-BO-M-00457-05,BO-M-00457,BO-R-0007,bovino,Senepol,Angus,5.7,5,2.4,0.33,0.93,IATF,5,0,2025-05-19,3,353,2,0.078,vazia
E-BO-002677,C-BO-M-00458-00,BO-M-00458,BO-R-0031,bovino,Brahman,Nelore,5.4,2,3.3,0.49,0.88,IATF,4,0,2023-04-30,1,-1,0,0.801,vazia
E-BO-002678,C-BO-M-00458-00,BO-M-00458,BO-R-0025,bovino,Brahman,Nelore,5.4,2,3.3,0.49,0.62,convencional,5,0,2023-05-30,2,-1,0,0.639,prenhe
E-BO-002679,C-BO-M-00458-01,BO-M-00458,BO-R-0038,bovino,Brahman,Senepol,5.4,2,3.3,0.49,0.52,convencional,6,0,2024-06-29,1,113,0,0.847,prenhe
E-BO-002680,C-BO-M-00458-02,BO-M-00458,BO-R-0024,bovino,Brahman,Nelore,5.4,2,3.3,0.49,0.68,IATF,7,0,2025-07-05,1,88,0,0.621,vazia
E-BO-002681,C-BO-M-00458-02,BO-M-00458,BO-R-0017,bovino,Brahman,Nelore,5.4,2,3.3,0.49,0.35,IATF,8,0,2025-08-02,2,116,0,0.619,prenhe
E-BO-002682,C-BO-M-00459-00,BO-M-00459,BO-R-0026,bovino,Angus,Mestico,5.8,0,3.4,0.31,0.64,IATF,10,1,2023-10-12,1,-1,0,0.712,prenhe
E-BO-002683,C-BO-M-00459-01,BO-M-00459,BO-R-0008,bovino,Angus,Brahman,5.8,0,3.4,0.31,0.38,IATF,9,0,2024-09-19,1,60,0,0.546,prenhe
E-BO-002684,C-BO-M-00459-02,BO-M-00459,BO-R-0021,bovino,Angus,Nelore,5.8,0,3.4,0.31,0.68,IATF,9,0,2025-09-25,1,88,0,0.488,vazia
E-BO-002685,C-BO-M-00459-02,BO-M-00459,BO-R-0003,bovino,Angus,Senepol,5.8,0,3.4,0.31,0.66,convencional,10,1,2025-10-27,2,120,0,0.73,prenhe
E-BO-002686,C-BO-M-00460-00,BO-M-00460,BO-R-0021,bovino,Senepol,Nelore,5.8,2,3.1,0.62,0.68,IATF,4,0,2023-04-19,1,-1,0,0.773,vazia
E-BO-002687,C-BO-M-00460-00,BO-M-00460,BO-R-0005,bovino,Senepol,Gir,5.8,2,3.1,0.62,0.72,IA_repasse,5,0,2023-05-10,2,-1,0,0.614,prenhe
E-BO-002688,C-BO-M-00460-01,BO-M-00460,BO-R-0003,bovino,Senepol,Senepol,5.8,2,3.1,0.62,0.66,IATF,6,0,2024-06-12,1,116,0,0.766,prenhe
E-BO-002689,C-BO-M-00460-02,BO-M-00460,BO-R-0008,bovino,Senepol,Brahman,5.8,2,3.1,0.62,0.38,IATF,6,0,2025-06-21,1,91,0,0.72,prenhe
E-BO-002690,C-BO-M-00461-00,BO-M-00461,BO-R-0028,bovino,Nelore,Angus,4.9,1,2.4,0.56,0.91,IATF,7,0,2023-07-19,1,-1,0,0.619,prenhe
E-BO-002691,C-BO-M-00461-01,BO-M-00461,BO-R-0030,bovino,Nelore,Nelore,4.9,1,2.4,0.56,0.8,convencional,6,0,2024-06-29,1,63,0,0.472,prenhe
E-BO-002692,C-BO-M-00461-02,BO-M-00461,BO-R-0005,bovino,Nelore,Gir,4.9,1,2.4,0.56,0.72,IATF,7,0,2025-07-28,1,111,0,0.472,prenhe
E-BO-002693,C-BO-M-00462-00,BO-M-00462,BO-R-0015,bovino,Guzera,Angus,2.2,2,3.7,0.65,0.51,convencional,7,0,2023-07-29,1,-1,0,0.612,vazia
E-BO-002694,C-BO-M-00462-00,BO-M-00462,BO-R-0028,bovino,Guzera,Angus,2.2,2,3.7,0.65,0.91,IA_repasse,8,0,2023-08-27,2,-1,0,0.34,prenhe
E-BO-002695,C-BO-M-00462-01,BO-M-00462,BO-R-0032,bovino,Guzera,Brahman,2.2,2,3.7,0.65,0.75,convencional,8,0,2024-08-20,1,76,0,0.428,vazia
E-BO-002696,C-BO-M-00462-01,BO-M-00462,BO-R-0022,bovino,Guzera,Guzera,2.2,2,3.7,0.65,0.4,IATF,9,0,2024-09-11,2,98,0,0.308,vazia
E-BO-002697,C-BO-M-00462-01,BO-M-00462,BO-R-0025,bovino,Guzera,Nelore,2.2,2,3.7,0.65,0.62,convencional,10,1,2024-10-09,3,126,0,0.42,vazia
E-BO-002698,C-BO-M-00462-02,BO-M-00462,BO-R-0008,bovino,Guzera,Brahman,2.2,2,3.7,0.65,0.38,IA_repasse,11,1,2024-11-29,1,177,1,0.243,vazia
E-BO-002699,C-BO-M-00462-02,BO-M-00462,BO-R-0036,bovino,Guzera,Guzera,2.2,2,3.7,0.65,0.72,IATF,12,1,2024-12-27,2,205,1,0.36,prenhe
E-BO-002700,C-BO-M-00462-03,BO-M-00462,BO-R-0034,bovino,Guzera,Nelore,2.2,2,3.7,0.65,0.63,convencional,12,1,2025-12-23,1,78,0,0.648,vazia
E-BO-002701,C-BO-M-00462-03,BO-M-00462,BO-R-0025,bovino,Guzera,Nelore,2.2,2,3.7,0.65,0.62,IATF,1,1,2026-01-18,2,104,0,0.508,prenhe
E-BO-002702,C-BO-M-00463-00,BO-M-00463,BO-R-0018,bovino,Nelore,Nelore,2.1,3,3.4,0.65,0.82,IATF,8,0,2023-08-22,1,-1,0,0.74,prenhe
E-BO-002703,C-BO-M-00463-01,BO-M-00463,BO-R-0029,bovino,Nelore,Nelore,2.1,3,3.4,0.65,0.78,convencional,9,0,2024-09-22,1,114,0,0.737,prenhe
E-BO-002704,C-BO-M-00463-02,BO-M-00463,BO-R-0022,bovino,Nelore,Guzera,2.1,3,3.4,0.65,0.4,IATF,10,1,2025-10-05,1,95,0,0.68,vazia
E-BO-002705,C-BO-M-00463-02,BO-M-00463,BO-R-0011,bovino,Nelore,Nelore,2.1,3,3.4,0.65,0.57,IA_repasse,10,1,2025-10-26,2,116,0,0.514,vazia
E-BO-002706,C-BO-M-00463-02,BO-M-00463,BO-R-0039,bovino,Nelore,Senepol,2.1,3,3.4,0.65,0.53,IATF,11,1,2025-11-26,3,147,0,0.489,vazia
E-BO-002707,C-BO-M-00464-00,BO-M-00464,BO-R-0026,bovino,Senepol,Mestico,9.6,2,2.8,0.67,0.64,IATF,3,1,2023-03-04,1,-1,0,0.502,prenhe
E-BO-002708,C-BO-M-00464-01,BO-M-00464,BO-R-0039,bovino,Senepol,Senepol,9.6,2,2.8,0.67,0.53,IATF,2,1,2024-02-13,1,63,0,0.379,vazia
E-BO-002709,C-BO-M-00464-01,BO-M-00464,BO-R-0032,bovino,Senepol,Brahman,9.6,2,2.8,0.67,0.75,IATF,3,1,2024-03-10,2,89,0,0.358,vazia
E-BO-002710,C-BO-M-00464-01,BO-M-00464,BO-R-0036,bovino,Senepol,Guzera,9.6,2,2.8,0.67,0.72,IATF,4,0,2024-04-03,3,113,0,0.297,vazia
E-BO-002711,C-BO-M-00464-02,BO-M-00464,BO-R-0008,bovino,Senepol,Brahman,9.6,2,2.8,0.67,0.38,IATF,5,0,2024-05-27,1,167,1,0.357,prenhe
E-BO-002712,C-BO-M-00464-03,BO-M-00464,BO-R-0007,bovino,Senepol,Angus,9.6,2,2.8,0.67,0.93,IA_repasse,5,0,2025-05-15,1,70,0,0.398,prenhe
E-BO-002713,C-BO-M-00465-00,BO-M-00465,BO-R-0001,bovino,Angus,Nelore,5.3,1,3.1,0.48,0.66,IATF,8,0,2023-08-31,1,-1,0,0.65,prenhe
E-BO-002714,C-BO-M-00465-01,BO-M-00465,BO-R-0032,bovino,Angus,Brahman,5.3,1,3.1,0.48,0.75,IATF,9,0,2024-09-15,1,98,0,0.851,prenhe
E-BO-002715,C-BO-M-00465-02,BO-M-00465,BO-R-0030,bovino,Angus,Nelore,5.3,1,3.1,0.48,0.8,IATF,10,1,2025-10-21,1,118,0,0.778,prenhe
E-BO-002716,C-BO-M-00466-00,BO-M-00466,BO-R-0014,bovino,Angus,Gir,9.6,1,2.4,0.97,0.7,IATF,6,0,2023-06-09,1,-1,0,0.386,prenhe
E-BO-002717,C-BO-M-00466-01,BO-M-00466,BO-R-0031,bovino,Angus,Nelore,9.6,1,2.4,0.97,0.88,IATF,6,0,2024-06-09,1,83,0,0.389,vazia
E-BO-002718,C-BO-M-00466-01,BO-M-00466,BO-R-0010,bovino,Angus,Gir,9.6,1,2.4,0.97,0.31,IATF,6,0,2024-06-30,2,104,0,0.276,vazia
E-BO-002719,C-BO-M-00466-01,BO-M-00466,BO-R-0001,bovino,Angus,Nelore,9.6,1,2.4,0.97,0.66,IATF,7,0,2024-07-26,3,130,0,0.21,vazia
E-BO-002720,C-BO-M-00466-02,BO-M-00466,BO-R-0002,bovino,Angus,Brahman,9.6,1,2.4,0.97,0.3,IA_repasse,9,0,2024-09-24,1,190,1,0.107,vazia
E-BO-002721,C-BO-M-00466-02,BO-M-00466,BO-R-0039,bovino,Angus,Senepol,9.6,1,2.4,0.97,0.53,IATF,10,1,2024-10-16,2,212,1,0.243,prenhe
E-BO-002722,C-BO-M-00466-03,BO-M-00466,BO-R-0016,bovino,Angus,Nelore,9.6,1,2.4,0.97,0.58,IATF,11,1,2025-11-10,1,107,0,0.434,vazia
E-BO-002723,C-BO-M-00466-03,BO-M-00466,BO-R-0037,bovino,Angus,Brahman,9.6,1,2.4,0.97,0.45,IATF,12,1,2025-12-12,2,139,0,0.34,prenhe
E-BO-002724,C-BO-M-00467-00,BO-M-00467,BO-R-0027,bovino,Guzera,Brahman,2.5,4,2.7,0.6,0.77,IATF,8,0,2023-08-23,1,-1,0,0.419,prenhe
E-BO-002725,C-BO-M-00467-01,BO-M-00467,BO-R-0033,bovino,Guzera,Nelore,2.5,4,2.7,0.6,0.79,convencional,9,0,2024-09-02,1,93,0,0.7,prenhe
E-BO-002726,C-BO-M-00467-02,BO-M-00467,BO-R-0039,bovino,Guzera,Senepol,2.5,4,2.7,0.6,0.53,IATF,9,0,2025-09-25,1,105,0,0.535,vazia
E-BO-002727,C-BO-M-00467-02,BO-M-00467,BO-R-0035,bovino,Guzera,Brahman,2.5,4,2.7,0.6,0.74,IATF,10,1,2025-10-18,2,128,0,0.543,prenhe
E-BO-002728,C-BO-M-00468-00,BO-M-00468,BO-R-0025,bovino,Nelore,Nelore,6.0,0,2.9,0.18,0.62,IATF,1,1,2023-01-06,1,-1,0,0.546,prenhe
E-BO-002729,C-BO-M-00468-01,BO-M-00468,BO-R-0020,bovino,Nelore,Nelore,6.0,0,2.9,0.18,0.55,IATF,2,1,2024-02-12,1,119,0,0.529,prenhe
E-BO-002730,C-BO-M-00468-02,BO-M-00468,BO-R-0028,bovino,Nelore,Angus,6.0,0,2.9,0.18,0.91,convencional,2,1,2025-02-13,1,84,0,0.592,vazia
E-BO-002731,C-BO-M-00468-02,BO-M-00468,BO-R-0024,bovino,Nelore,Nelore,6.0,0,2.9,0.18,0.68,IATF,3,1,2025-03-15,2,114,0,0.403,vazia
E-BO-002732,C-BO-M-00468-02,BO-M-00468,BO-R-0036,bovino,Nelore,Guzera,6.0,0,2.9,0.18,0.72,IATF,4,0,2025-04-10,3,140,0,0.299,vazia
E-BO-002733,C-BO-M-00469-00,BO-M-00469,BO-R-0017,bovino,Senepol,Nelore,2.9,1,3.8,0.35,0.35,IATF,7,0,2023-07-27,1,-1,0,0.244,prenhe
E-BO-002734,C-BO-M-00469-01,BO-M-00469,BO-R-0004,bovino,Senepol,Brahman,2.9,1,3.8,0.35,0.56,convencional,8,0,2024-08-28,1,115,0,0.573,prenhe
E-BO-002735,C-BO-M-00469-02,BO-M-00469,BO-R-0023,bovino,Senepol,Brahman,2.9,1,3.8,0.35,0.35,convencional,9,0,2025-09-19,1,104,0,0.375,vazia
E-BO-002736,C-BO-M-00469-02,BO-M-00469,BO-R-0030,bovino,Senepol,Nelore,2.9,1,3.8,0.35,0.8,convencional,10,1,2025-10-21,2,136,0,0.478,vazia
E-BO-002737,C-BO-M-00469-02,BO-M-00469,BO-R-0023,bovino,Senepol,Brahman,2.9,1,3.8,0.35,0.35,convencional,11,1,2025-11-22,3,168,0,0.199,vazia
E-BO-002738,C-BO-M-00469-03,BO-M-00469,BO-R-0021,bovino,Senepol,Nelore,2.9,1,3.8,0.35,0.68,convencional,1,1,2026-01-27,1,234,1,0.401,vazia
E-BO-002739,C-BO-M-00469-03,BO-M-00469,BO-R-0011,bovino,Senepol,Nelore,2.9,1,3.8,0.35,0.57,convencional,2,1,2026-02-27,2,265,1,0.306,prenhe
E-BO-002740,C-BO-M-00470-00,BO-M-00470,BO-R-0027,bovino,Nelore,Brahman,3.3,5,2.9,0.2,0.77,convencional,10,1,2023-10-21,1,-1,0,0.667,prenhe
E-BO-002741,C-BO-M-00470-01,BO-M-00470,BO-R-0009,bovino,Nelore,Gir,3.3,5,2.9,0.2,0.52,IA_repasse,10,1,2024-10-18,1,80,0,0.312,vazia
E-BO-002742,C-BO-M-00470-01,BO-M-00470,BO-R-0019,bovino,Nelore,Brahman,3.3,5,2.9,0.2,0.55,convencional,11,1,2024-11-11,2,104,0,0.542,vazia
E-BO-002743,C-BO-M-00470-01,BO-M-00470,BO-R-0034,bovino,Nelore,Nelore,3.3,5,2.9,0.2,0.63,IATF,12,1,2024-12-06,3,129,0,0.426,prenhe
E-BO-002744,C-BO-M-00470-02,BO-M-00470,BO-R-0010,bovino,Nelore,Gir,3.3,5,2.9,0.2,0.31,convencional,1,1,2026-01-09,1,116,0,0.602,prenhe
E-BO-002745,C-BO-M-00471-00,BO-M-00471,BO-R-0007,bovino,Senepol,Angus,1.3,0,3.5,0.55,0.93,convencional,10,1,2023-10-31,1,-1,0,0.853,prenhe
E-BO-002746,C-BO-M-00471-01,BO-M-00471,BO-R-0002,bovino,Senepol,Brahman,1.3,0,3.5,0.55,0.3,IATF,10,1,2024-10-14,1,66,0,0.428,vazia
E-BO-002747,C-BO-M-00471-01,BO-M-00471,BO-R-0014,bovino,Senepol,Gir,1.3,0,3.5,0.55,0.7,IATF,11,1,2024-11-04,2,87,0,0.507,vazia
E-BO-002748,C-BO-M-00471-01,BO-M-00471,BO-R-0003,bovino,Senepol,Senepol,1.3,0,3.5,0.55,0.66,IATF,12,1,2024-12-02,3,115,0,0.39,vazia
E-BO-002749,C-BO-M-00471-02,BO-M-00471,BO-R-0000,bovino,Senepol,Senepol,1.3,0,3.5,0.55,0.48,IATF,1,1,2025-01-21,1,165,1,0.53,vazia
E-BO-002750,C-BO-M-00471-02,BO-M-00471,BO-R-0000,bovino,Senepol,Senepol,1.3,0,3.5,0.55,0.48,convencional,2,1,2025-02-22,2,197,1,0.485,prenhe
E-BO-002751,C-BO-M-00471-03,BO-M-00471,BO-R-0035,bovino,Senepol,Brahman,1.3,0,3.5,0.55,0.74,convencional,3,1,2026-03-10,1,98,0,0.867,prenhe
E-BO-002752,C-BO-M-00472-00,BO-M-00472,BO-R-0029,bovino,Nelore,Nelore,2.1,2,2.9,0.53,0.78,IATF,2,1,2023-02-02,1,-1,0,0.504,vazia
E-BO-002753,C-BO-M-00472-00,BO-M-00472,BO-R-0014,bovino,Nelore,Gir,2.1,2,2.9,0.53,0.7,IATF,3,1,2023-03-01,2,-1,0,0.335,vazia
E-BO-002754,C-BO-M-00472-00,BO-M-00472,BO-R-0024,bovino,Nelore,Nelore,2.1,2,2.9,0.53,0.68,convencional,3,1,2023-03-28,3,-1,0,0.32,prenhe
E-BO-002755,C-BO-M-00472-01,BO-M-00472,BO-R-0029,bovino,Nelore,Nelore,2.1,2,2.9,0.53,0.78,IATF,4,0,2024-04-19,1,105,0,0.49,prenhe
E-BO-002756,C-BO-M-00472-02,BO-M-00472,BO-R-0022,bovino,Nelore,Guzera,2.1,2,2.9,0.53,0.4,IATF,5,0,2025-05-01,1,94,0,0.466,vazia
E-BO-002757,C-BO-M-00472-02,BO-M-00472,BO-R-0004,bovino,Nelore,Brahman,2.1,2,2.9,0.53,0.56,IATF,5,0,2025-05-27,2,120,0,0.367,vazia
E-BO-002758,C-BO-M-00472-02,BO-M-00472,BO-R-0010,bovino,Nelore,Gir,2.1,2,2.9,0.53,0.31,IATF,6,0,2025-06-28,3,152,0,0.085,vazia
E-BO-002759,C-BO-M-00472-03,BO-M-00472,BO-R-0037,bovino,Nelore,Brahman,2.1,2,2.9,0.53,0.45,IATF,8,0,2025-08-19,1,204,1,0.335,vazia
E-BO-002760,C-BO-M-00472-03,BO-M-00472,BO-R-0008,bovino,Nelore,Brahman,2.1,2,2.9,0.53,0.38,IATF,9,0,2025-09-13,2,229,1,0.131,vazia
E-BO-002761,C-BO-M-00472-03,BO-M-00472,BO-R-0010,bovino,Nelore,Gir,2.1,2,2.9,0.53,0.31,convencional,10,1,2025-10-11,3,257,1,0.203,vazia
E-BO-002762,C-BO-M-00473-00,BO-M-00473,BO-R-0028,bovino,Nelore,Angus,9.3,1,3.3,0.46,0.91,convencional,8,0,2023-08-10,1,-1,0,0.753,vazia
E-BO-002763,C-BO-M-00473-00,BO-M-00473,BO-R-0016,bovino,Nelore,Nelore,9.3,1,3.3,0.46,0.58,IATF,9,0,2023-09-09,2,-1,0,0.461,vazia
E-BO-002764,C-BO-M-00473-00,BO-M-00473,BO-R-0012,bovino,Nelore,Senepol,9.3,1,3.3,0.46,0.33,IATF,10,1,2023-10-06,3,-1,0,0.263,vazia
E-BO-002765,C-BO-M-00473-01,BO-M-00473,BO-R-0009,bovino,Nelore,Gir,9.3,1,3.3,0.46,0.52,IATF,11,1,2023-11-21,1,-1,1,0.382,prenhe
E-BO-002766,C-BO-M-00473-02,BO-M-00473,BO-R-0016,bovino,Nelore,Nelore,9.3,1,3.3,0.46,0.58,IATF,11,1,2024-11-22,1,84,0,0.48,vazia
E-BO-002767,C-BO-M-00473-02,BO-M-00473,BO-R-0007,bovino,Nelore,Angus,9.3,1,3.3,0.46,0.93,convencional,12,1,2024-12-17,2,109,0,0.718,vazia
E-BO-002768,C-BO-M-00473-02,BO-M-00473,BO-R-0020,bovino,Nelore,Nelore,9.3,1,3.3,0.46,0.55,IATF,1,1,2025-01-16,3,139,0,0.372,vazia
E-BO-002769,C-BO-M-00473-03,BO-M-00473,BO-R-0008,bovino,Nelore,Brahman,9.3,1,3.3,0.46,0.38,IATF,2,1,2025-02-27,1,181,1,0.355,prenhe
E-BO-002770,C-BO-M-00473-04,BO-M-00473,BO-R-0037,bovino,Nelore,Brahman,9.3,1,3.3,0.46,0.45,IATF,2,1,2026-02-18,1,73,0,0.518,prenhe
E-BO-002771,C-BO-M-00474-00,BO-M-00474,BO-R-0005,bovino,Nelore,Gir,3.9,0,3.1,0.95,0.72,IATF,2,1,2023-02-22,1,-1,0,0.9,prenhe
E-BO-002772,C-BO-M-00474-01,BO-M-00474,BO-R-0034,bovino,Nelore,Nelore,3.9,0,3.1,0.95,0.63,IA_repasse,2,1,2024-02-10,1,70,0,0.542,vazia
E-BO-002773,C-BO-M-00474-01,BO-M-00474,BO-R-0018,bovino,Nelore,Nelore,3.9,0,3.1,0.95,0.82,IATF,3,1,2024-03-11,2,100,0,0.895,prenhe
E-BO-002774,C-BO-M-00474-02,BO-M-00474,BO-R-0027,bovino,Nelore,Brahman,3.9,0,3.1,0.95,0.77,IATF,3,1,2025-03-03,1,74,0,0.695,prenhe
E-BO-002775,C-BO-M-00474-03,BO-M-00474,BO-R-0023,bovino,Nelore,Brahman,3.9,0,3.1,0.95,0.35,convencional,2,1,2026-02-20,1,71,0,0.743,prenhe
E-BO-002776,C-BO-M-00475-00,BO-M-00475,BO-R-0014,bovino,Nelore,Gir,6.5,2,3.6,0.66,0.7,convencional,3,1,2023-03-27,1,-1,0,0.785,prenhe
E-BO-002777,C-BO-M-00476-00,BO-M-00476,BO-R-0017,bovino,Nelore,Nelore,5.2,3,2.9,0.7,0.35,IATF,5,0,2023-05-26,1,-1,0,0.45,prenhe
E-BO-002778,C-BO-M-00476-01,BO-M-00476,BO-R-0013,bovino,Nelore,Nelore,5.2,3,2.9,0.7,0.46,IATF,6,0,2024-06-28,1,116,0,0.641,vazia
E-BO-002779,C-BO-M-00476-01,BO-M-00476,BO-R-0039,bovino,Nelore,Senepol,5.2,3,2.9,0.7,0.53,IATF,7,0,2024-07-19,2,137,0,0.485,prenhe
E-BO-002780,C-BO-M-00476-02,BO-M-00476,BO-R-0022,bovino,Nelore,Guzera,5.2,3,2.9,0.7,0.4,IATF,8,0,2025-08-23,1,117,0,0.481,vazia
E-BO-002781,C-BO-M-00476-02,BO-M-00476,BO-R-0025,bovino,Nelore,Nelore,5.2,3,2.9,0.7,0.62,IATF,9,0,2025-09-24,2,149,0,0.567,prenhe
E-BO-002782,C-BO-M-00477-00,BO-M-00477,BO-R-0013,bovino,Angus,Nelore,4.6,1,2.4,0.36,0.46,IATF,10,1,2023-10-15,1,-1,0,0.401,prenhe
E-BO-002783,C-BO-M-00477-01,BO-M-00477,BO-R-0033,bovino,Angus,Nelore,4.6,1,2.4,0.36,0.79,IATF,10,1,2024-10-15,1,83,0,0.439,vazia
E-BO-002784,C-BO-M-00477-01,BO-M-00477,BO-R-0034,bovino,Angus,Nelore,4.6,1,2.4,0.36,0.63,convencional,11,1,2024-11-09,2,108,0,0.444,vazia
E-BO-002785,C-BO-M-00477-01,BO-M-00477,BO-R-0025,bovino,Angus,Nelore,4.6,1,2.4,0.36,0.62,convencional,12,1,2024-12-10,3,139,0,0.492,prenhe
E-BO-002786,C-BO-M-00478-00,BO-M-00478,BO-R-0007,bovino,Angus,Angus,5.8,0,2.5,0.35,0.93,convencional,8,0,2023-08-12,1,-1,0,0.637,vazia
E-BO-002787,C-BO-M-00478-00,BO-M-00478,BO-R-0028,bovino,Angus,Angus,5.8,0,2.5,0.35,0.91,IATF,9,0,2023-09-05,2,-1,0,0.411,vazia
E-BO-002788,C-BO-M-00478-00,BO-M-00478,BO-R-0000,bovino,Angus,Senepol,5.8,0,2.5,0.35,0.48,convencional,10,1,2023-10-07,3,-1,0,0.236,prenhe
E-BO-002789,C-BO-M-00478-01,BO-M-00478,BO-R-0010,bovino,Angus,Gir,5.8,0,2.5,0.35,0.31,IATF,10,1,2024-10-28,1,104,0,0.488,vazia
E-BO-002790,C-BO-M-00478-01,BO-M-00478,BO-R-0002,bovino,Angus,Brahman,5.8,0,2.5,0.35,0.3,IATF,11,1,2024-11-27,2,134,0,0.331,prenhe
E-BO-002791,C-BO-M-00478-02,BO-M-00478,BO-R-0008,bovino,Angus,Brahman,5.8,0,2.5,0.35,0.38,convencional,12,1,2025-12-07,1,92,0,0.597,vazia
E-BO-002792,C-BO-M-00478-02,BO-M-00478,BO-R-0036,bovino,Angus,Guzera,5.8,0,2.5,0.35,0.72,IATF,12,1,2025-12-30,2,115,0,0.498,prenhe
E-BO-002793,C-BO-M-00479-00,BO-M-00479,BO-R-0035,bovino,Nelore,Brahman,2.7,0,2.9,0.56,0.74,IATF,6,0,2023-06-22,1,-1,0,0.392,prenhe
E-BO-002794,C-BO-M-00479-01,BO-M-00479,BO-R-0004,bovino,Nelore,Brahman,2.7,0,2.9,0.56,0.56,IATF,6,0,2024-06-12,1,73,0,0.207,prenhe
E-BO-002795,C-BO-M-00479-02,BO-M-00479,BO-R-0019,bovino,Nelore,Brahman,2.7,0,2.9,0.56,0.55,IATF,6,0,2025-06-29,1,99,0,0.4,vazia
E-BO-002796,C-BO-M-00479-02,BO-M-00479,BO-R-0036,bovino,Nelore,Guzera,2.7,0,2.9,0.56,0.72,IATF,7,0,2025-07-23,2,123,0,0.438,vazia
E-BO-002797,C-BO-M-00479-02,BO-M-00479,BO-R-0009,bovino,Nelore,Gir,2.7,0,2.9,0.56,0.52,IATF,8,0,2025-08-20,3,151,0,0.102,vazia
E-BO-002798,C-BO-M-00480-00,BO-M-00480,BO-R-0038,bovino,Nelore,Senepol,9.9,3,2.6,0.58,0.52,IATF,1,1,2023-01-13,1,-1,0,0.497,prenhe
E-BO-002799,C-BO-M-00480-01,BO-M-00480,BO-R-0000,bovino,Nelore,Senepol,9.9,3,2.6,0.58,0.48,convencional,12,1,2023-12-28,1,66,0,0.449,prenhe
E-BO-002800,C-BO-M-00480-02,BO-M-00480,BO-R-0008,bovino,Nelore,Brahman,9.9,3,2.6,0.58,0.38,IATF,12,1,2024-12-06,1,61,0,0.284,vazia
E-BO-002801,C-BO-M-00480-02,BO-M-00480,BO-R-0024,bovino,Nelore,Nelore,9.9,3,2.6,0.58,0.68,IATF,1,1,2025-01-01,2,87,0,0.376,vazia
E-BO-002802,C-BO-M-00480-02,BO-M-00480,BO-R-0000,bovino,Nelore,Senepol,9.9,3,2.6,0.58,0.48,convencional,1,1,2025-01-30,3,116,0,0.449,vazia
E-BO-002803,C-BO-M-00480-03,BO-M-00480,BO-R-0037,bovino,Nelore,Brahman,9.9,3,2.6,0.58,0.45,convencional,4,0,2025-04-04,1,180,1,0.412,prenhe
E-BO-002804,C-BO-M-00481-00,BO-M-00481,BO-R-0003,bovino,Nelore,Senepol,8.4,5,3.4,0.18,0.66,IATF,8,0,2023-08-14,1,-1,0,0.525,vazia
E-BO-002805,C-BO-M-00481-00,BO-M-00481,BO-R-0025,bovino,Nelore,Nelore,8.4,5,3.4,0.18,0.62,IATF,9,0,2023-09-11,2,-1,0,0.309,vazia
E-BO-002806,C-BO-M-00481-00,BO-M-00481,BO-R-0026,bovino,Nelore,Mestico,8.4,5,3.4,0.18,0.64,convencional,10,1,2023-10-08,3,-1,0,0.471,vazia
E-BO-002807,C-BO-M-00481-01,BO-M-00481,BO-R-0004,bovino,Nelore,Brahman,8.4,5,3.4,0.18,0.56,convencional,11,1,2023-11-26,1,-1,1,0.52,prenhe
E-BO-002808,C-BO-M-00481-02,BO-M-00481,BO-R-0009,bovino,Nelore,Gir,8.4,5,3.4,0.18,0.52,IATF,12,1,2024-12-30,1,117,0,0.5,prenhe
E-BO-002809,C-BO-M-00482-00,BO-M-00482,BO-R-0037,bovino,Senepol,Brahman,7.7,1,3.0,0.51,0.45,convencional,4,0,2023-04-09,1,-1,0,0.768,vazia
E-BO-002810,C-BO-M-00482-00,BO-M-00482,BO-R-0024,bovino,Senepol,Nelore,7.7,1,3.0,0.51,0.68,IATF,5,0,2023-05-08,2,-1,0,0.568,prenhe
E-BO-002811,C-BO-M-00482-01,BO-M-00482,BO-R-0008,bovino,Senepol,Brahman,7.7,1,3.0,0.51,0.38,IATF,4,0,2024-04-29,1,74,0,0.466,vazia
E-BO-002812,C-BO-M-00482-01,BO-M-00482,BO-R-0009,bovino,Senepol,Gir,7.7,1,3.0,0.51,0.52,IATF,5,0,2024-05-29,2,104,0,0.64,prenhe
E-BO-002813,C-BO-M-00482-02,BO-M-00482,BO-R-0002,bovino,Senepol,Brahman,7.7,1,3.0,0.51,0.3,convencional,6,0,2025-06-14,1,98,0,0.736,prenhe
E-BO-002814,C-BO-M-00483-00,BO-M-00483,BO-R-0012,bovino,Nelore,Senepol,5.2,1,4.4,0.55,0.33,IATF,8,0,2023-08-08,1,-1,0,0.318,prenhe
E-BO-002815,C-BO-M-00483-01,BO-M-00483,BO-R-0013,bovino,Nelore,Nelore,5.2,1,4.4,0.55,0.46,IATF,8,0,2024-08-24,1,99,0,0.349,vazia
E-BO-002816,C-BO-M-00483-01,BO-M-00483,BO-R-0017,bovino,Nelore,Nelore,5.2,1,4.4,0.55,0.35,IATF,9,0,2024-09-18,2,124,0,0.259,prenhe
E-BO-002817,C-BO-M-00483-02,BO-M-00483,BO-R-0009,bovino,Nelore,Gir,5.2,1,4.4,0.55,0.52,IATF,10,1,2025-10-09,1,103,0,0.576,vazia
E-BO-002818,C-BO-M-00483-02,BO-M-00483,BO-R-0016,bovino,Nelore,Nelore,5.2,1,4.4,0.55,0.58,IATF,11,1,2025-11-06,2,131,0,0.464,vazia
E-BO-002819,C-BO-M-00483-02,BO-M-00483,BO-R-0013,bovino,Nelore,Nelore,5.2,1,4.4,0.55,0.46,IATF,11,1,2025-11-30,3,155,0,0.226,vazia
E-BO-002820,C-BO-M-00483-03,BO-M-00483,BO-R-0012,bovino,Nelore,Senepol,5.2,1,4.4,0.55,0.33,IATF,1,1,2026-01-01,1,187,1,0.42,vazia
E-BO-002821,C-BO-M-00483-03,BO-M-00483,BO-R-0023,bovino,Nelore,Brahman,5.2,1,4.4,0.55,0.35,IATF,2,1,2026-02-02,2,219,1,0.235,vazia
E-BO-002822,C-BO-M-00483-03,BO-M-00483,BO-R-0016,bovino,Nelore,Nelore,5.2,1,4.4,0.55,0.58,IA_repasse,2,1,2026-02-24,3,241,1,0.062,vazia
E-BO-002823,C-BO-M-00483-04,BO-M-00483,BO-R-0005,bovino,Nelore,Gir,5.2,1,4.4,0.55,0.72,IATF,4,0,2026-04-17,1,293,2,0.297,prenhe
E-BO-002824,C-BO-M-00484-00,BO-M-00484,BO-R-0006,bovino,Nelore,Angus,2.4,2,2.3,0.51,0.76,IATF,10,1,2023-10-20,1,-1,0,0.581,prenhe
E-BO-002825,C-BO-M-00484-01,BO-M-00484,BO-R-0031,bovino,Nelore,Nelore,2.4,2,2.3,0.51,0.88,IATF,11,1,2024-11-03,1,97,0,0.446,vazia
E-BO-002826,C-BO-M-00484-01,BO-M-00484,BO-R-0022,bovino,Nelore,Guzera,2.4,2,2.3,0.51,0.4,IATF,12,1,2024-12-02,2,126,0,0.354,prenhe
E-BO-002827,C-BO-M-00484-02,BO-M-00484,BO-R-0025,bovino,Nelore,Nelore,2.4,2,2.3,0.51,0.62,IATF,12,1,2025-12-04,1,84,0,0.35,vazia
E-BO-002828,C-BO-M-00484-02,BO-M-00484,BO-R-0036,bovino,Nelore,Guzera,2.4,2,2.3,0.51,0.72,IATF,1,1,2026-01-05,2,116,0,0.447,vazia
E-BO-002829,C-BO-M-00484-02,BO-M-00484,BO-R-0017,bovino,Nelore,Nelore,2.4,2,2.3,0.51,0.35,IATF,2,1,2026-02-01,3,143,0,0.134,vazia
E-BO-002830,C-BO-M-00484-03,BO-M-00484,BO-R-0031,bovino,Nelore,Nelore,2.4,2,2.3,0.51,0.88,IATF,3,1,2026-03-14,1,184,1,0.52,prenhe
E-BO-002831,C-BO-M-00485-00,BO-M-00485,BO-R-0036,bovino,Nelore,Guzera,9.3,2,3.3,0.39,0.72,IATF,10,1,2023-10-20,1,-1,0,0.731,prenhe
E-BO-002832,C-BO-M-00485-01,BO-M-00485,BO-R-0000,bovino,Nelore,Senepol,9.3,2,3.3,0.39,0.48,IATF,10,1,2024-10-31,1,94,0,0.713,prenhe
E-BO-002833,C-BO-M-00485-02,BO-M-00485,BO-R-0017,bovino,Nelore,Nelore,9.3,2,3.3,0.39,0.35,convencional,10,1,2025-10-23,1,74,0,0.63,prenhe
E-BO-002834,C-BO-M-00486-00,BO-M-00486,BO-R-0024,bovino,Senepol,Nelore,4.1,1,2.6,0.44,0.68,IATF,1,1,2023-01-31,1,-1,0,0.571,prenhe
E-BO-002835,C-BO-M-00486-01,BO-M-00486,BO-R-0014,bovino,Senepol,Gir,4.1,1,2.6,0.44,0.7,convencional,1,1,2024-01-27,1,78,0,0.609,prenhe
E-BO-002836,C-BO-M-00486-02,BO-M-00486,BO-R-0024,bovino,Senepol,Nelore,4.1,1,2.6,0.44,0.68,IATF,2,1,2025-02-20,1,107,0,0.724,prenhe
E-BO-002837,C-BO-M-00486-03,BO-M-00486,BO-R-0037,bovino,Senepol,Brahman,4.1,1,2.6,0.44,0.45,convencional,3,1,2026-03-20,1,110,0,0.657,prenhe
E-BO-002838,C-BO-M-00487-00,BO-M-00487,BO-R-0007,bovino,Nelore,Angus,1.5,0,3.0,0.51,0.93,convencional,7,0,2023-07-25,1,-1,0,0.791,prenhe
E-BO-002839,C-BO-M-00487-01,BO-M-00487,BO-R-0011,bovino,Nelore,Nelore,1.5,0,3.0,0.51,0.57,convencional,7,0,2024-07-13,1,71,0,0.475,vazia
E-BO-002840,C-BO-M-00487-01,BO-M-00487,BO-R-0034,bovino,Nelore,Nelore,1.5,0,3.0,0.51,0.63,convencional,8,0,2024-08-11,2,100,0,0.57,prenhe
E-BO-002841,C-BO-M-00487-02,BO-M-00487,BO-R-0008,bovino,Nelore,Brahman,1.5,0,3.0,0.51,0.38,IATF,9,0,2025-09-14,1,116,0,0.466,prenhe
E-BO-002842,C-BO-M-00488-00,BO-M-00488,BO-R-0031,bovino,Senepol,Nelore,4.1,3,3.3,0.57,0.88,IATF,2,1,2023-02-28,1,-1,0,0.928,prenhe
E-BO-002843,C-BO-M-00488-01,BO-M-00488,BO-R-0005,bovino,Senepol,Gir,4.1,3,3.3,0.57,0.72,IATF,3,1,2024-03-04,1,87,0,0.774,prenhe
E-BO-002844,C-BO-M-00488-02,BO-M-00488,BO-R-0002,bovino,Senepol,Brahman,4.1,3,3.3,0.57,0.3,convencional,3,1,2025-03-22,1,100,0,0.878,prenhe
E-BO-002845,C-BO-M-00488-03,BO-M-00488,BO-R-0025,bovino,Senepol,Nelore,4.1,3,3.3,0.57,0.62,IATF,3,1,2026-03-12,1,72,0,0.717,vazia
E-BO-002846,C-BO-M-00488-03,BO-M-00488,BO-R-0024,bovino,Senepol,Nelore,4.1,3,3.3,0.57,0.68,IATF,4,0,2026-04-08,2,99,0,0.824,prenhe
E-BO-002847,C-BO-M-00489-00,BO-M-00489,BO-R-0039,bovino,Senepol,Senepol,8.2,2,2.0,0.67,0.53,IATF,6,0,2023-06-01,1,-1,0,0.37,prenhe
E-BO-002848,C-BO-M-00489-01,BO-M-00489,BO-R-0029,bovino,Senepol,Nelore,8.2,2,2.0,0.67,0.78,IATF,6,0,2024-06-18,1,100,0,0.611,prenhe
E-BO-002849,C-BO-M-00489-02,BO-M-00489,BO-R-0033,bovino,Senepol,Nelore,8.2,2,2.0,0.67,0.79,convencional,7,0,2025-07-13,1,107,0,0.71,prenhe
E-BO-002850,C-BO-M-00490-00,BO-M-00490,BO-R-0007,bovino,Brahman,Angus,6.6,2,3.3,0.77,0.93,IA_repasse,1,1,2023-01-30,1,-1,0,0.896,prenhe
E-BO-002851,C-BO-M-00490-01,BO-M-00490,BO-R-0006,bovino,Brahman,Angus,6.6,2,3.3,0.77,0.76,IA_repasse,2,1,2024-02-03,1,86,0,0.792,prenhe
E-BO-002852,C-BO-M-00490-02,BO-M-00490,BO-R-0022,bovino,Brahman,Guzera,6.6,2,3.3,0.77,0.4,IATF,2,1,2025-02-13,1,93,0,0.904,prenhe
E-BO-002853,C-BO-M-00491-00,BO-M-00491,BO-R-0030,bovino,Angus,Nelore,7.8,1,4.2,0.49,0.8,IATF,2,1,2023-02-03,1,-1,0,0.606,prenhe
E-BO-002854,C-BO-M-00491-01,BO-M-00491,BO-R-0003,bovino,Angus,Senepol,7.8,1,4.2,0.49,0.66,convencional,3,1,2024-03-06,1,114,0,0.626,prenhe
E-BO-002855,C-BO-M-00491-02,BO-M-00491,BO-R-0012,bovino,Angus,Senepol,7.8,1,4.2,0.49,0.33,IATF,2,1,2025-02-20,1,68,0,0.217,prenhe
E-BO-002856,C-BO-M-00491-03,BO-M-00491,BO-R-0002,bovino,Angus,Brahman,7.8,1,4.2,0.49,0.3,IATF,2,1,2026-02-08,1,70,0,0.276,vazia
E-BO-002857,C-BO-M-00491-03,BO-M-00491,BO-R-0016,bovino,Angus,Nelore,7.8,1,4.2,0.49,0.58,IATF,3,1,2026-03-11,2,101,0,0.379,prenhe
E-BO-002858,C-BO-M-00492-00,BO-M-00492,BO-R-0024,bovino,Angus,Nelore,8.1,5,3.0,0.46,0.68,IATF,4,0,2023-04-26,1,-1,0,0.496,vazia
E-BO-002859,C-BO-M-00492-00,BO-M-00492,BO-R-0009,bovino,Angus,Gir,8.1,5,3.0,0.46,0.52,convencional,5,0,2023-05-23,2,-1,0,0.48,prenhe
E-BO-002860,C-BO-M-00492-01,BO-M-00492,BO-R-0007,bovino,Angus,Angus,8.1,5,3.0,0.46,0.93,convencional,6,0,2024-06-13,1,104,0,0.829,vazia
E-BO-002861,C-BO-M-00492-01,BO-M-00492,BO-R-0028,bovino,Angus,Angus,8.1,5,3.0,0.46,0.91,IATF,7,0,2024-07-04,2,125,0,0.563,vazia
E-BO-002862,C-BO-M-00492-01,BO-M-00492,BO-R-0031,bovino,Angus,Nelore,8.1,5,3.0,0.46,0.88,IATF,7,0,2024-07-27,3,148,0,0.434,prenhe
E-BO-002863,C-BO-M-00492-02,BO-M-00492,BO-R-0036,bovino,Angus,Guzera,8.1,5,3.0,0.46,0.72,IA_repasse,7,0,2025-07-31,1,86,0,0.344,prenhe
E-BO-002864,C-BO-M-00493-00,BO-M-00493,BO-R-0002,bovino,Nelore,Brahman,2.9,3,3.3,0.64,0.3,IA_repasse,2,1,2023-02-13,1,-1,0,0.575,vazia
E-BO-002865,C-BO-M-00493-00,BO-M-00493,BO-R-0001,bovino,Nelore,Nelore,2.9,3,3.3,0.64,0.66,IATF,3,1,2023-03-16,2,-1,0,0.582,prenhe
E-BO-002866,C-BO-M-00493-01,BO-M-00493,BO-R-0037,bovino,Nelore,Brahman,2.9,3,3.3,0.64,0.45,IATF,4,0,2024-04-15,1,113,0,0.589,vazia
E-BO-002867,C-BO-M-00493-01,BO-M-00493,BO-R-0030,bovino,Nelore,Nelore,2.9,3,3.3,0.64,0.8,IATF,5,0,2024-05-09,2,137,0,0.591,vazia
E-BO-002868,C-BO-M-00493-01,BO-M-00493,BO-R-0018,bovino,Nelore,Nelore,2.9,3,3.3,0.64,0.82,IATF,6,0,2024-06-07,3,166,0,0.573,prenhe
E-BO-002869,C-BO-M-00493-02,BO-M-00493,BO-R-0008,bovino,Nelore,Brahman,2.9,3,3.3,0.64,0.38,IATF,6,0,2025-06-29,1,104,0,0.683,prenhe
E-BO-002870,C-BO-M-00494-00,BO-M-00494,BO-R-0005,bovino,Brahman,Gir,9.3,2,3.7,0.67,0.72,convencional,6,0,2023-06-29,1,-1,0,0.491,prenhe
E-BO-002871,C-BO-M-00494-01,BO-M-00494,BO-R-0013,bovino,Brahman,Nelore,9.3,2,3.7,0.67,0.46,IATF,6,0,2024-06-16,1,70,0,0.305,vazia
E-BO-002872,C-BO-M-00494-01,BO-M-00494,BO-R-0023,bovino,Brahman,Brahman,9.3,2,3.7,0.67,0.35,IATF,7,0,2024-07-12,2,96,0,0.315,prenhe
E-BO-002873,C-BO-M-00494-02,BO-M-00494,BO-R-0028,bovino,Brahman,Angus,9.3,2,3.7,0.67,0.91,IATF,8,0,2025-08-07,1,108,0,0.675,prenhe
E-BO-002874,C-BO-M-00495-00,BO-M-00495,BO-R-0007,bovino,Senepol,Angus,4.9,1,3.1,0.46,0.93,IATF,7,0,2023-07-12,1,-1,0,0.771,prenhe
E-BO-002875,C-BO-M-00495-01,BO-M-00495,BO-R-0025,bovino,Senepol,Nelore,4.9,1,3.1,0.46,0.62,convencional,8,0,2024-08-13,1,115,0,0.872,prenhe
E-BO-002876,C-BO-M-00495-02,BO-M-00495,BO-R-0018,bovino,Senepol,Nelore,4.9,1,3.1,0.46,0.82,IATF,8,0,2025-08-27,1,96,0,0.842,prenhe
E-BO-002877,C-BO-M-00496-00,BO-M-00496,BO-R-0000,bovino,Nelore,Senepol,6.8,4,2.9,0.71,0.48,IA_repasse,4,0,2023-04-16,1,-1,0,0.485,vazia
E-BO-002878,C-BO-M-00496-00,BO-M-00496,BO-R-0036,bovino,Nelore,Guzera,6.8,4,2.9,0.71,0.72,IATF,5,0,2023-05-14,2,-1,0,0.529,vazia
E-BO-002879,C-BO-M-00496-00,BO-M-00496,BO-R-0019,bovino,Nelore,Brahman,6.8,4,2.9,0.71,0.55,convencional,6,0,2023-06-11,3,-1,0,0.502,prenhe
E-BO-002880,C-BO-M-00496-01,BO-M-00496,BO-R-0000,bovino,Nelore,Senepol,6.8,4,2.9,0.71,0.48,convencional,6,0,2024-06-27,1,99,0,0.704,prenhe
E-BO-002881,C-BO-M-00496-02,BO-M-00496,BO-R-0008,bovino,Nelore,Brahman,6.8,4,2.9,0.71,0.38,convencional,6,0,2025-06-13,1,68,0,0.486,vazia
E-BO-002882,C-BO-M-00496-02,BO-M-00496,BO-R-0019,bovino,Nelore,Brahman,6.8,4,2.9,0.71,0.55,IA_repasse,7,0,2025-07-14,2,99,0,0.414,vazia
E-BO-002883,C-BO-M-00496-02,BO-M-00496,BO-R-0026,bovino,Nelore,Mestico,6.8,4,2.9,0.71,0.64,IATF,8,0,2025-08-08,3,124,0,0.411,prenhe
E-BO-002884,C-BO-M-00497-00,BO-M-00497,BO-R-0007,bovino,Angus,Angus,1.0,5,2.1,0.75,0.93,convencional,4,0,2023-04-21,1,-1,0,0.531,prenhe
E-BO-002885,C-BO-M-00497-01,BO-M-00497,BO-R-0021,bovino,Angus,Nelore,1.0,5,2.1,0.75,0.68,IATF,3,1,2024-03-31,1,62,0,0.198,vazia
E-BO-002886,C-BO-M-00497-01,BO-M-00497,BO-R-0000,bovino,Angus,Senepol,1.0,5,2.1,0.75,0.48,IA_repasse,4,0,2024-04-29,2,91,0,0.079,vazia
E-BO-002887,C-BO-M-00497-01,BO-M-00497,BO-R-0017,bovino,Angus,Nelore,1.0,5,2.1,0.75,0.35,convencional,5,0,2024-05-25,3,117,0,0.17,vazia
E-BO-002888,C-BO-M-00497-02,BO-M-00497,BO-R-0004,bovino,Angus,Brahman,1.0,5,2.1,0.75,0.56,IATF,6,0,2024-06-30,1,153,1,0.281,vazia
E-BO-002889,C-BO-M-00497-02,BO-M-00497,BO-R-0007,bovino,Angus,Angus,1.0,5,2.1,0.75,0.93,convencional,7,0,2024-07-24,2,177,1,0.377,vazia
E-BO-002890,C-BO-M-00497-02,BO-M-00497,BO-R-0018,bovino,Angus,Nelore,1.0,5,2.1,0.75,0.82,IATF,8,0,2024-08-23,3,207,1,0.128,vazia
E-BO-002891,C-BO-M-00497-03,BO-M-00497,BO-R-0011,bovino,Angus,Nelore,1.0,5,2.1,0.75,0.57,IATF,10,1,2024-10-13,1,258,2,0.108,vazia
E-BO-002892,C-BO-M-00497-03,BO-M-00497,BO-R-0019,bovino,Angus,Brahman,1.0,5,2.1,0.75,0.55,IATF,11,1,2024-11-08,2,284,2,0.05,vazia
E-BO-002893,C-BO-M-00497-03,BO-M-00497,BO-R-0039,bovino,Angus,Senepol,1.0,5,2.1,0.75,0.53,convencional,12,1,2024-12-03,3,309,2,0.05,vazia
E-BO-002894,C-BO-M-00497-04,BO-M-00497,BO-R-0020,bovino,Angus,Nelore,1.0,5,2.1,0.75,0.55,convencional,1,1,2025-01-04,1,341,3,0.224,prenhe
E-BO-002895,C-BO-M-00497-05,BO-M-00497,BO-R-0013,bovino,Angus,Nelore,1.0,5,2.1,0.75,0.46,IATF,1,1,2026-01-10,1,88,0,0.203,vazia
E-BO-002896,C-BO-M-00497-05,BO-M-00497,BO-R-0022,bovino,Angus,Guzera,1.0,5,2.1,0.75,0.4,convencional,2,1,2026-02-08,2,117,0,0.381,vazia
E-BO-002897,C-BO-M-00497-05,BO-M-00497,BO-R-0009,bovino,Angus,Gir,1.0,5,2.1,0.75,0.52,convencional,3,1,2026-03-10,3,147,0,0.294,vazia
E-BO-002898,C-BO-M-00498-00,BO-M-00498,BO-R-0002,bovino,Nelore,Brahman,9.9,0,3.5,0.81,0.3,IATF,2,1,2023-02-27,1,-1,0,0.539,vazia
E-BO-002899,C-BO-M-00498-00,BO-M-00498,BO-R-0010,bovino,Nelore,Gir,9.9,0,3.5,0.81,0.31,IA_repasse,3,1,2023-03-29,2,-1,0,0.188,vazia
E-BO-002900,C-BO-M-00498-00,BO-M-00498,BO-R-0015,bovino,Nelore,Angus,9.9,0,3.5,0.81,0.51,IATF,4,0,2023-04-24,3,-1,0,0.252,prenhe
E-BO-002901,C-BO-M-00499-00,BO-M-00499,BO-R-0021,bovino,Senepol,Nelore,3.5,5,3.1,0.91,0.68,IATF,9,0,2023-09-23,1,-1,0,0.737,prenhe
E-BO-002902,C-BO-M-00499-01,BO-M-00499,BO-R-0008,bovino,Senepol,Brahman,3.5,5,3.1,0.91,0.38,IATF,9,0,2024-09-17,1,77,0,0.488,prenhe
E-BO-002903,C-BO-M-00499-02,BO-M-00499,BO-R-0014,bovino,Senepol,Gir,3.5,5,3.1,0.91,0.7,convencional,10,1,2025-10-21,1,116,0,0.95,prenhe
